,mean,sd,hdi_3%,hdi_97%,mcse_mean,mcse_sd,ess_bulk,ess_tail,r_hat
sigma_b_log__[0],-2.918239,0.2313,-3.354536,-2.489626,0.003813,0.002281,3682.53607,5097.522279,1.001176
sigma_b_log__[1],-3.046007,0.281487,-3.577994,-2.518201,0.004713,0.003279,3606.97166,4336.45287,1.000469
sigma_b_log__[2],-3.1038,0.427196,-3.889607,-2.282573,0.012906,0.006811,1049.124244,869.873531,1.00361
sigma_b_log__[3],-2.279804,0.177199,-2.621063,-1.959725,0.002387,0.001805,5487.674477,5712.660213,1.000408
sigma_b_log__[4],-2.217491,0.343218,-2.912686,-1.610803,0.007332,0.004879,2365.597026,3076.52052,1.001819
sigma_b_log__[5],-2.789801,0.266188,-3.280532,-2.28922,0.005075,0.003081,2752.831595,4341.537658,1.001196
sigma_b_log__[6],-1.595109,0.140522,-1.857621,-1.329456,0.002108,0.001371,4477.599369,5427.062236,1.001012
sigma_b_log__[7],-2.05103,0.064886,-2.175127,-1.930096,0.001025,0.00069,4008.449304,5507.062687,1.000143
sigma_b_log__[8],-1.942498,0.214921,-2.331908,-1.53289,0.0035,0.002189,3788.935806,4668.359114,1.000569
sigma_b_log__[9],-3.079038,0.128918,-3.325091,-2.849247,0.002788,0.001641,2194.186609,3168.086801,1.001315
sigma_b_log__[10],-2.631474,0.226685,-3.019073,-2.180913,0.004248,0.003959,3079.567626,3241.580056,1.002145
sigma_b_log__[11],-2.419358,0.224545,-2.82374,-1.980865,0.004614,0.002706,2370.894029,3722.679736,1.002186
sigma_b_log__[12],-2.022864,0.197344,-2.382171,-1.645469,0.004295,0.002626,2178.31192,3178.851299,1.00301
sigma_b_log__[13],-2.022745,0.119502,-2.250931,-1.807607,0.00137,0.001196,7590.200652,6425.675096,1.000424
sigma_b_log__[14],-2.985226,0.106329,-3.18837,-2.797154,0.001823,0.001128,3469.178987,4835.548782,0.999985
sigma_b_log__[15],-1.763078,0.239619,-2.182248,-1.316673,0.005659,0.009067,2855.30606,1123.552658,1.00132
sigma_b_log__[16],-2.395642,0.100993,-2.596807,-2.217231,0.002176,0.001043,2153.067348,3472.785135,0.999977
sigma_b_log__[17],-2.777782,0.186021,-3.139292,-2.439341,0.002985,0.001812,3888.358401,5712.662773,1.00081
sigma_b_log__[18],-2.700877,0.289079,-3.246225,-2.168114,0.007476,0.00334,1507.341537,3206.436669,1.001316
sigma_b_log__[19],-3.127019,0.138796,-3.387263,-2.865903,0.002298,0.001324,3648.732685,5064.535953,1.00029
tau_CD_log__,0.6121,0.178577,0.282508,0.942777,0.009004,0.007899,392.262254,416.627022,1.016759
sigma_A_log__,-0.349925,0.176072,-0.674317,-0.014484,0.005565,0.003298,1000.566638,1479.712173,1.004113
"theta_t_zerosum__[0, 0]",1.766248,0.26843,1.280116,2.278303,0.004148,0.004674,4504.233956,4208.597065,1.000915
"theta_t_zerosum__[0, 1]",2.801497,0.655774,1.549251,3.9893,0.008898,0.007504,5476.79535,5027.780377,1.000251
"theta_t_zerosum__[0, 2]",-1.07056,0.181649,-1.424425,-0.737684,0.001918,0.002007,8907.243433,6385.615952,1.000354
"theta_t_zerosum__[0, 3]",-0.544698,0.338251,-1.16321,0.12927,0.003908,0.004513,7601.635157,5268.358025,0.999971
"theta_t_zerosum__[0, 4]",-0.153493,0.189718,-0.49335,0.223257,0.001817,0.002219,10907.194984,6566.914851,1.00035
"theta_t_zerosum__[0, 5]",-0.219192,0.186043,-0.574056,0.125919,0.001892,0.002218,9657.840129,5947.874342,1.001556
"theta_t_zerosum__[0, 6]",0.113049,0.192464,-0.265661,0.454452,0.00203,0.002072,8969.507632,6512.464347,1.00004
"theta_t_zerosum__[0, 7]",0.339016,0.187746,-0.008933,0.69863,0.001805,0.002278,10800.857201,5243.920183,1.000916
"theta_t_zerosum__[0, 8]",-2.051893,0.222223,-2.455485,-1.614816,0.002753,0.002644,6635.625798,5124.186901,1.000125
"theta_t_zerosum__[0, 9]",-1.247045,0.19134,-1.593415,-0.87761,0.002207,0.002112,7517.577817,5679.603962,0.999954
"theta_t_zerosum__[0, 10]",-1.855537,0.197536,-2.219858,-1.479191,0.002655,0.002154,5627.659293,5545.697835,1.000647
"theta_t_zerosum__[0, 11]",-2.138218,0.510066,-3.130769,-1.207944,0.005683,0.00626,8093.577911,5747.170148,1.000497
"theta_t_zerosum__[0, 12]",-1.200585,0.195809,-1.548366,-0.811635,0.002174,0.002166,8103.641037,6332.900156,1.000268
"theta_t_zerosum__[0, 13]",-1.186268,0.164508,-1.492287,-0.880994,0.001927,0.001863,7294.827972,5771.642617,1.000636
"theta_t_zerosum__[0, 14]",-1.379104,0.17422,-1.710223,-1.058322,0.00206,0.002124,7310.074262,3643.359449,1.000771
"theta_t_zerosum__[0, 15]",-1.984864,0.220635,-2.412134,-1.584946,0.002456,0.002624,8149.918895,5554.003153,1.000335
"theta_t_zerosum__[0, 16]",-0.179588,0.185513,-0.541804,0.154972,0.001969,0.002252,8856.468068,5591.299408,1.000997
"theta_t_zerosum__[0, 17]",-0.775415,0.457179,-1.669827,0.038824,0.005074,0.005868,8930.947679,4979.441521,1.000133
"theta_t_zerosum__[0, 18]",-0.446297,0.629954,-1.72057,0.648025,0.009435,0.007645,4579.105619,4747.320702,1.000955
"theta_t_zerosum__[0, 19]",-2.209795,0.496412,-3.139228,-1.256978,0.005677,0.005814,7681.398447,5349.843851,1.000316
"theta_t_zerosum__[0, 20]",-0.476985,0.165322,-0.787032,-0.161812,0.001809,0.001993,8360.826159,5192.762464,1.000777
"theta_t_zerosum__[0, 21]",-0.20765,0.15729,-0.489969,0.094078,0.001591,0.00187,9784.68951,6138.215608,1.001347
"theta_t_zerosum__[0, 22]",-1.207829,0.188647,-1.564909,-0.850345,0.002066,0.002296,8332.407254,5744.503562,1.000372
"theta_t_zerosum__[0, 23]",-1.203396,0.576258,-2.29587,-0.161063,0.006388,0.006804,8634.939647,5655.147002,1.00044
"theta_t_zerosum__[0, 24]",-0.935582,0.185556,-1.275311,-0.577769,0.001953,0.002194,9036.851004,5657.030478,0.999938
"theta_t_zerosum__[0, 25]",-1.208042,0.566807,-2.287844,-0.167859,0.005907,0.006998,9881.383336,5220.74731,1.000188
"theta_t_zerosum__[0, 26]",1.221584,0.501446,0.271869,2.134503,0.005952,0.00533,7123.153797,6430.095533,1.000479
"theta_t_zerosum__[0, 27]",3.904109,0.424436,3.12303,4.696731,0.005984,0.004422,5069.635021,5655.886965,0.999939
"theta_t_zerosum__[0, 28]",-1.333365,0.18728,-1.674766,-0.971042,0.002123,0.002078,7853.603034,5861.994373,0.999849
"theta_t_zerosum__[0, 29]",-1.851119,0.19947,-2.226353,-1.482387,0.002312,0.002248,7478.861858,5693.798776,1.000096
"theta_t_zerosum__[0, 30]",-1.721442,0.205295,-2.116728,-1.347605,0.002671,0.002237,6014.905521,5606.799076,1.000224
"theta_t_zerosum__[0, 31]",-1.458351,0.21628,-1.864445,-1.043444,0.002423,0.002574,8016.179845,6109.305553,1.000013
"theta_t_zerosum__[0, 32]",-0.695852,0.134702,-0.951924,-0.45135,0.00211,0.001365,4069.718238,5682.759776,1.001142
"theta_t_zerosum__[0, 33]",-0.894924,0.207845,-1.288965,-0.507037,0.002249,0.002342,8524.050345,5922.241878,1.000177
"theta_t_zerosum__[0, 34]",-0.758548,0.335017,-1.378586,-0.109072,0.00419,0.004394,6462.852052,4687.256657,1.000484
"theta_t_zerosum__[0, 35]",-0.190557,0.82208,-1.699992,1.405216,0.008579,0.009274,9209.801126,6285.589165,0.999707
"theta_t_zerosum__[0, 36]",-0.505485,0.419939,-1.287002,0.316866,0.005364,0.006846,6609.865138,4480.277251,1.000055
"theta_t_zerosum__[0, 37]",0.236541,0.525181,-0.754735,1.218173,0.00581,0.006418,8215.474684,5900.044858,0.999903
"theta_t_zerosum__[0, 38]",-0.405285,0.143633,-0.673284,-0.130724,0.002392,0.001611,3605.179246,5422.164217,1.000512
"theta_t_zerosum__[0, 39]",-1.736407,0.195097,-2.116877,-1.37942,0.002275,0.002308,7439.623949,5150.630782,1.00024
"theta_t_zerosum__[0, 40]",-1.218856,0.140237,-1.476335,-0.950465,0.001992,0.001492,4974.317179,5799.90089,1.000017
"theta_t_zerosum__[0, 41]",1.743053,0.209554,1.344582,2.133945,0.002806,0.002412,5624.944126,4625.137078,1.000664
"theta_t_zerosum__[0, 42]",0.72296,0.85758,-0.952548,2.253529,0.01154,0.010626,5870.262804,4164.696481,1.000451
"theta_t_zerosum__[0, 43]",1.403825,0.468735,0.490271,2.225704,0.007662,0.005116,3775.366059,5383.005333,0.999931
"theta_t_zerosum__[0, 44]",1.310468,0.54663,0.279223,2.343382,0.008281,0.006522,4338.294668,4914.258718,1.000675
"theta_t_zerosum__[0, 45]",0.456965,0.586473,-0.684992,1.54605,0.006273,0.007025,9281.554377,5386.214695,1.000592
"theta_t_zerosum__[0, 46]",1.623947,0.166032,1.327846,1.948255,0.002135,0.001782,6126.742867,5281.218955,1.000737
"theta_t_zerosum__[0, 47]",0.951887,0.510178,-0.047014,1.900103,0.00613,0.00648,7007.252202,5465.220769,1.00001
"theta_t_zerosum__[0, 48]",0.964571,0.52593,-0.046768,1.915553,0.008224,0.008282,4450.418906,4320.938011,1.000668
"theta_t_zerosum__[0, 49]",-0.478314,0.596083,-1.598753,0.603316,0.006938,0.007033,7671.713162,5201.3959,1.00025
"theta_t_zerosum__[0, 50]",-0.423314,0.202393,-0.803296,-0.042591,0.002261,0.002161,8053.136429,5918.49255,1.000956
"theta_t_zerosum__[0, 51]",1.836717,0.289642,1.319406,2.402536,0.00544,0.003316,2874.60385,4303.608296,1.00121
"theta_t_zerosum__[0, 52]",1.531886,0.263542,1.0411,2.018981,0.005108,0.003098,2698.650977,4167.386541,1.000635
"theta_t_zerosum__[0, 53]",0.986372,0.160979,0.695845,1.299217,0.00377,0.002145,1835.860875,2959.470124,1.002937
"theta_t_zerosum__[0, 54]",-0.173545,0.330051,-0.786942,0.451764,0.004151,0.003924,6516.259363,5186.45298,1.000278
"theta_t_zerosum__[0, 55]",0.245506,0.491323,-0.731075,1.093573,0.005501,0.006118,8540.171785,5785.212308,0.999858
"theta_t_zerosum__[0, 56]",0.248029,0.518287,-0.772613,1.203989,0.005559,0.006203,8748.697615,6051.877373,1.00008
"theta_t_zerosum__[0, 57]",0.032545,0.216281,-0.367024,0.451432,0.002275,0.002457,9024.378227,6106.870217,1.00006
"theta_t_zerosum__[0, 58]",-0.71366,0.345383,-1.35524,-0.048038,0.004492,0.004362,5986.915319,4867.288549,1.000913
"theta_t_zerosum__[0, 59]",-0.729565,0.846722,-2.312316,0.877724,0.008694,0.010261,9570.863031,5857.804594,1.000243
"theta_t_zerosum__[0, 60]",0.096238,0.508061,-0.849615,1.07768,0.005291,0.006475,9291.48988,5801.048196,1.000252
"theta_t_zerosum__[0, 61]",-0.098022,0.123593,-0.325702,0.137154,0.002025,0.001299,3717.094032,5633.513135,1.001553
"theta_t_zerosum__[0, 62]",-0.341017,0.378711,-1.07241,0.338071,0.004246,0.004424,8046.926239,4802.687437,1.000597
"theta_t_zerosum__[0, 63]",0.620223,0.37985,-0.15411,1.244728,0.006219,0.007022,4657.021645,3476.877248,1.000475
"theta_t_zerosum__[0, 64]",-0.236265,0.597599,-1.361881,0.865307,0.006486,0.007448,9052.416563,4872.646819,1.000125
"theta_t_zerosum__[0, 65]",0.295744,0.492312,-0.636529,1.202222,0.0055,0.007235,8592.102513,5544.732167,1.000093
"theta_t_zerosum__[0, 66]",0.643826,0.204757,0.274955,1.033967,0.002062,0.002283,10026.322494,5726.43115,1.000669
"theta_t_zerosum__[0, 67]",0.130576,0.397912,-0.595999,0.8768,0.004109,0.005437,9393.747981,5501.343266,0.999971
"theta_t_zerosum__[0, 68]",0.415577,0.141659,0.160337,0.695863,0.003002,0.001615,2227.682696,3634.998204,1.001434
"theta_t_zerosum__[0, 69]",-0.106884,0.509553,-1.062637,0.840641,0.005722,0.00702,8671.359767,5292.149407,1.00032
"theta_t_zerosum__[0, 70]",-0.189716,0.6101,-1.339196,0.92777,0.007468,0.009264,7964.668668,3577.670972,1.001574
"theta_t_zerosum__[0, 71]",0.001745,0.604832,-1.163648,1.11417,0.006747,0.007597,8541.698829,5637.804683,1.000574
"theta_t_zerosum__[0, 72]",-0.353724,0.607424,-1.470667,0.776575,0.007181,0.007394,7666.06128,4232.611505,1.001163
"theta_t_zerosum__[0, 73]",-0.718787,0.535402,-1.70023,0.289791,0.00557,0.00666,9712.243609,5385.404828,1.000088
"theta_t_zerosum__[0, 74]",0.724474,0.156118,0.44508,1.029084,0.002037,0.00169,5878.705117,5883.994694,1.000145
"theta_t_zerosum__[0, 75]",0.36848,0.430364,-0.446827,1.166501,0.004963,0.00525,7615.513651,4182.194463,0.999976
"theta_t_zerosum__[0, 76]",0.655979,0.128302,0.407612,0.889426,0.003166,0.001734,1644.6639,2565.377194,1.001719
"theta_t_zerosum__[0, 77]",-0.237504,0.519658,-1.244741,0.696939,0.005513,0.007012,9619.290724,5139.309074,1.000372
"theta_t_zerosum__[0, 78]",0.445871,0.884289,-1.235613,2.025142,0.013051,0.009309,4603.351213,5319.204471,1.000009
"theta_t_zerosum__[0, 79]",0.143104,0.5918,-1.01154,1.21332,0.006844,0.008435,8170.796637,5052.92059,1.00023
"theta_t_zerosum__[0, 80]",0.916104,0.152251,0.627809,1.20511,0.001691,0.001751,8101.134205,5895.75949,1.000482
"theta_t_zerosum__[0, 81]",0.428727,0.117389,0.211505,0.649825,0.003026,0.001753,1508.603197,2656.658647,1.001666
"theta_t_zerosum__[0, 82]",0.526524,0.592554,-0.574014,1.623362,0.006078,0.007787,10211.153863,5349.677624,1.000143
"theta_t_zerosum__[0, 83]",0.486855,0.582264,-0.628613,1.557062,0.006504,0.007277,8516.978882,5481.800189,1.000198
"theta_t_zerosum__[0, 84]",1.26737,0.147536,0.983904,1.538845,0.001757,0.001653,7066.055488,6070.553174,1.001281
"theta_t_zerosum__[0, 85]",-0.193673,0.602989,-1.346234,0.88526,0.006729,0.007641,8686.036107,5482.952011,1.00073
"theta_t_zerosum__[0, 86]",0.980694,0.369383,0.293723,1.685298,0.004868,0.005067,5864.251608,5395.00745,1.001095
"theta_t_zerosum__[0, 87]",1.082413,0.341604,0.45726,1.73595,0.004807,0.003898,5120.426994,5693.174243,1.000767
"theta_t_zerosum__[0, 88]",1.001829,0.349659,0.342301,1.66554,0.003671,0.004222,9172.946728,5738.728384,0.999953
"theta_t_zerosum__[0, 89]",0.115996,0.599394,-1.052428,1.139723,0.006479,0.008521,9710.579787,4866.923758,1.000956
"theta_t_zerosum__[0, 90]",1.773718,0.166935,1.45181,2.086657,0.00213,0.00183,6163.126722,5725.256932,1.000862
"theta_t_zerosum__[0, 91]",0.510071,0.829407,-1.092758,2.036531,0.009938,0.009954,7141.519323,5471.922215,1.000692
"theta_t_zerosum__[0, 92]",1.72278,0.554786,0.679585,2.753859,0.008399,0.008206,4543.915316,4019.171561,1.000403
"theta_t_zerosum__[0, 93]",-0.8917,0.33052,-1.518672,-0.258533,0.003742,0.004164,7863.518352,5832.775266,1.000498
"theta_t_zerosum__[0, 94]",-1.331079,0.859971,-3.02148,0.220741,0.009755,0.0102,7926.451432,4504.144707,1.000479
"theta_t_zerosum__[0, 95]",-0.043018,0.522247,-1.017811,0.963035,0.005646,0.006955,8538.26116,5331.67443,1.000768
"theta_t_zerosum__[0, 96]",-0.297218,0.197221,-0.663245,0.086826,0.002186,0.002548,8359.114766,4226.040872,1.001459
"theta_t_zerosum__[0, 97]",-0.2699,0.288385,-0.832587,0.235683,0.003083,0.003179,8986.345982,6138.777492,1.00052
"theta_t_zerosum__[0, 98]",-0.246002,0.620542,-1.499799,0.820399,0.006955,0.008653,8733.160924,4081.135742,1.000103
"theta_t_zerosum__[0, 99]",0.008588,0.509153,-0.954012,0.933445,0.005743,0.006536,8382.182923,5798.499411,1.000208
"theta_t_zerosum__[0, 100]",0.279118,0.52164,-0.654836,1.301738,0.005811,0.006255,8108.002764,5066.126901,1.000743
"theta_t_zerosum__[0, 101]",0.043005,0.102881,-0.150308,0.234828,0.002714,0.00141,1437.068075,2575.46316,1.001912
"theta_t_zerosum__[0, 102]",-0.178574,0.512915,-1.177453,0.725802,0.005532,0.006528,9260.000279,5643.212736,1.00005
"theta_t_zerosum__[0, 103]",-0.198296,0.607378,-1.326952,0.930146,0.006838,0.007722,8630.402618,5129.916495,1.001874
"theta_t_zerosum__[0, 104]",-0.702508,0.595263,-1.808502,0.374022,0.00668,0.006757,8418.086027,5593.409405,1.000452
"theta_t_zerosum__[0, 105]",-0.034389,0.506207,-0.999147,0.888229,0.005182,0.006529,10015.377627,5987.202346,0.999951
"theta_t_zerosum__[0, 106]",0.459171,0.180385,0.135604,0.811112,0.001938,0.002131,8639.792669,5057.351104,1.000682
"theta_t_zerosum__[0, 107]",-0.467403,0.608392,-1.698335,0.569862,0.006465,0.006904,9289.178266,6017.299502,1.000217
"theta_t_zerosum__[0, 108]",-0.079238,0.465903,-0.984475,0.750724,0.005938,0.005555,6315.992249,5176.587382,1.000682
"theta_t_zerosum__[0, 109]",-0.06165,0.514214,-1.049568,0.851641,0.006064,0.00831,8121.622892,4668.252869,1.000132
"theta_t_zerosum__[0, 110]",0.943617,0.180415,0.625035,1.294491,0.002214,0.001972,6684.821356,5646.135912,1.000964
"theta_t_zerosum__[0, 111]",0.395223,0.818543,-1.197787,1.865056,0.010033,0.009349,6873.862559,5465.436166,1.000064
"theta_t_zerosum__[0, 112]",0.706394,0.585718,-0.389824,1.780931,0.006479,0.007613,8695.699431,5237.976021,1.000041
"theta_t_zerosum__[0, 113]",-1.182226,0.184927,-1.547055,-0.846637,0.001975,0.002139,8797.065353,5939.368115,0.999916
"theta_t_zerosum__[0, 114]",0.015685,0.188687,-0.338301,0.367804,0.002032,0.002195,8600.449341,6006.388711,1.001393
"theta_t_zerosum__[0, 115]",0.712236,0.186122,0.349195,1.048982,0.001977,0.00221,8921.287369,5752.428569,1.000838
"theta_t_zerosum__[0, 116]",0.245775,0.19744,-0.12135,0.624503,0.002008,0.002319,9677.45675,5671.227796,1.000555
"theta_t_zerosum__[0, 117]",1.365677,0.335759,0.755183,2.017058,0.003825,0.004471,7853.773685,5130.821495,0.999804
"theta_t_zerosum__[0, 118]",-0.184768,0.588679,-1.300345,0.872478,0.006083,0.00714,9950.678756,5824.626005,1.000443
"theta_t_zerosum__[0, 119]",0.555782,0.188812,0.195103,0.909531,0.001826,0.00212,10679.328288,6314.965215,1.000048
"theta_t_zerosum__[0, 120]",-0.22176,0.418352,-1.009403,0.54103,0.004944,0.005293,7822.366065,4428.15838,1.000608
"theta_t_zerosum__[0, 121]",-0.389552,0.548686,-1.469326,0.567795,0.006891,0.008352,6595.178053,5014.483093,1.001472
"theta_t_zerosum__[0, 122]",0.117539,0.58994,-1.00161,1.194548,0.009452,0.007887,4137.418457,4108.163018,1.001354
"theta_t_zerosum__[0, 123]",-1.484322,0.207991,-1.86441,-1.088368,0.002537,0.00317,6884.246517,3880.486157,0.999897
"theta_t_zerosum__[0, 124]",-1.383031,0.206088,-1.776319,-1.002794,0.002214,0.00246,8714.87145,5648.632068,0.999776
"theta_t_zerosum__[0, 125]",-0.866021,0.21177,-1.252495,-0.454033,0.002988,0.002451,5034.511122,4721.432819,1.000167
"theta_t_zerosum__[0, 126]",-1.606003,0.209964,-1.9924,-1.206137,0.002322,0.002513,8216.718578,5540.165405,1.000631
"theta_t_zerosum__[0, 127]",-0.727263,0.339625,-1.360358,-0.079527,0.004241,0.004897,6417.541131,5420.233358,1.00095
"theta_t_zerosum__[0, 128]",-0.351936,0.184328,-0.685605,0.008623,0.001929,0.002079,9136.87692,6255.12093,0.999935
"theta_t_zerosum__[0, 129]",-1.151696,0.172311,-1.485049,-0.833985,0.001909,0.002111,8197.793914,5601.162035,1.000114
"theta_t_zerosum__[0, 130]",-0.441566,0.417635,-1.187074,0.389465,0.00522,0.005808,6765.418594,5257.896529,0.999947
"theta_t_zerosum__[0, 131]",-0.042508,0.422474,-0.813863,0.772704,0.005801,0.006036,5884.354813,4383.572799,1.000055
"theta_t_zerosum__[0, 132]",0.051499,0.183302,-0.308299,0.376523,0.001951,0.002098,8866.274229,6063.584498,0.999993
"theta_t_zerosum__[0, 133]",0.848592,0.385954,0.160759,1.599395,0.004269,0.004614,8504.276183,5682.312642,1.00114
"theta_t_zerosum__[0, 134]",0.316772,0.392192,-0.401757,1.042879,0.005257,0.004757,5681.83262,5319.055548,1.001094
"theta_t_zerosum__[0, 135]",0.746667,0.391837,0.043505,1.509794,0.004434,0.004346,8080.382558,5774.330224,1.00008
"theta_t_zerosum__[0, 136]",0.30067,0.509769,-0.642962,1.264209,0.007241,0.005661,4942.215952,5374.540025,1.000486
"theta_t_zerosum__[0, 137]",0.591519,0.182343,0.255891,0.941799,0.001976,0.002167,8589.366728,5767.346983,1.00138
"theta_t_zerosum__[0, 138]",0.506619,0.469155,-0.402623,1.352026,0.00516,0.006898,8758.241337,5483.943478,1.000636
"theta_t_zerosum__[0, 139]",0.444784,0.486862,-0.426749,1.377025,0.005347,0.007217,9144.661641,4757.486256,1.000741
"theta_t_zerosum__[0, 140]",-1.199843,0.583161,-2.30763,-0.135718,0.007385,0.007251,6265.675084,5009.291318,1.000409
"theta_t_zerosum__[0, 141]",0.2957,0.285627,-0.242434,0.823997,0.003391,0.003206,7036.152007,5528.337768,1.000933
"theta_t_zerosum__[0, 142]",0.110931,0.515338,-0.846957,1.069854,0.006013,0.00728,7536.836685,5437.075046,1.000435
"theta_t_zerosum__[0, 143]",-0.105016,0.209992,-0.503182,0.28329,0.002672,0.002155,6148.03813,4916.243905,1.000347
"theta_t_zerosum__[0, 144]",0.329293,0.601986,-0.763207,1.48194,0.007168,0.008612,7721.237753,4853.4015,1.001542
"theta_t_zerosum__[0, 145]",0.293577,0.595842,-0.859263,1.370339,0.00678,0.008454,8476.233808,4528.606839,1.000572
"theta_t_zerosum__[0, 146]",0.802589,0.252807,0.323023,1.283218,0.003027,0.003007,7103.48929,5545.81685,1.000529
"theta_t_zerosum__[0, 147]",1.16542,0.177134,0.846982,1.511679,0.00245,0.00227,5355.60401,4967.812942,1.000932
"theta_t_zerosum__[0, 148]",0.638388,0.471138,-0.230366,1.525282,0.005417,0.006507,8042.616014,4803.024474,1.000409
"theta_t_zerosum__[0, 149]",0.771949,0.470073,-0.130281,1.637599,0.005305,0.0064,8363.062956,5330.059006,0.999972
"theta_t_zerosum__[0, 150]",-0.48867,0.544046,-1.540614,0.528097,0.006942,0.007681,6377.168989,4755.227389,1.000648
"theta_t_zerosum__[0, 151]",0.197925,0.19729,-0.1751,0.565031,0.002145,0.002369,8441.730036,5721.21045,1.000068
"theta_t_zerosum__[0, 152]",0.167738,0.398313,-0.583,0.897673,0.004042,0.005077,10218.232115,5651.067972,1.000371
"theta_t_zerosum__[0, 153]",-0.091361,0.430821,-0.901043,0.714574,0.004751,0.005922,8970.083393,5107.244088,1.000589
"theta_t_zerosum__[0, 154]",0.843282,0.164765,0.540458,1.158606,0.002573,0.00175,4108.790913,4990.764414,1.000563
"theta_t_zerosum__[0, 155]",0.919545,0.355729,0.258142,1.615754,0.003654,0.004448,9513.480237,5671.443394,1.000235
"theta_t_zerosum__[0, 156]",0.996515,0.556822,-0.077682,2.008178,0.005846,0.007894,9658.629842,5351.427285,0.999919
"theta_t_zerosum__[0, 157]",0.561368,0.822025,-0.998634,2.084489,0.010879,0.009246,5954.225845,4985.985529,1.000391
"theta_t_zerosum__[0, 158]",0.97036,0.186771,0.629602,1.329367,0.002206,0.002055,7214.291832,6067.615435,1.000515
"theta_t_zerosum__[0, 159]",0.71583,0.363621,-0.002155,1.383069,0.00404,0.004405,8201.087971,5186.979408,1.000612
"theta_t_zerosum__[0, 160]",0.673939,0.358434,-0.003741,1.328415,0.003866,0.004928,9046.664251,5130.920213,0.999938
"theta_t_zerosum__[0, 161]",0.531105,0.832089,-1.10439,2.014423,0.00998,0.009425,7094.251529,6044.494812,1.00059
"theta_t_zerosum__[0, 162]",1.2458,0.191561,0.885153,1.607831,0.002374,0.0023,6553.896213,5045.675118,1.000678
"theta_t_zerosum__[0, 163]",-1.860077,0.201005,-2.241995,-1.491502,0.002358,0.002215,7373.545254,6113.563837,0.999803
"theta_t_zerosum__[0, 164]",-1.960111,0.202937,-2.325501,-1.5699,0.002619,0.002179,6128.154423,5382.597711,0.999887
"theta_t_zerosum__[0, 165]",-1.614598,0.186819,-1.961895,-1.256187,0.002139,0.002073,7731.059595,5415.837474,0.99985
"theta_t_zerosum__[0, 166]",-1.98862,0.212824,-2.400478,-1.611324,0.003172,0.002212,4585.76903,5122.357383,1.000305
"theta_t_zerosum__[0, 167]",-0.356994,0.202161,-0.739168,0.021066,0.002184,0.002373,8580.079367,6184.713925,1.001111
"theta_t_zerosum__[0, 168]",-0.619862,0.614672,-1.74352,0.555895,0.006957,0.008456,8468.319606,4809.012235,1.000662
"theta_t_zerosum__[0, 169]",0.19365,0.209788,-0.203283,0.578623,0.002254,0.002389,8754.576377,4493.88047,1.000579
"theta_t_zerosum__[0, 170]",-0.691779,0.582993,-1.794572,0.383311,0.006092,0.006633,9523.407224,5711.78463,0.999993
"theta_t_zerosum__[0, 171]",-0.351204,0.600496,-1.477298,0.731945,0.006893,0.007278,8193.586306,5311.847896,1.000077
"theta_t_zerosum__[0, 172]",0.071317,0.398024,-0.697576,0.787952,0.004431,0.004883,8383.265044,5523.604336,0.999942
"theta_t_zerosum__[0, 173]",0.734661,0.161502,0.428543,1.034443,0.00176,0.001906,8435.192239,5809.489212,1.000106
"theta_t_zerosum__[0, 174]",-0.108451,0.509224,-1.081424,0.81276,0.005816,0.007272,8119.796588,5220.355053,1.000336
"theta_t_zerosum__[0, 175]",0.069988,0.505999,-0.853707,1.043811,0.005519,0.006825,8945.495485,5163.540292,1.000882
"theta_t_zerosum__[0, 176]",-0.234661,0.425484,-1.02813,0.548493,0.005197,0.006128,7428.677848,4710.129429,1.000775
"theta_t_zerosum__[0, 177]",0.63289,0.526729,-0.399885,1.579238,0.007948,0.00874,4761.503953,4333.381323,1.000447
"theta_t_zerosum__[0, 178]",0.392891,0.58242,-0.777807,1.423755,0.009077,0.008974,4512.529678,3701.300109,1.001588
"theta_t_zerosum__[0, 179]",-0.454889,0.437315,-1.293865,0.327386,0.004745,0.005647,9165.798426,5461.799635,1.000553
"theta_t_zerosum__[0, 180]",0.674658,0.365479,-0.004958,1.367784,0.003724,0.004413,9896.512045,6220.998159,1.000594
"theta_t_zerosum__[0, 181]",-0.562031,0.538173,-1.633795,0.411111,0.006998,0.007006,5991.488929,5440.338886,0.999922
"theta_t_zerosum__[0, 182]",-1.794533,0.192904,-2.14364,-1.424402,0.002306,0.002189,7058.64191,5570.33853,1.000045
"theta_t_zerosum__[0, 183]",-2.205946,0.309506,-2.798868,-1.65716,0.004497,0.003243,4850.494873,5441.584709,1.001078
"theta_t_zerosum__[0, 184]",-1.054975,0.185603,-1.401775,-0.714303,0.001962,0.002288,8988.799592,5833.647127,1.001602
"theta_t_zerosum__[0, 185]",-1.337305,0.1908,-1.708963,-0.991523,0.002199,0.002126,7649.09494,6055.725272,0.999816
"theta_t_zerosum__[0, 186]",-1.277706,0.198554,-1.653518,-0.910445,0.002693,0.00221,5497.945848,5275.523733,1.000523
"theta_t_zerosum__[0, 187]",-0.587917,0.167056,-0.897688,-0.264885,0.002134,0.001768,6158.225623,5428.770397,1.000453
"theta_t_zerosum__[0, 188]",-0.802733,0.151771,-1.086943,-0.520785,0.00159,0.001711,9130.8257,5811.948721,1.000131
"theta_t_zerosum__[0, 189]",-1.823162,0.191149,-2.197676,-1.480151,0.002692,0.002143,5083.895904,5237.249417,1.0003
"theta_t_zerosum__[0, 190]",-0.322177,0.32939,-0.944947,0.308194,0.003959,0.004481,7174.01063,5048.860702,1.001963
"theta_t_zerosum__[0, 191]",-1.17121,0.132753,-1.411875,-0.917472,0.001849,0.001312,5148.92838,6017.484322,1.000315
"theta_t_zerosum__[0, 192]",-0.87061,0.480501,-1.79904,0.002205,0.005283,0.005845,8320.212518,5394.381234,0.999987
"theta_t_zerosum__[0, 193]",-0.664028,0.479995,-1.526828,0.274741,0.004774,0.005362,10200.433667,5856.859781,0.999981
"theta_t_zerosum__[0, 194]",-1.536808,0.181693,-1.888568,-1.206385,0.002057,0.002188,7835.727383,5810.155422,1.001568
"theta_t_zerosum__[0, 195]",0.619042,0.160615,0.327935,0.933651,0.001733,0.001861,8595.311925,5883.541479,1.000342
"theta_t_zerosum__[0, 196]",0.150708,0.39845,-0.580068,0.900132,0.004256,0.00539,9356.746212,5850.960432,1.000746
"theta_t_zerosum__[0, 197]",0.629408,0.268237,0.11577,1.124173,0.003506,0.00285,5847.541045,5394.821512,1.000053
"theta_t_zerosum__[0, 198]",-0.086517,0.413912,-0.852336,0.709339,0.004453,0.005228,9281.008232,5293.711781,0.99988
"theta_t_zerosum__[0, 199]",0.078102,0.108107,-0.121838,0.277637,0.002938,0.001568,1357.054997,2511.894834,1.001623
"theta_t_zerosum__[0, 200]",-0.105805,0.184136,-0.442029,0.247193,0.00196,0.002129,8831.547266,5709.761484,1.000631
"theta_t_zerosum__[0, 201]",-0.234103,0.594653,-1.352258,0.857337,0.006343,0.007589,9484.788137,5955.958926,1.000893
"theta_t_zerosum__[0, 202]",-0.604489,0.325968,-1.225177,-0.006199,0.004226,0.00562,6571.145519,4762.955283,1.000251
"theta_t_zerosum__[0, 203]",-0.538862,0.4443,-1.37893,0.237928,0.004936,0.005948,8841.639472,5722.306613,1.000271
"theta_t_zerosum__[0, 204]",0.447859,0.515327,-0.572301,1.374967,0.005555,0.006027,8627.82606,5663.732446,0.99987
"theta_t_zerosum__[0, 205]",-1.289888,0.185924,-1.647325,-0.947499,0.002287,0.002158,6702.575429,5448.041409,0.999945
"theta_t_zerosum__[0, 206]",-0.363257,0.428162,-1.238174,0.358943,0.004365,0.005204,10182.719163,5801.233123,1.000778
"theta_t_zerosum__[0, 207]",-1.180078,0.376388,-1.896519,-0.476281,0.00529,0.004943,5086.42023,5311.806933,1.001696
"theta_t_zerosum__[0, 208]",-1.213232,0.460756,-2.085508,-0.373614,0.005018,0.005385,8956.596781,5584.676726,0.999907
"theta_t_zerosum__[0, 209]",0.704737,0.406396,-0.079029,1.464968,0.004159,0.00458,9584.769462,5796.884746,1.00031
"theta_t_zerosum__[0, 210]",0.66756,0.195556,0.298541,1.035941,0.002043,0.00234,9237.748487,5307.123226,1.000103
"theta_t_zerosum__[0, 211]",0.065408,0.406514,-0.692339,0.806088,0.00445,0.005835,9173.524357,4912.632174,1.000755
"theta_t_zerosum__[0, 212]",-0.05954,0.523824,-1.095188,0.889426,0.005717,0.007197,9101.36165,5284.111995,1.000235
"theta_t_zerosum__[0, 213]",-0.551608,0.408996,-1.349331,0.176834,0.004595,0.004509,8037.17061,5796.318018,1.000088
"theta_t_zerosum__[0, 214]",0.11828,0.428173,-0.664796,0.916586,0.004697,0.005705,8474.516372,5474.568236,1.000629
"theta_t_zerosum__[0, 215]",0.003838,0.231155,-0.441471,0.407215,0.004772,0.003296,2313.04386,4270.533559,1.000875
"theta_t_zerosum__[0, 216]",0.672839,0.364179,-0.000716,1.37876,0.00374,0.00448,9711.880268,5760.685851,1.000215
"theta_t_zerosum__[0, 217]",-0.15941,0.42338,-0.95816,0.61608,0.004686,0.005467,8704.978256,5536.734024,1.001128
"theta_t_zerosum__[0, 218]",0.642155,0.371411,-0.090345,1.307249,0.003963,0.005265,9184.228574,4502.000587,1.000347
"theta_t_zerosum__[0, 219]",-0.494922,0.437062,-1.321753,0.291692,0.00467,0.005205,9409.255878,5899.60773,1.001301
"theta_t_zerosum__[0, 220]",0.071313,0.520238,-0.938337,1.010038,0.005434,0.006619,9201.238153,5869.165146,0.999922
"theta_t_zerosum__[0, 221]",0.805868,0.180057,0.462279,1.131064,0.002437,0.001826,5459.154342,6202.993115,1.000969
"theta_t_zerosum__[0, 222]",0.342371,0.113444,0.123005,0.550106,0.003005,0.001593,1429.112296,2773.776456,1.001273
"theta_t_zerosum__[0, 223]",0.539738,0.124345,0.30725,0.774324,0.003138,0.001834,1572.875414,2852.262099,1.002081
"theta_t_zerosum__[0, 224]",0.288216,0.534643,-0.758371,1.245968,0.007503,0.008282,5600.620383,3819.660755,1.00094
"theta_t_zerosum__[0, 225]",0.566484,0.132712,0.324085,0.821961,0.003337,0.001886,1587.251049,2657.556083,1.001588
"theta_t_zerosum__[0, 226]",0.559378,0.410387,-0.233788,1.315536,0.00466,0.005234,7793.964324,4148.364485,1.000947
"theta_t_zerosum__[0, 227]",0.128736,0.396629,-0.630205,0.842088,0.004158,0.005406,9860.683378,5005.838011,1.00034
"theta_t_zerosum__[0, 228]",0.808172,0.362118,0.127949,1.488064,0.003769,0.004563,9384.052947,5209.687851,1.0002
"theta_t_zerosum__[0, 229]",-0.356463,0.430965,-1.136516,0.429708,0.005133,0.0059,7692.75558,5338.263468,1.000452
"theta_t_zerosum__[0, 230]",0.629231,0.134176,0.372168,0.878322,0.003289,0.001817,1675.782544,3013.835214,1.002166
"theta_t_zerosum__[0, 231]",1.100714,0.146179,0.823885,1.373145,0.001761,0.001501,6900.648024,5855.320147,1.000156
"theta_t_zerosum__[0, 232]",0.043075,0.59672,-1.088364,1.107869,0.006741,0.007449,8626.475759,4318.064552,0.999861
"theta_t_zerosum__[0, 233]",-0.625794,0.548636,-1.69477,0.3374,0.006158,0.006974,8499.00669,5394.693069,1.001917
"theta_t_zerosum__[0, 234]",-0.728158,0.541963,-1.801937,0.195954,0.00622,0.008079,8436.910247,5066.168749,0.999903
"theta_t_zerosum__[0, 235]",-0.686971,0.441915,-1.547362,0.081321,0.00477,0.005219,9242.434047,6070.547989,1.000295
"theta_t_zerosum__[0, 236]",0.183364,0.216823,-0.205157,0.602789,0.002814,0.002535,5932.239015,5630.167009,1.000127
"theta_t_zerosum__[0, 237]",-0.453086,0.44967,-1.283553,0.413817,0.004874,0.005516,8874.243841,5476.458602,1.000534
"theta_t_zerosum__[0, 238]",-0.86163,0.469835,-1.742594,0.004498,0.00525,0.005575,8473.865016,5597.353477,0.99981
"theta_t_zerosum__[0, 239]",-0.824517,0.54922,-1.869168,0.182172,0.006091,0.006393,8616.220373,5831.397573,1.00085
"theta_t_zerosum__[0, 240]",-0.77797,0.449922,-1.633524,0.039602,0.00442,0.005309,10726.187868,6227.724333,1.00082
"theta_t_zerosum__[0, 241]",0.040921,0.204971,-0.338228,0.429659,0.002125,0.002484,9380.163426,6192.713469,1.000688
"theta_t_zerosum__[0, 242]",0.787454,0.536224,-0.190434,1.84211,0.005625,0.00688,9204.897489,5900.689028,1.000384
"theta_t_zerosum__[0, 243]",1.518606,0.522377,0.56553,2.531074,0.00561,0.006906,8845.046179,4963.525124,1.001191
"theta_t_zerosum__[0, 244]",1.270707,0.25368,0.814115,1.750432,0.004701,0.003432,2896.348155,4487.028338,1.00104
"theta_t_zerosum__[0, 245]",1.25814,0.221847,0.842751,1.670949,0.002457,0.002468,8195.643823,5966.576294,1.000251
"theta_t_zerosum__[0, 246]",1.351153,0.438425,0.546409,2.189614,0.006687,0.005821,4524.15082,4370.067799,1.000004
"theta_t_zerosum__[0, 247]",0.622122,0.371505,-0.063788,1.326846,0.003896,0.005039,9592.807979,5156.540376,1.000452
"theta_t_zerosum__[0, 248]",-0.086583,0.422647,-0.857195,0.702807,0.005052,0.006225,8046.423966,4378.279712,1.000139
"theta_t_zerosum__[0, 249]",1.133306,0.181505,0.794851,1.469577,0.003976,0.002078,2080.581243,3809.110756,1.00224
"theta_t_zerosum__[0, 250]",1.391788,0.160087,1.093354,1.694142,0.002312,0.001648,4828.626956,4162.028328,1.000826
"theta_t_zerosum__[0, 251]",0.132226,0.402628,-0.665071,0.836684,0.00478,0.006065,8040.732899,4098.751532,1.000151
"theta_t_zerosum__[0, 252]",0.733036,0.187506,0.356347,1.068771,0.002021,0.002153,8615.137794,6061.635668,1.000177
"theta_t_zerosum__[0, 253]",-0.310422,0.534272,-1.335327,0.654213,0.005936,0.008601,9351.975754,4679.764151,0.999705
"theta_t_zerosum__[0, 254]",-0.459035,0.447847,-1.305576,0.366896,0.00531,0.005915,7462.211949,5589.464703,1.000909
"theta_t_zerosum__[0, 255]",0.363911,0.821299,-1.204314,1.886175,0.009238,0.010065,8062.261613,5957.498014,1.000789
"theta_t_zerosum__[0, 256]",0.161271,0.845793,-1.462764,1.711407,0.011376,0.008811,5574.683246,5865.824762,1.001067
"theta_t_zerosum__[0, 257]",0.58382,0.370503,-0.154879,1.242078,0.003704,0.004867,10400.036676,5770.650232,1.000751
"theta_t_zerosum__[0, 258]",1.525344,0.15796,1.238471,1.835761,0.002026,0.001737,6076.908981,5281.899617,1.000472
"theta_t_zerosum__[0, 259]",0.259961,0.403143,-0.52962,0.974628,0.004926,0.004506,7149.880806,4987.610763,1.000584
"theta_t_zerosum__[0, 260]",1.545484,0.21939,1.129643,1.942739,0.002494,0.002409,7903.350802,6129.518191,1.000043
"theta_t_zerosum__[0, 261]",2.067794,0.274304,1.554247,2.575149,0.005641,0.002954,2365.914884,4219.793669,1.002709
"theta_t_zerosum__[0, 262]",0.744965,0.5217,-0.304245,1.656756,0.008116,0.008953,4734.871256,3819.569022,1.001937
"theta_t_zerosum__[0, 263]",0.24076,0.392246,-0.537953,0.939954,0.004213,0.004646,9148.799308,5755.437922,1.00013
"theta_t_zerosum__[0, 264]",1.117264,0.190783,0.748854,1.469235,0.002101,0.002461,8319.011604,5207.650269,0.999868
"theta_t_zerosum__[0, 265]",-0.464587,0.550145,-1.572836,0.481061,0.006343,0.006814,8217.71467,5209.006894,1.000554
"theta_t_zerosum__[0, 266]",-0.433455,0.43396,-1.24619,0.377409,0.00465,0.005606,9342.773908,5504.310523,1.000394
"theta_t_zerosum__[0, 267]",0.530078,0.820827,-1.073764,1.985631,0.010078,0.009062,6948.119694,5378.903726,1.000783
"theta_t_zerosum__[0, 268]",0.787972,0.935381,-0.994174,2.419891,0.014591,0.010627,4293.438379,4998.942649,1.000455
"theta_t_zerosum__[0, 269]",2.655294,0.279463,2.173956,3.194243,0.00437,0.003121,4073.883517,4901.330102,1.001149
"theta_t_zerosum__[0, 270]",-0.04672,0.560463,-1.189701,0.94216,0.006196,0.007409,8313.189917,5584.708815,1.001513
"theta_t_zerosum__[0, 271]",-0.764459,0.174677,-1.105159,-0.445135,0.002332,0.001959,5655.842183,4621.906825,1.000582
"theta_t_zerosum__[0, 272]",-1.360413,0.542926,-2.403771,-0.384562,0.00589,0.006408,8875.162056,5940.654517,1.000341
"theta_t_zerosum__[0, 273]",-1.085314,0.177544,-1.445964,-0.78133,0.002109,0.002034,7201.333949,5583.941156,1.000134
"theta_t_zerosum__[0, 274]",-1.021955,0.592834,-2.1073,0.092005,0.006774,0.007143,8182.320124,4816.506557,1.000577
"theta_t_zerosum__[0, 275]",-0.788952,0.596743,-1.918988,0.304149,0.006304,0.006932,9362.31287,5889.277494,1.000221
"theta_t_zerosum__[0, 276]",0.74765,0.344369,0.093011,1.403584,0.003732,0.004296,8532.756228,5974.911155,1.000968
"theta_t_zerosum__[0, 277]",0.376685,0.19423,0.012547,0.737232,0.002106,0.002433,8536.668035,5725.377059,1.000748
"theta_t_zerosum__[0, 278]",-0.01294,0.226081,-0.440981,0.406199,0.002482,0.002847,8624.374611,6064.159863,1.000517
"theta_t_zerosum__[0, 279]",0.507414,0.185665,0.148746,0.851075,0.00196,0.002037,9007.222864,6047.886171,1.000799
"theta_t_zerosum__[0, 280]",-0.837337,0.713395,-2.177224,0.490071,0.008215,0.008153,7586.882029,5982.806387,1.000626
"theta_t_zerosum__[0, 281]",1.043762,0.206127,0.668965,1.440831,0.002462,0.002282,7098.352758,5475.639563,1.001147
"theta_t_zerosum__[0, 282]",0.434823,0.826245,-1.124723,1.938813,0.009395,0.009416,7914.991917,6095.375125,1.00017
"theta_t_zerosum__[0, 283]",0.881217,0.549204,-0.103479,1.967494,0.00618,0.00704,8612.141677,5245.797235,0.999945
"theta_t_zerosum__[0, 284]",0.573416,0.833529,-1.029331,2.087122,0.010468,0.009591,6547.044518,5944.339987,1.000374
"theta_t_zerosum__[0, 285]",1.209981,0.160793,0.914415,1.524908,0.002067,0.001741,6064.002729,5697.593604,1.000251
"theta_t_zerosum__[0, 286]",-0.531048,0.448336,-1.39894,0.289272,0.005076,0.006224,8664.971278,4456.180078,1.000386
"theta_t_zerosum__[0, 287]",-0.002391,0.297813,-0.544226,0.552429,0.003183,0.003865,8838.801644,5695.367324,1.000961
"theta_t_zerosum__[0, 288]",-0.903046,0.56248,-2.001875,0.097133,0.007098,0.007693,6425.187511,5049.304895,1.000689
"theta_t_zerosum__[0, 289]",0.330966,0.153466,0.059507,0.633655,0.001811,0.001736,7180.948582,5774.332456,1.000789
"theta_t_zerosum__[0, 290]",-0.31269,0.515306,-1.309287,0.612133,0.005621,0.0069,9140.939678,5034.932759,1.000515
"theta_t_zerosum__[0, 291]",0.186664,0.596655,-0.9547,1.287268,0.006256,0.008568,9630.599783,5384.158596,1.001584
"theta_t_zerosum__[0, 292]",0.344934,0.577953,-0.788704,1.390907,0.008448,0.007651,4890.963396,4882.124016,1.001383
"theta_t_zerosum__[0, 293]",0.339915,0.578322,-0.77829,1.392481,0.006388,0.007484,8794.688469,4963.17853,1.000042
"theta_t_zerosum__[0, 294]",-0.098443,0.418112,-0.931046,0.617071,0.00463,0.005629,8657.624399,5398.063217,1.000138
"theta_t_zerosum__[0, 295]",0.943993,0.187782,0.585802,1.291797,0.002127,0.002154,7759.822959,6168.100715,1.000847
"theta_t_zerosum__[0, 296]",0.496428,0.819852,-1.087938,2.002907,0.009719,0.009238,7330.187114,5822.005115,1.001113
"theta_t_zerosum__[0, 297]",-1.203154,0.212477,-1.605839,-0.810283,0.002461,0.002703,7488.011754,5363.459012,1.000259
"theta_t_zerosum__[0, 298]",-0.004509,0.193503,-0.365833,0.357261,0.001854,0.00249,10861.563643,5361.901191,1.000205
"theta_t_zerosum__[0, 299]",-1.803128,0.201946,-2.176961,-1.418678,0.002679,0.002339,5816.475848,5213.638998,1.000368
"theta_t_zerosum__[0, 300]",-1.027058,0.187279,-1.371974,-0.668038,0.002069,0.002192,8209.999302,6151.619067,1.000832
"theta_t_zerosum__[0, 301]",-1.194542,0.207289,-1.565859,-0.784445,0.002174,0.002488,9113.181359,5992.71576,1.001062
"theta_t_zerosum__[0, 302]",-0.845854,0.186092,-1.184989,-0.497737,0.001953,0.002212,9073.680796,5904.245978,1.001252
"theta_t_zerosum__[0, 303]",-0.435471,0.191435,-0.78383,-0.07111,0.002064,0.002087,8626.334446,5596.560821,1.000052
"theta_t_zerosum__[0, 304]",-0.732079,0.190418,-1.079544,-0.36869,0.001931,0.002268,9707.695648,6228.319865,1.001111
"theta_t_zerosum__[0, 305]",0.027602,0.352096,-0.623375,0.699701,0.004882,0.004154,5215.308832,4913.818309,1.001199
"theta_t_zerosum__[0, 306]",0.95135,0.580407,-0.164378,2.018491,0.006582,0.006712,7928.434766,5847.514767,1.000533
"theta_t_zerosum__[0, 307]",1.030575,0.2081,0.652771,1.441206,0.002281,0.002389,8324.829402,5622.81436,1.000801
"theta_t_zerosum__[0, 308]",0.507341,0.53317,-0.550458,1.479852,0.008322,0.008919,4656.526188,3707.696033,1.000356
"theta_t_zerosum__[0, 309]",1.003046,0.214075,0.60833,1.409238,0.002202,0.002378,9563.216824,6286.235036,1.000229
"theta_t_zerosum__[0, 310]",0.372167,0.172143,0.056398,0.696961,0.001813,0.001979,9023.192852,6248.280596,1.000071
"theta_t_zerosum__[0, 311]",-0.531949,0.185927,-0.89045,-0.18637,0.001832,0.002383,10274.816585,5486.709411,0.999942
"theta_t_zerosum__[0, 312]",-0.541162,0.612385,-1.731194,0.552148,0.006407,0.00751,9780.330381,5301.14712,1.000796
"theta_t_zerosum__[0, 313]",-0.35807,0.357144,-0.986194,0.332869,0.004382,0.004456,6751.985617,6070.63445,1.000103
"theta_t_zerosum__[0, 314]",-0.52506,0.154415,-0.816562,-0.234936,0.002437,0.001713,4032.887743,5521.370761,1.000351
"theta_t_zerosum__[0, 315]",0.415939,0.183885,0.077215,0.772383,0.001924,0.002196,9141.539904,5404.254786,0.999968
"theta_t_zerosum__[0, 316]",0.424251,0.580642,-0.62059,1.580565,0.006047,0.007018,9636.294798,5759.577959,1.000239
"theta_t_zerosum__[0, 317]",0.992667,0.22858,0.573652,1.427196,0.002882,0.002411,6271.359019,6034.689202,1.000055
"theta_t_zerosum__[0, 318]",-0.247166,0.147003,-0.515132,0.036074,0.002589,0.001657,3230.423999,4722.133756,1.001933
"theta_t_zerosum__[0, 319]",-0.808195,0.17835,-1.129403,-0.461249,0.001842,0.002109,9381.691007,5505.773058,1.000268
"theta_t_zerosum__[0, 320]",-0.611557,0.597834,-1.700349,0.518347,0.006717,0.007716,8483.230662,5375.861654,1.000063
"theta_t_zerosum__[0, 321]",-0.695855,0.368161,-1.398888,-0.005686,0.004341,0.004916,7395.145658,5353.95346,1.000732
"theta_t_zerosum__[0, 322]",0.467319,0.571021,-0.643411,1.518264,0.006865,0.007278,7030.784068,5337.581624,1.00045
"theta_t_zerosum__[0, 323]",0.383738,0.18748,0.052812,0.757821,0.001778,0.002167,11090.827959,6197.478792,1.001014
"theta_t_zerosum__[0, 324]",0.592359,0.473188,-0.281041,1.497174,0.005891,0.006064,6792.913048,5350.289075,1.000737
"theta_t_zerosum__[0, 325]",-0.292212,0.567071,-1.394138,0.754963,0.00629,0.007214,8195.541415,5279.493514,1.00084
"theta_t_zerosum__[0, 326]",-0.282106,0.172086,-0.590643,0.054404,0.001838,0.002162,8724.200285,5497.036824,1.000692
"theta_t_zerosum__[0, 327]",-0.138246,0.60699,-1.288134,0.989206,0.006974,0.008113,8213.293604,4911.948064,0.999818
"theta_t_zerosum__[0, 328]",0.072534,0.336154,-0.539566,0.709647,0.004533,0.003535,5523.077751,5923.397735,1.000591
"theta_t_zerosum__[0, 329]",-0.288437,0.187053,-0.632412,0.068695,0.001938,0.002343,9295.272105,5063.09722,1.000754
"theta_t_zerosum__[0, 330]",-1.190229,0.189721,-1.545748,-0.834487,0.001989,0.002179,9107.458751,5942.959289,1.000649
"theta_t_zerosum__[0, 331]",-1.918222,0.195396,-2.287161,-1.55228,0.002381,0.00223,6795.370075,6217.018026,0.999765
"theta_t_zerosum__[0, 332]",-1.032919,0.185636,-1.381882,-0.684068,0.002045,0.002124,8271.906214,5707.744641,1.000274
"theta_t_zerosum__[0, 333]",-1.661949,0.563198,-2.712537,-0.635357,0.006035,0.006419,9171.516215,5536.519622,1.000178
"theta_t_zerosum__[0, 334]",-0.453252,0.191787,-0.810374,-0.089026,0.001983,0.002515,9472.815842,6112.551872,1.001389
"theta_t_zerosum__[0, 335]",-0.852596,0.189483,-1.195384,-0.486381,0.002115,0.002254,8040.190851,5011.777925,0.999781
"theta_t_zerosum__[0, 336]",-0.803875,0.186058,-1.148016,-0.451337,0.001911,0.00224,9455.934279,6290.908693,1.000579
"theta_t_zerosum__[0, 337]",-1.411884,0.183584,-1.75072,-1.058642,0.002216,0.00216,6933.756953,5347.260801,1.00007
"theta_t_zerosum__[0, 338]",-1.655,0.547943,-2.662223,-0.635861,0.006244,0.006224,7745.541205,5577.320007,1.00039
"theta_t_zerosum__[0, 339]",-0.285885,0.167594,-0.600758,0.025969,0.001721,0.002067,9512.211484,6148.184127,1.001107
"theta_t_zerosum__[0, 340]",0.064529,0.178966,-0.278246,0.405088,0.001688,0.002195,11170.580487,5830.700811,1.000358
"theta_t_zerosum__[0, 341]",0.034477,0.199196,-0.340034,0.401056,0.002091,0.002241,9051.923843,5995.550289,1.000482
"theta_t_zerosum__[0, 342]",-0.310207,0.178164,-0.666208,0.01395,0.001783,0.002119,10004.221208,5953.403012,1.000051
"theta_t_zerosum__[0, 343]",-0.349846,0.598352,-1.487862,0.730703,0.006903,0.007164,8397.53151,5369.660044,1.000265
"theta_t_zerosum__[0, 344]",0.295657,0.186352,-0.029314,0.667559,0.001818,0.002257,10455.581196,5710.511894,1.000544
"theta_t_zerosum__[0, 345]",0.009574,0.405369,-0.743707,0.762432,0.004348,0.005698,9445.638803,4970.117523,1.000169
"theta_t_zerosum__[0, 346]",-0.678718,0.189744,-1.056722,-0.339208,0.00196,0.002564,9424.368696,5014.666552,1.000844
"theta_t_zerosum__[0, 347]",-0.236555,0.60229,-1.361343,0.891013,0.006681,0.007665,8686.046819,5753.605666,1.000558
"theta_t_zerosum__[0, 348]",-0.008646,0.177119,-0.338528,0.320126,0.001722,0.002083,10559.011223,5773.60875,1.001123
"theta_t_zerosum__[0, 349]",-0.045702,0.513544,-1.065236,0.856423,0.005179,0.006404,10453.044889,6196.123369,1.000548
"theta_t_zerosum__[0, 350]",0.062081,0.188294,-0.297507,0.412383,0.002181,0.002126,7515.860516,4193.496957,1.000443
"theta_t_zerosum__[0, 351]",0.011022,0.5051,-0.908012,0.980398,0.006193,0.006947,7275.239033,4955.806747,1.000544
"theta_t_zerosum__[0, 352]",-0.065573,0.204835,-0.435573,0.336203,0.002354,0.002323,7595.239626,5665.464566,0.999788
"theta_t_zerosum__[0, 353]",-0.645287,0.452459,-1.535214,0.161709,0.004817,0.006253,9593.066752,5366.619881,1.000485
"theta_t_zerosum__[0, 354]",-0.328604,0.207516,-0.721273,0.053066,0.002434,0.002378,7319.484289,5334.90034,1.000812
"theta_t_zerosum__[0, 355]",-0.228765,0.437748,-1.063516,0.569907,0.005232,0.005725,7756.560803,4759.087206,1.001106
"theta_t_zerosum__[0, 356]",-0.21234,0.186128,-0.553288,0.147207,0.002061,0.002201,8176.256758,5842.077682,1.001187
"theta_t_zerosum__[0, 357]",0.074515,0.500878,-0.85735,1.008085,0.005307,0.006666,9430.361515,5484.690413,1.000641
"theta_t_zerosum__[0, 358]",0.455765,0.190071,0.10654,0.812698,0.001902,0.002163,10046.565737,6356.510904,0.999956
"theta_t_zerosum__[0, 359]",0.126289,0.49264,-0.803689,1.050803,0.005676,0.006531,8181.265605,4953.979727,1.000043
"theta_t_zerosum__[0, 360]",0.003535,0.190892,-0.358976,0.359325,0.001988,0.002195,9256.235887,6029.865361,1.000184
"theta_t_zerosum__[0, 361]",-0.314686,0.526002,-1.318608,0.638404,0.005629,0.006298,9177.251903,6044.529155,1.000036
"theta_t_zerosum__[0, 362]",0.093512,0.406711,-0.706116,0.827799,0.004297,0.005626,9749.706228,5326.731031,1.000002
"theta_t_zerosum__[0, 363]",-0.278727,0.428588,-1.074607,0.523334,0.004548,0.005462,9678.090712,4981.477618,1.000626
"theta_t_zerosum__[0, 364]",0.687549,0.156211,0.384563,0.971087,0.001686,0.001835,8580.373473,6166.138256,0.999945
"theta_t_zerosum__[0, 365]",0.493534,0.484675,-0.448502,1.377731,0.005144,0.00654,9420.417058,5815.918983,1.000038
"theta_t_zerosum__[0, 366]",-0.029234,0.596296,-1.13397,1.103043,0.009078,0.008398,4511.827339,4408.625159,1.001295
"theta_t_zerosum__[0, 367]",0.21289,0.180942,-0.134366,0.536891,0.001935,0.001958,8767.475123,5420.471423,1.000278
"theta_t_zerosum__[0, 368]",-0.157447,0.426323,-0.980897,0.596999,0.005164,0.005772,7476.835612,4554.2135,1.000356
"logA_z_zerosum__[0, 0]",1.164791,0.226044,0.746474,1.578315,0.006574,0.004258,1198.745381,1889.815725,1.000954
"logA_z_zerosum__[0, 1]",1.018944,0.249736,0.545861,1.477232,0.006227,0.004007,1618.437785,2837.147688,1.001711
"logA_z_zerosum__[0, 2]",2.41988,0.417441,1.652139,3.184617,0.012707,0.00819,1086.147849,1755.349938,1.003144
"logA_z_zerosum__[0, 3]",1.032535,0.269257,0.55457,1.564754,0.006306,0.004388,1881.569515,2510.736476,1.000734
"logA_z_zerosum__[0, 4]",1.304381,0.677392,0.035903,2.534803,0.017221,0.010167,1558.104361,2501.40819,1.000979
"logA_z_zerosum__[0, 5]",0.952753,0.242938,0.512624,1.417278,0.00662,0.003652,1361.091939,2473.740238,1.00118
"logA_z_zerosum__[0, 6]",-0.00171,0.54173,-0.986954,1.000472,0.011976,0.009304,2155.91391,2440.973873,1.002227
"logA_z_zerosum__[0, 7]",0.247264,0.12817,0.005219,0.482531,0.002617,0.001678,2458.841154,3143.414507,1.000592
"logA_z_zerosum__[0, 8]",0.905121,0.413296,0.130316,1.673284,0.010472,0.008133,1620.210307,2261.279011,1.000457
"logA_z_zerosum__[0, 9]",0.167606,0.086009,0.008184,0.327665,0.002077,0.001231,1782.772936,2538.634325,1.001437
"logA_z_zerosum__[0, 10]",-0.596487,0.520835,-1.534143,0.412373,0.012842,0.008563,1661.040399,2621.536112,1.003318
"logA_z_zerosum__[0, 11]",1.081296,0.263098,0.603784,1.580343,0.006969,0.004417,1456.657142,2413.494987,1.002788
"logA_z_zerosum__[0, 12]",0.814842,0.280265,0.292362,1.338863,0.006784,0.004773,1761.18836,2404.897428,1.001825
"logA_z_zerosum__[0, 13]",-0.965987,0.370222,-1.647469,-0.305138,0.006372,0.006277,3680.631515,3840.617071,1.001243
"logA_z_zerosum__[0, 14]",-0.024635,0.080891,-0.17791,0.126268,0.00145,0.0009,3131.376182,4496.470736,1.000305
"logA_z_zerosum__[0, 15]",-0.426497,0.738796,-1.837323,0.967879,0.018187,0.013216,1751.879885,1342.172499,1.001775
"logA_z_zerosum__[0, 16]",0.140711,0.145378,-0.133132,0.416037,0.003376,0.002383,1862.556578,2656.939494,1.000863
"logA_z_zerosum__[0, 17]",-1.044947,0.289784,-1.587271,-0.516196,0.006337,0.003399,2136.744906,3636.586486,1.000044
"logA_z_zerosum__[0, 18]",-0.545672,0.316465,-1.15172,0.040187,0.007051,0.005082,2141.270722,2607.089532,1.001329
D_z[AISI CTF Suites - Apprentice],-0.012248,0.092676,-0.186721,0.1608,0.002311,0.001531,1639.95232,2086.794309,1.002352
D_z[AISI CTF Suites - Expert],0.486576,0.134776,0.238485,0.734258,0.004512,0.002297,884.330487,1504.602364,1.003899
D_z[AISI CTF Suites - Practitioner],0.353614,0.267964,-0.169616,0.842865,0.008607,0.004848,971.9552,1765.775518,1.002005
D_z[AISI CTF Suites - Technical Non-Expert],-1.166182,0.247482,-1.641246,-0.711974,0.010909,0.006476,482.443149,687.633676,1.01317
D_z[AISI Cyber Ranges - Cooling Tower],1.866768,0.393748,1.119649,2.596816,0.013802,0.008038,793.196971,944.183458,1.007878
D_z[AISI Cyber Ranges - The Last Ones],0.636737,0.154591,0.347395,0.928629,0.005085,0.002707,890.809844,1166.405721,1.004828
D_z[BlueprintBench 2],1.054789,0.258265,0.599073,1.55494,0.010052,0.004734,675.616604,1029.100526,1.011937
D_z[Chess Puzzles],0.91122,0.161646,0.601661,1.207471,0.008046,0.005237,408.243925,445.594839,1.016682
D_z[CyScenarioBench],2.053486,0.420084,1.306401,2.889408,0.014598,0.008256,796.556493,789.840743,1.007478
D_z[DTBench],-0.857054,0.149934,-1.133198,-0.567084,0.007605,0.004884,387.376059,451.672694,1.016548
D_z[DrugDiscoveryBench],0.507403,0.148883,0.252351,0.788855,0.004998,0.003271,819.457582,1066.700229,1.007454
D_z[EBR-bench],1.7383,0.332667,1.129716,2.366693,0.014172,0.009194,538.340202,521.539693,1.013374
D_z[Fiction.LiveBench],-0.504784,0.135593,-0.753846,-0.25263,0.004733,0.00269,807.162068,1035.058798,1.007422
D_z[GeoBench],-0.442332,0.103635,-0.639337,-0.253365,0.00385,0.00203,701.180668,983.710723,1.010682
D_z[LMCA],0.445011,0.079418,0.29512,0.590339,0.003734,0.00248,458.286498,471.163706,1.016132
D_z[MirrorCode],0.893209,0.345471,0.284086,1.517907,0.009917,0.010113,1385.310698,1299.893441,1.002073
D_z[Mystery Game Puzzles],0.923583,0.16497,0.625774,1.245252,0.008043,0.005139,417.646549,467.898615,1.015622
D_z[PRBench],0.172311,0.045194,0.089454,0.257202,0.001532,0.00077,841.831312,1192.289722,1.006332
D_z[SWE Atlas],0.406913,0.103606,0.229402,0.611597,0.003625,0.001893,787.50263,1300.152289,1.008855
D_z[Visual Task Assessment (VISTA)],0.101016,0.025374,0.055333,0.150072,0.00089,0.000503,812.906333,1278.400979,1.008404
sigma_b[AISI CTF Suites - Apprentice],0.05549,0.012967,0.032758,0.079924,0.000211,0.000149,3682.53607,5097.522279,1.001381
sigma_b[AISI CTF Suites - Expert],0.049449,0.014004,0.025277,0.076379,0.000229,0.000184,3606.97166,4336.45287,1.000469
sigma_b[AISI CTF Suites - Practitioner],0.049057,0.021061,0.014282,0.087466,0.000726,0.000753,1049.124244,869.873531,1.00361
sigma_b[AISI CTF Suites - Technical Non-Expert],0.103935,0.018775,0.071302,0.138858,0.000251,0.000234,5487.674477,5712.660213,1.000408
sigma_b[AISI Cyber Ranges - Cooling Tower],0.115149,0.037843,0.04446,0.182378,0.000735,0.000437,2365.597026,3076.52052,1.001101
sigma_b[AISI Cyber Ranges - The Last Ones],0.063644,0.017222,0.033777,0.094919,0.000327,0.000268,2752.831595,4341.537658,1.001196
sigma_b[BlueprintBench 2],0.204877,0.028448,0.151619,0.259028,0.000424,0.000267,4477.599369,5427.062236,1.001012
sigma_b[Chess Puzzles],0.128873,0.008364,0.113069,0.14454,0.000132,8.9e-05,4008.449304,5507.062687,1.000143
sigma_b[CyScenarioBench],0.146709,0.032107,0.094224,0.211011,0.000527,0.000381,3788.935806,4668.359114,1.000531
sigma_b[DTBench],0.046382,0.005883,0.035162,0.056974,0.000125,6.4e-05,2194.186609,3168.086801,1.001315
sigma_b[DrugDiscoveryBench],0.073822,0.016737,0.045324,0.106896,0.000295,0.000229,3079.567626,3241.580056,1.002145
sigma_b[EBR-bench],0.091237,0.020599,0.056432,0.132143,0.000421,0.000303,2370.894029,3722.679736,1.002186
sigma_b[Fiction.LiveBench],0.134819,0.025987,0.088304,0.185928,0.000549,0.000279,2178.31192,3178.851299,1.00301
sigma_b[GeoBench],0.133243,0.016052,0.10493,0.163484,0.000183,0.000167,7590.200652,6425.675096,1.000397
sigma_b[LMCA],0.050812,0.005343,0.041239,0.060983,9.1e-05,5.3e-05,3469.178987,4835.548782,0.999985
sigma_b[MirrorCode],0.176238,0.039915,0.104801,0.2556,0.000747,0.000786,2855.30606,1123.552658,1.001219
sigma_b[Mystery Game Puzzles],0.091579,0.00925,0.074511,0.10891,0.000198,9.8e-05,2153.067348,3472.785135,0.999963
sigma_b[PRBench],0.063263,0.011901,0.042546,0.086443,0.000191,0.000135,3888.358401,5712.662773,1.00081
sigma_b[SWE Atlas],0.069967,0.020154,0.034815,0.107673,0.000508,0.000261,1507.341537,3206.436669,1.001316
sigma_b[Visual Task Assessment (VISTA)],0.044273,0.006171,0.032859,0.055625,0.000102,6.3e-05,3648.732685,5064.535953,1.00029
tau_CD,1.874887,0.355139,1.280302,2.516075,0.018445,0.024185,392.262254,416.627022,1.016759
sigma_A,0.715841,0.128647,0.490025,0.959989,0.004038,0.002872,1000.566638,1479.712173,1.003536
"theta_t[axis1, Average Human]",1.811541,0.268858,1.328397,2.325292,0.004153,0.00467,4511.465853,4272.876879,1.001094
"theta_t[axis1, Committee of Domain Experts]",2.84679,0.655429,1.598823,4.036384,0.008901,0.007491,5467.225185,5070.922636,1.00024
"theta_t[axis1, DeepSeek-V3-0324]",-1.025267,0.181347,-1.367208,-0.681627,0.001914,0.002012,8909.915316,6469.583145,1.000301
"theta_t[axis1, DeepSeek-V3.1]",-0.499405,0.337906,-1.120844,0.167524,0.003904,0.004513,7591.052233,5267.895249,0.999958
"theta_t[axis1, DeepSeek-V3.1-Terminus]",-0.1082,0.189769,-0.464991,0.250203,0.001822,0.002219,10846.910609,6456.435249,1.000174
"theta_t[axis1, DeepSeek-V3.1_thinking]",-0.173899,0.186475,-0.52247,0.181178,0.001899,0.002234,9622.340102,5947.511471,1.001453
"theta_t[axis1, DeepSeek-V3.2-Exp_thinking]",0.158342,0.192707,-0.218285,0.502166,0.002035,0.002075,8953.742679,6412.627559,1.000087
"theta_t[axis1, Inkling_xhigh]",0.384309,0.188194,0.018661,0.726169,0.001815,0.002284,10749.828247,5309.387921,1.000802
"theta_t[axis1, Llama-2-13b-chat]",-2.006601,0.221298,-2.405231,-1.567056,0.002733,0.002631,6682.017439,5127.282843,1.0001
"theta_t[axis1, Llama-3.1-70B-Instruct]",-1.201752,0.190905,-1.554357,-0.836725,0.00219,0.002123,7605.55863,5858.248118,0.999931
"theta_t[axis1, Llama-3.1-8B-Instruct]",-1.810244,0.197067,-2.165016,-1.427798,0.002646,0.002153,5641.508331,5527.402167,1.000625
"theta_t[axis1, Llama-3.2-90B-Vision-Instruct]",-2.092925,0.510018,-3.050975,-1.133065,0.005676,0.006258,8114.576043,5744.878461,1.00049
"theta_t[axis1, Llama-3.3-70B-Instruct]",-1.155292,0.195354,-1.512836,-0.777803,0.002159,0.002168,8171.363457,6127.002882,1.000131
"theta_t[axis1, Llama-4-Maverick-17B-128E-Instruct]",-1.140975,0.16399,-1.44313,-0.834312,0.001913,0.001852,7358.227736,5704.2297,1.000603
"theta_t[axis1, Llama-4-Scout-17B-16E-Instruct]",-1.333811,0.173936,-1.669945,-1.020135,0.00205,0.002115,7353.743766,3730.909667,1.000802
"theta_t[axis1, Meta-Llama-3-8B-Instruct]",-1.939571,0.21993,-2.372251,-1.544356,0.002434,0.002634,8240.989408,5554.660938,1.000329
"theta_t[axis1, MiniMax-M3]",-0.134295,0.185279,-0.47995,0.216736,0.001964,0.002256,8886.056275,5470.963081,1.000988
"theta_t[axis1, MiniMax-M3_none]",-0.730122,0.457093,-1.639935,0.071481,0.005076,0.005873,8920.645648,5028.584545,1.000141
"theta_t[axis1, MiniMax-M3_xhigh]",-0.401004,0.62963,-1.659615,0.707089,0.009441,0.007626,4567.165471,4785.835538,1.000925
"theta_t[axis1, Pixtral-12B-2409]",-2.164502,0.496095,-3.093081,-1.207007,0.005679,0.005819,7662.375096,5329.577675,1.000314
"theta_t[axis1, Qwen3-235B-A22B-Instruct-2507]",-0.431693,0.165099,-0.733055,-0.107716,0.001797,0.002002,8445.021934,5217.332584,1.000726
"theta_t[axis1, Qwen3-235B-A22B-Thinking-2507]",-0.162357,0.157345,-0.445785,0.138045,0.001596,0.001864,9716.714321,6253.527511,1.001274
"theta_t[axis1, Qwen3-30B-A3B]",-1.162536,0.188118,-1.520716,-0.810402,0.002046,0.002291,8467.712928,5746.361938,1.000372
"theta_t[axis1, Qwen3-30B-A3B_none]",-1.158103,0.576117,-2.242108,-0.112409,0.006386,0.006796,8629.427461,5511.376949,1.000358
"theta_t[axis1, Qwen3-32B]",-0.890289,0.185293,-1.235392,-0.540602,0.00194,0.002198,9144.127917,5420.058774,0.99991
"theta_t[axis1, Qwen3-32B_none]",-1.162749,0.566717,-2.267587,-0.147421,0.005909,0.006993,9865.442116,5239.387182,1.000187
"theta_t[axis1, Skilled Generalist]",1.266877,0.501332,0.349723,2.213598,0.005948,0.005326,7135.966111,6484.093944,1.000421
"theta_t[axis1, Top Performer]",3.949402,0.424737,3.169563,4.746021,0.005994,0.004426,5055.363117,5532.759752,0.999952
"theta_t[axis1, c4ai-command-a-03-2025]",-1.288072,0.187026,-1.624249,-0.920193,0.002111,0.002094,7921.771162,5741.435828,0.999916
"theta_t[axis1, c4ai-command-r-08-2024]",-1.805827,0.198804,-2.190544,-1.447481,0.002293,0.002245,7555.698674,5891.152475,1.0001
"theta_t[axis1, c4ai-command-r-plus-08-2024]",-1.676149,0.204847,-2.064934,-1.296352,0.002656,0.002236,6056.442137,5847.355272,1.000143
"theta_t[axis1, claude-3-5-haiku-20241022]",-1.413058,0.215786,-1.818544,-1.001938,0.002408,0.002573,8078.133342,6008.116703,1.000015
"theta_t[axis1, claude-3-5-sonnet-20240620]",-0.650559,0.134077,-0.903346,-0.405759,0.0021,0.001355,4072.579166,5601.431531,1.00118
"theta_t[axis1, claude-3-5-sonnet-20241022]",-0.849631,0.207554,-1.238363,-0.459273,0.002244,0.002336,8536.881752,6040.488882,1.000203
"theta_t[axis1, claude-3-7-sonnet-20250219]",-0.713255,0.334638,-1.331597,-0.065096,0.004181,0.004398,6477.852895,4535.21821,1.000486
"theta_t[axis1, claude-3-7-sonnet-20250219_15K]",-0.145264,0.821706,-1.645829,1.455726,0.00858,0.009269,9193.22687,6272.924375,0.999696
"theta_t[axis1, claude-3-7-sonnet-20250219_8K]",-0.460192,0.41978,-1.241682,0.364696,0.005357,0.006827,6636.152402,4453.971254,1.000053
"theta_t[axis1, claude-3-7-sonnet-20250219_thinking]",0.281833,0.525196,-0.705969,1.269802,0.005809,0.006422,8219.761829,5832.677014,0.999949
"theta_t[axis1, claude-3-7-sonnet-20250219_unknown]",-0.359992,0.143177,-0.632866,-0.090939,0.002386,0.001599,3595.947565,5286.474434,1.00056
"theta_t[axis1, claude-3-haiku-20240307]",-1.691114,0.19448,-2.061996,-1.327793,0.002255,0.002311,7526.761999,5150.618884,1.00027
"theta_t[axis1, claude-3-opus-20240229]",-1.173563,0.139568,-1.42975,-0.907658,0.001977,0.001502,5007.439035,5890.157022,1.000034
"theta_t[axis1, claude-fable-5-1_max]",1.788346,0.210411,1.392789,2.185734,0.002835,0.002412,5554.770986,4750.385088,1.000678
"theta_t[axis1, claude-fable-5-1_unknown]",0.768253,0.857178,-0.896865,2.313202,0.011529,0.010616,5872.337157,4108.309636,1.00045
"theta_t[axis1, claude-fable-5-1_xhigh]",1.449118,0.468323,0.549503,2.286985,0.007654,0.00512,3774.717925,5488.085511,0.99998
"theta_t[axis1, claude-fable-5_high]",1.355761,0.546673,0.314725,2.382715,0.008278,0.006514,4339.203056,5058.532894,1.000686
"theta_t[axis1, claude-fable-5_low]",0.502258,0.586339,-0.626155,1.604109,0.006274,0.007018,9284.472242,5405.552635,1.000682
"theta_t[axis1, claude-fable-5_max]",1.66924,0.167296,1.357923,1.98309,0.002164,0.001789,6045.378635,5395.71996,1.000819
"theta_t[axis1, claude-fable-5_unknown]",0.99718,0.510203,0.018341,1.962237,0.006135,0.006489,6998.039299,5459.803383,0.999981
"theta_t[axis1, claude-fable-5_xhigh]",1.009864,0.525677,0.003305,1.964676,0.008208,0.008284,4461.795115,4201.594881,1.000608
"theta_t[axis1, claude-haiku-4-5-20251001_32K]",-0.433021,0.595746,-1.572059,0.625758,0.006926,0.007028,7678.677053,5255.839003,1.000254
"theta_t[axis1, claude-haiku-4-5-20251001_unknown]",-0.378021,0.202069,-0.765146,-0.005291,0.002254,0.002153,8060.370787,5826.752562,1.000858
"theta_t[axis1, claude-mythos-5]",1.88201,0.289048,1.333028,2.414924,0.005425,0.003304,2879.719231,4271.922963,1.001189
"theta_t[axis1, claude-mythos-preview]",1.577179,0.262982,1.082281,2.059654,0.005099,0.003098,2695.677871,4190.854278,1.000609
"theta_t[axis1, claude-mythos-preview-early]",1.031665,0.160173,0.735846,1.333068,0.003757,0.002126,1832.357718,3026.382238,1.002918
"theta_t[axis1, claude-opus-4-1-20250805]",-0.128252,0.329506,-0.737649,0.499141,0.00415,0.003906,6488.99329,5332.779185,1.000294
"theta_t[axis1, claude-opus-4-1-20250805_24K]",0.290799,0.491155,-0.64844,1.175499,0.005498,0.006106,8548.465536,5749.424667,0.99985
"theta_t[axis1, claude-opus-4-1-20250805_thinking]",0.293321,0.518027,-0.727055,1.249685,0.005558,0.006193,8743.564185,6101.162937,1.000083
"theta_t[axis1, claude-opus-4-1-20250805_unknown]",0.077838,0.216599,-0.323422,0.496276,0.002279,0.002471,9030.571393,6041.270949,1.000055
"theta_t[axis1, claude-opus-4-20250514]",-0.668367,0.345011,-1.298163,0.00672,0.004483,0.004369,6000.146666,4819.925589,1.001017
"theta_t[axis1, claude-opus-4-20250514_32K]",-0.684272,0.846378,-2.241298,0.945959,0.008686,0.010262,9575.541364,5895.897828,1.00022
"theta_t[axis1, claude-opus-4-20250514_thinking]",0.141531,0.507959,-0.83511,1.092974,0.005288,0.006483,9305.453914,5801.312832,1.000251
"theta_t[axis1, claude-opus-4-20250514_unknown]",-0.052729,0.122992,-0.268922,0.190841,0.002008,0.001291,3742.370327,5514.920012,1.001409
"theta_t[axis1, claude-opus-4-5-20251101]",-0.295724,0.378484,-1.006714,0.406321,0.004246,0.00443,8033.642924,4758.946441,1.000588
"theta_t[axis1, claude-opus-4-5-20251101_128K]",0.665516,0.379886,-0.096752,1.303559,0.006218,0.007031,4657.981045,3484.525317,1.000485
"theta_t[axis1, claude-opus-4-5-20251101_32K]",-0.190972,0.597586,-1.312613,0.918419,0.006498,0.007447,9043.390332,4793.953841,1.000104
"theta_t[axis1, claude-opus-4-5-20251101_48K]",0.341037,0.49241,-0.576955,1.261858,0.0055,0.007226,8594.252392,5542.961499,1.000087
"theta_t[axis1, claude-opus-4-5-20251101_high]",0.689119,0.205215,0.324635,1.08727,0.002074,0.002274,9907.39021,5792.206233,1.00061
"theta_t[axis1, claude-opus-4-5-20251101_thinking]",0.175869,0.397628,-0.563747,0.906242,0.00411,0.005447,9375.462904,5434.500864,0.999969
"theta_t[axis1, claude-opus-4-5-20251101_unknown]",0.46087,0.1409,0.199229,0.731826,0.002991,0.001597,2220.390088,3759.451613,1.00143
"theta_t[axis1, claude-opus-4-6]",-0.061591,0.509566,-1.020818,0.883966,0.00572,0.007017,8666.86097,5329.091448,1.000323
"theta_t[axis1, claude-opus-4-6_120K]",-0.144423,0.609914,-1.299358,0.96613,0.007464,0.009255,7951.7554,3561.62777,1.001565
"theta_t[axis1, claude-opus-4-6_32K]",0.047037,0.60481,-1.115461,1.160337,0.006743,0.007579,8548.151196,5722.851704,1.000468
"theta_t[axis1, claude-opus-4-6_64K]",-0.308431,0.607419,-1.427277,0.814615,0.007179,0.007414,7667.227354,4353.609694,1.001096
"theta_t[axis1, claude-opus-4-6_low]",-0.673494,0.535262,-1.642802,0.342474,0.005561,0.006656,9735.643112,5481.909008,1.000062
"theta_t[axis1, claude-opus-4-6_max]",0.769767,0.156477,0.485585,1.070367,0.002036,0.00169,5911.870578,5956.047077,1.00011
"theta_t[axis1, claude-opus-4-6_none]",0.413773,0.430039,-0.398502,1.213643,0.004961,0.005233,7600.596997,4149.146648,0.999981
"theta_t[axis1, claude-opus-4-6_unknown]",0.701272,0.127387,0.464938,0.943166,0.003156,0.001727,1632.538773,2559.029217,1.001532
"theta_t[axis1, claude-opus-4-7]",-0.192212,0.519651,-1.197452,0.747315,0.005511,0.007009,9625.303577,5319.318429,1.000261
"theta_t[axis1, claude-opus-4-7_high]",0.491164,0.884244,-1.201656,2.057838,0.013051,0.009312,4603.578872,5375.069104,1.000012
"theta_t[axis1, claude-opus-4-7_low]",0.188397,0.591737,-0.962898,1.257557,0.006829,0.008442,8212.182942,5060.320184,1.000182
"theta_t[axis1, claude-opus-4-7_max]",0.961397,0.152934,0.683376,1.260143,0.001714,0.001755,7956.68486,6060.321245,1.000439
"theta_t[axis1, claude-opus-4-7_unknown]",0.47402,0.116451,0.260316,0.696548,0.003018,0.001745,1490.737775,2551.98733,1.001697
"theta_t[axis1, claude-opus-4-7_xhigh]",0.571817,0.592463,-0.533632,1.662091,0.006082,0.007794,10191.576392,5406.799922,1.000145
"theta_t[axis1, claude-opus-4-8_low]",0.532148,0.582175,-0.591466,1.596485,0.006502,0.007276,8515.480039,5483.749487,1.000199
"theta_t[axis1, claude-opus-4-8_max]",1.312663,0.14829,1.03657,1.593576,0.001788,0.001674,6896.778922,6004.790219,1.001362
"theta_t[axis1, claude-opus-4-8_none]",-0.14838,0.602726,-1.305693,0.929212,0.006729,0.007636,8675.130495,5514.629542,1.000679
"theta_t[axis1, claude-opus-4-8_unknown]",1.025987,0.369215,0.337072,1.726425,0.004852,0.005063,5888.828614,5397.911387,1.001055
"theta_t[axis1, claude-opus-4-8_xhigh]",1.127706,0.341561,0.483456,1.759999,0.0048,0.003892,5133.162404,5987.293966,1.000755
"theta_t[axis1, claude-opus-5]",1.047122,0.350081,0.387795,1.715754,0.003683,0.004209,9130.002004,5567.146493,1.000038
"theta_t[axis1, claude-opus-5_low]",0.161288,0.599219,-0.956758,1.233973,0.006472,0.008521,9711.608527,4805.165821,1.000877
"theta_t[axis1, claude-opus-5_max]",1.81901,0.167863,1.511752,2.148103,0.002163,0.001824,6045.393215,5556.846921,1.000746
"theta_t[axis1, claude-opus-5_unknown]",0.555364,0.829237,-1.047549,2.088487,0.009941,0.009942,7132.373958,5511.67111,1.00065
"theta_t[axis1, claude-opus-5_xhigh]",1.768073,0.554468,0.717173,2.792592,0.008386,0.00821,4551.064925,4105.848474,1.00039
"theta_t[axis1, claude-sonnet-4-20250514]",-0.846407,0.33026,-1.475623,-0.21665,0.003735,0.004155,7878.926921,5810.01263,1.000398
"theta_t[axis1, claude-sonnet-4-20250514_32K]",-1.285786,0.859748,-2.963417,0.272538,0.009755,0.010219,7922.565385,4420.246663,1.000521
"theta_t[axis1, claude-sonnet-4-20250514_thinking]",0.002275,0.521624,-1.002064,0.978669,0.005649,0.006946,8509.54286,5246.166066,1.000754
"theta_t[axis1, claude-sonnet-4-20250514_unknown]",-0.251925,0.197235,-0.615287,0.134393,0.002193,0.002551,8313.068549,4380.171743,1.001339
"theta_t[axis1, claude-sonnet-4-5-20250929]",-0.224608,0.288154,-0.785205,0.28154,0.003086,0.003181,8957.16485,6166.103189,1.00051
"theta_t[axis1, claude-sonnet-4-5-20250929_32K]",-0.200709,0.620258,-1.460345,0.857892,0.006956,0.008637,8718.350727,4449.668435,1.000132
"theta_t[axis1, claude-sonnet-4-5-20250929_48K]",0.053881,0.509245,-0.908598,0.979185,0.00576,0.006526,8355.365886,5754.817211,1.000156
"theta_t[axis1, claude-sonnet-4-5-20250929_thinking]",0.324411,0.521374,-0.607641,1.34629,0.005804,0.00625,8124.892373,5063.988232,1.000767
"theta_t[axis1, claude-sonnet-4-5-20250929_unknown]",0.088297,0.102079,-0.103286,0.27759,0.002711,0.001408,1417.169563,2648.775527,1.001936
"theta_t[axis1, claude-sonnet-4-6]",-0.133281,0.512763,-1.135912,0.768534,0.005527,0.006509,9269.260786,5519.556112,1.000055
"theta_t[axis1, claude-sonnet-4-6_32K]",-0.153003,0.607353,-1.301342,0.951651,0.006833,0.00771,8637.345388,5161.485711,1.001826
"theta_t[axis1, claude-sonnet-4-6_high]",-0.657215,0.59527,-1.767676,0.416121,0.006679,0.006754,8423.484148,5633.905325,1.000444
"theta_t[axis1, claude-sonnet-4-6_low]",0.010904,0.506219,-0.943487,0.945984,0.005181,0.006537,10024.797451,5871.527369,0.999955
"theta_t[axis1, claude-sonnet-4-6_max]",0.504464,0.180654,0.178569,0.858618,0.001938,0.002144,8661.334354,5188.907408,1.000603
"theta_t[axis1, claude-sonnet-4-6_medium]",-0.42211,0.608103,-1.648048,0.618587,0.006474,0.006902,9251.459626,5969.292653,1.000257
"theta_t[axis1, claude-sonnet-4-6_unknown]",-0.033945,0.465628,-0.940323,0.791527,0.00593,0.005554,6327.037108,5141.313212,1.00059
"theta_t[axis1, claude-sonnet-5]",-0.016357,0.514164,-1.00773,0.887454,0.006066,0.008302,8112.871193,4681.920312,1.000081
"theta_t[axis1, claude-sonnet-5_max]",0.98891,0.180812,0.674872,1.347816,0.002232,0.00197,6582.486539,5624.290388,1.000964
"theta_t[axis1, claude-sonnet-5_unknown]",0.440516,0.818306,-1.171535,1.892081,0.010039,0.00934,6862.348127,5465.592186,1.000009
"theta_t[axis1, claude-sonnet-5_xhigh]",0.751687,0.58566,-0.338403,1.830971,0.00648,0.007623,8690.211905,5220.353446,1.000043
"theta_t[axis1, deepseek-chat]",-1.136933,0.184393,-1.497998,-0.797533,0.001963,0.002136,8854.166363,5859.604993,0.999922
"theta_t[axis1, deepseek-v3.2]",0.060977,0.188777,-0.297898,0.409135,0.002033,0.002187,8604.784519,6093.533101,1.001432
"theta_t[axis1, deepseek-v4-flash-0731_max]",0.757529,0.186537,0.390579,1.092285,0.002,0.002208,8767.316823,5668.605243,1.000694
"theta_t[axis1, deepseek-v4-flash_max]",0.291068,0.197481,-0.075487,0.670445,0.002014,0.002325,9636.541355,5636.91448,1.000496
"theta_t[axis1, deepseek-v4-pro-0813_max]",1.41097,0.335857,0.795092,2.051763,0.003833,0.004459,7826.25491,5130.189638,0.999779
"theta_t[axis1, deepseek-v4-pro_high]",-0.139475,0.588611,-1.249083,0.92454,0.006082,0.007128,9945.65094,5717.139442,1.000457
"theta_t[axis1, deepseek-v4-pro_max]",0.601075,0.189313,0.233684,0.949603,0.001845,0.002123,10510.167488,6409.353265,1.00005
"theta_t[axis1, deepseek-v4-pro_none]",-0.176467,0.418251,-0.960175,0.584694,0.004926,0.005271,7873.832371,5057.209759,1.000581
"theta_t[axis1, deepseek-v4-pro_unknown]",-0.344259,0.548355,-1.393537,0.638498,0.006882,0.008366,6605.072672,4940.959554,1.001568
"theta_t[axis1, deepseek-v4-pro_xhigh]",0.162832,0.589896,-0.948854,1.243202,0.00944,0.007882,4153.46917,4091.316826,1.001329
"theta_t[axis1, gemini-1.5-flash-002]",-1.439029,0.207185,-1.812099,-1.040211,0.002534,0.003188,6917.967611,3974.696973,0.999906
"theta_t[axis1, gemini-1.5-pro-001]",-1.337738,0.205709,-1.715062,-0.943312,0.002207,0.00247,8742.917099,5419.433578,0.999771
"theta_t[axis1, gemini-2.0-flash-001]",-0.820728,0.211567,-1.209841,-0.409602,0.002997,0.002433,4998.032563,4580.282587,1.000197
"theta_t[axis1, gemini-2.0-flash-lite]",-1.56071,0.209404,-1.948414,-1.161978,0.002302,0.002519,8309.48302,5514.535288,1.000568
"theta_t[axis1, gemini-2.0-pro-exp-02-05]",-0.68197,0.339459,-1.294694,-0.013239,0.004234,0.004905,6435.502325,5514.313873,1.000939
"theta_t[axis1, gemini-2.5-flash]",-0.306643,0.184232,-0.640752,0.052927,0.001925,0.002066,9159.008214,6228.731147,0.999933
"theta_t[axis1, gemini-2.5-flash-lite-preview-06-17_thinking]",-1.106403,0.171614,-1.436101,-0.78575,0.001886,0.00211,8337.104865,5706.136057,1.000107
"theta_t[axis1, gemini-2.5-flash-preview-04-17]",-0.396273,0.417253,-1.138664,0.434234,0.005215,0.005808,6766.590057,5221.081149,0.999931
"theta_t[axis1, gemini-2.5-flash-preview-05-20]",0.002785,0.422154,-0.762691,0.824335,0.005793,0.006029,5887.830293,4284.939267,1.000059
"theta_t[axis1, gemini-2.5-pro]",0.096792,0.183647,-0.255792,0.430332,0.001957,0.002109,8838.824948,6012.079055,1.000027
"theta_t[axis1, gemini-2.5-pro-exp-03-25]",0.893885,0.385704,0.206641,1.645703,0.004263,0.004609,8506.68374,5660.627145,1.000973
"theta_t[axis1, gemini-2.5-pro-preview-05-06]",0.362065,0.391651,-0.343364,1.097888,0.005253,0.004757,5667.252142,5270.839555,1.001108
"theta_t[axis1, gemini-2.5-pro-preview-06-05]",0.79196,0.39184,0.106625,1.576231,0.004432,0.004353,8085.816,5796.260797,1.000048
"theta_t[axis1, gemini-3-flash-preview]",0.345963,0.5095,-0.601499,1.305941,0.007236,0.005663,4948.126198,5227.797617,1.000491
"theta_t[axis1, gemini-3-flash-preview_high]",0.636812,0.182512,0.304417,0.989351,0.001987,0.002164,8518.799962,5617.86333,1.001306
"theta_t[axis1, gemini-3-flash-preview_low]",0.551912,0.469146,-0.363617,1.390855,0.005164,0.006888,8743.493364,5524.225027,1.000723
"theta_t[axis1, gemini-3-flash-preview_minimal]",0.490077,0.486805,-0.417195,1.386732,0.005348,0.007219,9133.072428,4743.719644,1.00085
"theta_t[axis1, gemini-3-flash-preview_unknown]",-1.15455,0.58284,-2.211159,-0.047324,0.007382,0.007256,6266.591454,5038.78482,1.000411
"theta_t[axis1, gemini-3-pro-preview]",0.340993,0.285444,-0.212316,0.849538,0.003382,0.003207,7054.88912,5538.206435,1.000932
"theta_t[axis1, gemini-3.1-flash-lite]",0.156224,0.515159,-0.813099,1.106094,0.006015,0.007301,7529.898813,5496.141125,1.000547
"theta_t[axis1, gemini-3.1-flash-lite_high]",-0.059723,0.21014,-0.459932,0.326325,0.002696,0.002163,6058.230735,4670.153026,1.000494
"theta_t[axis1, gemini-3.1-flash-lite_low]",0.374586,0.601971,-0.755652,1.485009,0.007165,0.00859,7720.417833,4899.918299,1.001497
"theta_t[axis1, gemini-3.1-flash-lite_minimal]",0.33887,0.5959,-0.819977,1.413583,0.006785,0.008456,8461.800574,4567.451573,1.000499
"theta_t[axis1, gemini-3.1-pro-preview]",0.847882,0.252719,0.327255,1.288661,0.003035,0.002993,7061.657863,5488.176797,1.000492
"theta_t[axis1, gemini-3.1-pro-preview_high]",1.210713,0.177769,0.888103,1.555196,0.002471,0.002257,5274.784998,5211.446788,1.001114
"theta_t[axis1, gemini-3.1-pro-preview_low]",0.683681,0.471358,-0.200696,1.556008,0.005416,0.006499,8048.196393,4742.430677,1.000401
"theta_t[axis1, gemini-3.1-pro-preview_medium]",0.817242,0.470355,-0.086064,1.680137,0.005306,0.006414,8375.397296,5465.155376,0.999986
"theta_t[axis1, gemini-3.1-pro-preview_unknown]",-0.443377,0.543746,-1.496109,0.569522,0.00694,0.007679,6374.168922,4740.271968,1.000635
"theta_t[axis1, gemini-3.5-flash-lite_high]",0.243218,0.197263,-0.123878,0.616379,0.002152,0.002351,8393.566431,5781.607302,1.00009
"theta_t[axis1, gemini-3.5-flash-lite_low]",0.213031,0.398213,-0.532342,0.951273,0.004051,0.005065,10171.223062,5673.919708,1.000419
"theta_t[axis1, gemini-3.5-flash-lite_minimal]",-0.046068,0.430775,-0.866585,0.747585,0.004738,0.005935,9026.895624,5106.072316,1.000529
"theta_t[axis1, gemini-3.5-flash_high]",0.888575,0.165436,0.578044,1.201777,0.002586,0.001776,4098.78555,4829.591982,1.000541
"theta_t[axis1, gemini-3.5-flash_low]",0.964838,0.355529,0.305758,1.662735,0.003661,0.00444,9465.969432,5654.546102,1.000132
"theta_t[axis1, gemini-3.5-flash_minimal]",1.041808,0.556877,-0.02278,2.065564,0.005848,0.007899,9651.279056,5295.908189,0.999953
"theta_t[axis1, gemini-3.5-flash_unknown]",0.606661,0.821831,-0.938407,2.149065,0.010873,0.009237,5955.524394,4970.233069,1.000399
"theta_t[axis1, gemini-3.6-flash_high]",1.015653,0.187402,0.671814,1.374282,0.002225,0.002048,7139.422943,6117.191434,1.000625
"theta_t[axis1, gemini-3.6-flash_low]",0.761123,0.363643,0.041229,1.425736,0.00405,0.004399,8171.200764,5222.974739,1.000622
"theta_t[axis1, gemini-3.6-flash_minimal]",0.719232,0.358374,0.049913,1.382398,0.003865,0.004907,9026.322365,5170.564964,0.999949
"theta_t[axis1, gemini-3.6-flash_unknown]",0.576398,0.831918,-0.983059,2.13415,0.009971,0.00943,7105.160539,5950.696981,1.000636
"theta_t[axis1, gemini-3.7-flash_high]",1.291093,0.19235,0.939044,1.663558,0.002399,0.002299,6464.319652,4943.349759,1.000594
"theta_t[axis1, gemma-2-27b]",-1.814784,0.200392,-2.194863,-1.446943,0.00234,0.002222,7442.485347,6254.169651,0.999811
"theta_t[axis1, gemma-3-12b-it]",-1.914818,0.202328,-2.2855,-1.534315,0.0026,0.002182,6181.055509,5434.096844,0.999878
"theta_t[axis1, gemma-3-27b-it]",-1.569305,0.186124,-1.93115,-1.223367,0.002112,0.002071,7871.409979,5629.611548,0.999948
"theta_t[axis1, gemma-3-4b-it]",-1.943327,0.212309,-2.354744,-1.566831,0.003153,0.002208,4623.581008,5322.364619,1.000278
"theta_t[axis1, gemma-4-26b-a4b]",-0.311701,0.201893,-0.697656,0.05993,0.002174,0.002354,8635.734566,6165.277735,1.001215
"theta_t[axis1, gemma-4-26b-a4b_minimal]",-0.574569,0.614574,-1.687274,0.613956,0.006963,0.008446,8444.469952,4704.815164,1.000681
"theta_t[axis1, gemma-4-31b-it]",0.238943,0.20972,-0.167847,0.611707,0.002268,0.002402,8652.830735,4575.767524,1.000611
"theta_t[axis1, gemma-4-31b-it_minimal]",-0.646486,0.582857,-1.758713,0.419432,0.006093,0.006622,9512.35123,5794.143187,0.999937
"theta_t[axis1, glm-5]",-0.305911,0.600765,-1.439439,0.771955,0.006904,0.007288,8177.251032,5406.178923,1.00003
"theta_t[axis1, glm-5.2_low]",0.11661,0.39819,-0.63729,0.843876,0.004426,0.004892,8415.534833,5507.373343,0.999915
"theta_t[axis1, glm-5.2_max]",0.779954,0.162111,0.473271,1.080299,0.001784,0.001918,8292.819071,5762.838754,1.00003
"theta_t[axis1, glm-5.2_medium]",-0.063158,0.509287,-1.056462,0.839823,0.005827,0.00724,8088.391523,5131.834359,1.000337
"theta_t[axis1, glm-5.2_minimal]",0.115281,0.505997,-0.812499,1.082001,0.005519,0.006829,8939.575329,5181.372418,1.000855
"theta_t[axis1, glm-5.2_none]",-0.189368,0.425199,-0.972338,0.602099,0.005194,0.006115,7424.129725,4667.144837,1.000784
"theta_t[axis1, glm-5.2_unknown]",0.678182,0.526479,-0.371492,1.612348,0.007941,0.008735,4759.905872,4273.158004,1.000519
"theta_t[axis1, glm-5.2_xhigh]",0.438184,0.582416,-0.712605,1.483581,0.009087,0.008991,4501.434167,3602.680852,1.001458
"theta_t[axis1, glm-5.3-flash_max]",-0.409596,0.43727,-1.262084,0.359017,0.004744,0.005654,9168.878493,5412.383797,1.000549
"theta_t[axis1, glm-5.3_max]",0.719951,0.365951,0.021375,1.394093,0.003733,0.004386,9859.219984,6172.951985,1.000637
"theta_t[axis1, glm-5_unknown]",-0.516738,0.537827,-1.588279,0.456202,0.006993,0.007012,5992.986405,5332.958757,0.999902
"theta_t[axis1, gpt-3.5-turbo-0125]",-1.74924,0.191869,-2.090984,-1.375101,0.002281,0.002178,7130.376779,5748.050058,1.000038
"theta_t[axis1, gpt-3.5-turbo-0613]",-2.160653,0.30929,-2.743569,-1.60286,0.004499,0.003242,4836.788573,5440.830189,1.001109
"theta_t[axis1, gpt-4-0613]",-1.009682,0.185447,-1.35592,-0.671288,0.001947,0.002297,9115.428107,5888.053978,1.001624
"theta_t[axis1, gpt-4-turbo]",-1.292012,0.190458,-1.64806,-0.933077,0.002182,0.002117,7688.10535,5889.235994,0.999817
"theta_t[axis1, gpt-4-turbo-2024-04-09]",-1.232413,0.198196,-1.614661,-0.873219,0.002682,0.00221,5507.179815,5108.202549,1.000564
"theta_t[axis1, gpt-4.1-2025-04-14]",-0.542624,0.166606,-0.843674,-0.212502,0.002118,0.001759,6196.127175,5466.876938,1.000446
"theta_t[axis1, gpt-4.1-mini-2025-04-14]",-0.757441,0.151505,-1.035076,-0.468302,0.00158,0.001714,9211.049336,5868.45344,1.000083
"theta_t[axis1, gpt-4.1-nano-2025-04-14]",-1.777869,0.190551,-2.147362,-1.430105,0.002678,0.002151,5108.464797,5273.54842,1.000294
"theta_t[axis1, gpt-4.5-preview-2025-02-27]",-0.276884,0.329262,-0.891064,0.358087,0.00395,0.004462,7202.075451,4999.090048,1.001807
"theta_t[axis1, gpt-4o-2024-05-13]",-1.125917,0.132393,-1.37355,-0.877327,0.001838,0.001317,5178.018287,6095.783671,1.000311
"theta_t[axis1, gpt-4o-2024-08-06]",-0.825317,0.480262,-1.760467,0.045077,0.005279,0.005856,8323.112479,5296.69302,0.999961
"theta_t[axis1, gpt-4o-2024-11-20]",-0.618735,0.479899,-1.477693,0.325206,0.004781,0.00535,10160.069464,5972.274561,0.999958
"theta_t[axis1, gpt-4o-mini-2024-07-18]",-1.491515,0.181274,-1.83727,-1.153138,0.002035,0.002186,7970.957633,5810.818903,1.001773
"theta_t[axis1, gpt-5-2025-08-07_high]",0.664335,0.161301,0.368043,0.974099,0.001755,0.001864,8459.438588,5879.753846,1.000382
"theta_t[axis1, gpt-5-2025-08-07_low]",0.196001,0.39852,-0.542622,0.941427,0.004256,0.005389,9358.597889,5818.023889,1.000769
"theta_t[axis1, gpt-5-2025-08-07_medium]",0.674701,0.268275,0.170988,1.181545,0.003518,0.002856,5814.267754,5453.584858,1.00008
"theta_t[axis1, gpt-5-2025-08-07_minimal]",-0.041224,0.41402,-0.815588,0.744352,0.004449,0.00523,9298.988096,5218.122707,0.999877
"theta_t[axis1, gpt-5-2025-08-07_unknown]",0.123394,0.107359,-0.075999,0.321853,0.002934,0.001549,1341.500168,2560.570993,1.001624
"theta_t[axis1, gpt-5-mini-2025-08-07_high]",-0.060512,0.184292,-0.384256,0.305829,0.001963,0.002132,8836.441104,5797.402751,1.000547
"theta_t[axis1, gpt-5-mini-2025-08-07_low]",-0.18881,0.594468,-1.312157,0.899397,0.006349,0.007586,9454.16702,5932.184522,1.000919
"theta_t[axis1, gpt-5-mini-2025-08-07_medium]",-0.559196,0.325571,-1.198917,0.017692,0.004227,0.005617,6548.841372,4778.520434,1.000301
"theta_t[axis1, gpt-5-mini-2025-08-07_minimal]",-0.493569,0.444095,-1.334164,0.281833,0.004935,0.005956,8844.452722,5813.604516,1.000227
"theta_t[axis1, gpt-5-mini-2025-08-07_unknown]",0.493152,0.515325,-0.521348,1.42789,0.005555,0.006025,8630.05221,5539.813979,0.999896
"theta_t[axis1, gpt-5-nano-2025-08-07_high]",-1.244595,0.185917,-1.608695,-0.908858,0.002278,0.002171,6754.969334,5369.750455,0.999977
"theta_t[axis1, gpt-5-nano-2025-08-07_low]",-0.317965,0.427844,-1.157916,0.436869,0.00436,0.005199,10184.833095,5769.364653,1.00073
"theta_t[axis1, gpt-5-nano-2025-08-07_medium]",-1.134785,0.375944,-1.858113,-0.44144,0.00528,0.004938,5077.263336,5180.168905,1.001689
"theta_t[axis1, gpt-5-nano-2025-08-07_minimal]",-1.167939,0.460624,-2.057992,-0.347606,0.005012,0.0054,8976.837278,5626.61431,0.999892
"theta_t[axis1, gpt-5-pro-2025-10-06_unknown]",0.75003,0.406202,-0.023084,1.522866,0.004159,0.004582,9573.098527,5886.881628,1.000308
"theta_t[axis1, gpt-5.1-2025-11-13_high]",0.712853,0.195921,0.340242,1.077603,0.002059,0.002347,9130.12329,5305.218713,1.000059
"theta_t[axis1, gpt-5.1-2025-11-13_low]",0.110701,0.406482,-0.636194,0.862976,0.004448,0.005825,9178.026291,4895.599746,1.000917
"theta_t[axis1, gpt-5.1-2025-11-13_medium]",-0.014247,0.523761,-1.021221,0.962466,0.005711,0.007205,9119.843348,5321.877225,1.00024
"theta_t[axis1, gpt-5.1-2025-11-13_none]",-0.506315,0.408774,-1.300957,0.221856,0.004588,0.004501,8047.714729,5807.355193,1.000132
"theta_t[axis1, gpt-5.1-2025-11-13_thinking]",0.163573,0.427827,-0.623275,0.957925,0.0047,0.005697,8462.023947,5512.67455,1.00066
"theta_t[axis1, gpt-5.1-codex-max]",0.049131,0.230648,-0.369292,0.477317,0.004763,0.003292,2312.317869,4258.059612,1.000873
"theta_t[axis1, gpt-5.2-2025-12-11_high]",0.718132,0.364154,0.03865,1.417219,0.003744,0.004477,9706.988676,5688.470836,1.000226
"theta_t[axis1, gpt-5.2-2025-12-11_low]",-0.114117,0.423366,-0.907804,0.667091,0.004682,0.005483,8719.304746,5556.535014,1.00128
"theta_t[axis1, gpt-5.2-2025-12-11_medium]",0.687448,0.371366,-0.043297,1.35485,0.003969,0.00527,9156.136707,4437.932674,1.000307
"theta_t[axis1, gpt-5.2-2025-12-11_none]",-0.44963,0.436921,-1.277279,0.340289,0.004675,0.005209,9385.893144,5842.691517,1.001301
"theta_t[axis1, gpt-5.2-2025-12-11_unknown]",0.116606,0.520104,-0.898638,1.048648,0.00543,0.006602,9211.353476,5891.562823,0.999963
"theta_t[axis1, gpt-5.2-2025-12-11_xhigh]",0.851161,0.18028,0.510582,1.180148,0.002453,0.001814,5404.434532,6242.473329,1.00102
"theta_t[axis1, gpt-5.2-codex]",0.387664,0.112627,0.167835,0.593437,0.002996,0.001585,1416.665723,2574.03159,1.001313
"theta_t[axis1, gpt-5.3-codex]",0.585031,0.123476,0.352769,0.816697,0.003129,0.001825,1560.531878,2808.088139,1.001806
"theta_t[axis1, gpt-5.3-codex_xhigh]",0.333509,0.534095,-0.712662,1.289599,0.0075,0.008274,5582.177239,3783.671434,1.000886
"theta_t[axis1, gpt-5.4-2026-03-05]",0.611777,0.131968,0.368041,0.8636,0.003329,0.001882,1577.843563,2653.097277,1.001574
"theta_t[axis1, gpt-5.4-2026-03-05_high]",0.604671,0.410341,-0.191945,1.355274,0.004663,0.005232,7778.735979,4306.164128,1.000909
"theta_t[axis1, gpt-5.4-2026-03-05_low]",0.174029,0.396701,-0.571416,0.898984,0.004157,0.00541,9864.775226,5005.172664,1.000396
"theta_t[axis1, gpt-5.4-2026-03-05_medium]",0.853465,0.362091,0.170589,1.529341,0.003767,0.004559,9387.449953,5225.635953,1.000172
"theta_t[axis1, gpt-5.4-2026-03-05_none]",-0.31117,0.430835,-1.11734,0.452994,0.005132,0.00591,7688.776238,5472.50089,1.000418
"theta_t[axis1, gpt-5.4-2026-03-05_unknown]",0.674524,0.133291,0.414995,0.916838,0.003278,0.001791,1663.10892,2889.934966,1.001731
"theta_t[axis1, gpt-5.4-2026-03-05_xhigh]",1.146007,0.146692,0.865378,1.416579,0.001788,0.001507,6738.067282,5871.760958,1.000186
"theta_t[axis1, gpt-5.4-mini-2026-03-17_high]",0.088368,0.596617,-1.043917,1.155301,0.006744,0.00743,8616.255659,4447.688166,0.999788
"theta_t[axis1, gpt-5.4-mini-2026-03-17_low]",-0.580502,0.548333,-1.63961,0.390417,0.00616,0.006988,8487.003442,5403.919432,1.00187
"theta_t[axis1, gpt-5.4-mini-2026-03-17_medium]",-0.682865,0.541553,-1.746017,0.247154,0.006216,0.008076,8441.216641,5117.249349,0.999934
"theta_t[axis1, gpt-5.4-mini-2026-03-17_none]",-0.641678,0.44188,-1.469641,0.164217,0.004771,0.005218,9234.369263,6094.890972,1.000281
"theta_t[axis1, gpt-5.4-mini-2026-03-17_xhigh]",0.228657,0.216906,-0.161843,0.644847,0.002825,0.002544,5886.666475,5275.161067,1.000149
"theta_t[axis1, gpt-5.4-nano-2026-03-17_high]",-0.407793,0.449298,-1.233598,0.461724,0.004867,0.005494,8882.644231,5594.558087,1.000509
"theta_t[axis1, gpt-5.4-nano-2026-03-17_low]",-0.816337,0.469386,-1.693488,0.050942,0.005244,0.005573,8477.73771,5485.632848,0.999816
"theta_t[axis1, gpt-5.4-nano-2026-03-17_medium]",-0.779224,0.548938,-1.832973,0.215723,0.006092,0.006396,8609.096872,5748.795453,1.000789
"theta_t[axis1, gpt-5.4-nano-2026-03-17_none]",-0.732677,0.449705,-1.582504,0.086392,0.004406,0.005301,10750.472391,6158.114701,1.000886
"theta_t[axis1, gpt-5.4-nano-2026-03-17_xhigh]",0.086214,0.204972,-0.303694,0.464128,0.002131,0.00247,9339.936068,6046.973822,1.000552
"theta_t[axis1, gpt-5.4-pro-2026-03-05_unknown]",0.832746,0.536084,-0.137797,1.896882,0.005623,0.006889,9205.481892,5909.402474,1.000334
"theta_t[axis1, gpt-5.4-pro-2026-03-05_xhigh]",1.563899,0.522251,0.573956,2.534195,0.005612,0.00693,8828.96509,5011.757237,1.001223
"theta_t[axis1, gpt-5.5]",1.316,0.253083,0.864877,1.802651,0.004686,0.003433,2905.438247,4514.36183,1.001011
"theta_t[axis1, gpt-5.5-pro_xhigh]",1.303433,0.222481,0.894286,1.723728,0.002483,0.002473,8067.388825,5954.675833,1.000278
"theta_t[axis1, gpt-5.5_high]",1.396446,0.438444,0.538293,2.181794,0.006698,0.005824,4507.65042,4451.144086,1.000015
"theta_t[axis1, gpt-5.5_low]",0.667415,0.371573,-0.017032,1.377543,0.003901,0.00504,9563.996859,5055.742241,1.000421
"theta_t[axis1, gpt-5.5_none]",-0.04129,0.422334,-0.806314,0.756618,0.005046,0.006212,8045.386794,4378.418895,1.000157
"theta_t[axis1, gpt-5.5_unknown]",1.178599,0.180803,0.846776,1.518358,0.003961,0.002076,2082.724443,3719.756845,1.002198
"theta_t[axis1, gpt-5.5_xhigh]",1.437081,0.161125,1.136799,1.741273,0.00235,0.001657,4732.565036,4192.186952,1.000855
"theta_t[axis1, gpt-5.6-luna_low]",0.177519,0.402447,-0.593639,0.905522,0.004775,0.006057,8047.235437,4108.713504,1.000149
"theta_t[axis1, gpt-5.6-luna_max]",0.778329,0.187718,0.422592,1.136692,0.002041,0.002157,8460.414785,5979.489233,1.000334
"theta_t[axis1, gpt-5.6-luna_medium]",-0.26513,0.533985,-1.285636,0.703366,0.005933,0.008594,9345.240106,4581.722652,0.999697
"theta_t[axis1, gpt-5.6-luna_none]",-0.413742,0.447965,-1.289789,0.385665,0.005316,0.005927,7443.628668,5547.648715,1.000913
"theta_t[axis1, gpt-5.6-luna_unknown]",0.409204,0.821119,-1.138585,1.948602,0.00924,0.010072,8050.767128,5842.7491,1.000745
"theta_t[axis1, gpt-5.6-sol_high]",0.206564,0.845743,-1.435006,1.734543,0.011374,0.008816,5573.796066,5866.557671,1.00106
"theta_t[axis1, gpt-5.6-sol_low]",0.629113,0.370524,-0.108309,1.289167,0.003741,0.004861,10352.160029,5849.248141,1.000701
"theta_t[axis1, gpt-5.6-sol_max]",1.570637,0.158805,1.277735,1.877959,0.002047,0.001735,6008.273217,5277.000503,1.000462
"theta_t[axis1, gpt-5.6-sol_none]",0.305254,0.403434,-0.491619,1.016864,0.004929,0.004507,7152.838828,5011.88034,1.000554
"theta_t[axis1, gpt-5.6-sol_promax]",1.590777,0.220305,1.166223,1.985194,0.002518,0.002429,7824.513443,6079.962863,1.000004
"theta_t[axis1, gpt-5.6-sol_unknown]",2.113087,0.273507,1.604788,2.622833,0.005624,0.002946,2366.369388,4252.490277,1.002688
"theta_t[axis1, gpt-5.6-sol_xhigh]",0.790258,0.521453,-0.24721,1.714048,0.008106,0.008957,4740.256659,3866.392091,1.001962
"theta_t[axis1, gpt-5.6-terra_low]",0.286053,0.392526,-0.459163,1.020538,0.004217,0.004645,9143.890449,5690.717919,1.000139
"theta_t[axis1, gpt-5.6-terra_max]",1.162557,0.191627,0.801423,1.524061,0.002125,0.00245,8206.691367,5282.785561,0.999835
"theta_t[axis1, gpt-5.6-terra_medium]",-0.419294,0.549971,-1.510752,0.541852,0.006338,0.006803,8218.337237,5173.668647,1.000571
"theta_t[axis1, gpt-5.6-terra_none]",-0.388162,0.433885,-1.202224,0.419304,0.004647,0.005635,9359.512745,5584.975633,1.00038
"theta_t[axis1, gpt-5.6-terra_unknown]",0.575371,0.820501,-0.989173,2.071038,0.010077,0.009057,6947.457685,5340.143134,1.000842
"theta_t[axis1, gpt-6-astra_high]",0.833265,0.935398,-0.943709,2.469344,0.014583,0.010652,4297.60249,5015.511752,1.000455
"theta_t[axis1, gpt-6-astra_max]",2.700587,0.280065,2.22115,3.244884,0.004385,0.003115,4062.54646,5008.331877,1.001069
"theta_t[axis1, gpt-oss-120b]",-0.001428,0.560308,-1.044971,1.087289,0.006195,0.007405,8308.342558,5586.223236,1.00157
"theta_t[axis1, gpt-oss-120b_high]",-0.719167,0.174164,-1.075766,-0.419258,0.002314,0.00195,5708.463039,4728.401682,1.000716
"theta_t[axis1, gpt-oss-120b_medium]",-1.31512,0.542679,-2.345528,-0.328848,0.005886,0.006408,8876.83148,6071.047813,1.000348
"theta_t[axis1, gpt-oss-20b_high]",-1.040021,0.177287,-1.393264,-0.726858,0.0021,0.002041,7246.229604,5731.019123,1.000131
"theta_t[axis1, gpt-oss-20b_low]",-0.976662,0.592872,-2.062454,0.133437,0.006772,0.007149,8190.559531,4755.71945,1.00057
"theta_t[axis1, gpt-oss-20b_medium]",-0.74366,0.596784,-1.867838,0.354096,0.006307,0.00694,9366.244413,5951.434482,1.000218
"theta_t[axis1, grok-4-0709]",0.792943,0.344155,0.16854,1.477251,0.003738,0.004289,8489.488042,5944.052502,1.000975
"theta_t[axis1, grok-4-20]",0.421978,0.19465,0.049345,0.778502,0.002113,0.002446,8518.991621,5763.040831,1.000763
"theta_t[axis1, grok-4-fast]",0.032353,0.225896,-0.392386,0.453545,0.002482,0.002849,8623.091684,5803.435413,1.000625
"theta_t[axis1, grok-4.3_high]",0.552707,0.186313,0.187621,0.889996,0.00198,0.00205,8880.098839,5958.697065,1.000709
"theta_t[axis1, grok-4.3_unknown]",-0.792044,0.713301,-2.122939,0.539353,0.008212,0.008151,7582.841863,5982.230047,1.000619
"theta_t[axis1, grok-4.5_high]",1.089054,0.206779,0.683831,1.460713,0.002483,0.002276,7024.865883,5549.558233,1.001252
"theta_t[axis1, grok-4.5_unknown]",0.480116,0.826014,-1.069971,1.998766,0.009398,0.009426,7905.436916,6070.667404,1.000165
"theta_t[axis1, grok-4.6_high]",0.92651,0.549051,-0.161172,1.910958,0.006184,0.007035,8565.657926,5236.577724,0.999995
"theta_t[axis1, grok-4.6_unknown]",0.618708,0.833527,-0.9831,2.129216,0.010487,0.009591,6536.240972,5976.685452,1.000393
"theta_t[axis1, grok-4.6_xhigh]",1.255274,0.161748,0.951915,1.566752,0.002092,0.001757,5986.953777,5753.701948,1.000264
"theta_t[axis1, inkling-small_xhigh]",-0.485756,0.448106,-1.360401,0.32383,0.005063,0.006213,8704.261048,4469.277339,1.000405
"theta_t[axis1, kimi-k2.5]",0.042902,0.297339,-0.495751,0.599657,0.003189,0.003855,8776.016895,5615.017629,1.000911
"theta_t[axis1, kimi-k2.5_unknown]",-0.857753,0.562181,-1.970167,0.128712,0.007096,0.007687,6418.065501,5119.804825,1.00073
"theta_t[axis1, kimi-k2.6]",0.376259,0.153971,0.093051,0.668567,0.001825,0.001747,7111.457381,5764.110842,1.000698
"theta_t[axis1, kimi-k2.6_none]",-0.267398,0.515171,-1.272608,0.650976,0.005621,0.006911,9135.799616,4984.754082,1.000558
"theta_t[axis1, kimi-k2.7-code]",0.231957,0.596588,-0.89501,1.350234,0.006255,0.008565,9629.35129,5421.811492,1.001544
"theta_t[axis1, kimi-k2.7-code_xhigh]",0.390227,0.577904,-0.741135,1.431664,0.008451,0.007652,4887.28342,4915.383929,1.001386
"theta_t[axis1, kimi-k3_high]",0.385208,0.578312,-0.705643,1.462038,0.00639,0.007482,8788.860319,5010.092885,1.000073
"theta_t[axis1, kimi-k3_low]",-0.05315,0.418013,-0.892926,0.654765,0.00463,0.005618,8647.274765,5456.093979,1.000137
"theta_t[axis1, kimi-k3_max]",0.989286,0.188289,0.630478,1.335554,0.002143,0.002161,7691.437027,6059.314356,1.000747
"theta_t[axis1, kimi-k3_unknown]",0.54172,0.819762,-1.035076,2.060601,0.009715,0.009246,7335.179837,5800.052171,1.001077
"theta_t[axis1, magistral-small-2509]",-1.157861,0.211965,-1.560406,-0.766778,0.002453,0.002707,7499.725505,5381.602936,1.000418
"theta_t[axis1, mimo-v2.5-pro]",0.040784,0.193566,-0.32615,0.399018,0.001861,0.002466,10788.402997,5475.020829,1.000239
"theta_t[axis1, ministral-3b-2410]",-1.757835,0.20142,-2.150912,-1.394367,0.002661,0.002343,5870.936065,5241.422567,1.00028
"theta_t[axis1, mistral-large-2512]",-0.981765,0.187127,-1.34557,-0.642885,0.002055,0.002199,8299.970848,6329.179179,1.000842
"theta_t[axis1, mistral-medium-2505]",-1.149249,0.206784,-1.517178,-0.738128,0.002164,0.00249,9161.961639,6156.248187,1.00106
"theta_t[axis1, mistral-medium-2508]",-0.800561,0.185892,-1.14336,-0.454395,0.001943,0.002206,9151.536227,5725.546671,1.001324
"theta_t[axis1, mistral-medium-2604]",-0.390178,0.191468,-0.749629,-0.039504,0.002057,0.002097,8690.919476,6089.884059,1.000171
"theta_t[axis1, mistral-small-2603]",-0.686786,0.190183,-1.039402,-0.327996,0.001922,0.002277,9778.530086,6283.786935,1.001114
"theta_t[axis1, muse-spark]",0.072894,0.351825,-0.585498,0.737469,0.004879,0.004142,5212.50492,5011.189204,1.001215
"theta_t[axis1, muse-spark-1.1]",0.996643,0.580031,-0.113547,2.065757,0.006572,0.006698,7942.935049,5958.518799,1.000522
"theta_t[axis1, muse-spark-1.1_high]",1.075868,0.208787,0.680367,1.47172,0.002296,0.002392,8263.529807,5540.047768,1.000684
"theta_t[axis1, muse-spark-1.1_xhigh]",0.552634,0.532704,-0.499926,1.525988,0.008312,0.008914,4652.592171,3688.201296,1.00035
"theta_t[axis1, muse-spark-1.2_xhigh]",1.048339,0.214942,0.642597,1.447866,0.002219,0.002374,9483.966058,6235.311406,1.000235
"theta_t[axis1, nemotron-3-ultra]",0.41746,0.172692,0.100451,0.742895,0.001835,0.001988,8904.944733,6262.730639,1.00008
"theta_t[axis1, o1-2024-12-17_high]",-0.486656,0.185895,-0.837164,-0.132207,0.001829,0.002385,10295.956308,5477.2218,0.999915
"theta_t[axis1, o1-2024-12-17_low]",-0.495869,0.612329,-1.669903,0.611455,0.006405,0.007522,9792.364894,5302.416422,1.000874
"theta_t[axis1, o1-2024-12-17_medium]",-0.312777,0.356873,-0.926007,0.392142,0.004375,0.004446,6766.617886,6051.691506,1.000106
"theta_t[axis1, o1-2024-12-17_unknown]",-0.479767,0.153818,-0.775922,-0.19731,0.002422,0.0017,4053.279475,5562.09222,1.000344
"theta_t[axis1, o3-2025-04-16_high]",0.461232,0.184024,0.111931,0.806415,0.001935,0.002199,9051.922517,5410.345168,0.999811
"theta_t[axis1, o3-2025-04-16_low]",0.469544,0.580617,-0.575819,1.624966,0.006055,0.007012,9599.651988,5824.113178,1.000271
"theta_t[axis1, o3-2025-04-16_medium]",1.03796,0.228924,0.599503,1.455824,0.002892,0.002415,6251.910422,6057.241836,1.000126
"theta_t[axis1, o3-2025-04-16_unknown]",-0.201873,0.146539,-0.474816,0.07619,0.002581,0.001654,3229.761003,4509.260512,1.001574
"theta_t[axis1, o3-mini-2025-01-31_high]",-0.762902,0.178073,-1.086207,-0.418307,0.001835,0.002101,9419.449486,5612.658028,1.000379
"theta_t[axis1, o3-mini-2025-01-31_low]",-0.566264,0.597592,-1.701534,0.514009,0.006718,0.007729,8473.577804,5433.076477,1.000077
"theta_t[axis1, o3-mini-2025-01-31_medium]",-0.650562,0.367864,-1.344453,0.044746,0.004334,0.004912,7410.752555,5271.802479,1.000716
"theta_t[axis1, o3-pro-2025-06-10]",0.512612,0.57098,-0.58574,1.573942,0.006869,0.007282,7017.589006,5282.218118,1.000417
"theta_t[axis1, o3-pro-2025-06-10_high]",0.429031,0.187775,0.103888,0.80996,0.001791,0.002166,10967.571189,6291.334814,1.000794
"theta_t[axis1, o3-pro-2025-06-10_medium]",0.637652,0.473167,-0.221906,1.557659,0.005894,0.006064,6763.072981,5350.742014,1.000733
"theta_t[axis1, o4-mini-2025-04-16]",-0.246919,0.566792,-1.322656,0.823993,0.006293,0.007201,8176.046301,5245.9578,1.000835
"theta_t[axis1, o4-mini-2025-04-16_high]",-0.236813,0.171892,-0.550801,0.09217,0.001833,0.002163,8745.062679,5947.395194,1.00069
"theta_t[axis1, o4-mini-2025-04-16_low]",-0.092954,0.606736,-1.23562,1.044179,0.006973,0.008112,8205.44194,4849.034345,0.999828
"theta_t[axis1, o4-mini-2025-04-16_medium]",0.117826,0.335998,-0.483498,0.766122,0.00453,0.003547,5529.376907,5946.760899,1.000532
"theta_t[axis1, qwen-plus-2025-04-28]",-0.243144,0.187114,-0.593624,0.106365,0.001935,0.002344,9355.722997,5671.026612,1.000695
"theta_t[axis1, qwen2.5-72b-instruct]",-1.144936,0.189057,-1.515021,-0.805915,0.00198,0.002176,9119.590287,5745.190737,1.000469
"theta_t[axis1, qwen2.5-7b-instruct]",-1.872929,0.19454,-2.251336,-1.520475,0.002351,0.002233,6903.099187,6240.262307,0.999752
"theta_t[axis1, qwen3-14b]",-0.987626,0.185128,-1.339332,-0.64704,0.002027,0.002127,8375.761311,5573.152577,1.000411
"theta_t[axis1, qwen3-14b_none]",-1.616656,0.563021,-2.669305,-0.591696,0.006032,0.006413,9146.731401,5622.594039,1.000144
"theta_t[axis1, qwen3-235b-a22b]",-0.407959,0.191659,-0.773953,-0.05437,0.001981,0.002505,9482.512508,5916.969364,1.001366
"theta_t[axis1, qwen3-30b-a3b-instruct-2507]",-0.807303,0.188992,-1.181557,-0.472808,0.002114,0.002256,8003.372031,5029.182547,0.999756
"theta_t[axis1, qwen3-30b-a3b-thinking-2507]",-0.758582,0.18572,-1.101343,-0.404911,0.001901,0.002239,9513.179866,6278.03528,1.000612
"theta_t[axis1, qwen3-8b]",-1.366591,0.183114,-1.708526,-1.014994,0.002198,0.002157,7017.270777,5607.67813,1.000094
"theta_t[axis1, qwen3-8b_none]",-1.609707,0.547902,-2.61052,-0.588653,0.006252,0.006227,7715.668558,5572.642262,1.000368
"theta_t[axis1, qwen3-max-2025-09-23]",-0.240592,0.16755,-0.552724,0.070829,0.001714,0.002066,9588.882064,6209.130203,1.001195
"theta_t[axis1, qwen3.5-122b-a10b_none]",0.109822,0.179166,-0.230826,0.452785,0.001696,0.002196,11089.658383,5869.698417,1.000364
"theta_t[axis1, qwen3.5-27B]",0.07977,0.199137,-0.288625,0.44982,0.002096,0.002241,9007.4803,5833.630556,1.000375
"theta_t[axis1, qwen3.5-35b-a3b]",-0.264915,0.178262,-0.613124,0.066048,0.001783,0.002111,10016.872117,6094.935937,1.000076
"theta_t[axis1, qwen3.5-35b-a3b_none]",-0.304553,0.598057,-1.46008,0.761655,0.006891,0.007148,8420.283182,5351.272153,1.000258
"theta_t[axis1, qwen3.5-397b-a17b]",0.34095,0.186577,0.008892,0.707524,0.001832,0.002245,10324.357402,5709.442623,1.000697
"theta_t[axis1, qwen3.5-397b-a17b_none]",0.054867,0.405366,-0.691058,0.813921,0.00435,0.005714,9431.139989,4921.214537,1.00015
"theta_t[axis1, qwen3.5-9B]",-0.633425,0.189391,-0.988786,-0.274081,0.001954,0.002565,9449.869283,5423.500535,1.000969
"theta_t[axis1, qwen3.5-9B_none]",-0.191262,0.601803,-1.316459,0.936524,0.006679,0.007666,8673.610532,5753.428516,1.000456
"theta_t[axis1, qwen3.5-flash]",0.036647,0.177115,-0.289573,0.37151,0.001729,0.002074,10473.191161,6001.361667,1.001015
"theta_t[axis1, qwen3.5-flash_none]",-0.000409,0.513399,-0.996679,0.926812,0.005178,0.006409,10460.485987,6247.205656,1.000531
"theta_t[axis1, qwen3.5-plus]",0.107374,0.188552,-0.270565,0.439726,0.002196,0.002129,7420.129511,4200.150901,1.000558
"theta_t[axis1, qwen3.5-plus_none]",0.056315,0.505309,-0.866702,1.024077,0.00621,0.006959,7221.324412,4962.840105,1.000536
"theta_t[axis1, qwen3.6-27b]",-0.02028,0.204703,-0.37529,0.396143,0.002356,0.002324,7573.633307,5573.192729,0.999755
"theta_t[axis1, qwen3.6-27b_none]",-0.599995,0.452331,-1.4691,0.23021,0.004819,0.00627,9591.448785,5358.386629,1.000476
"theta_t[axis1, qwen3.6-35b-a3b]",-0.283311,0.207312,-0.676798,0.096413,0.002425,0.002377,7368.025687,5468.545243,1.00089
"theta_t[axis1, qwen3.6-35b-a3b_none]",-0.183472,0.437993,-0.999301,0.634023,0.005238,0.005724,7748.262557,4761.139697,1.001105
"theta_t[axis1, qwen3.6-flash]",-0.167047,0.185774,-0.50974,0.18824,0.00206,0.002186,8157.564607,5753.513393,1.001245
"theta_t[axis1, qwen3.6-flash_none]",0.119808,0.500883,-0.793701,1.066064,0.005308,0.006677,9422.624654,5447.666001,1.000623
"theta_t[axis1, qwen3.6-max-preview]",0.501058,0.190244,0.16505,0.872559,0.001909,0.002159,9997.970626,6522.604837,0.999875
"theta_t[axis1, qwen3.6-max-preview_none]",0.171582,0.492543,-0.751846,1.100537,0.005674,0.006513,8173.802629,4905.535794,1.000039
"theta_t[axis1, qwen3.6-plus]",0.048828,0.190736,-0.31081,0.407397,0.001992,0.002187,9210.273054,6144.352326,1.00022
"theta_t[axis1, qwen3.6-plus_none]",-0.269393,0.526294,-1.274548,0.684359,0.005642,0.006307,9140.328563,6080.964346,1.000045
"theta_t[axis1, qwen3.7-flash]",0.138805,0.406495,-0.617341,0.913664,0.004299,0.005622,9730.395993,5211.547729,1.000009
"theta_t[axis1, qwen3.7-flash_none]",-0.233435,0.428405,-1.019479,0.575484,0.004546,0.005446,9664.194977,4958.857584,1.000641
"theta_t[axis1, qwen3.7-max]",0.732842,0.156432,0.443974,1.028965,0.001698,0.001829,8462.426096,6081.650144,0.999979
"theta_t[axis1, qwen3.7-max_none]",0.538827,0.484449,-0.408043,1.420072,0.005144,0.006541,9411.456985,5849.439494,1.000027
"theta_t[axis1, qwen3.7-max_xhigh]",0.016059,0.59608,-1.094583,1.138717,0.009075,0.008384,4511.351089,4357.408713,1.001281
"theta_t[axis1, qwen3.7-plus]",0.258183,0.181091,-0.080605,0.588897,0.001935,0.001959,8783.528671,5456.335036,1.000468
"theta_t[axis1, qwen3.7-plus_none]",-0.112154,0.426217,-0.930747,0.64738,0.005167,0.005753,7455.540636,4594.876037,1.000293
"theta_t[axis1, qwen3.8-max_xhigh]",0.916519,0.186555,0.567921,1.271327,0.001947,0.002078,9247.784348,5961.762771,1.000546
"logA_z[axis1, AISI CTF Suites - Apprentice]",0.852428,0.188509,0.495431,1.19532,0.00515,0.00341,1367.791498,2011.74,1.000468
"logA_z[axis1, AISI CTF Suites - Expert]",0.706581,0.224853,0.289506,1.13188,0.005183,0.003424,1888.154818,3168.000867,1.002331
"logA_z[axis1, AISI CTF Suites - Practitioner]",2.107517,0.375287,1.417161,2.794029,0.011636,0.007408,1039.436878,1746.19195,1.003368
"logA_z[axis1, AISI CTF Suites - Technical Non-Expert]",0.720172,0.243649,0.270841,1.186825,0.005143,0.003694,2289.924973,2907.035657,1.000552
"logA_z[axis1, AISI Cyber Ranges - Cooling Tower]",0.992018,0.669802,-0.284307,2.18441,0.017297,0.010366,1515.7177,2525.340679,1.001009
"logA_z[axis1, AISI Cyber Ranges - The Last Ones]",0.64039,0.216826,0.243412,1.051877,0.005432,0.003032,1607.681779,2746.419385,1.001169
"logA_z[axis1, BlueprintBench 2]",-0.314073,0.536585,-1.338364,0.623839,0.0119,0.00948,2175.53232,2402.734332,1.002077
"logA_z[axis1, Chess Puzzles]",-0.065099,0.119608,-0.29551,0.155471,0.002101,0.001412,3244.063908,4600.744933,1.000358
"logA_z[axis1, CyScenarioBench]",0.592758,0.401019,-0.129615,1.363869,0.009978,0.008402,1727.845867,2137.890938,1.000697
"logA_z[axis1, DTBench]",-0.144757,0.08246,-0.298969,0.006759,0.001764,0.001126,2228.521802,3549.797567,1.000589
"logA_z[axis1, DrugDiscoveryBench]",-0.90885,0.522846,-1.891128,0.044846,0.012832,0.008675,1677.911371,2547.415931,1.003055
"logA_z[axis1, EBR-bench]",0.768933,0.230371,0.352953,1.215466,0.005756,0.003752,1638.26732,2690.304664,1.001311
"logA_z[axis1, Fiction.LiveBench]",0.502479,0.259978,0.01805,1.001915,0.005912,0.004208,1954.02958,2917.889859,1.002299
"logA_z[axis1, GeoBench]",-1.278351,0.38744,-1.998228,-0.589229,0.007248,0.006487,3029.139168,3403.932731,1.002011
"logA_z[axis1, LMCA]",-0.336998,0.096907,-0.51722,-0.159958,0.002244,0.001439,1951.078497,2838.982997,1.000301
"logA_z[axis1, MirrorCode]",-0.73886,0.732383,-2.116142,0.660081,0.018131,0.013603,1718.318327,1248.484119,1.001884
"logA_z[axis1, Mystery Game Puzzles]",-0.171652,0.145617,-0.466962,0.075758,0.00341,0.002612,1880.555554,2837.292875,1.000254
"logA_z[axis1, PRBench]",-1.35731,0.317956,-1.965688,-0.797887,0.00763,0.00385,1745.622802,3601.172385,1.000123
"logA_z[axis1, SWE Atlas]",-0.858035,0.330002,-1.479953,-0.252164,0.007816,0.005421,1882.905644,2432.354951,1.001186
"logA_z[axis1, Visual Task Assessment (VISTA)]",-1.709293,0.32715,-2.290904,-1.100005,0.009163,0.005618,1280.691529,2184.390843,1.002568
tau_A[axis1],1.0,0.0,1.0,1.0,0.0,,8000.0,8000.0,
"theta[Average Human, axis1]",1.811541,0.268858,1.328397,2.325292,0.004153,0.00467,4511.465853,4272.876879,1.001094
"theta[Committee of Domain Experts, axis1]",2.84679,0.655429,1.598823,4.036384,0.008901,0.007491,5467.225185,5070.922636,1.00024
"theta[DeepSeek-V3-0324, axis1]",-1.025267,0.181347,-1.367208,-0.681627,0.001914,0.002012,8909.915316,6469.583145,1.000301
"theta[DeepSeek-V3.1, axis1]",-0.499405,0.337906,-1.120844,0.167524,0.003904,0.004513,7591.052233,5267.895249,0.999958
"theta[DeepSeek-V3.1-Terminus, axis1]",-0.1082,0.189769,-0.464991,0.250203,0.001822,0.002219,10846.910609,6456.435249,1.000174
"theta[DeepSeek-V3.1_thinking, axis1]",-0.173899,0.186475,-0.52247,0.181178,0.001899,0.002234,9622.340102,5947.511471,1.001453
"theta[DeepSeek-V3.2-Exp_thinking, axis1]",0.158342,0.192707,-0.218285,0.502166,0.002035,0.002075,8953.742679,6412.627559,1.000087
"theta[Inkling_xhigh, axis1]",0.384309,0.188194,0.018661,0.726169,0.001815,0.002284,10749.828247,5309.387921,1.000802
"theta[Llama-2-13b-chat, axis1]",-2.006601,0.221298,-2.405231,-1.567056,0.002733,0.002631,6682.017439,5127.282843,1.0001
"theta[Llama-3.1-70B-Instruct, axis1]",-1.201752,0.190905,-1.554357,-0.836725,0.00219,0.002123,7605.55863,5858.248118,0.999931
"theta[Llama-3.1-8B-Instruct, axis1]",-1.810244,0.197067,-2.165016,-1.427798,0.002646,0.002153,5641.508331,5527.402167,1.000625
"theta[Llama-3.2-90B-Vision-Instruct, axis1]",-2.092925,0.510018,-3.050975,-1.133065,0.005676,0.006258,8114.576043,5744.878461,1.00049
"theta[Llama-3.3-70B-Instruct, axis1]",-1.155292,0.195354,-1.512836,-0.777803,0.002159,0.002168,8171.363457,6127.002882,1.000131
"theta[Llama-4-Maverick-17B-128E-Instruct, axis1]",-1.140975,0.16399,-1.44313,-0.834312,0.001913,0.001852,7358.227736,5704.2297,1.000603
"theta[Llama-4-Scout-17B-16E-Instruct, axis1]",-1.333811,0.173936,-1.669945,-1.020135,0.00205,0.002115,7353.743766,3730.909667,1.000802
"theta[Meta-Llama-3-8B-Instruct, axis1]",-1.939571,0.21993,-2.372251,-1.544356,0.002434,0.002634,8240.989408,5554.660938,1.000329
"theta[MiniMax-M3, axis1]",-0.134295,0.185279,-0.47995,0.216736,0.001964,0.002256,8886.056275,5470.963081,1.000988
"theta[MiniMax-M3_none, axis1]",-0.730122,0.457093,-1.639935,0.071481,0.005076,0.005873,8920.645648,5028.584545,1.000141
"theta[MiniMax-M3_xhigh, axis1]",-0.401004,0.62963,-1.659615,0.707089,0.009441,0.007626,4567.165471,4785.835538,1.000925
"theta[Pixtral-12B-2409, axis1]",-2.164502,0.496095,-3.093081,-1.207007,0.005679,0.005819,7662.375096,5329.577675,1.000314
"theta[Qwen3-235B-A22B-Instruct-2507, axis1]",-0.431693,0.165099,-0.733055,-0.107716,0.001797,0.002002,8445.021934,5217.332584,1.000726
"theta[Qwen3-235B-A22B-Thinking-2507, axis1]",-0.162357,0.157345,-0.445785,0.138045,0.001596,0.001864,9716.714321,6253.527511,1.001274
"theta[Qwen3-30B-A3B, axis1]",-1.162536,0.188118,-1.520716,-0.810402,0.002046,0.002291,8467.712928,5746.361938,1.000372
"theta[Qwen3-30B-A3B_none, axis1]",-1.158103,0.576117,-2.242108,-0.112409,0.006386,0.006796,8629.427461,5511.376949,1.000358
"theta[Qwen3-32B, axis1]",-0.890289,0.185293,-1.235392,-0.540602,0.00194,0.002198,9144.127917,5420.058774,0.99991
"theta[Qwen3-32B_none, axis1]",-1.162749,0.566717,-2.267587,-0.147421,0.005909,0.006993,9865.442116,5239.387182,1.000187
"theta[Skilled Generalist, axis1]",1.266877,0.501332,0.349723,2.213598,0.005948,0.005326,7135.966111,6484.093944,1.000421
"theta[Top Performer, axis1]",3.949402,0.424737,3.169563,4.746021,0.005994,0.004426,5055.363117,5532.759752,0.999952
"theta[c4ai-command-a-03-2025, axis1]",-1.288072,0.187026,-1.624249,-0.920193,0.002111,0.002094,7921.771162,5741.435828,0.999916
"theta[c4ai-command-r-08-2024, axis1]",-1.805827,0.198804,-2.190544,-1.447481,0.002293,0.002245,7555.698674,5891.152475,1.0001
"theta[c4ai-command-r-plus-08-2024, axis1]",-1.676149,0.204847,-2.064934,-1.296352,0.002656,0.002236,6056.442137,5847.355272,1.000143
"theta[claude-3-5-haiku-20241022, axis1]",-1.413058,0.215786,-1.818544,-1.001938,0.002408,0.002573,8078.133342,6008.116703,1.000015
"theta[claude-3-5-sonnet-20240620, axis1]",-0.650559,0.134077,-0.903346,-0.405759,0.0021,0.001355,4072.579166,5601.431531,1.00118
"theta[claude-3-5-sonnet-20241022, axis1]",-0.849631,0.207554,-1.238363,-0.459273,0.002244,0.002336,8536.881752,6040.488882,1.000203
"theta[claude-3-7-sonnet-20250219, axis1]",-0.713255,0.334638,-1.331597,-0.065096,0.004181,0.004398,6477.852895,4535.21821,1.000486
"theta[claude-3-7-sonnet-20250219_15K, axis1]",-0.145264,0.821706,-1.645829,1.455726,0.00858,0.009269,9193.22687,6272.924375,0.999696
"theta[claude-3-7-sonnet-20250219_8K, axis1]",-0.460192,0.41978,-1.241682,0.364696,0.005357,0.006827,6636.152402,4453.971254,1.000053
"theta[claude-3-7-sonnet-20250219_thinking, axis1]",0.281833,0.525196,-0.705969,1.269802,0.005809,0.006422,8219.761829,5832.677014,0.999949
"theta[claude-3-7-sonnet-20250219_unknown, axis1]",-0.359992,0.143177,-0.632866,-0.090939,0.002386,0.001599,3595.947565,5286.474434,1.00056
"theta[claude-3-haiku-20240307, axis1]",-1.691114,0.19448,-2.061996,-1.327793,0.002255,0.002311,7526.761999,5150.618884,1.00027
"theta[claude-3-opus-20240229, axis1]",-1.173563,0.139568,-1.42975,-0.907658,0.001977,0.001502,5007.439035,5890.157022,1.000034
"theta[claude-fable-5-1_max, axis1]",1.788346,0.210411,1.392789,2.185734,0.002835,0.002412,5554.770986,4750.385088,1.000678
"theta[claude-fable-5-1_unknown, axis1]",0.768253,0.857178,-0.896865,2.313202,0.011529,0.010616,5872.337157,4108.309636,1.00045
"theta[claude-fable-5-1_xhigh, axis1]",1.449118,0.468323,0.549503,2.286985,0.007654,0.00512,3774.717925,5488.085511,0.99998
"theta[claude-fable-5_high, axis1]",1.355761,0.546673,0.314725,2.382715,0.008278,0.006514,4339.203056,5058.532894,1.000686
"theta[claude-fable-5_low, axis1]",0.502258,0.586339,-0.626155,1.604109,0.006274,0.007018,9284.472242,5405.552635,1.000682
"theta[claude-fable-5_max, axis1]",1.66924,0.167296,1.357923,1.98309,0.002164,0.001789,6045.378635,5395.71996,1.000819
"theta[claude-fable-5_unknown, axis1]",0.99718,0.510203,0.018341,1.962237,0.006135,0.006489,6998.039299,5459.803383,0.999981
"theta[claude-fable-5_xhigh, axis1]",1.009864,0.525677,0.003305,1.964676,0.008208,0.008284,4461.795115,4201.594881,1.000608
"theta[claude-haiku-4-5-20251001_32K, axis1]",-0.433021,0.595746,-1.572059,0.625758,0.006926,0.007028,7678.677053,5255.839003,1.000254
"theta[claude-haiku-4-5-20251001_unknown, axis1]",-0.378021,0.202069,-0.765146,-0.005291,0.002254,0.002153,8060.370787,5826.752562,1.000858
"theta[claude-mythos-5, axis1]",1.88201,0.289048,1.333028,2.414924,0.005425,0.003304,2879.719231,4271.922963,1.001189
"theta[claude-mythos-preview, axis1]",1.577179,0.262982,1.082281,2.059654,0.005099,0.003098,2695.677871,4190.854278,1.000609
"theta[claude-mythos-preview-early, axis1]",1.031665,0.160173,0.735846,1.333068,0.003757,0.002126,1832.357718,3026.382238,1.002918
"theta[claude-opus-4-1-20250805, axis1]",-0.128252,0.329506,-0.737649,0.499141,0.00415,0.003906,6488.99329,5332.779185,1.000294
"theta[claude-opus-4-1-20250805_24K, axis1]",0.290799,0.491155,-0.64844,1.175499,0.005498,0.006106,8548.465536,5749.424667,0.99985
"theta[claude-opus-4-1-20250805_thinking, axis1]",0.293321,0.518027,-0.727055,1.249685,0.005558,0.006193,8743.564185,6101.162937,1.000083
"theta[claude-opus-4-1-20250805_unknown, axis1]",0.077838,0.216599,-0.323422,0.496276,0.002279,0.002471,9030.571393,6041.270949,1.000055
"theta[claude-opus-4-20250514, axis1]",-0.668367,0.345011,-1.298163,0.00672,0.004483,0.004369,6000.146666,4819.925589,1.001017
"theta[claude-opus-4-20250514_32K, axis1]",-0.684272,0.846378,-2.241298,0.945959,0.008686,0.010262,9575.541364,5895.897828,1.00022
"theta[claude-opus-4-20250514_thinking, axis1]",0.141531,0.507959,-0.83511,1.092974,0.005288,0.006483,9305.453914,5801.312832,1.000251
"theta[claude-opus-4-20250514_unknown, axis1]",-0.052729,0.122992,-0.268922,0.190841,0.002008,0.001291,3742.370327,5514.920012,1.001409
"theta[claude-opus-4-5-20251101, axis1]",-0.295724,0.378484,-1.006714,0.406321,0.004246,0.00443,8033.642924,4758.946441,1.000588
"theta[claude-opus-4-5-20251101_128K, axis1]",0.665516,0.379886,-0.096752,1.303559,0.006218,0.007031,4657.981045,3484.525317,1.000485
"theta[claude-opus-4-5-20251101_32K, axis1]",-0.190972,0.597586,-1.312613,0.918419,0.006498,0.007447,9043.390332,4793.953841,1.000104
"theta[claude-opus-4-5-20251101_48K, axis1]",0.341037,0.49241,-0.576955,1.261858,0.0055,0.007226,8594.252392,5542.961499,1.000087
"theta[claude-opus-4-5-20251101_high, axis1]",0.689119,0.205215,0.324635,1.08727,0.002074,0.002274,9907.39021,5792.206233,1.00061
"theta[claude-opus-4-5-20251101_thinking, axis1]",0.175869,0.397628,-0.563747,0.906242,0.00411,0.005447,9375.462904,5434.500864,0.999969
"theta[claude-opus-4-5-20251101_unknown, axis1]",0.46087,0.1409,0.199229,0.731826,0.002991,0.001597,2220.390088,3759.451613,1.00143
"theta[claude-opus-4-6, axis1]",-0.061591,0.509566,-1.020818,0.883966,0.00572,0.007017,8666.86097,5329.091448,1.000323
"theta[claude-opus-4-6_120K, axis1]",-0.144423,0.609914,-1.299358,0.96613,0.007464,0.009255,7951.7554,3561.62777,1.001565
"theta[claude-opus-4-6_32K, axis1]",0.047037,0.60481,-1.115461,1.160337,0.006743,0.007579,8548.151196,5722.851704,1.000468
"theta[claude-opus-4-6_64K, axis1]",-0.308431,0.607419,-1.427277,0.814615,0.007179,0.007414,7667.227354,4353.609694,1.001096
"theta[claude-opus-4-6_low, axis1]",-0.673494,0.535262,-1.642802,0.342474,0.005561,0.006656,9735.643112,5481.909008,1.000062
"theta[claude-opus-4-6_max, axis1]",0.769767,0.156477,0.485585,1.070367,0.002036,0.00169,5911.870578,5956.047077,1.00011
"theta[claude-opus-4-6_none, axis1]",0.413773,0.430039,-0.398502,1.213643,0.004961,0.005233,7600.596997,4149.146648,0.999981
"theta[claude-opus-4-6_unknown, axis1]",0.701272,0.127387,0.464938,0.943166,0.003156,0.001727,1632.538773,2559.029217,1.001532
"theta[claude-opus-4-7, axis1]",-0.192212,0.519651,-1.197452,0.747315,0.005511,0.007009,9625.303577,5319.318429,1.000261
"theta[claude-opus-4-7_high, axis1]",0.491164,0.884244,-1.201656,2.057838,0.013051,0.009312,4603.578872,5375.069104,1.000012
"theta[claude-opus-4-7_low, axis1]",0.188397,0.591737,-0.962898,1.257557,0.006829,0.008442,8212.182942,5060.320184,1.000182
"theta[claude-opus-4-7_max, axis1]",0.961397,0.152934,0.683376,1.260143,0.001714,0.001755,7956.68486,6060.321245,1.000439
"theta[claude-opus-4-7_unknown, axis1]",0.47402,0.116451,0.260316,0.696548,0.003018,0.001745,1490.737775,2551.98733,1.001697
"theta[claude-opus-4-7_xhigh, axis1]",0.571817,0.592463,-0.533632,1.662091,0.006082,0.007794,10191.576392,5406.799922,1.000145
"theta[claude-opus-4-8_low, axis1]",0.532148,0.582175,-0.591466,1.596485,0.006502,0.007276,8515.480039,5483.749487,1.000199
"theta[claude-opus-4-8_max, axis1]",1.312663,0.14829,1.03657,1.593576,0.001788,0.001674,6896.778922,6004.790219,1.001362
"theta[claude-opus-4-8_none, axis1]",-0.14838,0.602726,-1.305693,0.929212,0.006729,0.007636,8675.130495,5514.629542,1.000679
"theta[claude-opus-4-8_unknown, axis1]",1.025987,0.369215,0.337072,1.726425,0.004852,0.005063,5888.828614,5397.911387,1.001055
"theta[claude-opus-4-8_xhigh, axis1]",1.127706,0.341561,0.483456,1.759999,0.0048,0.003892,5133.162404,5987.293966,1.000755
"theta[claude-opus-5, axis1]",1.047122,0.350081,0.387795,1.715754,0.003683,0.004209,9130.002004,5567.146493,1.000038
"theta[claude-opus-5_low, axis1]",0.161288,0.599219,-0.956758,1.233973,0.006472,0.008521,9711.608527,4805.165821,1.000877
"theta[claude-opus-5_max, axis1]",1.81901,0.167863,1.511752,2.148103,0.002163,0.001824,6045.393215,5556.846921,1.000746
"theta[claude-opus-5_unknown, axis1]",0.555364,0.829237,-1.047549,2.088487,0.009941,0.009942,7132.373958,5511.67111,1.00065
"theta[claude-opus-5_xhigh, axis1]",1.768073,0.554468,0.717173,2.792592,0.008386,0.00821,4551.064925,4105.848474,1.00039
"theta[claude-sonnet-4-20250514, axis1]",-0.846407,0.33026,-1.475623,-0.21665,0.003735,0.004155,7878.926921,5810.01263,1.000398
"theta[claude-sonnet-4-20250514_32K, axis1]",-1.285786,0.859748,-2.963417,0.272538,0.009755,0.010219,7922.565385,4420.246663,1.000521
"theta[claude-sonnet-4-20250514_thinking, axis1]",0.002275,0.521624,-1.002064,0.978669,0.005649,0.006946,8509.54286,5246.166066,1.000754
"theta[claude-sonnet-4-20250514_unknown, axis1]",-0.251925,0.197235,-0.615287,0.134393,0.002193,0.002551,8313.068549,4380.171743,1.001339
"theta[claude-sonnet-4-5-20250929, axis1]",-0.224608,0.288154,-0.785205,0.28154,0.003086,0.003181,8957.16485,6166.103189,1.00051
"theta[claude-sonnet-4-5-20250929_32K, axis1]",-0.200709,0.620258,-1.460345,0.857892,0.006956,0.008637,8718.350727,4449.668435,1.000132
"theta[claude-sonnet-4-5-20250929_48K, axis1]",0.053881,0.509245,-0.908598,0.979185,0.00576,0.006526,8355.365886,5754.817211,1.000156
"theta[claude-sonnet-4-5-20250929_thinking, axis1]",0.324411,0.521374,-0.607641,1.34629,0.005804,0.00625,8124.892373,5063.988232,1.000767
"theta[claude-sonnet-4-5-20250929_unknown, axis1]",0.088297,0.102079,-0.103286,0.27759,0.002711,0.001408,1417.169563,2648.775527,1.001936
"theta[claude-sonnet-4-6, axis1]",-0.133281,0.512763,-1.135912,0.768534,0.005527,0.006509,9269.260786,5519.556112,1.000055
"theta[claude-sonnet-4-6_32K, axis1]",-0.153003,0.607353,-1.301342,0.951651,0.006833,0.00771,8637.345388,5161.485711,1.001826
"theta[claude-sonnet-4-6_high, axis1]",-0.657215,0.59527,-1.767676,0.416121,0.006679,0.006754,8423.484148,5633.905325,1.000444
"theta[claude-sonnet-4-6_low, axis1]",0.010904,0.506219,-0.943487,0.945984,0.005181,0.006537,10024.797451,5871.527369,0.999955
"theta[claude-sonnet-4-6_max, axis1]",0.504464,0.180654,0.178569,0.858618,0.001938,0.002144,8661.334354,5188.907408,1.000603
"theta[claude-sonnet-4-6_medium, axis1]",-0.42211,0.608103,-1.648048,0.618587,0.006474,0.006902,9251.459626,5969.292653,1.000257
"theta[claude-sonnet-4-6_unknown, axis1]",-0.033945,0.465628,-0.940323,0.791527,0.00593,0.005554,6327.037108,5141.313212,1.00059
"theta[claude-sonnet-5, axis1]",-0.016357,0.514164,-1.00773,0.887454,0.006066,0.008302,8112.871193,4681.920312,1.000081
"theta[claude-sonnet-5_max, axis1]",0.98891,0.180812,0.674872,1.347816,0.002232,0.00197,6582.486539,5624.290388,1.000964
"theta[claude-sonnet-5_unknown, axis1]",0.440516,0.818306,-1.171535,1.892081,0.010039,0.00934,6862.348127,5465.592186,1.000009
"theta[claude-sonnet-5_xhigh, axis1]",0.751687,0.58566,-0.338403,1.830971,0.00648,0.007623,8690.211905,5220.353446,1.000043
"theta[deepseek-chat, axis1]",-1.136933,0.184393,-1.497998,-0.797533,0.001963,0.002136,8854.166363,5859.604993,0.999922
"theta[deepseek-v3.2, axis1]",0.060977,0.188777,-0.297898,0.409135,0.002033,0.002187,8604.784519,6093.533101,1.001432
"theta[deepseek-v4-flash-0731_max, axis1]",0.757529,0.186537,0.390579,1.092285,0.002,0.002208,8767.316823,5668.605243,1.000694
"theta[deepseek-v4-flash_max, axis1]",0.291068,0.197481,-0.075487,0.670445,0.002014,0.002325,9636.541355,5636.91448,1.000496
"theta[deepseek-v4-pro-0813_max, axis1]",1.41097,0.335857,0.795092,2.051763,0.003833,0.004459,7826.25491,5130.189638,0.999779
"theta[deepseek-v4-pro_high, axis1]",-0.139475,0.588611,-1.249083,0.92454,0.006082,0.007128,9945.65094,5717.139442,1.000457
"theta[deepseek-v4-pro_max, axis1]",0.601075,0.189313,0.233684,0.949603,0.001845,0.002123,10510.167488,6409.353265,1.00005
"theta[deepseek-v4-pro_none, axis1]",-0.176467,0.418251,-0.960175,0.584694,0.004926,0.005271,7873.832371,5057.209759,1.000581
"theta[deepseek-v4-pro_unknown, axis1]",-0.344259,0.548355,-1.393537,0.638498,0.006882,0.008366,6605.072672,4940.959554,1.001568
"theta[deepseek-v4-pro_xhigh, axis1]",0.162832,0.589896,-0.948854,1.243202,0.00944,0.007882,4153.46917,4091.316826,1.001329
"theta[gemini-1.5-flash-002, axis1]",-1.439029,0.207185,-1.812099,-1.040211,0.002534,0.003188,6917.967611,3974.696973,0.999906
"theta[gemini-1.5-pro-001, axis1]",-1.337738,0.205709,-1.715062,-0.943312,0.002207,0.00247,8742.917099,5419.433578,0.999771
"theta[gemini-2.0-flash-001, axis1]",-0.820728,0.211567,-1.209841,-0.409602,0.002997,0.002433,4998.032563,4580.282587,1.000197
"theta[gemini-2.0-flash-lite, axis1]",-1.56071,0.209404,-1.948414,-1.161978,0.002302,0.002519,8309.48302,5514.535288,1.000568
"theta[gemini-2.0-pro-exp-02-05, axis1]",-0.68197,0.339459,-1.294694,-0.013239,0.004234,0.004905,6435.502325,5514.313873,1.000939
"theta[gemini-2.5-flash, axis1]",-0.306643,0.184232,-0.640752,0.052927,0.001925,0.002066,9159.008214,6228.731147,0.999933
"theta[gemini-2.5-flash-lite-preview-06-17_thinking, axis1]",-1.106403,0.171614,-1.436101,-0.78575,0.001886,0.00211,8337.104865,5706.136057,1.000107
"theta[gemini-2.5-flash-preview-04-17, axis1]",-0.396273,0.417253,-1.138664,0.434234,0.005215,0.005808,6766.590057,5221.081149,0.999931
"theta[gemini-2.5-flash-preview-05-20, axis1]",0.002785,0.422154,-0.762691,0.824335,0.005793,0.006029,5887.830293,4284.939267,1.000059
"theta[gemini-2.5-pro, axis1]",0.096792,0.183647,-0.255792,0.430332,0.001957,0.002109,8838.824948,6012.079055,1.000027
"theta[gemini-2.5-pro-exp-03-25, axis1]",0.893885,0.385704,0.206641,1.645703,0.004263,0.004609,8506.68374,5660.627145,1.000973
"theta[gemini-2.5-pro-preview-05-06, axis1]",0.362065,0.391651,-0.343364,1.097888,0.005253,0.004757,5667.252142,5270.839555,1.001108
"theta[gemini-2.5-pro-preview-06-05, axis1]",0.79196,0.39184,0.106625,1.576231,0.004432,0.004353,8085.816,5796.260797,1.000048
"theta[gemini-3-flash-preview, axis1]",0.345963,0.5095,-0.601499,1.305941,0.007236,0.005663,4948.126198,5227.797617,1.000491
"theta[gemini-3-flash-preview_high, axis1]",0.636812,0.182512,0.304417,0.989351,0.001987,0.002164,8518.799962,5617.86333,1.001306
"theta[gemini-3-flash-preview_low, axis1]",0.551912,0.469146,-0.363617,1.390855,0.005164,0.006888,8743.493364,5524.225027,1.000723
"theta[gemini-3-flash-preview_minimal, axis1]",0.490077,0.486805,-0.417195,1.386732,0.005348,0.007219,9133.072428,4743.719644,1.00085
"theta[gemini-3-flash-preview_unknown, axis1]",-1.15455,0.58284,-2.211159,-0.047324,0.007382,0.007256,6266.591454,5038.78482,1.000411
"theta[gemini-3-pro-preview, axis1]",0.340993,0.285444,-0.212316,0.849538,0.003382,0.003207,7054.88912,5538.206435,1.000932
"theta[gemini-3.1-flash-lite, axis1]",0.156224,0.515159,-0.813099,1.106094,0.006015,0.007301,7529.898813,5496.141125,1.000547
"theta[gemini-3.1-flash-lite_high, axis1]",-0.059723,0.21014,-0.459932,0.326325,0.002696,0.002163,6058.230735,4670.153026,1.000494
"theta[gemini-3.1-flash-lite_low, axis1]",0.374586,0.601971,-0.755652,1.485009,0.007165,0.00859,7720.417833,4899.918299,1.001497
"theta[gemini-3.1-flash-lite_minimal, axis1]",0.33887,0.5959,-0.819977,1.413583,0.006785,0.008456,8461.800574,4567.451573,1.000499
"theta[gemini-3.1-pro-preview, axis1]",0.847882,0.252719,0.327255,1.288661,0.003035,0.002993,7061.657863,5488.176797,1.000492
"theta[gemini-3.1-pro-preview_high, axis1]",1.210713,0.177769,0.888103,1.555196,0.002471,0.002257,5274.784998,5211.446788,1.001114
"theta[gemini-3.1-pro-preview_low, axis1]",0.683681,0.471358,-0.200696,1.556008,0.005416,0.006499,8048.196393,4742.430677,1.000401
"theta[gemini-3.1-pro-preview_medium, axis1]",0.817242,0.470355,-0.086064,1.680137,0.005306,0.006414,8375.397296,5465.155376,0.999986
"theta[gemini-3.1-pro-preview_unknown, axis1]",-0.443377,0.543746,-1.496109,0.569522,0.00694,0.007679,6374.168922,4740.271968,1.000635
"theta[gemini-3.5-flash-lite_high, axis1]",0.243218,0.197263,-0.123878,0.616379,0.002152,0.002351,8393.566431,5781.607302,1.00009
"theta[gemini-3.5-flash-lite_low, axis1]",0.213031,0.398213,-0.532342,0.951273,0.004051,0.005065,10171.223062,5673.919708,1.000419
"theta[gemini-3.5-flash-lite_minimal, axis1]",-0.046068,0.430775,-0.866585,0.747585,0.004738,0.005935,9026.895624,5106.072316,1.000529
"theta[gemini-3.5-flash_high, axis1]",0.888575,0.165436,0.578044,1.201777,0.002586,0.001776,4098.78555,4829.591982,1.000541
"theta[gemini-3.5-flash_low, axis1]",0.964838,0.355529,0.305758,1.662735,0.003661,0.00444,9465.969432,5654.546102,1.000132
"theta[gemini-3.5-flash_minimal, axis1]",1.041808,0.556877,-0.02278,2.065564,0.005848,0.007899,9651.279056,5295.908189,0.999953
"theta[gemini-3.5-flash_unknown, axis1]",0.606661,0.821831,-0.938407,2.149065,0.010873,0.009237,5955.524394,4970.233069,1.000399
"theta[gemini-3.6-flash_high, axis1]",1.015653,0.187402,0.671814,1.374282,0.002225,0.002048,7139.422943,6117.191434,1.000625
"theta[gemini-3.6-flash_low, axis1]",0.761123,0.363643,0.041229,1.425736,0.00405,0.004399,8171.200764,5222.974739,1.000622
"theta[gemini-3.6-flash_minimal, axis1]",0.719232,0.358374,0.049913,1.382398,0.003865,0.004907,9026.322365,5170.564964,0.999949
"theta[gemini-3.6-flash_unknown, axis1]",0.576398,0.831918,-0.983059,2.13415,0.009971,0.00943,7105.160539,5950.696981,1.000636
"theta[gemini-3.7-flash_high, axis1]",1.291093,0.19235,0.939044,1.663558,0.002399,0.002299,6464.319652,4943.349759,1.000594
"theta[gemma-2-27b, axis1]",-1.814784,0.200392,-2.194863,-1.446943,0.00234,0.002222,7442.485347,6254.169651,0.999811
"theta[gemma-3-12b-it, axis1]",-1.914818,0.202328,-2.2855,-1.534315,0.0026,0.002182,6181.055509,5434.096844,0.999878
"theta[gemma-3-27b-it, axis1]",-1.569305,0.186124,-1.93115,-1.223367,0.002112,0.002071,7871.409979,5629.611548,0.999948
"theta[gemma-3-4b-it, axis1]",-1.943327,0.212309,-2.354744,-1.566831,0.003153,0.002208,4623.581008,5322.364619,1.000278
"theta[gemma-4-26b-a4b, axis1]",-0.311701,0.201893,-0.697656,0.05993,0.002174,0.002354,8635.734566,6165.277735,1.001215
"theta[gemma-4-26b-a4b_minimal, axis1]",-0.574569,0.614574,-1.687274,0.613956,0.006963,0.008446,8444.469952,4704.815164,1.000681
"theta[gemma-4-31b-it, axis1]",0.238943,0.20972,-0.167847,0.611707,0.002268,0.002402,8652.830735,4575.767524,1.000611
"theta[gemma-4-31b-it_minimal, axis1]",-0.646486,0.582857,-1.758713,0.419432,0.006093,0.006622,9512.35123,5794.143187,0.999937
"theta[glm-5, axis1]",-0.305911,0.600765,-1.439439,0.771955,0.006904,0.007288,8177.251032,5406.178923,1.00003
"theta[glm-5.2_low, axis1]",0.11661,0.39819,-0.63729,0.843876,0.004426,0.004892,8415.534833,5507.373343,0.999915
"theta[glm-5.2_max, axis1]",0.779954,0.162111,0.473271,1.080299,0.001784,0.001918,8292.819071,5762.838754,1.00003
"theta[glm-5.2_medium, axis1]",-0.063158,0.509287,-1.056462,0.839823,0.005827,0.00724,8088.391523,5131.834359,1.000337
"theta[glm-5.2_minimal, axis1]",0.115281,0.505997,-0.812499,1.082001,0.005519,0.006829,8939.575329,5181.372418,1.000855
"theta[glm-5.2_none, axis1]",-0.189368,0.425199,-0.972338,0.602099,0.005194,0.006115,7424.129725,4667.144837,1.000784
"theta[glm-5.2_unknown, axis1]",0.678182,0.526479,-0.371492,1.612348,0.007941,0.008735,4759.905872,4273.158004,1.000519
"theta[glm-5.2_xhigh, axis1]",0.438184,0.582416,-0.712605,1.483581,0.009087,0.008991,4501.434167,3602.680852,1.001458
"theta[glm-5.3-flash_max, axis1]",-0.409596,0.43727,-1.262084,0.359017,0.004744,0.005654,9168.878493,5412.383797,1.000549
"theta[glm-5.3_max, axis1]",0.719951,0.365951,0.021375,1.394093,0.003733,0.004386,9859.219984,6172.951985,1.000637
"theta[glm-5_unknown, axis1]",-0.516738,0.537827,-1.588279,0.456202,0.006993,0.007012,5992.986405,5332.958757,0.999902
"theta[gpt-3.5-turbo-0125, axis1]",-1.74924,0.191869,-2.090984,-1.375101,0.002281,0.002178,7130.376779,5748.050058,1.000038
"theta[gpt-3.5-turbo-0613, axis1]",-2.160653,0.30929,-2.743569,-1.60286,0.004499,0.003242,4836.788573,5440.830189,1.001109
"theta[gpt-4-0613, axis1]",-1.009682,0.185447,-1.35592,-0.671288,0.001947,0.002297,9115.428107,5888.053978,1.001624
"theta[gpt-4-turbo, axis1]",-1.292012,0.190458,-1.64806,-0.933077,0.002182,0.002117,7688.10535,5889.235994,0.999817
"theta[gpt-4-turbo-2024-04-09, axis1]",-1.232413,0.198196,-1.614661,-0.873219,0.002682,0.00221,5507.179815,5108.202549,1.000564
"theta[gpt-4.1-2025-04-14, axis1]",-0.542624,0.166606,-0.843674,-0.212502,0.002118,0.001759,6196.127175,5466.876938,1.000446
"theta[gpt-4.1-mini-2025-04-14, axis1]",-0.757441,0.151505,-1.035076,-0.468302,0.00158,0.001714,9211.049336,5868.45344,1.000083
"theta[gpt-4.1-nano-2025-04-14, axis1]",-1.777869,0.190551,-2.147362,-1.430105,0.002678,0.002151,5108.464797,5273.54842,1.000294
"theta[gpt-4.5-preview-2025-02-27, axis1]",-0.276884,0.329262,-0.891064,0.358087,0.00395,0.004462,7202.075451,4999.090048,1.001807
"theta[gpt-4o-2024-05-13, axis1]",-1.125917,0.132393,-1.37355,-0.877327,0.001838,0.001317,5178.018287,6095.783671,1.000311
"theta[gpt-4o-2024-08-06, axis1]",-0.825317,0.480262,-1.760467,0.045077,0.005279,0.005856,8323.112479,5296.69302,0.999961
"theta[gpt-4o-2024-11-20, axis1]",-0.618735,0.479899,-1.477693,0.325206,0.004781,0.00535,10160.069464,5972.274561,0.999958
"theta[gpt-4o-mini-2024-07-18, axis1]",-1.491515,0.181274,-1.83727,-1.153138,0.002035,0.002186,7970.957633,5810.818903,1.001773
"theta[gpt-5-2025-08-07_high, axis1]",0.664335,0.161301,0.368043,0.974099,0.001755,0.001864,8459.438588,5879.753846,1.000382
"theta[gpt-5-2025-08-07_low, axis1]",0.196001,0.39852,-0.542622,0.941427,0.004256,0.005389,9358.597889,5818.023889,1.000769
"theta[gpt-5-2025-08-07_medium, axis1]",0.674701,0.268275,0.170988,1.181545,0.003518,0.002856,5814.267754,5453.584858,1.00008
"theta[gpt-5-2025-08-07_minimal, axis1]",-0.041224,0.41402,-0.815588,0.744352,0.004449,0.00523,9298.988096,5218.122707,0.999877
"theta[gpt-5-2025-08-07_unknown, axis1]",0.123394,0.107359,-0.075999,0.321853,0.002934,0.001549,1341.500168,2560.570993,1.001624
"theta[gpt-5-mini-2025-08-07_high, axis1]",-0.060512,0.184292,-0.384256,0.305829,0.001963,0.002132,8836.441104,5797.402751,1.000547
"theta[gpt-5-mini-2025-08-07_low, axis1]",-0.18881,0.594468,-1.312157,0.899397,0.006349,0.007586,9454.16702,5932.184522,1.000919
"theta[gpt-5-mini-2025-08-07_medium, axis1]",-0.559196,0.325571,-1.198917,0.017692,0.004227,0.005617,6548.841372,4778.520434,1.000301
"theta[gpt-5-mini-2025-08-07_minimal, axis1]",-0.493569,0.444095,-1.334164,0.281833,0.004935,0.005956,8844.452722,5813.604516,1.000227
"theta[gpt-5-mini-2025-08-07_unknown, axis1]",0.493152,0.515325,-0.521348,1.42789,0.005555,0.006025,8630.05221,5539.813979,0.999896
"theta[gpt-5-nano-2025-08-07_high, axis1]",-1.244595,0.185917,-1.608695,-0.908858,0.002278,0.002171,6754.969334,5369.750455,0.999977
"theta[gpt-5-nano-2025-08-07_low, axis1]",-0.317965,0.427844,-1.157916,0.436869,0.00436,0.005199,10184.833095,5769.364653,1.00073
"theta[gpt-5-nano-2025-08-07_medium, axis1]",-1.134785,0.375944,-1.858113,-0.44144,0.00528,0.004938,5077.263336,5180.168905,1.001689
"theta[gpt-5-nano-2025-08-07_minimal, axis1]",-1.167939,0.460624,-2.057992,-0.347606,0.005012,0.0054,8976.837278,5626.61431,0.999892
"theta[gpt-5-pro-2025-10-06_unknown, axis1]",0.75003,0.406202,-0.023084,1.522866,0.004159,0.004582,9573.098527,5886.881628,1.000308
"theta[gpt-5.1-2025-11-13_high, axis1]",0.712853,0.195921,0.340242,1.077603,0.002059,0.002347,9130.12329,5305.218713,1.000059
"theta[gpt-5.1-2025-11-13_low, axis1]",0.110701,0.406482,-0.636194,0.862976,0.004448,0.005825,9178.026291,4895.599746,1.000917
"theta[gpt-5.1-2025-11-13_medium, axis1]",-0.014247,0.523761,-1.021221,0.962466,0.005711,0.007205,9119.843348,5321.877225,1.00024
"theta[gpt-5.1-2025-11-13_none, axis1]",-0.506315,0.408774,-1.300957,0.221856,0.004588,0.004501,8047.714729,5807.355193,1.000132
"theta[gpt-5.1-2025-11-13_thinking, axis1]",0.163573,0.427827,-0.623275,0.957925,0.0047,0.005697,8462.023947,5512.67455,1.00066
"theta[gpt-5.1-codex-max, axis1]",0.049131,0.230648,-0.369292,0.477317,0.004763,0.003292,2312.317869,4258.059612,1.000873
"theta[gpt-5.2-2025-12-11_high, axis1]",0.718132,0.364154,0.03865,1.417219,0.003744,0.004477,9706.988676,5688.470836,1.000226
"theta[gpt-5.2-2025-12-11_low, axis1]",-0.114117,0.423366,-0.907804,0.667091,0.004682,0.005483,8719.304746,5556.535014,1.00128
"theta[gpt-5.2-2025-12-11_medium, axis1]",0.687448,0.371366,-0.043297,1.35485,0.003969,0.00527,9156.136707,4437.932674,1.000307
"theta[gpt-5.2-2025-12-11_none, axis1]",-0.44963,0.436921,-1.277279,0.340289,0.004675,0.005209,9385.893144,5842.691517,1.001301
"theta[gpt-5.2-2025-12-11_unknown, axis1]",0.116606,0.520104,-0.898638,1.048648,0.00543,0.006602,9211.353476,5891.562823,0.999963
"theta[gpt-5.2-2025-12-11_xhigh, axis1]",0.851161,0.18028,0.510582,1.180148,0.002453,0.001814,5404.434532,6242.473329,1.00102
"theta[gpt-5.2-codex, axis1]",0.387664,0.112627,0.167835,0.593437,0.002996,0.001585,1416.665723,2574.03159,1.001313
"theta[gpt-5.3-codex, axis1]",0.585031,0.123476,0.352769,0.816697,0.003129,0.001825,1560.531878,2808.088139,1.001806
"theta[gpt-5.3-codex_xhigh, axis1]",0.333509,0.534095,-0.712662,1.289599,0.0075,0.008274,5582.177239,3783.671434,1.000886
"theta[gpt-5.4-2026-03-05, axis1]",0.611777,0.131968,0.368041,0.8636,0.003329,0.001882,1577.843563,2653.097277,1.001574
"theta[gpt-5.4-2026-03-05_high, axis1]",0.604671,0.410341,-0.191945,1.355274,0.004663,0.005232,7778.735979,4306.164128,1.000909
"theta[gpt-5.4-2026-03-05_low, axis1]",0.174029,0.396701,-0.571416,0.898984,0.004157,0.00541,9864.775226,5005.172664,1.000396
"theta[gpt-5.4-2026-03-05_medium, axis1]",0.853465,0.362091,0.170589,1.529341,0.003767,0.004559,9387.449953,5225.635953,1.000172
"theta[gpt-5.4-2026-03-05_none, axis1]",-0.31117,0.430835,-1.11734,0.452994,0.005132,0.00591,7688.776238,5472.50089,1.000418
"theta[gpt-5.4-2026-03-05_unknown, axis1]",0.674524,0.133291,0.414995,0.916838,0.003278,0.001791,1663.10892,2889.934966,1.001731
"theta[gpt-5.4-2026-03-05_xhigh, axis1]",1.146007,0.146692,0.865378,1.416579,0.001788,0.001507,6738.067282,5871.760958,1.000186
"theta[gpt-5.4-mini-2026-03-17_high, axis1]",0.088368,0.596617,-1.043917,1.155301,0.006744,0.00743,8616.255659,4447.688166,0.999788
"theta[gpt-5.4-mini-2026-03-17_low, axis1]",-0.580502,0.548333,-1.63961,0.390417,0.00616,0.006988,8487.003442,5403.919432,1.00187
"theta[gpt-5.4-mini-2026-03-17_medium, axis1]",-0.682865,0.541553,-1.746017,0.247154,0.006216,0.008076,8441.216641,5117.249349,0.999934
"theta[gpt-5.4-mini-2026-03-17_none, axis1]",-0.641678,0.44188,-1.469641,0.164217,0.004771,0.005218,9234.369263,6094.890972,1.000281
"theta[gpt-5.4-mini-2026-03-17_xhigh, axis1]",0.228657,0.216906,-0.161843,0.644847,0.002825,0.002544,5886.666475,5275.161067,1.000149
"theta[gpt-5.4-nano-2026-03-17_high, axis1]",-0.407793,0.449298,-1.233598,0.461724,0.004867,0.005494,8882.644231,5594.558087,1.000509
"theta[gpt-5.4-nano-2026-03-17_low, axis1]",-0.816337,0.469386,-1.693488,0.050942,0.005244,0.005573,8477.73771,5485.632848,0.999816
"theta[gpt-5.4-nano-2026-03-17_medium, axis1]",-0.779224,0.548938,-1.832973,0.215723,0.006092,0.006396,8609.096872,5748.795453,1.000789
"theta[gpt-5.4-nano-2026-03-17_none, axis1]",-0.732677,0.449705,-1.582504,0.086392,0.004406,0.005301,10750.472391,6158.114701,1.000886
"theta[gpt-5.4-nano-2026-03-17_xhigh, axis1]",0.086214,0.204972,-0.303694,0.464128,0.002131,0.00247,9339.936068,6046.973822,1.000552
"theta[gpt-5.4-pro-2026-03-05_unknown, axis1]",0.832746,0.536084,-0.137797,1.896882,0.005623,0.006889,9205.481892,5909.402474,1.000334
"theta[gpt-5.4-pro-2026-03-05_xhigh, axis1]",1.563899,0.522251,0.573956,2.534195,0.005612,0.00693,8828.96509,5011.757237,1.001223
"theta[gpt-5.5, axis1]",1.316,0.253083,0.864877,1.802651,0.004686,0.003433,2905.438247,4514.36183,1.001011
"theta[gpt-5.5-pro_xhigh, axis1]",1.303433,0.222481,0.894286,1.723728,0.002483,0.002473,8067.388825,5954.675833,1.000278
"theta[gpt-5.5_high, axis1]",1.396446,0.438444,0.538293,2.181794,0.006698,0.005824,4507.65042,4451.144086,1.000015
"theta[gpt-5.5_low, axis1]",0.667415,0.371573,-0.017032,1.377543,0.003901,0.00504,9563.996859,5055.742241,1.000421
"theta[gpt-5.5_none, axis1]",-0.04129,0.422334,-0.806314,0.756618,0.005046,0.006212,8045.386794,4378.418895,1.000157
"theta[gpt-5.5_unknown, axis1]",1.178599,0.180803,0.846776,1.518358,0.003961,0.002076,2082.724443,3719.756845,1.002198
"theta[gpt-5.5_xhigh, axis1]",1.437081,0.161125,1.136799,1.741273,0.00235,0.001657,4732.565036,4192.186952,1.000855
"theta[gpt-5.6-luna_low, axis1]",0.177519,0.402447,-0.593639,0.905522,0.004775,0.006057,8047.235437,4108.713504,1.000149
"theta[gpt-5.6-luna_max, axis1]",0.778329,0.187718,0.422592,1.136692,0.002041,0.002157,8460.414785,5979.489233,1.000334
"theta[gpt-5.6-luna_medium, axis1]",-0.26513,0.533985,-1.285636,0.703366,0.005933,0.008594,9345.240106,4581.722652,0.999697
"theta[gpt-5.6-luna_none, axis1]",-0.413742,0.447965,-1.289789,0.385665,0.005316,0.005927,7443.628668,5547.648715,1.000913
"theta[gpt-5.6-luna_unknown, axis1]",0.409204,0.821119,-1.138585,1.948602,0.00924,0.010072,8050.767128,5842.7491,1.000745
"theta[gpt-5.6-sol_high, axis1]",0.206564,0.845743,-1.435006,1.734543,0.011374,0.008816,5573.796066,5866.557671,1.00106
"theta[gpt-5.6-sol_low, axis1]",0.629113,0.370524,-0.108309,1.289167,0.003741,0.004861,10352.160029,5849.248141,1.000701
"theta[gpt-5.6-sol_max, axis1]",1.570637,0.158805,1.277735,1.877959,0.002047,0.001735,6008.273217,5277.000503,1.000462
"theta[gpt-5.6-sol_none, axis1]",0.305254,0.403434,-0.491619,1.016864,0.004929,0.004507,7152.838828,5011.88034,1.000554
"theta[gpt-5.6-sol_promax, axis1]",1.590777,0.220305,1.166223,1.985194,0.002518,0.002429,7824.513443,6079.962863,1.000004
"theta[gpt-5.6-sol_unknown, axis1]",2.113087,0.273507,1.604788,2.622833,0.005624,0.002946,2366.369388,4252.490277,1.002688
"theta[gpt-5.6-sol_xhigh, axis1]",0.790258,0.521453,-0.24721,1.714048,0.008106,0.008957,4740.256659,3866.392091,1.001962
"theta[gpt-5.6-terra_low, axis1]",0.286053,0.392526,-0.459163,1.020538,0.004217,0.004645,9143.890449,5690.717919,1.000139
"theta[gpt-5.6-terra_max, axis1]",1.162557,0.191627,0.801423,1.524061,0.002125,0.00245,8206.691367,5282.785561,0.999835
"theta[gpt-5.6-terra_medium, axis1]",-0.419294,0.549971,-1.510752,0.541852,0.006338,0.006803,8218.337237,5173.668647,1.000571
"theta[gpt-5.6-terra_none, axis1]",-0.388162,0.433885,-1.202224,0.419304,0.004647,0.005635,9359.512745,5584.975633,1.00038
"theta[gpt-5.6-terra_unknown, axis1]",0.575371,0.820501,-0.989173,2.071038,0.010077,0.009057,6947.457685,5340.143134,1.000842
"theta[gpt-6-astra_high, axis1]",0.833265,0.935398,-0.943709,2.469344,0.014583,0.010652,4297.60249,5015.511752,1.000455
"theta[gpt-6-astra_max, axis1]",2.700587,0.280065,2.22115,3.244884,0.004385,0.003115,4062.54646,5008.331877,1.001069
"theta[gpt-oss-120b, axis1]",-0.001428,0.560308,-1.044971,1.087289,0.006195,0.007405,8308.342558,5586.223236,1.00157
"theta[gpt-oss-120b_high, axis1]",-0.719167,0.174164,-1.075766,-0.419258,0.002314,0.00195,5708.463039,4728.401682,1.000716
"theta[gpt-oss-120b_medium, axis1]",-1.31512,0.542679,-2.345528,-0.328848,0.005886,0.006408,8876.83148,6071.047813,1.000348
"theta[gpt-oss-20b_high, axis1]",-1.040021,0.177287,-1.393264,-0.726858,0.0021,0.002041,7246.229604,5731.019123,1.000131
"theta[gpt-oss-20b_low, axis1]",-0.976662,0.592872,-2.062454,0.133437,0.006772,0.007149,8190.559531,4755.71945,1.00057
"theta[gpt-oss-20b_medium, axis1]",-0.74366,0.596784,-1.867838,0.354096,0.006307,0.00694,9366.244413,5951.434482,1.000218
"theta[grok-4-0709, axis1]",0.792943,0.344155,0.16854,1.477251,0.003738,0.004289,8489.488042,5944.052502,1.000975
"theta[grok-4-20, axis1]",0.421978,0.19465,0.049345,0.778502,0.002113,0.002446,8518.991621,5763.040831,1.000763
"theta[grok-4-fast, axis1]",0.032353,0.225896,-0.392386,0.453545,0.002482,0.002849,8623.091684,5803.435413,1.000625
"theta[grok-4.3_high, axis1]",0.552707,0.186313,0.187621,0.889996,0.00198,0.00205,8880.098839,5958.697065,1.000709
"theta[grok-4.3_unknown, axis1]",-0.792044,0.713301,-2.122939,0.539353,0.008212,0.008151,7582.841863,5982.230047,1.000619
"theta[grok-4.5_high, axis1]",1.089054,0.206779,0.683831,1.460713,0.002483,0.002276,7024.865883,5549.558233,1.001252
"theta[grok-4.5_unknown, axis1]",0.480116,0.826014,-1.069971,1.998766,0.009398,0.009426,7905.436916,6070.667404,1.000165
"theta[grok-4.6_high, axis1]",0.92651,0.549051,-0.161172,1.910958,0.006184,0.007035,8565.657926,5236.577724,0.999995
"theta[grok-4.6_unknown, axis1]",0.618708,0.833527,-0.9831,2.129216,0.010487,0.009591,6536.240972,5976.685452,1.000393
"theta[grok-4.6_xhigh, axis1]",1.255274,0.161748,0.951915,1.566752,0.002092,0.001757,5986.953777,5753.701948,1.000264
"theta[inkling-small_xhigh, axis1]",-0.485756,0.448106,-1.360401,0.32383,0.005063,0.006213,8704.261048,4469.277339,1.000405
"theta[kimi-k2.5, axis1]",0.042902,0.297339,-0.495751,0.599657,0.003189,0.003855,8776.016895,5615.017629,1.000911
"theta[kimi-k2.5_unknown, axis1]",-0.857753,0.562181,-1.970167,0.128712,0.007096,0.007687,6418.065501,5119.804825,1.00073
"theta[kimi-k2.6, axis1]",0.376259,0.153971,0.093051,0.668567,0.001825,0.001747,7111.457381,5764.110842,1.000698
"theta[kimi-k2.6_none, axis1]",-0.267398,0.515171,-1.272608,0.650976,0.005621,0.006911,9135.799616,4984.754082,1.000558
"theta[kimi-k2.7-code, axis1]",0.231957,0.596588,-0.89501,1.350234,0.006255,0.008565,9629.35129,5421.811492,1.001544
"theta[kimi-k2.7-code_xhigh, axis1]",0.390227,0.577904,-0.741135,1.431664,0.008451,0.007652,4887.28342,4915.383929,1.001386
"theta[kimi-k3_high, axis1]",0.385208,0.578312,-0.705643,1.462038,0.00639,0.007482,8788.860319,5010.092885,1.000073
"theta[kimi-k3_low, axis1]",-0.05315,0.418013,-0.892926,0.654765,0.00463,0.005618,8647.274765,5456.093979,1.000137
"theta[kimi-k3_max, axis1]",0.989286,0.188289,0.630478,1.335554,0.002143,0.002161,7691.437027,6059.314356,1.000747
"theta[kimi-k3_unknown, axis1]",0.54172,0.819762,-1.035076,2.060601,0.009715,0.009246,7335.179837,5800.052171,1.001077
"theta[magistral-small-2509, axis1]",-1.157861,0.211965,-1.560406,-0.766778,0.002453,0.002707,7499.725505,5381.602936,1.000418
"theta[mimo-v2.5-pro, axis1]",0.040784,0.193566,-0.32615,0.399018,0.001861,0.002466,10788.402997,5475.020829,1.000239
"theta[ministral-3b-2410, axis1]",-1.757835,0.20142,-2.150912,-1.394367,0.002661,0.002343,5870.936065,5241.422567,1.00028
"theta[mistral-large-2512, axis1]",-0.981765,0.187127,-1.34557,-0.642885,0.002055,0.002199,8299.970848,6329.179179,1.000842
"theta[mistral-medium-2505, axis1]",-1.149249,0.206784,-1.517178,-0.738128,0.002164,0.00249,9161.961639,6156.248187,1.00106
"theta[mistral-medium-2508, axis1]",-0.800561,0.185892,-1.14336,-0.454395,0.001943,0.002206,9151.536227,5725.546671,1.001324
"theta[mistral-medium-2604, axis1]",-0.390178,0.191468,-0.749629,-0.039504,0.002057,0.002097,8690.919476,6089.884059,1.000171
"theta[mistral-small-2603, axis1]",-0.686786,0.190183,-1.039402,-0.327996,0.001922,0.002277,9778.530086,6283.786935,1.001114
"theta[muse-spark, axis1]",0.072894,0.351825,-0.585498,0.737469,0.004879,0.004142,5212.50492,5011.189204,1.001215
"theta[muse-spark-1.1, axis1]",0.996643,0.580031,-0.113547,2.065757,0.006572,0.006698,7942.935049,5958.518799,1.000522
"theta[muse-spark-1.1_high, axis1]",1.075868,0.208787,0.680367,1.47172,0.002296,0.002392,8263.529807,5540.047768,1.000684
"theta[muse-spark-1.1_xhigh, axis1]",0.552634,0.532704,-0.499926,1.525988,0.008312,0.008914,4652.592171,3688.201296,1.00035
"theta[muse-spark-1.2_xhigh, axis1]",1.048339,0.214942,0.642597,1.447866,0.002219,0.002374,9483.966058,6235.311406,1.000235
"theta[nemotron-3-ultra, axis1]",0.41746,0.172692,0.100451,0.742895,0.001835,0.001988,8904.944733,6262.730639,1.00008
"theta[o1-2024-12-17_high, axis1]",-0.486656,0.185895,-0.837164,-0.132207,0.001829,0.002385,10295.956308,5477.2218,0.999915
"theta[o1-2024-12-17_low, axis1]",-0.495869,0.612329,-1.669903,0.611455,0.006405,0.007522,9792.364894,5302.416422,1.000874
"theta[o1-2024-12-17_medium, axis1]",-0.312777,0.356873,-0.926007,0.392142,0.004375,0.004446,6766.617886,6051.691506,1.000106
"theta[o1-2024-12-17_unknown, axis1]",-0.479767,0.153818,-0.775922,-0.19731,0.002422,0.0017,4053.279475,5562.09222,1.000344
"theta[o3-2025-04-16_high, axis1]",0.461232,0.184024,0.111931,0.806415,0.001935,0.002199,9051.922517,5410.345168,0.999811
"theta[o3-2025-04-16_low, axis1]",0.469544,0.580617,-0.575819,1.624966,0.006055,0.007012,9599.651988,5824.113178,1.000271
"theta[o3-2025-04-16_medium, axis1]",1.03796,0.228924,0.599503,1.455824,0.002892,0.002415,6251.910422,6057.241836,1.000126
"theta[o3-2025-04-16_unknown, axis1]",-0.201873,0.146539,-0.474816,0.07619,0.002581,0.001654,3229.761003,4509.260512,1.001574
"theta[o3-mini-2025-01-31_high, axis1]",-0.762902,0.178073,-1.086207,-0.418307,0.001835,0.002101,9419.449486,5612.658028,1.000379
"theta[o3-mini-2025-01-31_low, axis1]",-0.566264,0.597592,-1.701534,0.514009,0.006718,0.007729,8473.577804,5433.076477,1.000077
"theta[o3-mini-2025-01-31_medium, axis1]",-0.650562,0.367864,-1.344453,0.044746,0.004334,0.004912,7410.752555,5271.802479,1.000716
"theta[o3-pro-2025-06-10, axis1]",0.512612,0.57098,-0.58574,1.573942,0.006869,0.007282,7017.589006,5282.218118,1.000417
"theta[o3-pro-2025-06-10_high, axis1]",0.429031,0.187775,0.103888,0.80996,0.001791,0.002166,10967.571189,6291.334814,1.000794
"theta[o3-pro-2025-06-10_medium, axis1]",0.637652,0.473167,-0.221906,1.557659,0.005894,0.006064,6763.072981,5350.742014,1.000733
"theta[o4-mini-2025-04-16, axis1]",-0.246919,0.566792,-1.322656,0.823993,0.006293,0.007201,8176.046301,5245.9578,1.000835
"theta[o4-mini-2025-04-16_high, axis1]",-0.236813,0.171892,-0.550801,0.09217,0.001833,0.002163,8745.062679,5947.395194,1.00069
"theta[o4-mini-2025-04-16_low, axis1]",-0.092954,0.606736,-1.23562,1.044179,0.006973,0.008112,8205.44194,4849.034345,0.999828
"theta[o4-mini-2025-04-16_medium, axis1]",0.117826,0.335998,-0.483498,0.766122,0.00453,0.003547,5529.376907,5946.760899,1.000532
"theta[qwen-plus-2025-04-28, axis1]",-0.243144,0.187114,-0.593624,0.106365,0.001935,0.002344,9355.722997,5671.026612,1.000695
"theta[qwen2.5-72b-instruct, axis1]",-1.144936,0.189057,-1.515021,-0.805915,0.00198,0.002176,9119.590287,5745.190737,1.000469
"theta[qwen2.5-7b-instruct, axis1]",-1.872929,0.19454,-2.251336,-1.520475,0.002351,0.002233,6903.099187,6240.262307,0.999752
"theta[qwen3-14b, axis1]",-0.987626,0.185128,-1.339332,-0.64704,0.002027,0.002127,8375.761311,5573.152577,1.000411
"theta[qwen3-14b_none, axis1]",-1.616656,0.563021,-2.669305,-0.591696,0.006032,0.006413,9146.731401,5622.594039,1.000144
"theta[qwen3-235b-a22b, axis1]",-0.407959,0.191659,-0.773953,-0.05437,0.001981,0.002505,9482.512508,5916.969364,1.001366
"theta[qwen3-30b-a3b-instruct-2507, axis1]",-0.807303,0.188992,-1.181557,-0.472808,0.002114,0.002256,8003.372031,5029.182547,0.999756
"theta[qwen3-30b-a3b-thinking-2507, axis1]",-0.758582,0.18572,-1.101343,-0.404911,0.001901,0.002239,9513.179866,6278.03528,1.000612
"theta[qwen3-8b, axis1]",-1.366591,0.183114,-1.708526,-1.014994,0.002198,0.002157,7017.270777,5607.67813,1.000094
"theta[qwen3-8b_none, axis1]",-1.609707,0.547902,-2.61052,-0.588653,0.006252,0.006227,7715.668558,5572.642262,1.000368
"theta[qwen3-max-2025-09-23, axis1]",-0.240592,0.16755,-0.552724,0.070829,0.001714,0.002066,9588.882064,6209.130203,1.001195
"theta[qwen3.5-122b-a10b_none, axis1]",0.109822,0.179166,-0.230826,0.452785,0.001696,0.002196,11089.658383,5869.698417,1.000364
"theta[qwen3.5-27B, axis1]",0.07977,0.199137,-0.288625,0.44982,0.002096,0.002241,9007.4803,5833.630556,1.000375
"theta[qwen3.5-35b-a3b, axis1]",-0.264915,0.178262,-0.613124,0.066048,0.001783,0.002111,10016.872117,6094.935937,1.000076
"theta[qwen3.5-35b-a3b_none, axis1]",-0.304553,0.598057,-1.46008,0.761655,0.006891,0.007148,8420.283182,5351.272153,1.000258
"theta[qwen3.5-397b-a17b, axis1]",0.34095,0.186577,0.008892,0.707524,0.001832,0.002245,10324.357402,5709.442623,1.000697
"theta[qwen3.5-397b-a17b_none, axis1]",0.054867,0.405366,-0.691058,0.813921,0.00435,0.005714,9431.139989,4921.214537,1.00015
"theta[qwen3.5-9B, axis1]",-0.633425,0.189391,-0.988786,-0.274081,0.001954,0.002565,9449.869283,5423.500535,1.000969
"theta[qwen3.5-9B_none, axis1]",-0.191262,0.601803,-1.316459,0.936524,0.006679,0.007666,8673.610532,5753.428516,1.000456
"theta[qwen3.5-flash, axis1]",0.036647,0.177115,-0.289573,0.37151,0.001729,0.002074,10473.191161,6001.361667,1.001015
"theta[qwen3.5-flash_none, axis1]",-0.000409,0.513399,-0.996679,0.926812,0.005178,0.006409,10460.485987,6247.205656,1.000531
"theta[qwen3.5-plus, axis1]",0.107374,0.188552,-0.270565,0.439726,0.002196,0.002129,7420.129511,4200.150901,1.000558
"theta[qwen3.5-plus_none, axis1]",0.056315,0.505309,-0.866702,1.024077,0.00621,0.006959,7221.324412,4962.840105,1.000536
"theta[qwen3.6-27b, axis1]",-0.02028,0.204703,-0.37529,0.396143,0.002356,0.002324,7573.633307,5573.192729,0.999755
"theta[qwen3.6-27b_none, axis1]",-0.599995,0.452331,-1.4691,0.23021,0.004819,0.00627,9591.448785,5358.386629,1.000476
"theta[qwen3.6-35b-a3b, axis1]",-0.283311,0.207312,-0.676798,0.096413,0.002425,0.002377,7368.025687,5468.545243,1.00089
"theta[qwen3.6-35b-a3b_none, axis1]",-0.183472,0.437993,-0.999301,0.634023,0.005238,0.005724,7748.262557,4761.139697,1.001105
"theta[qwen3.6-flash, axis1]",-0.167047,0.185774,-0.50974,0.18824,0.00206,0.002186,8157.564607,5753.513393,1.001245
"theta[qwen3.6-flash_none, axis1]",0.119808,0.500883,-0.793701,1.066064,0.005308,0.006677,9422.624654,5447.666001,1.000623
"theta[qwen3.6-max-preview, axis1]",0.501058,0.190244,0.16505,0.872559,0.001909,0.002159,9997.970626,6522.604837,0.999875
"theta[qwen3.6-max-preview_none, axis1]",0.171582,0.492543,-0.751846,1.100537,0.005674,0.006513,8173.802629,4905.535794,1.000039
"theta[qwen3.6-plus, axis1]",0.048828,0.190736,-0.31081,0.407397,0.001992,0.002187,9210.273054,6144.352326,1.00022
"theta[qwen3.6-plus_none, axis1]",-0.269393,0.526294,-1.274548,0.684359,0.005642,0.006307,9140.328563,6080.964346,1.000045
"theta[qwen3.7-flash, axis1]",0.138805,0.406495,-0.617341,0.913664,0.004299,0.005622,9730.395993,5211.547729,1.000009
"theta[qwen3.7-flash_none, axis1]",-0.233435,0.428405,-1.019479,0.575484,0.004546,0.005446,9664.194977,4958.857584,1.000641
"theta[qwen3.7-max, axis1]",0.732842,0.156432,0.443974,1.028965,0.001698,0.001829,8462.426096,6081.650144,0.999979
"theta[qwen3.7-max_none, axis1]",0.538827,0.484449,-0.408043,1.420072,0.005144,0.006541,9411.456985,5849.439494,1.000027
"theta[qwen3.7-max_xhigh, axis1]",0.016059,0.59608,-1.094583,1.138717,0.009075,0.008384,4511.351089,4357.408713,1.001281
"theta[qwen3.7-plus, axis1]",0.258183,0.181091,-0.080605,0.588897,0.001935,0.001959,8783.528671,5456.335036,1.000468
"theta[qwen3.7-plus_none, axis1]",-0.112154,0.426217,-0.930747,0.64738,0.005167,0.005753,7455.540636,4594.876037,1.000293
"theta[qwen3.8-max_xhigh, axis1]",0.916519,0.186555,0.567921,1.271327,0.001947,0.002078,9247.784348,5961.762771,1.000546
"A[AISI CTF Suites - Apprentice, axis1]",1.824133,0.192779,1.463167,2.182374,0.003713,0.002032,2691.429916,4417.305104,1.002552
"A[AISI CTF Suites - Expert, axis1]",1.661879,0.252539,1.214267,2.142662,0.005282,0.003184,2264.183022,4060.229607,1.003819
"A[AISI CTF Suites - Practitioner, axis1]",4.420777,0.739949,3.146307,5.929404,0.026717,0.019511,750.1325,484.225806,1.007841
"A[AISI CTF Suites - Technical Non-Expert, axis1]",1.676794,0.262298,1.201735,2.176673,0.004692,0.002639,3077.642563,4570.442873,1.001575
"A[AISI Cyber Ranges - Cooling Tower, axis1]",2.244572,0.984485,0.582489,4.026234,0.025502,0.01172,1424.005673,2581.250742,1.000936
"A[AISI Cyber Ranges - The Last Ones, axis1]",1.582334,0.226759,1.1453,1.989157,0.004744,0.002824,2264.728367,3904.510131,1.000949
"A[BlueprintBench 2, axis1]",0.855471,0.298238,0.318249,1.401965,0.006169,0.003343,2225.381909,2698.647992,1.001922
"A[Chess Puzzles, axis1]",0.958641,0.077841,0.807604,1.096086,0.001359,0.00075,3271.031951,5300.844401,1.00041
"A[CyScenarioBench, axis1]",1.574687,0.410929,0.796141,2.34013,0.008826,0.005624,2054.428793,2194.907802,1.001151
"A[DTBench, axis1]",0.90556,0.049122,0.81653,0.997906,0.001013,0.000465,2372.235345,4856.848588,1.000821
"A[DrugDiscoveryBench, axis1]",0.561656,0.202961,0.217066,0.94767,0.005125,0.004394,1608.13968,2777.05533,1.004033
"A[EBR-bench, axis1]",1.721369,0.22599,1.294799,2.148054,0.004741,0.002744,2256.036949,3619.807841,1.001285
"A[Fiction.LiveBench, axis1]",1.436985,0.234325,0.993684,1.871937,0.004909,0.002628,2273.769679,3428.600117,1.002342
"A[GeoBench, axis1]",0.421066,0.100928,0.241203,0.618707,0.001499,0.001179,4411.463608,4084.850863,1.000794
"A[LMCA, axis1]",0.792404,0.042645,0.711571,0.871828,0.000777,0.000386,2998.518831,4875.309544,1.000316
"A[MirrorCode, axis1]",0.675787,0.38575,0.151044,1.361136,0.012277,0.023367,1554.091077,1256.411392,1.00214
"A[Mystery Game Puzzles, axis1]",0.892131,0.085624,0.730248,1.049466,0.001943,0.00105,1943.096479,3598.065451,1.000345
"A[PRBench, axis1]",0.393924,0.066493,0.27474,0.526246,0.001147,0.000741,3324.822503,3102.347633,1.000727
"A[SWE Atlas, axis1]",0.56181,0.118674,0.343659,0.784947,0.002411,0.001554,2355.532824,3051.117975,1.001729
"A[Visual Task Assessment (VISTA), axis1]",0.30681,0.037522,0.240519,0.380649,0.000645,0.000374,3378.216627,4873.654416,1.000814
D[AISI CTF Suites - Apprentice],-0.019352,0.166288,-0.32387,0.301937,0.004068,0.002146,1676.347275,2989.167987,1.000839
D[AISI CTF Suites - Expert],0.887678,0.20884,0.526119,1.302168,0.005198,0.002747,1614.129683,3273.583528,1.002541
D[AISI CTF Suites - Practitioner],0.651482,0.48624,-0.217254,1.613545,0.015077,0.007926,1035.039852,1622.777839,1.003424
D[AISI CTF Suites - Technical Non-Expert],-2.115524,0.235494,-2.560239,-1.686891,0.004378,0.002413,2899.9706,4951.842179,1.0006
D[AISI Cyber Ranges - Cooling Tower],3.410461,0.558862,2.432809,4.568091,0.011672,0.007267,2360.514538,3201.430834,1.001604
D[AISI Cyber Ranges - The Last Ones],1.160551,0.219209,0.763306,1.587247,0.004895,0.002724,1995.349364,3597.559925,1.002826
D[BlueprintBench 2],1.91805,0.342822,1.263103,2.540557,0.005941,0.003768,3343.437608,4788.386242,1.001847
D[Chess Puzzles],1.654587,0.060881,1.538289,1.767135,0.000764,0.000617,6343.486646,6352.351602,1.000135
D[CyScenarioBench],3.751739,0.57878,2.718617,4.886538,0.012658,0.006576,2079.444387,3586.553993,1.001146
D[DTBench],-1.556382,0.041224,-1.633607,-1.479035,0.00067,0.000392,3785.589268,5748.428035,1.000981
D[DrugDiscoveryBench],0.920706,0.213934,0.55546,1.328692,0.005029,0.004818,2000.253356,2442.948056,1.002817
D[EBR-bench],3.161966,0.315401,2.540039,3.747013,0.006638,0.003902,2268.769631,3184.977816,1.002394
D[Fiction.LiveBench],-0.916631,0.185319,-1.26966,-0.568849,0.003058,0.001838,3679.36084,5440.947226,1.002473
D[GeoBench],-0.803111,0.124237,-1.027595,-0.56257,0.001465,0.001309,7265.968709,5614.141244,0.999949
D[LMCA],0.808085,0.034975,0.743331,0.875547,0.000503,0.000332,4831.797528,6179.610016,1.000387
D[MirrorCode],1.634581,0.621398,0.590517,2.737454,0.018671,0.041409,2035.501733,1056.895606,1.001278
D[Mystery Game Puzzles],1.676864,0.067664,1.548754,1.800304,0.001151,0.000666,3451.038602,5579.23878,1.000645
D[PRBench],0.312913,0.061138,0.196449,0.425651,0.000847,0.000674,5247.269869,4993.366156,1.000861
D[SWE Atlas],0.739174,0.137495,0.491196,1.011625,0.002538,0.001575,2944.62711,4737.368859,1.001255
D[Visual Task Assessment (VISTA)],0.183446,0.032886,0.121333,0.244469,0.000433,0.00033,5788.758411,6257.310106,1.000358
phi_b[AISI CTF Suites - Apprentice],94.376716,47.155143,25.56603,179.313047,0.776603,0.920031,3682.53607,5097.522279,1.001057
phi_b[AISI CTF Suites - Expert],129.224037,85.44923,20.208247,264.927862,1.468215,2.635677,3606.97166,4336.45287,1.000474
phi_b[AISI CTF Suites - Practitioner],180.775386,201.52913,8.966489,482.965548,4.400931,8.95423,1049.124244,869.873531,1.00361
phi_b[AISI CTF Suites - Technical Non-Expert],24.412023,9.091451,9.081711,40.991839,0.125439,0.120717,5487.674477,5712.660213,1.000408
phi_b[AISI Cyber Ranges - Cooling Tower],26.552627,27.702834,2.429616,66.090356,0.589069,1.730839,2365.597026,3076.52052,1.002068
phi_b[AISI Cyber Ranges - The Last Ones],75.45265,45.449132,16.355352,154.79164,0.83975,1.475765,2752.831595,4341.537658,1.001196
phi_b[BlueprintBench 2],5.323747,1.877341,2.241106,8.723125,0.028343,0.026758,4477.599369,5427.062236,1.001012
phi_b[Chess Puzzles],14.244165,1.990981,10.57782,17.951121,0.031392,0.0228,4008.449304,5507.062687,1.000143
phi_b[CyScenarioBench],12.333214,5.932738,3.517211,23.298148,0.094391,0.117172,3788.935806,4668.359114,1.000552
phi_b[DTBench],121.242651,33.633181,68.581859,182.715504,0.740228,0.742775,2194.186609,3168.086801,1.001315
phi_b[DrugDiscoveryBench],52.788978,30.287074,15.894703,97.019699,0.676235,2.90101,3079.567626,3241.580056,1.002145
phi_b[EBR-bench],33.986027,17.155324,8.836425,63.553663,0.347521,0.421234,2370.894029,3722.679736,1.002186
phi_b[Fiction.LiveBench],14.50514,6.914661,4.723826,26.600983,0.155522,0.208032,2178.31192,3178.851299,1.00301
phi_b[GeoBench],13.695704,3.52195,7.499816,20.171446,0.040861,0.039893,7590.200652,6425.675096,1.000452
phi_b[LMCA],99.204798,22.24101,62.494382,140.766296,0.385541,0.344369,3469.178987,4835.548782,0.999985
phi_b[MirrorCode],8.754146,7.538269,1.537954,16.444993,0.2566,1.054002,2855.30606,1123.552658,1.001497
phi_b[Mystery Game Puzzles],29.735986,6.288968,18.690914,41.566313,0.136402,0.078565,2153.067348,3472.785135,0.99996
phi_b[PRBench],68.283094,26.5227,26.637838,117.475489,0.418942,0.38076,3888.358401,5712.662773,1.00081
phi_b[SWE Atlas],64.811611,42.724605,11.019088,142.577034,1.074193,1.094541,1507.341537,3206.436669,1.001316
phi_b[Visual Task Assessment (VISTA)],134.135992,38.257474,69.857856,205.422031,0.624918,0.481011,3648.732685,5064.535953,1.00029
