,mean,sd,hdi_3%,hdi_97%,mcse_mean,mcse_sd,ess_bulk,ess_tail,r_hat
sigma_b_log__[0],-2.70544,0.128951,-2.940662,-2.455175,0.002131,0.001214,3663.8284,5264.195622,1.001547
sigma_b_log__[1],-2.464265,0.075616,-2.61218,-2.326826,0.001116,0.000753,4589.851086,5569.18742,0.999986
sigma_b_log__[2],-2.114093,0.101418,-2.301627,-1.922749,0.001614,0.001022,3972.014338,4877.531199,1.000822
sigma_b_log__[3],-2.742382,0.120865,-2.96784,-2.518174,0.001615,0.001216,5638.638818,5436.039875,1.00039
sigma_b_log__[4],-2.700155,0.232297,-3.143528,-2.270554,0.00492,0.002619,2227.391902,4050.041955,1.001268
sigma_b_log__[5],-2.7019,0.146887,-2.969651,-2.421152,0.003159,0.001589,2192.160271,3769.13038,1.000745
sigma_b_log__[6],-3.124811,0.217986,-3.54051,-2.723869,0.007881,0.004583,768.84184,1464.923319,1.001762
sigma_b_log__[7],-2.07307,0.195528,-2.429627,-1.709927,0.002515,0.002329,6229.710599,5031.805618,1.000264
sigma_b_log__[8],-3.089466,0.188218,-3.430018,-2.728153,0.004492,0.002418,1778.744882,3015.667883,1.000808
sigma_b_log__[9],-2.462072,0.119177,-2.686947,-2.243383,0.001292,0.001199,8494.851954,6369.112187,1.000197
sigma_b_log__[10],-3.130161,0.13153,-3.383879,-2.889548,0.001452,0.001361,8250.854257,6401.627589,1.000952
sigma_b_log__[11],-2.751941,0.130454,-2.986253,-2.499821,0.001475,0.001309,7802.568447,6515.129191,1.000609
sigma_b_log__[12],-3.091737,0.157825,-3.379771,-2.78444,0.002222,0.001461,5042.03483,6057.62204,1.000052
sigma_b_log__[13],-2.478024,0.138391,-2.736494,-2.21511,0.001861,0.001342,5545.831399,6105.881711,1.000766
sigma_b_log__[14],-3.14457,0.173763,-3.467873,-2.820961,0.003031,0.002007,3343.6993,4429.52504,1.000557
sigma_b_log__[15],-2.768703,0.214448,-3.16025,-2.353157,0.00342,0.002369,3978.504497,4999.716386,1.001286
sigma_b_log__[16],-1.896174,0.065176,-2.021406,-1.775825,0.001188,0.000615,3024.48696,4679.124665,1.000586
sigma_b_log__[17],-1.721399,0.102455,-1.912464,-1.527199,0.001683,0.000986,3716.013472,5246.473889,1.000384
sigma_b_log__[18],-3.013592,0.233136,-3.443639,-2.564258,0.003808,0.002197,3751.821068,5380.636161,1.000888
sigma_b_log__[19],-2.294679,0.17661,-2.647142,-1.984215,0.003122,0.001682,3199.953246,5271.476688,1.000191
sigma_b_log__[20],-2.538205,0.081378,-2.691718,-2.386596,0.001329,0.000797,3760.566383,4807.153142,1.000739
tau_CD_log__,0.619136,0.154561,0.341189,0.91364,0.006549,0.004145,561.111567,740.240272,1.004756
sigma_A_log__,-0.671869,0.160174,-0.979869,-0.385388,0.005371,0.003117,881.808429,1448.035899,1.003979
"theta_t_zerosum__[0, 0]",0.157444,0.119412,-0.07946,0.371428,0.001443,0.001834,7146.487191,4464.245932,1.001667
"theta_t_zerosum__[0, 1]",-0.639863,0.148371,-0.910381,-0.354724,0.001464,0.001742,10285.382966,5428.632998,1.000144
"theta_t_zerosum__[0, 2]",-0.448723,0.187992,-0.79573,-0.089648,0.001818,0.002344,10732.729353,5804.742873,1.000799
"theta_t_zerosum__[0, 3]",-1.146091,0.157152,-1.444506,-0.856596,0.001574,0.001803,9969.381974,5561.414356,1.000151
"theta_t_zerosum__[0, 4]",-0.822037,0.180109,-1.175923,-0.499303,0.001738,0.002189,10846.463924,5777.39907,1.00039
"theta_t_zerosum__[0, 5]",-0.364103,0.303927,-0.950109,0.175165,0.002821,0.004016,11718.515056,5684.927041,1.000806
"theta_t_zerosum__[0, 6]",0.851195,0.315235,0.26489,1.447299,0.00407,0.003458,6136.721385,5757.457247,1.00007
"theta_t_zerosum__[0, 7]",-0.427388,0.406959,-1.199079,0.335475,0.004303,0.006656,9788.686328,4949.137998,0.999943
"theta_t_zerosum__[0, 8]",0.708126,0.456043,-0.15863,1.539761,0.005236,0.006171,8723.017674,5109.358732,1.00074
"theta_t_zerosum__[0, 9]",-0.618234,0.336535,-1.251065,-0.032118,0.00434,0.004533,6731.128354,4857.019738,1.000756
"theta_t_zerosum__[0, 10]",-0.744961,0.344376,-1.381621,-0.093043,0.00329,0.004855,11314.078642,5006.213314,1.000293
"theta_t_zerosum__[0, 11]",0.176834,0.094633,-0.007027,0.35417,0.001104,0.001196,7331.582579,5301.445256,1.000254
"theta_t_zerosum__[0, 12]",-1.67839,0.124724,-1.917251,-1.449523,0.001469,0.001385,7203.702314,5458.58131,0.999986
"theta_t_zerosum__[0, 13]",-1.775567,0.17769,-2.097557,-1.43235,0.001783,0.001966,9983.770089,6138.593192,1.001467
"theta_t_zerosum__[0, 14]",-2.420325,0.198015,-2.788055,-2.047405,0.002134,0.002183,8697.869405,5814.823427,1.000383
"theta_t_zerosum__[0, 15]",-1.916777,0.359783,-2.61597,-1.26004,0.003832,0.004656,9508.693347,5085.288957,0.999755
"theta_t_zerosum__[0, 16]",-1.743646,0.281343,-2.297481,-1.248759,0.00285,0.003274,10108.299537,5479.152488,1.000194
"theta_t_zerosum__[0, 17]",-1.07966,0.153312,-1.37,-0.789201,0.001592,0.001875,9349.646562,5644.709935,1.000414
"theta_t_zerosum__[0, 18]",-1.904487,0.214198,-2.306608,-1.512156,0.002151,0.002413,9872.996738,6629.245659,1.00036
"theta_t_zerosum__[0, 19]",-2.173635,0.223709,-2.595966,-1.752695,0.002287,0.002746,9635.959452,5875.764576,0.999884
"theta_t_zerosum__[0, 20]",-0.513771,0.343651,-1.147318,0.115251,0.003789,0.004564,8811.149647,5674.612246,1.001001
"theta_t_zerosum__[0, 21]",-0.527348,0.265398,-1.034119,-0.033261,0.002586,0.003251,10672.63282,5732.09331,1.001514
"theta_t_zerosum__[0, 22]",0.054043,0.180775,-0.274811,0.396228,0.002186,0.001986,6883.995479,5927.640852,1.000027
"theta_t_zerosum__[0, 23]",-1.049077,0.391594,-1.812211,-0.339924,0.003764,0.005231,11129.887281,5077.433087,1.000034
"theta_t_zerosum__[0, 24]",-2.84797,0.251962,-3.32001,-2.370563,0.002987,0.002797,7210.206125,5574.743883,1.000905
"theta_t_zerosum__[0, 25]",-0.260852,0.200468,-0.622736,0.130035,0.001933,0.002447,10968.218889,5476.522536,1.000347
"theta_t_zerosum__[0, 26]",-0.620289,0.255224,-1.112187,-0.160636,0.002411,0.003243,11275.553132,5870.981911,1.000009
"theta_t_zerosum__[0, 27]",-1.072009,0.399216,-1.870224,-0.345484,0.004037,0.005538,10262.759489,5083.760804,1.000375
"theta_t_zerosum__[0, 28]",-0.388293,0.296974,-0.962184,0.146047,0.002849,0.003813,11282.495496,5638.396551,1.000449
"theta_t_zerosum__[0, 29]",-1.138839,0.40368,-1.961032,-0.440253,0.004317,0.005401,9094.633247,5279.522742,1.00028
"theta_t_zerosum__[0, 30]",-1.671054,0.206301,-2.082545,-1.307269,0.002069,0.002483,9982.194556,6178.10923,1.001065
"theta_t_zerosum__[0, 31]",-2.343846,0.241169,-2.775687,-1.870555,0.00243,0.002689,9868.705439,6382.805978,1.001495
"theta_t_zerosum__[0, 32]",-1.507055,0.210783,-1.91318,-1.12396,0.002374,0.002392,7994.732655,5575.230747,0.999965
"theta_t_zerosum__[0, 33]",-2.276874,0.336951,-2.931687,-1.690495,0.00375,0.004176,8633.049811,5270.794163,0.999989
"theta_t_zerosum__[0, 34]",-1.388388,0.25504,-1.874723,-0.921069,0.002519,0.002963,10394.223287,6310.796124,1.000457
"theta_t_zerosum__[0, 35]",-1.185083,0.151053,-1.47501,-0.905927,0.001661,0.001734,8269.801171,5886.906052,1.000009
"theta_t_zerosum__[0, 36]",-1.083249,0.130997,-1.324586,-0.836709,0.001305,0.001579,10119.286319,5422.619702,1.000476
"theta_t_zerosum__[0, 37]",-0.816577,0.153177,-1.109814,-0.541263,0.001726,0.001558,7879.387486,6546.066189,1.00036
"theta_t_zerosum__[0, 38]",-0.420869,0.170937,-0.739256,-0.097389,0.001769,0.002044,9364.820961,5997.604493,1.00073
"theta_t_zerosum__[0, 39]",-0.419771,0.407705,-1.164236,0.333393,0.004466,0.008139,9623.06401,4854.893838,1.001347
"theta_t_zerosum__[0, 40]",-0.322946,0.415398,-1.131333,0.42722,0.004474,0.007191,9575.362578,5031.591559,1.00067
"theta_t_zerosum__[0, 41]",-0.642801,0.255328,-1.131225,-0.171283,0.002869,0.003336,8606.262695,4903.816402,1.000044
"theta_t_zerosum__[0, 42]",-1.962581,0.196383,-2.337057,-1.601532,0.00232,0.002147,7308.469382,6214.051095,0.9998
"theta_t_zerosum__[0, 43]",-1.583367,0.161453,-1.885548,-1.279417,0.00194,0.001838,6948.87377,5545.3996,1.000429
"theta_t_zerosum__[0, 44]",-2.049414,0.195399,-2.420155,-1.691972,0.002132,0.002222,8532.773656,5680.504753,1.000463
"theta_t_zerosum__[0, 45]",1.728449,0.220195,1.316312,2.139147,0.002777,0.002464,6305.537844,5864.787357,1.000035
"theta_t_zerosum__[0, 46]",1.723972,0.176918,1.399964,2.062195,0.001806,0.002346,9626.654403,5514.667295,1.000665
"theta_t_zerosum__[0, 47]",1.492755,0.323341,0.892055,2.096371,0.003763,0.005041,8244.068963,5054.738736,1.000343
"theta_t_zerosum__[0, 48]",1.897259,0.124122,1.657561,2.122436,0.0021,0.001446,3594.466872,4720.573752,1.00059
"theta_t_zerosum__[0, 49]",1.613861,0.220941,1.212702,2.051161,0.002262,0.003046,9713.825942,5011.398535,1.001323
"theta_t_zerosum__[0, 50]",1.628498,0.24602,1.165247,2.088644,0.00246,0.002883,10011.557652,5737.448149,1.000064
"theta_t_zerosum__[0, 51]",1.372084,0.17594,1.043919,1.697227,0.002345,0.001979,5725.159353,5443.230352,1.000768
"theta_t_zerosum__[0, 52]",1.776761,0.182527,1.431841,2.118374,0.002128,0.002069,7487.771973,5541.095548,0.999982
"theta_t_zerosum__[0, 53]",1.111583,0.336477,0.498223,1.769203,0.003291,0.003871,10713.717347,5883.714266,1.000623
"theta_t_zerosum__[0, 54]",1.764763,0.109541,1.56722,1.973579,0.001827,0.001264,3642.411966,4625.041538,1.000398
"theta_t_zerosum__[0, 55]",1.222648,0.454831,0.323328,2.048553,0.005481,0.006084,7127.422529,4506.854743,1.000374
"theta_t_zerosum__[0, 56]",1.85259,0.259282,1.383605,2.37308,0.003511,0.003453,5595.769352,4436.852525,1.000842
"theta_t_zerosum__[0, 57]",1.38378,0.448855,0.541515,2.247668,0.004617,0.005956,9570.459824,5483.241183,1.00086
"theta_t_zerosum__[0, 58]",-0.678066,0.237339,-1.107101,-0.212549,0.00244,0.00275,9471.596942,6246.771495,1.000153
"theta_t_zerosum__[0, 59]",-0.270001,0.326857,-0.920089,0.328937,0.003267,0.003816,10014.360388,5855.364783,1.00066
"theta_t_zerosum__[0, 60]",-0.118638,0.425552,-0.872025,0.706664,0.004324,0.006111,10774.045259,5760.506597,1.000676
"theta_t_zerosum__[0, 61]",-0.638588,0.357816,-1.29723,0.002677,0.004053,0.005058,8810.52149,4549.474934,1.000365
"theta_t_zerosum__[0, 62]",-0.273386,0.230253,-0.710733,0.156666,0.002481,0.002726,8630.229599,5966.736172,1.000357
"theta_t_zerosum__[0, 63]",-0.026015,0.196843,-0.388318,0.348395,0.00194,0.00225,10296.99326,6141.23248,1.0014
"theta_t_zerosum__[0, 64]",-0.060597,0.433998,-0.825568,0.796317,0.005051,0.006899,8707.688735,4389.350172,1.000749
"theta_t_zerosum__[0, 65]",-0.519774,0.151564,-0.805122,-0.239038,0.001941,0.002281,6595.482404,4673.714496,1.001678
"theta_t_zerosum__[0, 66]",-0.297619,0.227482,-0.738676,0.1121,0.002447,0.003073,9088.634663,5275.808063,1.000727
"theta_t_zerosum__[0, 67]",-0.679075,0.398014,-1.44289,0.061715,0.003926,0.006355,10564.414397,5455.757387,1.00142
"theta_t_zerosum__[0, 68]",-0.166397,0.19113,-0.521957,0.203919,0.00193,0.002517,9831.119446,5471.872478,1.000926
"theta_t_zerosum__[0, 69]",-0.172837,0.419405,-0.925248,0.63369,0.004504,0.00664,9674.892513,4807.618445,1.000617
"theta_t_zerosum__[0, 70]",-0.334448,0.162375,-0.63073,-0.017273,0.001733,0.001969,8901.503659,6075.135093,1.000139
"theta_t_zerosum__[0, 71]",0.387752,0.279316,-0.141054,0.898284,0.00333,0.003195,7051.624449,5783.927212,1.000686
"theta_t_zerosum__[0, 72]",0.607479,0.215789,0.212758,1.016205,0.002105,0.002772,10622.301864,5970.43771,0.999798
"theta_t_zerosum__[0, 73]",0.155896,0.096405,-0.031205,0.33152,0.00105,0.001328,8536.16693,5390.885309,1.000749
"theta_t_zerosum__[0, 74]",0.411257,0.484642,-0.479108,1.34779,0.004921,0.006554,9911.404397,5187.831808,1.000192
"theta_t_zerosum__[0, 75]",0.446853,0.517353,-0.599261,1.301466,0.008123,0.008982,4835.197343,3403.816649,1.001336
"theta_t_zerosum__[0, 76]",0.511748,0.136549,0.253903,0.768265,0.001447,0.001736,8962.202117,5152.423909,1.000514
"theta_t_zerosum__[0, 77]",0.253077,0.154195,-0.033566,0.55096,0.001715,0.001762,8072.153289,6082.641966,1.000173
"theta_t_zerosum__[0, 78]",0.711223,0.462534,-0.075538,1.650596,0.004911,0.006448,10130.902809,5080.24268,1.000049
"theta_t_zerosum__[0, 79]",0.778815,0.456034,-0.033193,1.651002,0.005171,0.005535,8740.896986,5331.256961,1.001014
"theta_t_zerosum__[0, 80]",1.095361,0.221931,0.70118,1.530759,0.00214,0.002752,10767.562404,5432.665886,1.000366
"theta_t_zerosum__[0, 81]",0.822493,0.072839,0.684118,0.957528,0.000879,0.000805,6929.076052,5667.682657,1.000345
"theta_t_zerosum__[0, 82]",0.890839,0.1794,0.560692,1.237475,0.00211,0.002039,7229.506205,6047.969541,1.000933
"theta_t_zerosum__[0, 83]",1.05679,0.359773,0.367458,1.721338,0.003734,0.004495,9810.463011,5161.846949,1.000134
"theta_t_zerosum__[0, 84]",1.055096,0.355527,0.374806,1.714141,0.003397,0.004517,11414.364796,5487.930697,0.99993
"theta_t_zerosum__[0, 85]",0.971256,0.075679,0.833389,1.114422,0.000911,0.000895,6973.334626,5911.180835,1.00051
"theta_t_zerosum__[0, 86]",0.962453,0.152154,0.685886,1.260519,0.00181,0.00195,7192.452899,5605.029357,1.000354
"theta_t_zerosum__[0, 87]",1.011597,0.452281,0.184582,1.881026,0.004805,0.005744,9707.768442,5461.273602,1.000157
"theta_t_zerosum__[0, 88]",1.174278,0.294501,0.627938,1.732798,0.003244,0.003929,8449.236105,5713.093573,0.999898
"theta_t_zerosum__[0, 89]",0.794051,0.303768,0.215344,1.354937,0.002939,0.003771,11101.634674,5735.009737,1.000627
"theta_t_zerosum__[0, 90]",1.292261,0.079478,1.134868,1.437873,0.001098,0.000903,5319.263881,4972.317454,1.000136
"theta_t_zerosum__[0, 91]",0.965027,0.278672,0.423154,1.473273,0.00275,0.003265,10506.052466,5456.766639,1.000591
"theta_t_zerosum__[0, 92]",0.637829,0.224386,0.20763,1.054242,0.002267,0.002965,10036.559801,5788.442431,1.001313
"theta_t_zerosum__[0, 93]",1.357237,0.255299,0.881828,1.851919,0.003201,0.003326,6560.105267,4681.963489,1.000138
"theta_t_zerosum__[0, 94]",1.202395,0.201386,0.844502,1.593339,0.001995,0.002358,10195.685894,6025.927153,0.999875
"theta_t_zerosum__[0, 95]",1.494632,0.340216,0.904658,2.183423,0.003206,0.004423,11918.697847,5372.713057,1.001264
"theta_t_zerosum__[0, 96]",1.760095,0.166517,1.447604,2.07695,0.001715,0.00195,9453.885803,5962.195465,1.001993
"theta_t_zerosum__[0, 97]",1.334312,0.202868,0.953438,1.705902,0.002341,0.002411,7801.721676,5764.401162,1.000557
"theta_t_zerosum__[0, 98]",1.639847,0.099842,1.456174,1.830707,0.001806,0.001164,3043.009731,4824.466555,1.000533
"theta_t_zerosum__[0, 99]",1.562164,0.184402,1.21096,1.906798,0.001972,0.002123,8787.965016,5735.803958,1.000453
"theta_t_zerosum__[0, 100]",1.700975,0.177893,1.351671,2.025406,0.001885,0.002051,8936.139278,5859.557366,0.999936
"theta_t_zerosum__[0, 101]",-0.644181,0.271904,-1.149868,-0.127394,0.002506,0.003174,11800.211753,5595.128735,0.999806
"theta_t_zerosum__[0, 102]",-0.230104,0.19036,-0.581254,0.134731,0.001807,0.002239,11104.019693,6320.898546,1.000602
"theta_t_zerosum__[0, 103]",0.001573,0.427414,-0.80061,0.807753,0.004525,0.006165,10020.911128,5086.243168,1.000535
"theta_t_zerosum__[0, 104]",-0.059074,0.428914,-0.85105,0.770587,0.00461,0.006043,9552.678029,4704.845015,1.000217
"theta_t_zerosum__[0, 105]",-0.646951,0.21047,-1.047626,-0.256241,0.002211,0.002534,9556.495272,5466.647421,1.000073
"theta_t_zerosum__[0, 106]",-0.297629,0.253417,-0.771422,0.177302,0.002728,0.00283,8611.895354,6447.948385,1.000584
"theta_t_zerosum__[0, 107]",0.052971,0.192066,-0.294438,0.430726,0.001905,0.002308,10208.63201,5219.585924,1.000201
"theta_t_zerosum__[0, 108]",-0.11679,0.110409,-0.324879,0.08862,0.001298,0.001391,7318.511592,5310.238958,0.999997
"theta_t_zerosum__[0, 109]",0.173425,0.43549,-0.581767,1.054564,0.004542,0.00596,10027.130602,4843.184331,1.00013
"theta_t_zerosum__[0, 110]",-0.104324,0.483565,-1.046115,0.809467,0.005022,0.006236,9428.628166,5461.330878,1.000356
"theta_t_zerosum__[0, 111]",-0.120272,0.176649,-0.448668,0.209306,0.001907,0.002125,8589.313059,5785.187955,1.000467
"theta_t_zerosum__[0, 112]",0.382459,0.496043,-0.554461,1.311875,0.005173,0.006352,9364.325261,5800.341913,1.001687
"theta_t_zerosum__[0, 113]",0.416966,0.446359,-0.390674,1.284778,0.004679,0.005695,10040.222464,5681.014473,1.000307
"theta_t_zerosum__[0, 114]",0.376008,0.253154,-0.123615,0.83016,0.002523,0.002834,10103.391216,5976.271559,1.000194
"theta_t_zerosum__[0, 115]",0.35293,0.245362,-0.110024,0.796923,0.002713,0.002578,8378.80945,6095.627421,0.999915
"theta_t_zerosum__[0, 116]",0.52123,0.239102,0.072714,0.964275,0.002397,0.002712,10073.83961,5509.379458,1.000188
"theta_t_zerosum__[0, 117]",0.248883,0.399654,-0.588523,0.922336,0.005159,0.005985,6591.005539,4577.36316,1.000949
"theta_t_zerosum__[0, 118]",0.40307,0.214167,-0.009762,0.797697,0.002102,0.002553,10534.023823,5647.116249,0.999941
"theta_t_zerosum__[0, 119]",0.097399,0.488998,-0.825465,1.010132,0.005357,0.006168,8741.775963,5504.413103,1.000984
"theta_t_zerosum__[0, 120]",0.893398,0.079514,0.744798,1.045604,0.00094,0.000903,7243.096287,5049.824403,1.000945
"theta_t_zerosum__[0, 121]",0.413835,0.260813,-0.069953,0.928662,0.002841,0.003482,8549.84266,5588.873275,0.999984
"theta_t_zerosum__[0, 122]",1.131546,0.221012,0.701949,1.531555,0.002601,0.002665,7350.041372,5466.617138,1.000787
"theta_t_zerosum__[0, 123]",0.815352,0.335919,0.193664,1.452819,0.003263,0.004135,10898.343749,5666.741364,1.001215
"theta_t_zerosum__[0, 124]",-0.39941,0.341815,-1.093514,0.185193,0.003768,0.004094,9080.988273,5224.69434,1.000379
"theta_t_zerosum__[0, 125]",0.22456,0.335348,-0.420192,0.834316,0.003029,0.004601,12325.49447,5486.901921,1.000385
"theta_t_zerosum__[0, 126]",0.727517,0.082239,0.57595,0.884667,0.000976,0.000996,7129.963472,4696.106959,0.999825
"theta_t_zerosum__[0, 127]",0.375979,0.338356,-0.2656,1.024356,0.004629,0.004233,5383.364335,5459.335999,1.000161
"theta_t_zerosum__[0, 128]",-0.203913,0.296695,-0.770992,0.335116,0.002684,0.003513,12438.237606,5963.645086,1.001554
"theta_t_zerosum__[0, 129]",-0.036505,0.309885,-0.628293,0.533196,0.002982,0.003633,10834.715078,5957.86635,1.000094
"theta_t_zerosum__[0, 130]",0.846333,0.078674,0.70441,1.000165,0.000855,0.001014,8471.007405,5897.901322,1.000924
"theta_t_zerosum__[0, 131]",0.827095,0.45024,-0.048638,1.629788,0.005198,0.007532,8453.068664,4368.60522,0.999827
"theta_t_zerosum__[0, 132]",0.154922,0.188528,-0.180665,0.52373,0.002007,0.002189,8894.074217,6297.424486,0.999956
"theta_t_zerosum__[0, 133]",0.298962,0.087717,0.135237,0.462031,0.001191,0.001056,5484.237526,5036.325401,1.000266
"theta_t_zerosum__[0, 134]",-0.399487,0.320717,-1.027611,0.178525,0.003559,0.003876,8134.589506,5855.976384,0.999856
"theta_t_zerosum__[0, 135]",-2.517298,0.227626,-2.942303,-2.082444,0.002545,0.00259,8052.621899,6096.090621,1.000292
"theta_t_zerosum__[0, 136]",-1.800996,0.196645,-2.17321,-1.432367,0.00202,0.002288,9544.348318,5324.447963,1.001097
"theta_t_zerosum__[0, 137]",-1.264632,0.271119,-1.778807,-0.769159,0.002577,0.003502,11432.361342,5608.489897,1.000071
"theta_t_zerosum__[0, 138]",-1.52693,0.191439,-1.88497,-1.163746,0.001918,0.002385,10207.199094,6227.621247,1.000121
"theta_t_zerosum__[0, 139]",-1.235583,0.221954,-1.650684,-0.82102,0.002192,0.002553,10650.61318,5995.29406,1.001818
"theta_t_zerosum__[0, 140]",-1.128851,0.247715,-1.584864,-0.662638,0.002389,0.002971,11026.360871,5917.702671,0.999838
"theta_t_zerosum__[0, 141]",-0.793335,0.213727,-1.206156,-0.412151,0.00219,0.00304,10068.567843,5185.233166,1.000592
"theta_t_zerosum__[0, 142]",-1.154399,0.417641,-1.942635,-0.395341,0.004555,0.004909,8679.807602,5407.161328,0.999863
"theta_t_zerosum__[0, 143]",-0.253249,0.199977,-0.661553,0.097722,0.002066,0.002602,9463.852901,5000.862988,1.000848
"theta_t_zerosum__[0, 144]",-0.399146,0.337149,-1.021625,0.238811,0.003251,0.004364,10791.791082,5798.709784,1.000282
"theta_t_zerosum__[0, 145]",-0.387133,0.18874,-0.736777,-0.036942,0.001904,0.00249,10051.095339,5823.364073,1.000798
"theta_t_zerosum__[0, 146]",-0.395348,0.336969,-1.076352,0.208458,0.003179,0.004271,11348.570279,5617.766527,1.001154
"theta_t_zerosum__[0, 147]",-0.235044,0.106932,-0.43645,-0.03859,0.001639,0.001256,4452.4648,4894.516513,1.000156
"theta_t_zerosum__[0, 148]",-0.038501,0.199982,-0.405156,0.342167,0.002477,0.002803,7090.131499,5275.29981,1.000256
"theta_t_zerosum__[0, 149]",-0.155547,0.222219,-0.588455,0.233097,0.002893,0.002833,6520.558024,4474.403627,1.000414
"theta_t_zerosum__[0, 150]",-0.092002,0.192419,-0.435891,0.279194,0.002899,0.002073,4476.393434,5933.703834,1.000042
"theta_t_zerosum__[0, 151]",0.112402,0.333581,-0.5319,0.719747,0.00318,0.004229,11152.611436,6024.318569,1.000807
"theta_t_zerosum__[0, 152]",0.547836,0.079723,0.399201,0.701402,0.000899,0.001072,7951.018588,5081.069377,1.000792
"theta_t_zerosum__[0, 153]",0.843451,0.469625,-0.028121,1.725363,0.005272,0.006402,8994.773109,5326.59518,1.000185
"theta_t_zerosum__[0, 154]",0.72837,0.110389,0.517399,0.933367,0.001357,0.001185,6632.650915,5513.863469,1.00036
"theta_t_zerosum__[0, 155]",-0.369934,0.167963,-0.694599,-0.070705,0.00174,0.001999,9345.236585,5949.298885,1.000631
"theta_t_zerosum__[0, 156]",-0.033834,0.112903,-0.254833,0.171643,0.001311,0.00132,7529.837549,6026.913254,1.000001
"theta_t_zerosum__[0, 157]",-0.253556,0.138188,-0.528735,-0.012109,0.002145,0.002121,4649.582592,3889.577157,1.000332
"theta_t_zerosum__[0, 158]",-0.304215,0.145813,-0.569518,-0.028155,0.002294,0.002326,4607.800297,3555.834805,1.000101
"theta_t_zerosum__[0, 159]",0.918174,0.083891,0.766553,1.076881,0.001943,0.00096,1881.502519,3658.958584,1.001658
"theta_t_zerosum__[0, 160]",0.379367,0.250503,-0.07801,0.855398,0.002761,0.002956,8275.892111,5726.016465,1.000275
"theta_t_zerosum__[0, 161]",-0.530201,0.388821,-1.254939,0.167409,0.004294,0.005043,9046.918128,5583.061236,1.000331
"theta_t_zerosum__[0, 162]",-0.227405,0.114517,-0.442591,-0.017214,0.001927,0.001355,3646.526397,5271.071856,1.000384
"theta_t_zerosum__[0, 163]",-0.276915,0.407507,-1.011569,0.523135,0.004138,0.006806,10690.830756,4942.466835,1.000249
"theta_t_zerosum__[0, 164]",-0.477624,0.403416,-1.223185,0.292357,0.003958,0.005928,10746.375758,5240.82873,1.002128
"theta_t_zerosum__[0, 165]",0.826446,0.074527,0.691952,0.973884,0.00087,0.000863,7407.17848,5270.30489,1.000946
"theta_t_zerosum__[0, 166]",0.539351,0.455056,-0.276542,1.410276,0.005346,0.006664,8578.612162,4850.156678,1.000182
"theta_t_zerosum__[0, 167]",0.35033,0.258924,-0.122984,0.85072,0.00285,0.003272,8431.981193,4983.897251,1.000593
"theta_t_zerosum__[0, 168]",0.236126,0.441092,-0.575611,1.061986,0.005345,0.007249,8190.311714,4519.554146,1.000801
"theta_t_zerosum__[0, 169]",0.701328,0.08035,0.554902,0.856678,0.000927,0.001051,7666.184492,5249.274131,0.999969
"theta_t_zerosum__[0, 170]",0.305681,0.447785,-0.495755,1.156597,0.005126,0.006678,8809.329474,4639.279835,1.001605
"theta_t_zerosum__[0, 171]",0.231879,0.443473,-0.548738,1.095734,0.004834,0.006393,9808.925423,5240.593516,1.000315
"theta_t_zerosum__[0, 172]",0.765405,0.27167,0.252374,1.266826,0.002995,0.003583,8569.939455,5588.675626,1.000099
"theta_t_zerosum__[0, 173]",1.010901,0.079187,0.861715,1.1596,0.000955,0.000947,6930.596461,4985.017301,1.000148
"theta_t_zerosum__[0, 174]",0.60786,0.308569,0.026638,1.169494,0.003362,0.00425,9448.760614,5001.081235,1.001096
"theta_t_zerosum__[0, 175]",0.944361,0.277328,0.418163,1.454202,0.002843,0.004051,10407.254401,5268.996109,1.001153
"theta_t_zerosum__[0, 176]",1.107118,0.213573,0.699081,1.511905,0.002579,0.002629,7067.285013,5787.156823,1.000641
"theta_t_zerosum__[0, 177]",1.34047,0.257506,0.84406,1.814709,0.002888,0.003536,8428.055727,5483.995285,1.001791
"theta_t_zerosum__[0, 178]",0.035576,0.501216,-0.895689,0.926179,0.005611,0.006195,9014.300993,5664.590969,0.999954
"theta_t_zerosum__[0, 179]",1.120051,0.262012,0.64306,1.615393,0.002859,0.003461,8748.431696,5023.756993,1.000004
"theta_t_zerosum__[0, 180]",0.790139,0.450688,-0.102199,1.586129,0.005708,0.008527,7465.088757,4097.14835,1.000355
"theta_t_zerosum__[0, 181]",-1.276981,0.347124,-1.94605,-0.641778,0.003448,0.004628,10862.788972,5276.784534,1.000207
"theta_t_zerosum__[0, 182]",-1.153141,0.337128,-1.790776,-0.521076,0.003419,0.0042,10388.226399,5247.112524,1.000214
"theta_t_zerosum__[0, 183]",-0.74707,0.296931,-1.310918,-0.207953,0.003047,0.003667,9805.203128,5670.552042,0.999951
"theta_t_zerosum__[0, 184]",0.307565,0.452847,-0.466237,1.205349,0.005339,0.006501,8176.452215,4919.854509,1.000197
"theta_t_zerosum__[0, 185]",-0.070309,0.269869,-0.556392,0.459048,0.002639,0.003315,10752.063475,5496.44657,1.000674
"theta_t_zerosum__[0, 186]",0.055463,0.440338,-0.707957,0.894087,0.005583,0.008636,7787.851642,3813.393882,1.000208
"theta_t_zerosum__[0, 187]",-0.440037,0.354493,-1.143765,0.192142,0.004448,0.005328,6833.065334,4683.952508,1.000241
"theta_t_zerosum__[0, 188]",-0.685486,0.295455,-1.251239,-0.156338,0.003685,0.004463,7308.121038,4066.329076,1.000894
"theta_t_zerosum__[0, 189]",-0.408078,0.328223,-1.043552,0.192986,0.003078,0.004172,11423.901123,5703.424377,0.9998
"theta_t_zerosum__[0, 190]",-0.809657,0.390422,-1.53468,-0.099896,0.004716,0.005983,7826.26208,5121.405809,0.999963
"theta_t_zerosum__[0, 191]",-0.114313,0.186976,-0.460863,0.238708,0.001773,0.002147,11219.737029,6265.00353,1.000054
"theta_t_zerosum__[0, 192]",0.099796,0.216898,-0.296967,0.516218,0.002112,0.002605,10581.428416,5882.066729,1.000156
"theta_t_zerosum__[0, 193]",0.27099,0.096066,0.101889,0.461304,0.001288,0.001126,5590.346847,4687.447252,0.999939
"theta_t_zerosum__[0, 194]",-0.119939,0.129529,-0.361906,0.126576,0.001586,0.001821,6906.336682,4954.74306,1.000313
"theta_t_zerosum__[0, 195]",0.43025,0.205857,0.052753,0.831743,0.00209,0.00256,9900.429009,5730.94711,1.001364
"theta_t_zerosum__[0, 196]",0.593595,0.112952,0.382722,0.811508,0.001481,0.001848,6032.736979,4374.530065,1.000377
"theta_t_zerosum__[0, 197]",0.794892,0.080463,0.645505,0.946166,0.000947,0.000903,7239.263692,5855.874869,1.00102
"theta_t_zerosum__[0, 198]",0.25752,0.115783,0.034038,0.467199,0.002079,0.001814,3405.724221,3109.174391,1.000066
"theta_t_zerosum__[0, 199]",1.117625,0.255185,0.633505,1.592003,0.002674,0.003073,9190.102267,6083.271757,1.000387
"theta_t_zerosum__[0, 200]",0.617358,0.08044,0.462727,0.764475,0.00089,0.00099,8182.279268,5975.438582,1.000315
"theta_t_zerosum__[0, 201]",0.918746,0.402754,0.172587,1.639601,0.005074,0.006551,7770.285779,4562.153457,0.99989
"theta_t_zerosum__[0, 202]",0.93746,0.077296,0.793734,1.080484,0.000981,0.000894,6395.890803,5218.557052,1.000608
"theta_t_zerosum__[0, 203]",-2.59881,0.298648,-3.15662,-2.045378,0.003352,0.003696,8483.619868,5619.073039,1.000469
"theta_t_zerosum__[0, 204]",-1.939062,0.237981,-2.388674,-1.5066,0.002646,0.002848,8324.407869,5528.600022,1.000137
"theta_t_zerosum__[0, 205]",-2.152853,0.17652,-2.473186,-1.811168,0.001837,0.002112,9175.446193,5743.881661,0.999895
"theta_t_zerosum__[0, 206]",-1.78609,0.143318,-2.063148,-1.525349,0.001729,0.001703,6853.430871,6012.168813,1.000357
"theta_t_zerosum__[0, 207]",-0.937429,0.135336,-1.190097,-0.686214,0.001446,0.001603,9043.43066,5464.244025,1.000219
"theta_t_zerosum__[0, 208]",-0.871254,0.147775,-1.132699,-0.580036,0.001679,0.001787,7885.630279,5680.358029,0.999812
"theta_t_zerosum__[0, 209]",-1.248223,0.264231,-1.732238,-0.753741,0.002549,0.003264,11087.5257,5456.728791,1.00062
"theta_t_zerosum__[0, 210]",-0.889175,0.14543,-1.155537,-0.604736,0.001434,0.001673,10334.443359,6265.869594,1.001099
"theta_t_zerosum__[0, 211]",-1.423661,0.188069,-1.763399,-1.056689,0.001836,0.002147,10539.830095,5928.102445,1.000113
"theta_t_zerosum__[0, 212]",-1.994972,0.211648,-2.382942,-1.594148,0.002539,0.002369,6953.943847,5787.426773,0.999921
"theta_t_zerosum__[0, 213]",-1.514706,0.167161,-1.845953,-1.208069,0.00161,0.001872,11009.724621,6079.539474,1.000607
"theta_t_zerosum__[0, 214]",-1.981821,0.253469,-2.454111,-1.504589,0.002882,0.003153,8175.398471,5422.945583,1.000392
"theta_t_zerosum__[0, 215]",-0.447046,0.339228,-1.080699,0.202446,0.003205,0.00453,11325.1782,5951.415809,1.000451
"theta_t_zerosum__[0, 216]",0.601143,0.075077,0.460009,0.741142,0.000958,0.000887,6196.788466,5457.189061,1.000323
"theta_t_zerosum__[0, 217]",0.211051,0.116891,-0.022317,0.420776,0.001486,0.001776,6341.024484,4406.855836,1.000659
"theta_t_zerosum__[0, 218]",0.336916,0.230336,-0.072316,0.791389,0.002367,0.002708,9679.533209,5894.880075,1.000164
"theta_t_zerosum__[0, 219]",-0.426344,0.14566,-0.7046,-0.170042,0.002448,0.002344,3951.215628,3585.11295,1.000054
"theta_t_zerosum__[0, 220]",0.381853,0.148904,0.105707,0.660823,0.001649,0.002098,8536.201026,4899.770795,1.000045
"theta_t_zerosum__[0, 221]",0.125752,0.330551,-0.483731,0.778139,0.003085,0.004246,11579.048132,5779.057368,1.000556
"theta_t_zerosum__[0, 222]",0.299148,0.249826,-0.179404,0.760365,0.002434,0.00295,10563.914385,5471.143284,1.001117
"theta_t_zerosum__[0, 223]",0.337861,0.093209,0.165021,0.511223,0.001526,0.001175,3924.061787,4657.863892,1.000388
"theta_t_zerosum__[0, 224]",-0.34554,0.146841,-0.618003,-0.068309,0.001974,0.002217,6021.992032,4183.85629,1.000114
"theta_t_zerosum__[0, 225]",0.19054,0.439491,-0.599539,1.026111,0.004842,0.006658,9048.840323,4961.987264,1.001907
"theta_t_zerosum__[0, 226]",-0.926196,0.174486,-1.257157,-0.593295,0.001985,0.002351,8016.41583,4976.073191,1.000384
"theta_t_zerosum__[0, 227]",0.136242,0.190409,-0.223006,0.496292,0.002276,0.002425,7368.831471,4844.228714,1.00017
"theta_t_zerosum__[0, 228]",-0.225072,0.107293,-0.431264,-0.029615,0.001138,0.001253,8944.898227,5924.344455,1.000303
"theta_t_zerosum__[0, 229]",-0.991582,0.164783,-1.323687,-0.711591,0.001834,0.002171,8635.83108,5524.782098,1.000638
"theta_t_zerosum__[0, 230]",0.07395,0.436704,-0.732887,0.899539,0.00477,0.006126,9422.577867,5224.479351,1.00163
"theta_t_zerosum__[0, 231]",-1.466383,0.238533,-1.914139,-1.043996,0.003161,0.003367,6001.364892,5412.141578,1.000443
"theta_t_zerosum__[0, 232]",0.639348,0.083507,0.484937,0.799218,0.000893,0.001153,8837.595835,5398.47344,1.000632
"theta_t_zerosum__[0, 233]",0.759832,0.164384,0.443104,1.062385,0.001789,0.001969,8537.925583,5690.802896,0.99984
"theta_t_zerosum__[0, 234]",0.241536,0.18869,-0.10918,0.597957,0.001778,0.002203,11251.274294,6074.254626,1.000158
"theta_t_zerosum__[0, 235]",-0.182871,0.417717,-1.017283,0.569053,0.004566,0.006337,9405.405088,4673.501426,1.000653
"theta_t_zerosum__[0, 236]",0.419,0.459279,-0.403508,1.299206,0.00524,0.006104,8730.78328,4982.500641,1.001181
"theta_t_zerosum__[0, 237]",-0.861793,0.219395,-1.259109,-0.443218,0.002353,0.002586,9006.775562,6410.590483,0.999922
"theta_t_zerosum__[0, 238]",0.368404,0.15624,0.073623,0.655688,0.001556,0.00178,10174.169066,6137.630031,1.00045
"theta_t_zerosum__[0, 239]",0.3264,0.229588,-0.121668,0.7447,0.002296,0.002957,10299.452172,5987.716124,1.000136
"theta_t_zerosum__[0, 240]",0.758139,0.1939,0.387535,1.106789,0.001811,0.00228,11457.961331,6252.288982,1.000455
"theta_t_zerosum__[0, 241]",0.018632,0.251103,-0.459595,0.482178,0.002363,0.003035,11355.863502,6125.538391,0.999928
"theta_t_zerosum__[0, 242]",0.51897,0.22472,0.09174,0.934359,0.002114,0.002717,11309.431769,6107.378946,1.000538
"theta_t_zerosum__[0, 243]",0.091153,0.283971,-0.463245,0.602762,0.003225,0.003167,7949.06072,5621.412187,1.001403
"theta_t_zerosum__[0, 244]",0.467324,0.163182,0.161279,0.775637,0.001927,0.002116,7487.412503,4883.999736,0.999882
"theta_t_zerosum__[0, 245]",0.889907,0.076253,0.753253,1.040839,0.000818,0.000988,8716.501407,5684.543724,0.999967
"theta_t_zerosum__[0, 246]",1.101326,0.084615,0.947291,1.263061,0.000985,0.001049,7496.461477,5144.947079,1.000731
"theta_t_zerosum__[0, 247]",1.009536,0.189417,0.647965,1.3565,0.001907,0.002188,9882.14859,6291.822953,1.001038
"theta_t_zerosum__[0, 248]",1.127297,0.364661,0.495127,1.867335,0.003401,0.004702,12092.284183,5474.064253,1.000519
"theta_t_zerosum__[0, 249]",1.013863,0.456341,0.186287,1.861677,0.005166,0.00601,8751.671008,5427.435195,1.000373
"theta_t_zerosum__[0, 250]",0.375455,0.453895,-0.466456,1.201684,0.005105,0.006677,8917.209176,5041.120952,1.000289
"theta_t_zerosum__[0, 251]",0.845395,0.462919,0.047081,1.762551,0.00524,0.005968,8903.26896,5250.866939,1.001926
"theta_t_zerosum__[0, 252]",0.002182,0.277394,-0.503871,0.53729,0.002612,0.003358,11361.185857,5826.267393,1.000018
"theta_t_zerosum__[0, 253]",0.974244,0.228011,0.529451,1.383219,0.0025,0.002594,8321.849481,6402.570922,1.000497
"theta_t_zerosum__[0, 254]",1.109578,0.071055,0.973089,1.241618,0.001039,0.000754,4694.406067,5146.768394,1.000603
"theta_t_zerosum__[0, 255]",0.392837,0.274252,-0.125182,0.899198,0.002571,0.003572,11951.490774,5194.143631,1.001415
"theta_t_zerosum__[0, 256]",-0.130087,0.129356,-0.363411,0.123019,0.001615,0.001929,6634.289544,4814.744274,1.000226
"theta_t_zerosum__[0, 257]",-0.499298,0.149848,-0.789687,-0.237975,0.002715,0.002082,3278.325505,4067.032645,1.001781
"theta_t_zerosum__[0, 258]",0.592013,0.238903,0.139802,1.035689,0.002808,0.003001,7570.62083,5342.458956,1.000708
"theta_t_zerosum__[0, 259]",0.476054,0.085157,0.314283,0.633845,0.001031,0.001081,6897.455908,5177.793166,1.000269
"theta_t_zerosum__[0, 260]",0.36464,0.093347,0.182882,0.535844,0.001203,0.001234,6225.52745,4153.849137,1.000744
"theta_t_zerosum__[0, 261]",-0.255483,0.126722,-0.498978,-0.020867,0.001604,0.001791,6608.891283,4371.742332,1.000383
"theta_t_zerosum__[0, 262]",-0.980417,0.157659,-1.270703,-0.670578,0.001951,0.001745,6475.258826,6255.544798,1.001141
"theta_t_zerosum__[0, 263]",0.219451,0.355263,-0.433455,0.879953,0.004563,0.00554,6987.170347,4256.763871,1.001176
"theta_t_zerosum__[0, 264]",0.515977,0.467527,-0.334378,1.364097,0.006203,0.007195,6877.805338,4098.672587,0.999981
"theta_t_zerosum__[0, 265]",0.243754,0.339339,-0.416955,0.867056,0.003466,0.00455,9949.287148,5346.044732,0.999976
"theta_t_zerosum__[0, 266]",1.177401,0.156921,0.888534,1.476399,0.001749,0.001985,8176.449271,5583.534353,1.000141
"theta_t_zerosum__[0, 267]",1.343775,0.092586,1.166159,1.512331,0.00117,0.001123,6413.567351,5355.534741,1.000311
"theta_t_zerosum__[0, 268]",-0.128794,0.113223,-0.338867,0.082484,0.001684,0.001571,5000.734787,4293.024521,1.000335
"theta_t_zerosum__[0, 269]",1.618969,0.106025,1.423436,1.815665,0.001413,0.001286,5851.751682,4673.210499,1.000333
"theta_t_zerosum__[0, 270]",1.486921,0.197859,1.107617,1.847229,0.002,0.002359,9833.206279,5865.522509,1.000858
"theta_t_zerosum__[0, 271]",0.310578,0.274893,-0.200108,0.837229,0.002525,0.003494,11889.664083,6061.3462,1.000059
"theta_t_zerosum__[0, 272]",1.116351,0.22219,0.69323,1.532045,0.002197,0.002915,10275.732651,5760.891062,1.000392
"theta_t_zerosum__[0, 273]",0.126934,0.235346,-0.307065,0.57323,0.002267,0.002934,10759.251978,5846.601947,1.000338
"theta_t_zerosum__[0, 274]",1.240682,0.189133,0.857988,1.572142,0.002018,0.002255,8837.063101,5412.872499,1.000323
"theta_t_zerosum__[0, 275]",1.430637,0.081627,1.275779,1.581407,0.000918,0.000878,7899.662315,6686.555825,1.000505
"theta_t_zerosum__[0, 276]",0.694426,0.254716,0.237644,1.185018,0.002385,0.002986,11411.003288,5941.577289,1.000649
"theta_t_zerosum__[0, 277]",0.130925,0.143558,-0.143384,0.383534,0.003532,0.00266,1802.917148,2313.200842,1.000824
"theta_t_zerosum__[0, 278]",1.335024,0.085664,1.183456,1.505409,0.001012,0.000961,7573.252378,5633.340393,1.000864
"theta_t_zerosum__[0, 279]",0.123103,0.250231,-0.371784,0.568677,0.003162,0.003293,6652.513049,4970.458276,1.000098
"theta_t_zerosum__[0, 280]",0.139432,0.130578,-0.110717,0.366863,0.002802,0.002316,2406.601752,2698.36785,1.000172
"theta_t_zerosum__[0, 281]",1.023454,0.360188,0.338938,1.683488,0.005652,0.007782,4914.247727,3222.443859,1.000018
"theta_t_zerosum__[0, 282]",1.200534,0.280795,0.67191,1.717475,0.002989,0.004033,9360.623354,5348.321273,1.00063
"theta_t_zerosum__[0, 283]",1.075902,0.500029,0.163862,2.048475,0.005594,0.006557,8276.26747,4786.453395,1.00066
"theta_t_zerosum__[0, 284]",1.669434,0.165065,1.366244,1.982987,0.001648,0.001823,10109.056922,5793.894907,1.001184
"theta_t_zerosum__[0, 285]",0.896069,0.258857,0.426994,1.381515,0.002373,0.002927,11925.230586,5963.034075,1.000485
"theta_t_zerosum__[0, 286]",1.683404,0.090587,1.513113,1.851067,0.001158,0.000989,6189.951566,5492.427215,1.000092
"theta_t_zerosum__[0, 287]",1.319296,0.279212,0.785139,1.825775,0.002736,0.003725,10852.814423,4887.31432,1.001572
"theta_t_zerosum__[0, 288]",0.04676,0.341614,-0.58043,0.704614,0.003153,0.004117,11731.029169,5845.73047,1.000774
"theta_t_zerosum__[0, 289]",1.625038,0.116722,1.412046,1.848802,0.001384,0.001362,7314.540485,5235.492256,1.000554
"theta_t_zerosum__[0, 290]",1.356038,0.367238,0.619773,2.004104,0.005133,0.007335,5947.672541,4027.315828,1.001709
"theta_t_zerosum__[0, 291]",1.517856,0.168253,1.198996,1.830534,0.001693,0.002025,9918.042997,6173.297352,1.000231
"theta_t_zerosum__[0, 292]",1.254362,0.230408,0.803557,1.681255,0.002183,0.002906,11302.877225,5444.478636,1.000294
"theta_t_zerosum__[0, 293]",0.370195,0.268274,-0.16036,0.848803,0.002558,0.003177,11006.365383,6261.487757,1.000203
"theta_t_zerosum__[0, 294]",1.51332,0.095879,1.336315,1.69741,0.001354,0.001108,5145.25056,5260.727386,1.000655
"theta_t_zerosum__[0, 295]",0.770527,0.335419,0.133448,1.393333,0.00363,0.004247,9163.010854,5246.367328,1.000717
"theta_t_zerosum__[0, 296]",-0.385865,0.337798,-1.033855,0.243159,0.003213,0.004337,11338.31693,5629.450568,1.000361
"theta_t_zerosum__[0, 297]",1.080531,0.370827,0.371236,1.752977,0.00532,0.00649,5351.539785,3812.211912,1.001289
"theta_t_zerosum__[0, 298]",1.397372,0.200578,1.012921,1.766601,0.002068,0.002521,9415.927876,5345.742534,1.00093
"theta_t_zerosum__[0, 299]",2.018225,0.136303,1.763407,2.277696,0.001645,0.001572,6992.610899,5537.737492,1.000751
"theta_t_zerosum__[0, 300]",1.765815,0.124971,1.524235,1.99489,0.00145,0.001401,7588.316921,5839.11884,1.000662
"theta_t_zerosum__[0, 301]",1.985973,0.113494,1.771632,2.201566,0.001402,0.001264,6647.115944,5885.485899,1.000707
"theta_t_zerosum__[0, 302]",2.097219,0.143321,1.830128,2.36991,0.001722,0.00165,7042.676058,5465.040035,1.000378
"theta_t_zerosum__[0, 303]",1.639985,0.119085,1.417391,1.867384,0.001359,0.001409,7852.697093,5355.717558,1.000762
"theta_t_zerosum__[0, 304]",1.865267,0.221469,1.449877,2.2923,0.002553,0.002838,7705.081033,5937.305734,1.000018
"theta_t_zerosum__[0, 305]",2.013201,0.140678,1.758319,2.284669,0.001555,0.00157,8408.819751,5822.191221,0.999992
"theta_t_zerosum__[0, 306]",-0.58453,0.187692,-0.935197,-0.234745,0.002049,0.002283,8547.468617,5483.147639,1.000903
"theta_t_zerosum__[0, 307]",0.021072,0.208791,-0.386793,0.40687,0.001958,0.002618,11324.020216,5969.481208,1.000162
"theta_t_zerosum__[0, 308]",-0.888252,0.502332,-1.852604,0.001304,0.005407,0.006494,9691.639393,4998.928603,1.000778
"theta_t_zerosum__[0, 309]",-0.364977,0.33202,-1.004553,0.24784,0.003048,0.003939,11873.697942,6328.544238,1.000385
"theta_t_zerosum__[0, 310]",-0.455096,0.238952,-0.888116,0.004743,0.002209,0.002889,11740.986004,5907.708314,0.999996
"theta_t_zerosum__[0, 311]",-0.724168,0.393183,-1.456321,0.034165,0.004036,0.006285,10001.129356,5036.140427,1.000673
"theta_t_zerosum__[0, 312]",-0.424976,0.250811,-0.888112,0.06178,0.002243,0.003121,12516.323857,5576.29815,1.0005
"theta_t_zerosum__[0, 313]",-1.571137,0.211853,-1.969483,-1.179573,0.002106,0.002578,10123.154367,6000.734393,1.000067
"theta_t_zerosum__[0, 314]",-1.423111,0.287411,-1.97046,-0.899716,0.002853,0.003669,10887.63082,5349.671917,1.00139
"theta_t_zerosum__[0, 315]",-0.890408,0.280471,-1.440383,-0.380716,0.00296,0.003321,9357.612558,5082.119867,1.000269
"theta_t_zerosum__[0, 316]",-0.155422,0.250404,-0.629747,0.305967,0.002265,0.003294,12259.781828,5619.48463,1.00125
"theta_t_zerosum__[0, 317]",-0.222276,0.41442,-0.978373,0.555663,0.004381,0.006159,9857.640381,5291.538303,0.999715
"theta_t_zerosum__[0, 318]",0.100709,0.170833,-0.208251,0.428509,0.001623,0.002073,11090.48232,5194.013046,0.999874
"theta_t_zerosum__[0, 319]",-0.627013,0.611735,-1.757244,0.573675,0.007239,0.007984,7353.275923,5666.475401,1.000039
"theta_t_zerosum__[0, 320]",0.463783,0.09144,0.295162,0.640967,0.001048,0.00113,7608.045534,5285.751641,1.000391
"theta_t_zerosum__[0, 321]",0.417707,0.088729,0.256163,0.587937,0.001096,0.001111,6542.040316,4773.180959,1.000935
"theta_t_zerosum__[0, 322]",-0.890968,0.505216,-1.858596,-6e-06,0.005281,0.006704,10381.340851,5188.261006,0.999907
"theta_t_zerosum__[0, 323]",-0.363034,0.261015,-0.858164,0.129328,0.002786,0.003167,8893.52029,5331.146737,1.000488
"theta_t_zerosum__[0, 324]",0.749372,0.077319,0.601628,0.896347,0.001042,0.001001,5576.171639,4020.70363,1.001322
"theta_t_zerosum__[0, 325]",0.800707,0.266589,0.256609,1.260789,0.004355,0.003007,3949.640612,4425.839174,1.000614
"theta_t_zerosum__[0, 326]",1.062067,0.214973,0.65483,1.456925,0.002153,0.002653,9982.139083,5653.079341,1.001625
"theta_t_zerosum__[0, 327]",0.428355,0.33524,-0.217513,1.014165,0.003896,0.005531,8827.311069,5036.983382,1.00046
"theta_t_zerosum__[0, 328]",1.248905,0.266167,0.77012,1.772766,0.002683,0.003177,10199.660816,5769.948879,0.999999
"theta_t_zerosum__[0, 329]",1.351652,0.195213,0.980103,1.72024,0.002202,0.002259,7955.925956,5044.958748,0.999851
"theta_t_zerosum__[0, 330]",0.932229,0.079917,0.772689,1.077617,0.001138,0.000934,5006.467555,5650.370256,1.000481
"theta_t_zerosum__[0, 331]",0.421354,0.254021,-0.04417,0.900713,0.002549,0.003116,10082.938837,5607.048849,1.00045
"theta_t_zerosum__[0, 332]",0.492362,0.090844,0.316092,0.658464,0.001137,0.001071,6373.961038,5432.022405,1.001003
"theta_t_zerosum__[0, 333]",-0.451441,0.188524,-0.811506,-0.110117,0.00194,0.002395,9567.025783,5872.834413,1.000117
"theta_t_zerosum__[0, 334]",0.096494,0.150071,-0.189725,0.367857,0.001797,0.001664,7151.38699,5982.230113,1.000568
"theta_t_zerosum__[0, 335]",0.644263,0.079973,0.497712,0.797849,0.00108,0.001056,5686.991854,4613.669107,1.000307
"theta_t_zerosum__[0, 336]",0.537983,0.079065,0.38513,0.681947,0.000994,0.000943,6397.910473,5497.722945,0.999998
"theta_t_zerosum__[0, 337]",0.717557,0.454742,-0.072334,1.576695,0.005064,0.006221,9324.563715,4955.348638,1.000558
"theta_t_zerosum__[0, 338]",-0.055327,0.328426,-0.66477,0.574873,0.003093,0.00398,11265.106022,5659.058106,1.001548
"theta_t_zerosum__[0, 339]",1.105524,0.082544,0.952494,1.261835,0.001418,0.001015,3480.099832,4155.581336,1.000798
"theta_t_zerosum__[0, 340]",1.512683,0.170172,1.192188,1.837079,0.00196,0.001975,7622.487483,5866.057356,1.000219
"theta_t_zerosum__[0, 341]",-0.940736,0.319793,-1.538997,-0.360272,0.003768,0.004003,7868.506842,5012.583029,1.000382
"theta_t_zerosum__[0, 342]",-0.981412,0.338055,-1.598525,-0.35116,0.003295,0.00419,11003.407344,5770.388422,1.000181
"theta_t_zerosum__[0, 343]",-0.364825,0.2842,-0.889112,0.160165,0.002724,0.00365,11299.541421,5794.924382,1.000825
"theta_t_zerosum__[0, 344]",0.130049,0.358076,-0.535404,0.759626,0.004255,0.005166,8196.118464,5201.545821,1.000237
"theta_t_zerosum__[0, 345]",0.241839,0.339361,-0.435587,0.825442,0.003719,0.004713,9660.64661,4885.124601,1.001275
"theta_t_zerosum__[0, 346]",-2.087925,0.21081,-2.475259,-1.687673,0.002279,0.002425,8585.762898,5848.611998,1.001222
"theta_t_zerosum__[0, 347]",-1.85643,0.215972,-2.243627,-1.432229,0.002275,0.002444,9012.202403,6024.850127,1.000771
"theta_t_zerosum__[0, 348]",-1.104849,0.262568,-1.61526,-0.623221,0.002646,0.004035,10843.986147,5101.894185,1.000209
"theta_t_zerosum__[0, 349]",-0.805719,0.291937,-1.360458,-0.269244,0.002754,0.003936,11870.774793,5161.540563,1.000086
"theta_t_zerosum__[0, 350]",-0.586279,0.24025,-1.077154,-0.166467,0.002577,0.002908,8801.820196,5982.392546,1.000738
"theta_t_zerosum__[0, 351]",-0.559274,0.347552,-1.215926,0.080459,0.004512,0.004958,6747.158756,4382.767706,1.000501
"theta_t_zerosum__[0, 352]",-1.624237,0.356892,-2.29787,-0.970684,0.003625,0.004525,10320.8384,5507.641828,1.000685
"theta_t_zerosum__[0, 353]",0.918289,0.149235,0.638028,1.192179,0.001648,0.001686,8272.33617,5742.035763,1.000303
"theta_t_zerosum__[0, 354]",1.252402,0.180393,0.90093,1.569644,0.001884,0.002148,9160.168589,5578.654689,1.00141
"theta_t_zerosum__[0, 355]",0.161346,0.319165,-0.468713,0.733878,0.003807,0.004639,7238.115503,4947.942091,1.000256
"theta_t_zerosum__[0, 356]",0.845519,0.459567,-0.000955,1.705865,0.005242,0.006642,8076.002809,4980.515974,1.000273
"theta_t_zerosum__[0, 357]",0.689092,0.467075,-0.22083,1.555857,0.005784,0.007476,7602.827096,4402.535047,1.000959
"theta_t_zerosum__[0, 358]",0.818744,0.257158,0.335585,1.296294,0.002441,0.003084,11118.567818,5982.078093,1.000441
"theta_t_zerosum__[0, 359]",-0.404255,0.310675,-0.992854,0.162311,0.002873,0.003906,11873.04146,6058.973279,1.000932
"theta_t_zerosum__[0, 360]",-0.089536,0.1734,-0.427394,0.227086,0.001605,0.002025,11723.111054,6217.846202,1.000421
"theta_t_zerosum__[0, 361]",-0.528802,0.128103,-0.766623,-0.288918,0.001739,0.001692,5732.490554,4677.771736,1.000226
"theta_t_zerosum__[0, 362]",-0.779602,0.16264,-1.088342,-0.477368,0.001793,0.002398,8494.560087,5317.311449,1.000389
"theta_t_zerosum__[0, 363]",-0.5926,0.113523,-0.805469,-0.380065,0.001365,0.001387,6948.476435,4726.821304,1.001002
"theta_t_zerosum__[0, 364]",-0.59639,0.252529,-1.086286,-0.141392,0.002806,0.003415,8460.225562,4614.989976,1.001125
"theta_t_zerosum__[0, 365]",-0.570084,0.395189,-1.319887,0.187911,0.003985,0.005852,10310.234864,5179.29939,1.000625
"theta_t_zerosum__[0, 366]",-0.637336,0.260545,-1.137552,-0.149485,0.002385,0.003355,11831.672051,6181.555501,1.000258
"theta_t_zerosum__[0, 367]",-0.758313,0.155722,-1.039053,-0.457707,0.001664,0.001797,8795.098148,5799.210904,1.000089
"theta_t_zerosum__[0, 368]",-0.578196,0.2524,-1.077941,-0.12607,0.002972,0.003315,7588.324106,4915.3941,1.000906
"theta_t_zerosum__[0, 369]",0.153676,0.08694,-0.009954,0.313022,0.000953,0.0011,8319.677912,5131.034651,1.000626
"theta_t_zerosum__[0, 370]",-0.312041,0.132126,-0.563665,-0.066525,0.001594,0.001811,7361.379905,4421.33732,1.000197
"theta_t_zerosum__[0, 371]",0.098987,0.087779,-0.0648,0.266386,0.001094,0.001133,6483.865648,4783.661285,1.000745
"theta_t_zerosum__[0, 372]",0.016748,0.282799,-0.500642,0.571105,0.002972,0.003584,9256.977294,5947.617819,1.000108
"theta_t_zerosum__[0, 373]",-0.360874,0.109066,-0.563415,-0.153401,0.001391,0.001339,6440.627057,4723.086596,1.000713
"theta_t_zerosum__[0, 374]",-1.149309,0.200365,-1.529145,-0.775952,0.002537,0.002893,6589.330764,4556.025677,1.000213
"theta_t_zerosum__[0, 375]",-0.59226,0.124248,-0.827103,-0.360206,0.001442,0.001536,7518.060967,5323.287548,0.999986
"theta_t_zerosum__[0, 376]",-0.795105,0.475713,-1.738742,0.055388,0.005392,0.00554,7921.339052,5799.389204,1.000775
"theta_t_zerosum__[0, 377]",0.274946,0.339211,-0.389055,0.895752,0.003184,0.004239,11362.325429,6341.811261,1.001054
"theta_t_zerosum__[0, 378]",0.126802,0.085853,-0.035181,0.288025,0.001216,0.000978,5047.83689,5322.97476,1.000198
"theta_t_zerosum__[0, 379]",-0.427838,0.139512,-0.691624,-0.169225,0.001712,0.002058,7097.499005,4615.6547,1.000044
"theta_t_zerosum__[0, 380]",-0.093263,0.097927,-0.27933,0.084414,0.001444,0.001068,4717.784778,5753.150582,1.000835
"theta_t_zerosum__[0, 381]",-2.061989,0.259258,-2.57065,-1.602764,0.002657,0.003114,9784.720869,5449.012953,1.000819
"theta_t_zerosum__[0, 382]",-1.721807,0.214895,-2.110266,-1.288195,0.002289,0.002582,8984.801026,5498.567869,1.001206
"theta_t_zerosum__[0, 383]",-0.48291,0.286801,-1.018539,0.053489,0.002974,0.003863,9665.184559,5601.545468,0.999949
"theta_t_zerosum__[0, 384]",-1.066048,0.392468,-1.842951,-0.345092,0.004155,0.005383,9174.427791,5537.89799,1.00116
"theta_t_zerosum__[0, 385]",-0.342357,0.283936,-0.904319,0.166985,0.002756,0.003763,10845.314119,5739.733338,1.001298
"theta_t_zerosum__[0, 386]",-0.609907,0.295072,-1.181338,-0.063194,0.002899,0.003954,10885.152239,5675.315258,1.000203
"theta_t_zerosum__[0, 387]",-1.165541,0.397019,-1.922178,-0.443835,0.003724,0.005543,11962.149577,5671.35577,1.00048
"theta_t_zerosum__[0, 388]",-0.772716,0.296158,-1.344259,-0.242271,0.002967,0.003979,10527.689398,5714.210176,1.000201
"theta_t_zerosum__[0, 389]",-0.288439,0.126173,-0.531635,-0.054074,0.001481,0.001677,7457.479534,5175.06786,1.000786
"theta_t_zerosum__[0, 390]",-0.407784,0.399075,-1.133012,0.377685,0.004003,0.005789,10439.239054,5376.65646,1.000028
"theta_t_zerosum__[0, 391]",-0.27166,0.291624,-0.809994,0.289222,0.00277,0.004061,11335.106245,5145.232995,1.000768
"theta_t_zerosum__[0, 392]",0.050216,0.113825,-0.161037,0.268441,0.00131,0.001607,7742.914327,4966.030436,1.000511
"theta_t_zerosum__[0, 393]",0.074368,0.113035,-0.142095,0.280475,0.001224,0.001642,8645.608978,5016.221169,1.000082
"theta_t_zerosum__[0, 394]",-0.733536,0.328677,-1.327964,-0.094625,0.003022,0.004319,12110.640068,5926.611442,1.000798
"theta_t_zerosum__[0, 395]",-0.237009,0.416085,-1.048718,0.514227,0.004261,0.006308,10211.263953,5060.114456,0.999893
"theta_t_zerosum__[0, 396]",-0.599326,0.148583,-0.872349,-0.314972,0.002063,0.001801,5193.234773,4675.049441,1.000041
"theta_t_zerosum__[0, 397]",-0.350891,0.150317,-0.625468,-0.077858,0.002317,0.004791,5670.608007,3790.724014,1.000481
"theta_t_zerosum__[0, 398]",0.188144,0.250897,-0.261777,0.690051,0.002346,0.002982,11473.881998,6037.119939,1.000224
"theta_t_zerosum__[0, 399]",0.188568,0.111404,-0.028488,0.392325,0.001302,0.001425,7402.561745,5640.65095,1.000377
"theta_t_zerosum__[0, 400]",0.078913,0.116544,-0.137656,0.298282,0.001728,0.001644,4865.534007,4000.733565,1.000466
"theta_t_zerosum__[0, 401]",-0.31262,0.108904,-0.523803,-0.115849,0.001263,0.00133,7502.04079,5594.472161,1.000071
"theta_t_zerosum__[0, 402]",-0.30286,0.127757,-0.554526,-0.071138,0.001902,0.001738,4908.762897,3995.755019,1.000017
"theta_t_zerosum__[0, 403]",-0.305985,0.128785,-0.550421,-0.061128,0.001524,0.001804,7220.559947,5259.03641,1.000252
"theta_t_zerosum__[0, 404]",-0.199437,0.13762,-0.456401,0.06189,0.001903,0.002579,5877.517565,3760.01984,1.000098
"theta_t_zerosum__[0, 405]",0.257774,0.103799,0.05823,0.454526,0.001151,0.001448,8273.746417,5366.518342,1.000112
"theta_t_zerosum__[0, 406]",0.080727,0.123303,-0.160995,0.308159,0.001705,0.001829,5534.509385,4266.123196,1.001234
"theta_t_zerosum__[0, 407]",-0.229938,0.121795,-0.462749,-0.003874,0.001526,0.001654,6414.335088,5120.702167,1.000981
"theta_t_zerosum__[0, 408]",-0.263492,0.126345,-0.496099,-0.018081,0.001466,0.001629,7470.186345,5082.551799,1.000427
"theta_t_zerosum__[0, 409]",0.881625,0.081117,0.731985,1.033699,0.000968,0.000966,7043.515623,5183.065127,1.000725
"theta_t_zerosum__[0, 410]",-0.000301,0.22741,-0.4242,0.431027,0.002846,0.002569,6406.663372,5831.122742,1.001368
"theta_t_zerosum__[0, 411]",0.139544,0.114748,-0.079441,0.355781,0.001335,0.001657,7689.430882,5287.865279,0.999767
"theta_t_zerosum__[0, 412]",0.121363,0.473962,-0.795802,0.962004,0.005407,0.0065,8621.635783,5279.820558,1.000235
"theta_t_zerosum__[0, 413]",-0.892499,0.497913,-1.870761,-0.027234,0.005878,0.006205,8101.663027,5214.388298,1.000984
"theta_t_zerosum__[0, 414]",-0.889115,0.506848,-1.826176,0.015396,0.005289,0.006383,10113.300054,5703.447837,1.00031
"theta_t_zerosum__[0, 415]",-0.725981,0.512869,-1.714792,0.196264,0.005239,0.006865,11043.899325,5070.954865,1.00113
"theta_t_zerosum__[0, 416]",0.054966,0.279227,-0.497849,0.561249,0.003118,0.00357,8211.323614,5820.369485,1.000528
"theta_t_zerosum__[0, 417]",1.181278,0.26843,0.680376,1.687273,0.002979,0.004304,8783.066777,4982.420832,1.001573
"theta_t_zerosum__[0, 418]",1.120965,0.082565,0.966183,1.277052,0.000973,0.001075,7263.579982,4861.313314,1.001261
"logA_z_zerosum__[0, 0]",0.101504,0.151415,-0.185649,0.390734,0.002528,0.001862,3585.96741,4648.140589,1.001706
"logA_z_zerosum__[0, 1]",0.639463,0.143824,0.371785,0.909408,0.003755,0.001988,1495.653461,2520.447066,1.003077
"logA_z_zerosum__[0, 2]",0.117411,0.271932,-0.402718,0.611951,0.005397,0.004869,2697.126312,2995.375027,1.002186
"logA_z_zerosum__[0, 3]",0.304957,0.182906,-0.037644,0.648638,0.003217,0.002254,3305.975366,4805.994419,1.001123
"logA_z_zerosum__[0, 4]",-0.317612,0.283707,-0.877347,0.178225,0.006807,0.004729,1873.443363,2378.370717,1.004045
"logA_z_zerosum__[0, 5]",2.096817,0.331701,1.466565,2.714613,0.011691,0.006567,814.973338,1155.343905,1.004249
"logA_z_zerosum__[0, 6]",1.118314,0.186484,0.77273,1.465414,0.006476,0.003804,842.539188,1281.651684,1.005101
"logA_z_zerosum__[0, 7]",-0.472511,0.584851,-1.539964,0.631532,0.00954,0.007163,3849.32536,4579.134233,1.001006
"logA_z_zerosum__[0, 8]",0.250154,0.150316,-0.029806,0.534397,0.002992,0.001935,2532.432373,4013.180421,1.001353
"logA_z_zerosum__[0, 9]",-0.97976,0.306347,-1.526797,-0.393894,0.006134,0.004066,2611.434296,3866.430995,1.000408
"logA_z_zerosum__[0, 10]",-2.190139,0.376918,-2.919875,-1.514004,0.010867,0.006682,1237.729805,1546.251183,1.002611
"logA_z_zerosum__[0, 11]",-1.015269,0.255968,-1.497155,-0.546708,0.005668,0.004201,2167.433548,2623.89981,1.000482
"logA_z_zerosum__[0, 12]",-0.977881,0.228968,-1.400779,-0.550262,0.006133,0.004409,1501.600729,1773.059484,1.001719
"logA_z_zerosum__[0, 13]",-0.667508,0.351707,-1.304716,-0.001883,0.006174,0.004232,3406.629201,4315.044791,1.001787
"logA_z_zerosum__[0, 14]",-0.867355,0.189557,-1.218367,-0.520491,0.005256,0.003317,1340.343125,1937.788279,1.002625
"logA_z_zerosum__[0, 15]",0.298426,0.347678,-0.361836,0.940129,0.007771,0.007264,2180.750528,2431.596672,1.001648
"logA_z_zerosum__[0, 16]",0.973484,0.183888,0.64721,1.327838,0.005706,0.003188,1051.585324,1540.349696,1.003087
"logA_z_zerosum__[0, 17]",1.269154,0.303727,0.714771,1.845607,0.007758,0.004219,1584.476772,2344.783421,1.002615
"logA_z_zerosum__[0, 18]",0.135159,0.413302,-0.609391,0.93765,0.008756,0.00759,2417.462431,2645.994478,1.001833
"logA_z_zerosum__[0, 19]",0.692625,0.270731,0.179723,1.198434,0.005504,0.003643,2430.403236,3322.397378,1.00144
D_z[APEX-Agents],0.998824,0.156735,0.708823,1.291259,0.006371,0.003681,597.719748,838.205474,1.004581
D_z[CritPt],1.72058,0.265358,1.224117,2.213881,0.011077,0.006568,566.767777,778.481778,1.004799
D_z[DeepSWE],0.50315,0.11773,0.294021,0.730319,0.003904,0.002172,913.063217,1778.994225,1.003208
D_z[EnigmaEval],1.349824,0.210496,0.956018,1.73804,0.008675,0.005281,581.938483,810.362621,1.004717
D_z[FrontierCode],0.740215,0.132154,0.499291,0.992035,0.004909,0.002474,713.728755,1247.035185,1.003494
D_z[FrontierMath Tier 4 v2],1.733289,0.274936,1.254495,2.263315,0.011165,0.006773,598.188072,940.574233,1.00366
D_z[FrontierMath Tiers 1-3 v2],0.448768,0.07428,0.318283,0.591595,0.002996,0.001886,609.463247,911.270058,1.004396
D_z[GDPval],0.162153,0.099628,-0.024885,0.347032,0.0015,0.001355,4628.249749,4479.662556,1.000202
D_z[HLE],0.839308,0.131108,0.58833,1.078116,0.005357,0.00327,590.457577,837.184795,1.004547
D_z[LAB-Bench Cloning],-0.154563,0.078047,-0.305017,-0.01396,0.001417,0.000965,3136.822841,3738.758379,1.001534
D_z[LAB-Bench LitQA2],-0.030118,0.036316,-0.101171,0.036904,0.000574,0.000504,4084.80453,4485.938676,1.000209
D_z[LAB-Bench Protocol],-0.598807,0.109394,-0.80486,-0.401611,0.003916,0.002321,765.612122,1236.293497,1.002358
D_z[LAB-Bench SeqQA],-0.492233,0.088667,-0.656401,-0.328188,0.003159,0.001723,772.206778,1151.295673,1.002856
D_z[MCP Atlas],-0.284109,0.072834,-0.419218,-0.14917,0.00199,0.001064,1365.570185,2625.129645,1.000917
D_z[METR Time Horizons],-0.318963,0.052988,-0.419138,-0.22175,0.002065,0.001103,646.296333,960.242514,1.003655
D_z[OSWorld 2.0],1.580209,0.278315,1.087532,2.118481,0.010998,0.006049,630.117877,1096.477151,1.005294
D_z[OTIS Mock AIME 2024-2025],-0.574212,0.093632,-0.747182,-0.397464,0.003741,0.002084,618.671107,951.1837,1.004117
D_z[ProofBench],0.986828,0.192249,0.639513,1.349525,0.006503,0.003417,866.150123,1451.60033,1.001347
D_z[Remote Labor Index],2.096817,0.343309,1.466991,2.738379,0.013429,0.007454,644.101519,1027.001239,1.003474
D_z[Surface Evolver Bench],0.047748,0.083137,-0.109132,0.203722,0.0012,0.000943,4840.024418,5141.342528,1.000936
D_z[WeirdML v2],-0.053176,0.020114,-0.08993,-0.014839,0.000374,0.000226,2946.803649,4091.4063,1.000484
sigma_b[APEX-Agents],0.0674,0.00875,0.051689,0.084226,0.000147,8.7e-05,3663.8284,5264.195622,1.001547
sigma_b[CritPt],0.085315,0.006477,0.073236,0.097442,9.6e-05,6.8e-05,4589.851086,5569.18742,1.0
sigma_b[DeepSWE],0.121364,0.012303,0.098629,0.144381,0.000195,0.000123,3972.014338,4877.531199,1.000822
sigma_b[EnigmaEval],0.064891,0.007928,0.051414,0.080607,0.000106,8.8e-05,5638.638818,5436.039875,1.00039
sigma_b[FrontierCode],0.068998,0.015806,0.041277,0.1007,0.000334,0.000184,2227.391902,4050.041955,1.001268
sigma_b[FrontierMath Tier 4 v2],0.06781,0.010105,0.049487,0.086416,0.000222,0.000137,2192.160271,3769.13038,1.000745
sigma_b[FrontierMath Tiers 1-3 v2],0.044982,0.009664,0.028207,0.064346,0.000346,0.000202,768.84184,1464.923319,1.001762
sigma_b[GDPval],0.128213,0.025139,0.08602,0.177586,0.000314,0.000281,6229.710599,5031.805618,1.000253
sigma_b[HLE],0.04633,0.008646,0.030842,0.062901,0.000201,9.8e-05,1778.744882,3015.667883,1.000808
sigma_b[LAB-Bench Cloning],0.085869,0.010344,0.06734,0.10513,0.000112,0.000113,8494.851954,6369.112187,1.000206
sigma_b[LAB-Bench LitQA2],0.044093,0.005875,0.03374,0.055371,6.6e-05,6.8e-05,8250.854257,6401.627589,1.000949
sigma_b[LAB-Bench Protocol],0.064351,0.008475,0.049553,0.080869,9.6e-05,9e-05,7802.568447,6515.129191,1.000609
sigma_b[LAB-Bench SeqQA],0.045991,0.007289,0.032279,0.059562,0.000102,7.3e-05,5042.03483,6057.62204,1.000052
sigma_b[MCP Atlas],0.084721,0.01188,0.063493,0.10722,0.000161,0.000129,5545.831399,6105.881711,1.000766
sigma_b[METR Time Horizons],0.043735,0.007569,0.03004,0.057911,0.000129,7.9e-05,3343.6993,4429.52504,1.000557
sigma_b[OSWorld 2.0],0.064213,0.014097,0.039612,0.09081,0.000227,0.000194,3978.504497,4999.716386,1.001286
sigma_b[OTIS Mock AIME 2024-2025],0.150461,0.009804,0.132469,0.169344,0.000177,9.1e-05,3024.48696,4679.124665,1.000586
sigma_b[ProofBench],0.179753,0.018353,0.146207,0.215227,0.0003,0.000176,3716.013472,5246.473889,1.000384
sigma_b[Remote Labor Index],0.050477,0.012052,0.030174,0.073604,0.000196,0.000139,3751.821068,5380.636161,1.000888
sigma_b[Surface Evolver Bench],0.102376,0.018187,0.069803,0.136298,0.000319,0.000198,3199.953246,5271.476688,1.000173
sigma_b[WeirdML v2],0.07927,0.006441,0.06745,0.091604,0.000105,6.3e-05,3760.566383,4807.153142,1.000739
tau_CD,1.879922,0.29781,1.356523,2.435865,0.012758,0.009876,561.111567,740.240272,1.004756
sigma_A,0.517435,0.085137,0.37025,0.674558,0.002823,0.002012,881.808429,1448.035899,1.003979
"theta_t[axis1, Committee of Domain Experts]",0.11397,0.118074,-0.121969,0.325747,0.001419,0.001838,7255.479515,4529.052328,1.001261
"theta_t[axis1, DeepSeek-R1]",-0.683337,0.147501,-0.959239,-0.407921,0.001455,0.001717,10282.788416,5319.998319,0.999984
"theta_t[axis1, DeepSeek-R1-0528]",-0.492197,0.187135,-0.830475,-0.128554,0.0018,0.002321,10871.178548,5527.828609,1.000787
"theta_t[axis1, DeepSeek-V3]",-1.189565,0.155981,-1.477668,-0.891067,0.001549,0.001777,10159.461488,5884.246093,1.000156
"theta_t[axis1, DeepSeek-V3-0324]",-0.86551,0.179221,-1.214785,-0.546357,0.001704,0.002178,11185.670816,5870.400718,1.000586
"theta_t[axis1, DeepSeek-V3.2-Exp_thinking]",-0.407576,0.303583,-0.962892,0.157639,0.002824,0.004005,11662.274432,5675.635895,1.000681
"theta_t[axis1, Domain Expert]",0.807722,0.315091,0.220653,1.405161,0.004069,0.003456,6121.386344,5801.481005,1.000087
"theta_t[axis1, High School Qualifier]",-0.470861,0.4062,-1.265544,0.262559,0.004292,0.006628,9757.709233,5032.151786,0.999975
"theta_t[axis1, High School Top Performer]",0.664653,0.45582,-0.150776,1.54308,0.005221,0.006152,8749.667099,5127.898673,1.000708
"theta_t[axis1, Inkling]",-0.661708,0.336091,-1.299127,-0.079643,0.004306,0.004532,6776.292476,4744.536768,1.000702
"theta_t[axis1, Inkling_high]",-0.788435,0.34396,-1.428993,-0.145544,0.003283,0.004856,11349.918279,5090.421008,1.000298
"theta_t[axis1, Inkling_xhigh]",0.133361,0.09297,-0.038262,0.315576,0.001077,0.001199,7436.721904,5237.087286,1.000242
"theta_t[axis1, Llama-3.1-405B-Instruct]",-1.721863,0.123454,-1.963267,-1.502026,0.00144,0.001389,7340.290961,5439.345369,0.999898
"theta_t[axis1, Llama-3.1-70B-Instruct]",-1.81904,0.176426,-2.132834,-1.470907,0.00176,0.001951,10085.146391,6105.318421,1.001162
"theta_t[axis1, Llama-3.1-8B-Instruct]",-2.463798,0.197501,-2.829497,-2.091048,0.002125,0.002185,8749.973142,5907.161179,1.0003
"theta_t[axis1, Llama-3.2-90B-Vision-Instruct]",-1.96025,0.359734,-2.674546,-1.318501,0.003833,0.004658,9517.868416,5189.740967,0.999765
"theta_t[axis1, Llama-3.3-70B-Instruct]",-1.78712,0.28083,-2.32321,-1.274517,0.002846,0.003268,10097.830285,5555.48497,1.000151
"theta_t[axis1, Llama-4-Maverick-17B-128E-Instruct]",-1.123133,0.152454,-1.420561,-0.842644,0.00156,0.001886,9619.552821,5697.543604,1.000373
"theta_t[axis1, Llama-4-Scout-17B-16E-Instruct]",-1.94796,0.21336,-2.347004,-1.553259,0.002146,0.002395,9829.07788,6432.509249,1.000429
"theta_t[axis1, Meta-Llama-3-70B-Instruct]",-2.217108,0.222817,-2.624605,-1.786279,0.002272,0.002742,9687.965852,5769.536789,0.999862
"theta_t[axis1, MiniMax-M2.5]",-0.557245,0.343079,-1.193785,0.066978,0.003781,0.004544,8860.90569,5581.76917,1.001236
"theta_t[axis1, MiniMax-M2.7]",-0.570821,0.264794,-1.057879,-0.061874,0.00257,0.003239,10838.315428,5819.702703,1.001481
"theta_t[axis1, MiniMax-M3]",0.010569,0.180975,-0.319791,0.352327,0.00219,0.001988,6897.224844,5859.730123,1.000076
"theta_t[axis1, MiniMax-M3_none]",-1.09255,0.39124,-1.853258,-0.383174,0.003757,0.005218,11157.749116,5269.746547,1.000023
"theta_t[axis1, Mixtral-8x7B-Instruct-v0.1]",-2.891443,0.250678,-3.355073,-2.411278,0.002976,0.002787,7192.385442,5575.381194,1.000869
"theta_t[axis1, Qwen3-235B-A22B-Thinking-2507]",-0.304325,0.199814,-0.67003,0.082195,0.001921,0.002463,11034.783089,5534.876541,1.000272
"theta_t[axis1, Qwen3-30B-A3B]",-0.663762,0.254731,-1.144091,-0.194809,0.002403,0.003245,11296.435957,6024.886951,0.999986
"theta_t[axis1, Qwen3-30B-A3B_none]",-1.115483,0.39899,-1.892397,-0.368568,0.004028,0.005533,10299.003784,5008.11328,1.000382
"theta_t[axis1, Qwen3-32B]",-0.431766,0.296569,-0.982378,0.122337,0.00284,0.003807,11311.636251,5719.017795,1.000373
"theta_t[axis1, Qwen3-32B_none]",-1.182312,0.403279,-1.91314,-0.39538,0.004316,0.005401,9085.174426,5278.792206,1.000333
"theta_t[axis1, amazon.nova-lite-v1:0]",-1.714527,0.205598,-2.101214,-1.324221,0.002064,0.002465,9999.716507,6229.026457,1.000836
"theta_t[axis1, amazon.nova-micro-v1:0]",-2.38732,0.239972,-2.847019,-1.944271,0.002424,0.002696,9813.402621,6222.212767,1.001156
"theta_t[axis1, amazon.nova-pro-v1:0]",-1.550528,0.209859,-1.931648,-1.146298,0.002357,0.002387,8030.394132,5489.393101,0.999976
"theta_t[axis1, claude-2.1]",-2.320347,0.336181,-2.966201,-1.724939,0.003737,0.004169,8636.301863,5345.208655,0.999946
"theta_t[axis1, claude-3-5-haiku-20241022]",-1.431862,0.254371,-1.900856,-0.953116,0.002492,0.002954,10621.011581,6059.168704,1.000543
"theta_t[axis1, claude-3-5-sonnet-20240620]",-1.228556,0.149712,-1.519719,-0.958474,0.001639,0.001722,8365.115569,5788.475752,0.999975
"theta_t[axis1, claude-3-5-sonnet-20241022]",-1.126722,0.129978,-1.368374,-0.882112,0.001284,0.001571,10315.6472,5107.79508,1.000594
"theta_t[axis1, claude-3-7-sonnet-20250219]",-0.860051,0.152613,-1.137221,-0.571459,0.0017,0.00157,8062.908782,6783.255924,1.000582
"theta_t[axis1, claude-3-7-sonnet-20250219_16K]",-0.464342,0.169709,-0.772056,-0.136722,0.001766,0.002014,9261.751704,5836.948467,1.000901
"theta_t[axis1, claude-3-7-sonnet-20250219_32K]",-0.463245,0.407264,-1.201313,0.296524,0.004466,0.008134,9612.817192,4711.645868,1.001191
"theta_t[axis1, claude-3-7-sonnet-20250219_64K]",-0.36642,0.414744,-1.143794,0.407126,0.004468,0.007178,9583.928537,4999.287268,1.000709
"theta_t[axis1, claude-3-7-sonnet-20250219_unknown]",-0.686275,0.254837,-1.194335,-0.238429,0.002868,0.003337,8616.152457,4940.311091,1.000094
"theta_t[axis1, claude-3-haiku-20240307]",-2.006054,0.194922,-2.368208,-1.640701,0.002299,0.002137,7326.354627,6258.038337,0.999786
"theta_t[axis1, claude-3-opus-20240229]",-1.62684,0.160366,-1.918888,-1.318627,0.001915,0.001821,7021.61572,5764.220106,1.000611
"theta_t[axis1, claude-3-sonnet-20240229]",-2.092887,0.194261,-2.464667,-1.739486,0.002113,0.00221,8598.190874,5762.51325,1.000507
"theta_t[axis1, claude-fable-5]",1.684975,0.219556,1.264693,2.081917,0.002776,0.00246,6275.318134,6073.412311,1.000056
"theta_t[axis1, claude-fable-5-1_high]",1.680498,0.176121,1.34352,2.002721,0.001795,0.002328,9646.738141,5543.26398,1.000647
"theta_t[axis1, claude-fable-5-1_low]",1.449282,0.323287,0.838149,2.040317,0.003773,0.005025,8204.871072,4972.820554,1.000258
"theta_t[axis1, claude-fable-5-1_max]",1.853785,0.123122,1.624079,2.083189,0.002074,0.001428,3632.673355,4869.992572,1.000632
"theta_t[axis1, claude-fable-5-1_medium]",1.570387,0.220327,1.156592,1.986874,0.002258,0.003062,9714.252995,4698.555207,1.001154
"theta_t[axis1, claude-fable-5-1_unknown]",1.585025,0.245301,1.109776,2.031353,0.002448,0.002873,10045.46109,5923.788872,1.000239
"theta_t[axis1, claude-fable-5-1_xhigh]",1.32861,0.175594,0.997074,1.648422,0.002358,0.001984,5641.207309,4851.047543,1.000734
"theta_t[axis1, claude-fable-5_high]",1.733288,0.181402,1.394768,2.074912,0.002101,0.002063,7584.621856,5421.820624,0.999828
"theta_t[axis1, claude-fable-5_low]",1.06811,0.336371,0.42665,1.696013,0.003296,0.003865,10672.342915,5956.410346,1.000727
"theta_t[axis1, claude-fable-5_max]",1.72129,0.108179,1.518784,1.91954,0.001804,0.001257,3657.708244,4663.866679,1.000398
"theta_t[axis1, claude-fable-5_medium]",1.179175,0.454679,0.279417,2.001276,0.005466,0.006102,7173.784192,4414.637973,1.000531
"theta_t[axis1, claude-fable-5_unknown]",1.809117,0.259223,1.295314,2.285805,0.003522,0.003441,5558.638285,4623.700339,1.000848
"theta_t[axis1, claude-fable-5_xhigh]",1.340306,0.448183,0.473076,2.17984,0.004662,0.00595,9541.135502,5206.898103,1.000954
"theta_t[axis1, claude-haiku-4-5-20251001]",-0.72154,0.236472,-1.146744,-0.255058,0.002425,0.002748,9566.411473,6221.694647,1.000366
"theta_t[axis1, claude-haiku-4-5-20251001_16K]",-0.313474,0.326357,-0.934833,0.312735,0.003251,0.003801,10086.40632,6018.734419,1.000674
"theta_t[axis1, claude-haiku-4-5-20251001_32K]",-0.162111,0.425066,-0.921027,0.652359,0.004323,0.006068,10754.727378,5663.128358,1.000617
"theta_t[axis1, claude-haiku-4-5-20251001_unknown]",-0.682062,0.357666,-1.345907,-0.038722,0.004051,0.005065,8832.833972,4342.927699,1.000533
"theta_t[axis1, claude-opus-4-1-20250805]",-0.31686,0.229536,-0.745431,0.117932,0.00246,0.002708,8720.376496,5943.245277,1.000316
"theta_t[axis1, claude-opus-4-1-20250805_16K]",-0.069488,0.196249,-0.437237,0.30071,0.001925,0.002238,10399.063744,6189.963568,1.001315
"theta_t[axis1, claude-opus-4-1-20250805_27K]",-0.10407,0.433465,-0.871258,0.752322,0.005038,0.006909,8760.838996,4366.664731,1.000735
"theta_t[axis1, claude-opus-4-1-20250805_32K]",-0.563248,0.150575,-0.85065,-0.288226,0.001928,0.002297,6625.948347,4576.01984,1.001475
"theta_t[axis1, claude-opus-4-1-20250805_unknown]",-0.341093,0.226626,-0.797085,0.051308,0.002424,0.003098,9202.903333,5048.202935,1.00102
"theta_t[axis1, claude-opus-4-20250514]",-0.722549,0.397442,-1.423833,0.076698,0.003909,0.006357,10617.621879,5453.266944,1.001145
"theta_t[axis1, claude-opus-4-20250514_16K]",-0.209871,0.189927,-0.560525,0.160721,0.001884,0.002493,10195.089682,5620.724567,1.001125
"theta_t[axis1, claude-opus-4-20250514_27K]",-0.216311,0.419708,-0.976298,0.581214,0.004501,0.00666,9712.72758,4795.749801,1.000675
"theta_t[axis1, claude-opus-4-20250514_unknown]",-0.377921,0.161779,-0.686857,-0.073493,0.001719,0.00197,8973.346092,5954.298024,1.000069
"theta_t[axis1, claude-opus-4-5-20251101]",0.344279,0.279116,-0.181581,0.860886,0.003325,0.003208,7061.551225,5739.42507,1.000645
"theta_t[axis1, claude-opus-4-5-20251101_16K]",0.564006,0.215084,0.159863,0.960346,0.002076,0.002778,10834.263724,6112.013872,0.999883
"theta_t[axis1, claude-opus-4-5-20251101_32K]",0.112422,0.095265,-0.076893,0.281605,0.001028,0.001337,8692.602108,5210.100318,1.001358
"theta_t[axis1, claude-opus-4-5-20251101_high]",0.367784,0.484605,-0.519817,1.308364,0.004926,0.006549,9890.165563,5408.317356,1.000173
"theta_t[axis1, claude-opus-4-5-20251101_thinking]",0.40338,0.517086,-0.621985,1.278055,0.008122,0.009009,4825.637093,3328.910512,1.001286
"theta_t[axis1, claude-opus-4-5-20251101_unknown]",0.468274,0.135736,0.211532,0.723828,0.001444,0.001739,8903.960606,4903.34261,1.000497
"theta_t[axis1, claude-opus-4-6]",0.209603,0.153364,-0.085173,0.494931,0.001706,0.00177,8086.674498,5970.100088,1.00023
"theta_t[axis1, claude-opus-4-6_32K]",0.667749,0.462111,-0.153875,1.567094,0.004918,0.006437,10081.983471,5158.810345,1.000059
"theta_t[axis1, claude-opus-4-6_64K]",0.735342,0.455559,-0.066907,1.615712,0.005167,0.005529,8752.606253,5425.612609,1.001023
"theta_t[axis1, claude-opus-4-6_high]",1.051888,0.221088,0.638063,1.467056,0.002134,0.002747,10755.367908,5372.11291,1.000436
"theta_t[axis1, claude-opus-4-6_max]",0.77902,0.070468,0.644964,0.908265,0.00084,0.000803,7133.40619,5425.610139,1.000428
"theta_t[axis1, claude-opus-4-6_unknown]",0.847366,0.17908,0.504967,1.179245,0.002102,0.002032,7264.062061,6142.086625,1.001227
"theta_t[axis1, claude-opus-4-7]",1.013317,0.359349,0.364735,1.716491,0.003728,0.004506,9839.165476,5229.081249,1.000136
"theta_t[axis1, claude-opus-4-7_high]",1.011623,0.355226,0.34868,1.687374,0.003399,0.004537,11383.136484,5549.644035,0.999925
"theta_t[axis1, claude-opus-4-7_max]",0.927783,0.074057,0.792775,1.068099,0.000861,0.000889,7471.019281,5495.373455,1.000394
"theta_t[axis1, claude-opus-4-7_unknown]",0.918979,0.151581,0.639764,1.211268,0.001803,0.001971,7191.9372,5132.191741,1.000267
"theta_t[axis1, claude-opus-4-7_xhigh]",0.968123,0.451441,0.143439,1.832861,0.004787,0.005757,9740.650627,5430.954786,1.000181
"theta_t[axis1, claude-opus-4-8_high]",1.130804,0.293637,0.580333,1.680379,0.003237,0.003928,8423.88829,5829.363313,0.999945
"theta_t[axis1, claude-opus-4-8_low]",0.750577,0.303513,0.175878,1.314011,0.00295,0.003761,11010.411419,5858.43488,1.000446
"theta_t[axis1, claude-opus-4-8_max]",1.248788,0.077546,1.105042,1.397313,0.001056,0.000902,5469.001019,4680.082835,1.000644
"theta_t[axis1, claude-opus-4-8_medium]",0.921554,0.278281,0.376463,1.428325,0.002749,0.003267,10485.156038,5463.820724,1.000502
"theta_t[axis1, claude-opus-4-8_none]",0.594356,0.224046,0.178141,1.023822,0.002234,0.002979,10305.022744,5616.695699,1.001601
"theta_t[axis1, claude-opus-4-8_unknown]",1.313763,0.254839,0.834964,1.798612,0.003203,0.003362,6531.000339,4460.415342,1.000161
"theta_t[axis1, claude-opus-4-8_xhigh]",1.158922,0.200732,0.795574,1.546368,0.001978,0.002341,10311.272432,6222.899275,0.999939
"theta_t[axis1, claude-opus-5]",1.451158,0.339556,0.832052,2.10758,0.00321,0.004439,11834.45107,5471.155403,1.001131
"theta_t[axis1, claude-opus-5_high]",1.716622,0.165356,1.419656,2.047621,0.001691,0.001957,9573.967385,5971.447792,1.001633
"theta_t[axis1, claude-opus-5_low]",1.290839,0.202032,0.912473,1.660899,0.002309,0.002401,7957.751303,5660.998887,1.000663
"theta_t[axis1, claude-opus-5_max]",1.596374,0.098273,1.416308,1.786529,0.001786,0.001162,3019.973475,4922.013969,1.000574
"theta_t[axis1, claude-opus-5_medium]",1.518691,0.183444,1.168415,1.862125,0.001944,0.002142,8957.893856,5516.751957,1.000394
"theta_t[axis1, claude-opus-5_xhigh]",1.657502,0.177206,1.319212,1.988566,0.001867,0.002057,9045.52435,6007.105506,1.000078
"theta_t[axis1, claude-sonnet-4-20250514]",-0.687654,0.271278,-1.206064,-0.181307,0.002501,0.003184,11793.257518,5560.116623,0.999766
"theta_t[axis1, claude-sonnet-4-20250514_16K]",-0.273577,0.18952,-0.620074,0.09026,0.001794,0.002248,11164.498695,6254.294432,1.000527
"theta_t[axis1, claude-sonnet-4-20250514_32K]",-0.0419,0.42698,-0.844153,0.758065,0.004518,0.006152,10032.697821,5154.95384,1.000519
"theta_t[axis1, claude-sonnet-4-20250514_59K]",-0.102547,0.428552,-0.881143,0.736864,0.004604,0.006039,9578.927595,4535.427747,1.000172
"theta_t[axis1, claude-sonnet-4-20250514_unknown]",-0.690424,0.209636,-1.07584,-0.287926,0.002202,0.002554,9588.376948,5391.457992,1.000248
"theta_t[axis1, claude-sonnet-4-5-20250929]",-0.341102,0.252761,-0.801648,0.141824,0.002715,0.002826,8650.854147,6433.064553,1.000579
"theta_t[axis1, claude-sonnet-4-5-20250929_16K]",0.009497,0.191423,-0.36086,0.359654,0.0019,0.002302,10186.704565,5548.168576,1.000255
"theta_t[axis1, claude-sonnet-4-5-20250929_32K]",-0.160264,0.108884,-0.367818,0.04042,0.001272,0.001403,7453.557524,5130.99659,0.999937
"theta_t[axis1, claude-sonnet-4-5-20250929_59K]",0.129952,0.434909,-0.625961,1.008273,0.004545,0.00597,9983.132177,4607.382009,1.000155
"theta_t[axis1, claude-sonnet-4-5-20250929_thinking]",-0.147797,0.482947,-1.075961,0.775257,0.005023,0.006225,9404.418979,5462.832167,1.000382
"theta_t[axis1, claude-sonnet-4-5-20250929_unknown]",-0.163746,0.175724,-0.491341,0.164614,0.001893,0.002124,8641.152048,5639.825094,1.000395
"theta_t[axis1, claude-sonnet-4-6]",0.338985,0.495335,-0.604409,1.26279,0.005167,0.006363,9354.761796,5844.395352,1.001753
"theta_t[axis1, claude-sonnet-4-6_32K]",0.373492,0.446271,-0.395342,1.276491,0.004683,0.005686,10008.14896,5798.960165,1.00031
"theta_t[axis1, claude-sonnet-4-6_high]",0.332534,0.252404,-0.159649,0.793996,0.002514,0.002835,10122.787095,6143.809692,1.000132
"theta_t[axis1, claude-sonnet-4-6_max]",0.309457,0.244704,-0.142534,0.759826,0.002702,0.002574,8424.322363,6029.486418,0.999783
"theta_t[axis1, claude-sonnet-4-6_medium]",0.477757,0.238567,0.044975,0.935124,0.002399,0.002708,10012.485281,5611.592094,1.000161
"theta_t[axis1, claude-sonnet-4-6_unknown]",0.205409,0.399467,-0.615762,0.895296,0.00515,0.005987,6602.429901,4508.05457,1.000908
"theta_t[axis1, claude-sonnet-5_high]",0.359597,0.213439,-0.046154,0.759561,0.002091,0.002543,10565.074248,5656.869937,0.99995
"theta_t[axis1, claude-sonnet-5_low]",0.053925,0.488848,-0.845291,0.988733,0.005358,0.006153,8741.83659,5544.312685,1.001031
"theta_t[axis1, claude-sonnet-5_max]",0.849924,0.077326,0.703113,0.996889,0.000909,0.000896,7324.062898,5684.779557,1.000675
"theta_t[axis1, claude-sonnet-5_medium]",0.370362,0.261222,-0.125502,0.871647,0.002848,0.003491,8527.499933,5544.070817,0.999992
"theta_t[axis1, claude-sonnet-5_unknown]",1.088073,0.22004,0.664439,1.492323,0.002597,0.002676,7327.678234,5410.442763,1.000656
"theta_t[axis1, claude-sonnet-5_xhigh]",0.771879,0.335726,0.160484,1.416516,0.003261,0.004136,10904.515055,5667.557118,1.001158
"theta_t[axis1, deepseek-v3.2]",-0.442884,0.340967,-1.131446,0.141597,0.003755,0.004079,9129.057871,5089.03741,1.000261
"theta_t[axis1, deepseek-v4-flash-0731_high]",0.181087,0.334784,-0.491913,0.766393,0.003021,0.004603,12361.799421,5355.557028,1.000392
"theta_t[axis1, deepseek-v4-flash-0731_max]",0.684043,0.080339,0.530305,0.831229,0.000941,0.001,7356.520511,5324.194384,0.999849
"theta_t[axis1, deepseek-v4-flash-0731_unknown]",0.332505,0.338053,-0.296662,0.994512,0.00465,0.004222,5323.54192,5406.837839,1.000131
"theta_t[axis1, deepseek-v4-flash_high]",-0.247386,0.296256,-0.806333,0.300581,0.002674,0.003534,12478.518151,5943.116858,1.001308
"theta_t[axis1, deepseek-v4-flash_max]",-0.079979,0.309664,-0.669837,0.489596,0.002977,0.003638,10863.042354,5985.569882,1.000087
"theta_t[axis1, deepseek-v4-pro-0813_max]",0.802859,0.076921,0.653741,0.941804,0.000816,0.001017,8914.86267,5406.805797,1.001097
"theta_t[axis1, deepseek-v4-pro-0813_unknown]",0.783621,0.449805,-0.081434,1.59889,0.005209,0.007542,8395.575569,4419.838914,0.999825
"theta_t[axis1, deepseek-v4-pro_high]",0.111449,0.188514,-0.25284,0.452617,0.001973,0.002178,9201.915688,6379.681117,0.999839
"theta_t[axis1, deepseek-v4-pro_max]",0.255488,0.085972,0.099646,0.422709,0.001145,0.001036,5711.078548,5340.791047,1.000178
"theta_t[axis1, deepseek-v4-pro_none]",-0.442961,0.319647,-1.062066,0.138979,0.003553,0.003876,8115.308934,5752.766527,0.999902
"theta_t[axis1, gemini-1.0-pro-001]",-2.560771,0.226798,-2.987608,-2.129538,0.002538,0.00257,8032.745763,6304.742734,1.000336
"theta_t[axis1, gemini-1.5-flash-001]",-1.844469,0.19545,-2.200081,-1.461829,0.002003,0.002264,9557.202977,5465.562381,1.001097
"theta_t[axis1, gemini-1.5-flash-002]",-1.308105,0.270716,-1.815001,-0.807254,0.002574,0.003513,11403.396218,5563.695128,1.000033
"theta_t[axis1, gemini-1.5-pro-001]",-1.570404,0.190314,-1.928118,-1.2098,0.001899,0.002374,10275.457537,6277.057574,1.000244
"theta_t[axis1, gemini-1.5-pro-002]",-1.279057,0.221415,-1.690747,-0.865295,0.002181,0.002548,10712.414554,5983.750074,1.002079
"theta_t[axis1, gemini-2.0-flash-001]",-1.172325,0.246929,-1.634213,-0.715797,0.002394,0.002952,10913.513508,5964.737784,0.999868
"theta_t[axis1, gemini-2.0-flash-thinking-exp-01-21]",-0.836808,0.21314,-1.253366,-0.45924,0.002192,0.003027,9967.190403,5072.34543,1.000481
"theta_t[axis1, gemini-2.5-flash]",-1.197872,0.417393,-1.977802,-0.430518,0.004568,0.00491,8617.421861,5304.804547,0.999868
"theta_t[axis1, gemini-2.5-flash-preview-04-17]",-0.296723,0.199707,-0.702642,0.056103,0.002052,0.002604,9573.594656,5141.476173,1.000739
"theta_t[axis1, gemini-2.5-flash-preview-04-17_16K]",-0.442619,0.336689,-1.067566,0.199291,0.003251,0.00436,10767.737547,5880.837711,1.000305
"theta_t[axis1, gemini-2.5-flash-preview-05-20]",-0.430606,0.187938,-0.784211,-0.083117,0.00189,0.002456,10123.64416,5846.556237,1.00072
"theta_t[axis1, gemini-2.5-flash-preview-05-20_16K]",-0.438821,0.336686,-1.079008,0.205764,0.003172,0.00425,11375.018222,5970.295268,1.001095
"theta_t[axis1, gemini-2.5-pro]",-0.278517,0.105357,-0.477097,-0.081647,0.001637,0.001264,4385.735895,5030.074705,1.000701
"theta_t[axis1, gemini-2.5-pro-exp-03-25]",-0.081974,0.199009,-0.451603,0.288963,0.002451,0.002793,7194.135963,5216.875829,1.000476
"theta_t[axis1, gemini-2.5-pro-preview-05-06]",-0.19902,0.221197,-0.618381,0.203372,0.002861,0.00287,6631.408966,4393.183568,1.00043
"theta_t[axis1, gemini-2.5-pro-preview-06-05]",-0.135476,0.191245,-0.495817,0.211196,0.002901,0.002053,4430.41613,5689.21455,1.000111
"theta_t[axis1, gemini-2.5-pro_16K]",0.068928,0.333458,-0.537907,0.714523,0.00319,0.004229,11080.017747,6146.56648,1.000661
"theta_t[axis1, gemini-3-flash-preview]",0.504362,0.078106,0.355576,0.651041,0.000871,0.001086,8191.952354,5002.610713,1.000523
"theta_t[axis1, gemini-3-flash-preview_high]",0.799978,0.469138,-0.026331,1.726926,0.005287,0.006399,8912.074659,5363.812836,1.000194
"theta_t[axis1, gemini-3-pro-preview]",0.684896,0.109212,0.473755,0.88405,0.001326,0.001162,6791.04185,6036.53567,1.001087
"theta_t[axis1, gemini-3.1-flash-lite]",-0.413407,0.167169,-0.74083,-0.119535,0.001729,0.001968,9450.627112,5948.140912,1.000804
"theta_t[axis1, gemini-3.1-flash-lite_high]",-0.077308,0.111858,-0.289858,0.131957,0.001294,0.001336,7595.19833,6033.1338,0.9999
"theta_t[axis1, gemini-3.1-flash-lite_low]",-0.297029,0.137337,-0.556828,-0.043189,0.002148,0.002173,4578.35537,4254.391731,1.000109
"theta_t[axis1, gemini-3.1-flash-lite_minimal]",-0.347688,0.144645,-0.635834,-0.101932,0.002278,0.002352,4638.901314,3560.813212,1.000027
"theta_t[axis1, gemini-3.1-pro-preview]",0.8747,0.082111,0.728375,1.034377,0.00191,0.000923,1867.597206,3741.050863,1.001592
"theta_t[axis1, gemini-3.1-pro-preview_high]",0.335894,0.250039,-0.140132,0.798984,0.002771,0.002969,8200.343335,5636.24551,1.00041
"theta_t[axis1, gemini-3.5-flash-lite]",-0.573674,0.388493,-1.303465,0.119025,0.004282,0.005063,9070.672257,5581.318425,1.000339
"theta_t[axis1, gemini-3.5-flash-lite_high]",-0.270878,0.113187,-0.488872,-0.068171,0.001918,0.00135,3607.874749,5101.401512,1.000446
"theta_t[axis1, gemini-3.5-flash-lite_low]",-0.320388,0.407328,-1.053181,0.485353,0.004138,0.00682,10670.729018,5075.268753,1.000304
"theta_t[axis1, gemini-3.5-flash-lite_minimal]",-0.521097,0.402801,-1.265459,0.251667,0.003947,0.00593,10775.360983,5205.217855,1.002022
"theta_t[axis1, gemini-3.5-flash_high]",0.782973,0.072586,0.649974,0.924645,0.000828,0.000872,7772.534472,5326.864226,1.001509
"theta_t[axis1, gemini-3.5-flash_low]",0.495878,0.454667,-0.332441,1.346889,0.005354,0.006674,8544.666432,4789.839817,1.000181
"theta_t[axis1, gemini-3.5-flash_medium]",0.306856,0.259485,-0.168618,0.805461,0.002855,0.00328,8436.193215,4919.085025,1.000543
"theta_t[axis1, gemini-3.5-flash_minimal]",0.192653,0.440707,-0.567018,1.064287,0.005333,0.007198,8188.011442,4642.610832,1.000811
"theta_t[axis1, gemini-3.6-flash_high]",0.657854,0.078841,0.507642,0.803347,0.000877,0.001043,8248.199979,4927.757593,0.99982
"theta_t[axis1, gemini-3.6-flash_low]",0.262208,0.447023,-0.552117,1.1,0.005117,0.006636,8771.114576,4663.800416,1.00153
"theta_t[axis1, gemini-3.6-flash_minimal]",0.188406,0.443238,-0.580402,1.063506,0.004833,0.006366,9789.338399,5276.819589,1.000322
"theta_t[axis1, gemini-3.6-flash_unknown]",0.721931,0.271129,0.19969,1.214192,0.002981,0.0036,8635.466216,5651.010109,1.000148
"theta_t[axis1, gemini-3.7-flash_high]",0.967427,0.077561,0.827622,1.118873,0.000911,0.000972,7269.130962,4880.923386,1.000124
"theta_t[axis1, gemini-3.7-flash_low]",0.564387,0.30853,-0.001094,1.139945,0.003354,0.00424,9498.537481,5036.266705,1.001014
"theta_t[axis1, gemini-3.7-flash_medium]",0.900888,0.277189,0.391391,1.422445,0.002844,0.004054,10398.101139,5223.342266,1.001309
"theta_t[axis1, gemini-3.7-flash_unknown]",1.063645,0.212968,0.64419,1.455905,0.00258,0.00264,7023.969207,5600.646136,1.000744
"theta_t[axis1, gemini-3.8-flash_high]",1.296996,0.256452,0.828862,1.794031,0.002859,0.00354,8504.979667,5526.388903,1.001549
"theta_t[axis1, gemini-3.8-flash_low]",-0.007897,0.500867,-0.947351,0.872179,0.005611,0.006178,9013.011345,5646.223432,0.999955
"theta_t[axis1, gemini-3.8-flash_medium]",1.076578,0.26178,0.583244,1.553167,0.002866,0.003453,8695.074741,5187.306551,1.000038
"theta_t[axis1, gemini-3.8-flash_unknown]",0.746665,0.45087,-0.157568,1.531676,0.005711,0.008579,7487.742996,4106.97602,1.000422
"theta_t[axis1, gemma-3-12b-it]",-1.320454,0.346826,-1.994954,-0.697335,0.003446,0.004644,10893.762907,5328.840292,1.000184
"theta_t[axis1, gemma-3-27b-it]",-1.196615,0.336389,-1.851798,-0.577351,0.003415,0.004208,10361.132901,5196.278685,1.000204
"theta_t[axis1, gemma-4-26b-a4b]",-0.790543,0.296134,-1.360376,-0.258629,0.003024,0.003638,9897.213548,5629.117614,0.999921
"theta_t[axis1, gemma-4-26b-a4b_minimal]",0.264091,0.452448,-0.51076,1.159528,0.005343,0.006515,8153.060617,4984.234169,1.000237
"theta_t[axis1, gemma-4-31b-it]",-0.113782,0.2695,-0.633986,0.377997,0.002629,0.003312,10808.075266,5599.479983,1.000892
"theta_t[axis1, gemma-4-31b-it_minimal]",0.01199,0.440155,-0.762644,0.844998,0.005584,0.008644,7781.058894,3940.821871,1.000268
"theta_t[axis1, gemma-4-31b-it_none]",-0.48351,0.356384,-1.187541,0.152476,0.004495,0.005335,6768.936599,4663.573144,1.000223
"theta_t[axis1, glm-4.5]",-0.728959,0.294847,-1.300758,-0.208346,0.003667,0.004457,7333.281166,3970.461866,1.000757
"theta_t[axis1, glm-4.5_thinking]",-0.451552,0.32795,-1.066085,0.166754,0.003087,0.004181,11326.909513,5683.251649,0.999802
"theta_t[axis1, glm-4.6]",-0.85313,0.390168,-1.570287,-0.135343,0.00471,0.005984,7848.5702,5088.628618,0.999962
"theta_t[axis1, glm-4.7]",-0.157786,0.186073,-0.495332,0.201498,0.001764,0.002152,11255.933473,6098.69569,1.0002
"theta_t[axis1, glm-5]",0.056323,0.216251,-0.34934,0.460169,0.002092,0.002595,10713.867845,6047.218087,1.00018
"theta_t[axis1, glm-5.1]",0.227517,0.094524,0.047088,0.400318,0.001265,0.001106,5638.318827,4672.041391,0.999993
"theta_t[axis1, glm-5.1_none]",-0.163412,0.128456,-0.395299,0.088829,0.001575,0.001807,6908.494929,4975.685488,1.000089
"theta_t[axis1, glm-5.2_high]",0.386777,0.205949,0.021309,0.801563,0.002085,0.002568,9958.12997,5563.082278,1.001261
"theta_t[axis1, glm-5.2_low]",0.550122,0.11161,0.335885,0.760263,0.001463,0.001844,6154.562127,4646.360753,1.00041
"theta_t[axis1, glm-5.2_max]",0.751419,0.078664,0.607596,0.901063,0.000916,0.000897,7385.459175,5720.927381,1.000651
"theta_t[axis1, glm-5.2_none]",0.214046,0.114755,-0.016055,0.410287,0.002078,0.001835,3369.103246,3059.722822,1.000492
"theta_t[axis1, glm-5.2_unknown]",1.074151,0.25454,0.597684,1.554948,0.002673,0.003065,9155.214381,5872.031501,1.000464
"theta_t[axis1, glm-5.3-flash_max]",0.573885,0.078836,0.422476,0.718328,0.000844,0.000971,8758.660707,6122.198819,1.000155
"theta_t[axis1, glm-5.3-flash_unknown]",0.875273,0.402497,0.116961,1.580092,0.005047,0.006554,7893.753397,4508.565043,0.999906
"theta_t[axis1, glm-5.3_max]",0.893987,0.074986,0.758333,1.038407,0.000911,0.000869,6839.87371,5068.933173,1.000616
"theta_t[axis1, gpt-3.5-turbo-0125]",-2.642283,0.298116,-3.200605,-2.095323,0.003343,0.003712,8515.612583,5607.744668,1.000355
"theta_t[axis1, gpt-4-0314]",-1.982536,0.237244,-2.412535,-1.539157,0.002622,0.002849,8387.68445,5485.189913,1.000243
"theta_t[axis1, gpt-4-0613]",-2.196327,0.175496,-2.514991,-1.8558,0.001815,0.002107,9319.872793,5724.201124,0.999817
"theta_t[axis1, gpt-4-turbo-2024-04-09]",-1.829563,0.142092,-2.101322,-1.571752,0.001721,0.001698,6800.097962,5974.079247,1.000324
"theta_t[axis1, gpt-4.1-2025-04-14]",-0.980902,0.134576,-1.227158,-0.727364,0.00144,0.001597,9149.257584,5422.452306,1.000229
"theta_t[axis1, gpt-4.1-mini-2025-04-14]",-0.914727,0.146759,-1.197885,-0.64958,0.001647,0.001765,8114.479083,5770.7245,0.999931
"theta_t[axis1, gpt-4.1-nano-2025-04-14]",-1.291697,0.263767,-1.775295,-0.800464,0.002544,0.00325,11109.334996,5654.204052,1.000682
"theta_t[axis1, gpt-4.5-preview-2025-02-27]",-0.932648,0.144679,-1.206076,-0.656284,0.00141,0.001671,10580.59174,6267.900266,1.001228
"theta_t[axis1, gpt-4o-2024-05-13]",-1.467134,0.187159,-1.816813,-1.111942,0.001797,0.002149,10859.35611,5986.401337,1.000087
"theta_t[axis1, gpt-4o-2024-08-06]",-2.038446,0.210703,-2.446215,-1.662095,0.002533,0.002373,6952.9228,5971.426368,0.99991
"theta_t[axis1, gpt-4o-2024-11-20]",-1.55818,0.166038,-1.882846,-1.248852,0.001589,0.001856,11151.164711,6255.548976,1.000699
"theta_t[axis1, gpt-4o-mini-2024-07-18]",-2.025295,0.25261,-2.49856,-1.557059,0.002878,0.003149,8163.803009,5412.978864,1.000625
"theta_t[axis1, gpt-5-2025-08-07]",-0.490519,0.338342,-1.115103,0.165941,0.003198,0.004513,11316.60015,5859.216542,1.000561
"theta_t[axis1, gpt-5-2025-08-07_high]",0.557669,0.073027,0.419222,0.693347,0.000926,0.000867,6315.058822,5396.176583,1.000478
"theta_t[axis1, gpt-5-2025-08-07_low]",0.167577,0.115417,-0.065907,0.369884,0.001496,0.001771,6235.928507,4300.527234,1.000819
"theta_t[axis1, gpt-5-2025-08-07_medium]",0.293443,0.230014,-0.128897,0.733004,0.002361,0.002697,9699.91398,5842.101078,1.000289
"theta_t[axis1, gpt-5-2025-08-07_minimal]",-0.469817,0.144543,-0.754674,-0.225999,0.002432,0.002393,3967.031359,3589.501616,0.999921
"theta_t[axis1, gpt-5-2025-08-07_unknown]",0.338379,0.147962,0.055876,0.608805,0.001627,0.002109,8630.974415,4870.417815,0.999995
"theta_t[axis1, gpt-5-codex]",0.082279,0.329925,-0.537837,0.727199,0.003091,0.004234,11492.077109,5793.151293,1.000602
"theta_t[axis1, gpt-5-codex_high]",0.255674,0.249001,-0.22064,0.716054,0.002417,0.002958,10624.336332,5494.803386,1.001029
"theta_t[axis1, gpt-5-mini-2025-08-07_high]",0.294387,0.091397,0.121407,0.459375,0.001504,0.00116,3895.873105,4551.002687,1.000344
"theta_t[axis1, gpt-5-mini-2025-08-07_low]",-0.389013,0.145633,-0.658961,-0.113254,0.001941,0.002244,6117.14464,4274.721002,1.000156
"theta_t[axis1, gpt-5-mini-2025-08-07_medium]",0.147067,0.439036,-0.652545,0.973271,0.004835,0.00664,9050.306758,4944.792292,1.001795
"theta_t[axis1, gpt-5-mini-2025-08-07_minimal]",-0.969669,0.173623,-1.298879,-0.641724,0.001964,0.002342,8112.692285,5215.178618,1.000512
"theta_t[axis1, gpt-5-mini-2025-08-07_unknown]",0.092768,0.189772,-0.262474,0.455638,0.002256,0.002432,7456.166958,4974.679765,1.000198
"theta_t[axis1, gpt-5-nano-2025-08-07_high]",-0.268545,0.106283,-0.472296,-0.074976,0.001108,0.001265,9264.644234,5923.331095,1.000368
"theta_t[axis1, gpt-5-nano-2025-08-07_low]",-1.035056,0.16408,-1.355817,-0.746422,0.001815,0.002137,8791.015443,5576.544962,1.000601
"theta_t[axis1, gpt-5-nano-2025-08-07_medium]",0.030477,0.436144,-0.753591,0.877572,0.004768,0.00609,9385.971804,5273.000601,1.001489
"theta_t[axis1, gpt-5-nano-2025-08-07_minimal]",-1.509857,0.238159,-1.954221,-1.084625,0.003153,0.003375,6026.217167,5406.476901,1.000522
"theta_t[axis1, gpt-5-pro-2025-10-06_high]",0.595874,0.081798,0.444528,0.752777,0.000866,0.001114,9015.171277,5513.284295,1.000622
"theta_t[axis1, gpt-5-pro-2025-10-06_unknown]",0.716359,0.163823,0.409753,1.026618,0.001778,0.001968,8585.335539,5659.394595,0.999886
"theta_t[axis1, gpt-5.1-2025-11-13_high]",0.198063,0.187906,-0.145692,0.555705,0.001758,0.0022,11421.081941,6005.595528,1.000091
"theta_t[axis1, gpt-5.1-2025-11-13_low]",-0.226344,0.417079,-1.022491,0.562973,0.004557,0.006311,9407.207282,4785.50761,1.000626
"theta_t[axis1, gpt-5.1-2025-11-13_medium]",0.375526,0.458956,-0.467554,1.229034,0.00524,0.006098,8714.300529,4977.623177,1.001185
"theta_t[axis1, gpt-5.1-2025-11-13_none]",-0.905266,0.218725,-1.321155,-0.507305,0.00235,0.002583,8962.809836,6329.027571,0.999888
"theta_t[axis1, gpt-5.1-2025-11-13_unknown]",0.324931,0.155305,0.033794,0.612122,0.001533,0.001765,10352.779117,6291.891616,1.00051
"theta_t[axis1, gpt-5.1-codex-max]",0.282927,0.229253,-0.149881,0.715695,0.002283,0.002976,10356.680531,5942.495191,1.000146
"theta_t[axis1, gpt-5.2-2025-12-11_high]",0.714666,0.193224,0.345708,1.064504,0.0018,0.002282,11516.629804,6202.06362,1.000341
"theta_t[axis1, gpt-5.2-2025-12-11_low]",-0.024841,0.250664,-0.487878,0.451717,0.002359,0.003015,11377.630231,6100.170468,0.999936
"theta_t[axis1, gpt-5.2-2025-12-11_medium]",0.475497,0.224182,0.058359,0.901856,0.0021,0.002699,11397.015142,5926.287604,1.000499
"theta_t[axis1, gpt-5.2-2025-12-11_none]",0.04768,0.283286,-0.481073,0.581687,0.003213,0.003154,7976.744813,5554.404366,1.001589
"theta_t[axis1, gpt-5.2-2025-12-11_unknown]",0.423851,0.162422,0.108743,0.718578,0.001907,0.002143,7658.024943,4789.191238,0.999961
"theta_t[axis1, gpt-5.2-2025-12-11_xhigh]",0.846433,0.074406,0.708607,0.990697,0.000774,0.000982,9298.811397,5204.015503,1.000086
"theta_t[axis1, gpt-5.2-pro-2025-12-11_xhigh]",1.057853,0.082559,0.897232,1.208457,0.000935,0.001047,7948.436927,5169.2383,1.000645
"theta_t[axis1, gpt-5.3-codex]",0.966063,0.188616,0.612369,1.315486,0.001894,0.002178,9923.438792,5991.868493,1.001209
"theta_t[axis1, gpt-5.3-codex_xhigh]",1.083823,0.364426,0.401613,1.772224,0.003398,0.004696,12126.613123,5474.1553,1.000567
"theta_t[axis1, gpt-5.4-2026-03-05_high]",0.970389,0.456455,0.154209,1.826018,0.005176,0.006011,8710.474194,5446.223219,1.000325
"theta_t[axis1, gpt-5.4-2026-03-05_low]",0.331981,0.454003,-0.473686,1.193967,0.005106,0.006704,8920.014477,5057.679195,1.000311
"theta_t[axis1, gpt-5.4-2026-03-05_medium]",0.801921,0.46242,0.029538,1.744713,0.00524,0.005981,8898.677272,5073.023315,1.001934
"theta_t[axis1, gpt-5.4-2026-03-05_none]",-0.041292,0.276949,-0.553029,0.485028,0.002608,0.003365,11373.677597,5688.544235,0.999888
"theta_t[axis1, gpt-5.4-2026-03-05_unknown]",0.93077,0.22697,0.494246,1.348838,0.002478,0.002599,8390.886049,6046.565511,1.000594
"theta_t[axis1, gpt-5.4-2026-03-05_xhigh]",1.066105,0.069252,0.938189,1.196317,0.001031,0.000755,4532.532267,5277.247638,1.000663
"theta_t[axis1, gpt-5.4-mini-2026-03-17_high]",0.349364,0.273632,-0.152333,0.869117,0.002578,0.003546,11846.641856,5263.296526,1.001313
"theta_t[axis1, gpt-5.4-mini-2026-03-17_low]",-0.17356,0.12839,-0.404392,0.08028,0.001592,0.001969,6737.930935,4702.395766,1.000136
"theta_t[axis1, gpt-5.4-mini-2026-03-17_none]",-0.542772,0.148508,-0.832134,-0.287665,0.002686,0.002125,3275.274306,4121.978711,1.001295
"theta_t[axis1, gpt-5.4-mini-2026-03-17_unknown]",0.54854,0.238371,0.092471,0.984199,0.002798,0.003013,7586.084767,5197.855745,1.00074
"theta_t[axis1, gpt-5.4-mini-2026-03-17_xhigh]",0.432581,0.082869,0.282143,0.590814,0.001,0.001033,6998.583607,5402.180738,1.00024
"theta_t[axis1, gpt-5.4-nano-2026-03-17_high]",0.321166,0.091729,0.146638,0.489673,0.001176,0.001248,6324.861059,4578.875938,1.000079
"theta_t[axis1, gpt-5.4-nano-2026-03-17_low]",-0.298957,0.125932,-0.548972,-0.075164,0.00159,0.001801,6712.31977,4258.277511,1.00044
"theta_t[axis1, gpt-5.4-nano-2026-03-17_none]",-1.02389,0.156763,-1.31464,-0.718915,0.001933,0.00173,6510.594767,6250.478158,1.001543
"theta_t[axis1, gpt-5.4-nano-2026-03-17_unknown]",0.175977,0.35545,-0.463668,0.853019,0.004568,0.005581,7013.417912,4322.37225,1.001191
"theta_t[axis1, gpt-5.4-nano-2026-03-17_xhigh]",0.472503,0.467185,-0.392194,1.307776,0.00619,0.007187,6894.446247,4120.859451,0.999985
"theta_t[axis1, gpt-5.4-pro-2026-03-05_none]",0.200281,0.338812,-0.462251,0.819629,0.003459,0.004529,9942.042165,5344.734845,1.000031
"theta_t[axis1, gpt-5.4-pro-2026-03-05_unknown]",1.133928,0.155931,0.843121,1.427623,0.001729,0.001969,8260.745311,5800.955139,1.000185
"theta_t[axis1, gpt-5.4-pro-2026-03-05_xhigh]",1.300302,0.091027,1.127545,1.467498,0.001136,0.001123,6578.712728,5168.89128,1.000174
"theta_t[axis1, gpt-5.5-instant]",-0.172267,0.112237,-0.387234,0.032161,0.001669,0.001575,4967.453486,4209.889593,1.000255
"theta_t[axis1, gpt-5.5-pro_xhigh]",1.575495,0.104687,1.387645,1.776483,0.001384,0.001281,5947.164717,4486.240073,1.000274
"theta_t[axis1, gpt-5.5_high]",1.443447,0.197114,1.068434,1.801842,0.001966,0.002377,10122.327284,5910.629873,1.000689
"theta_t[axis1, gpt-5.5_low]",0.267104,0.27467,-0.240904,0.799275,0.002519,0.003493,11929.67667,5804.113703,1.000017
"theta_t[axis1, gpt-5.5_medium]",1.072878,0.22188,0.663115,1.497797,0.002197,0.002944,10271.497481,5464.337113,1.000514
"theta_t[axis1, gpt-5.5_none]",0.083461,0.234384,-0.370616,0.509413,0.00224,0.002889,10907.805634,6128.63374,1.000305
"theta_t[axis1, gpt-5.5_unknown]",1.197208,0.188157,0.829535,1.538254,0.002009,0.00224,8814.789415,5322.095235,1.00021
"theta_t[axis1, gpt-5.5_xhigh]",1.387164,0.079754,1.239711,1.539967,0.000878,0.000867,8269.167187,6547.257784,1.000387
"theta_t[axis1, gpt-5.6-luna_high]",0.650952,0.254039,0.202384,1.151117,0.002389,0.002965,11310.231657,5932.982708,1.000612
"theta_t[axis1, gpt-5.6-luna_low]",0.087452,0.142485,-0.17997,0.340395,0.003522,0.002705,1796.595406,2208.307886,1.001366
"theta_t[axis1, gpt-5.6-luna_max]",1.291551,0.083797,1.138309,1.450496,0.000983,0.000958,7925.975723,5436.308045,1.000828
"theta_t[axis1, gpt-5.6-luna_medium]",0.07963,0.250802,-0.393902,0.54875,0.003195,0.003283,6537.406511,5146.453568,1.000018
"theta_t[axis1, gpt-5.6-luna_none]",0.095958,0.129569,-0.148854,0.323988,0.002804,0.002373,2386.360182,2810.165331,1.000214
"theta_t[axis1, gpt-5.6-luna_unknown]",0.979981,0.359774,0.277909,1.60967,0.005658,0.007789,4891.247826,3247.14915,1.000061
"theta_t[axis1, gpt-5.6-luna_xhigh]",1.157061,0.280406,0.635186,1.678194,0.002986,0.004025,9353.845856,5358.144039,1.000499
"theta_t[axis1, gpt-5.6-sol]",1.032429,0.499799,0.129383,2.011112,0.005623,0.00657,8224.117637,4866.22381,1.00065
"theta_t[axis1, gpt-5.6-sol_high]",1.62596,0.164165,1.317013,1.928616,0.001619,0.001814,10337.754226,6420.350789,1.00108
"theta_t[axis1, gpt-5.6-sol_low]",0.852596,0.25856,0.381809,1.33693,0.00237,0.002941,11940.413541,6470.835363,1.000343
"theta_t[axis1, gpt-5.6-sol_max]",1.63993,0.088789,1.47298,1.805818,0.001122,0.000994,6356.560354,5483.8449,1.00003
"theta_t[axis1, gpt-5.6-sol_medium]",1.275823,0.278294,0.743799,1.779948,0.002729,0.003698,10846.275501,4949.890293,1.001402
"theta_t[axis1, gpt-5.6-sol_none]",0.003287,0.341137,-0.615717,0.667861,0.003151,0.004135,11712.617725,5651.72125,1.000786
"theta_t[axis1, gpt-5.6-sol_promax]",1.581565,0.115243,1.369531,1.801169,0.001366,0.001346,7327.512833,5399.29071,1.000751
"theta_t[axis1, gpt-5.6-sol_unknown]",1.312565,0.367108,0.602115,1.987842,0.00513,0.007364,5959.2693,3985.962759,1.001492
"theta_t[axis1, gpt-5.6-sol_xhigh]",1.474383,0.167402,1.166619,1.791726,0.001696,0.002032,9823.44112,5915.218816,1.000306
"theta_t[axis1, gpt-5.6-terra_high]",1.210889,0.229405,0.754046,1.627153,0.002163,0.002895,11422.078405,5200.695963,1.000352
"theta_t[axis1, gpt-5.6-terra_low]",0.326722,0.267687,-0.190416,0.814018,0.00255,0.003146,11019.090519,6310.956394,1.000152
"theta_t[axis1, gpt-5.6-terra_max]",1.469847,0.094415,1.290792,1.647557,0.001337,0.001094,5157.72113,5043.531674,1.000633
"theta_t[axis1, gpt-5.6-terra_medium]",0.727054,0.33497,0.067827,1.323631,0.003622,0.004261,9188.826568,5283.041466,1.000612
"theta_t[axis1, gpt-5.6-terra_none]",-0.429338,0.337574,-1.055649,0.221352,0.003207,0.00435,11362.377449,5742.056951,1.000313
"theta_t[axis1, gpt-5.6-terra_unknown]",1.037058,0.370414,0.360138,1.744236,0.005321,0.006464,5329.87031,3754.773741,1.001325
"theta_t[axis1, gpt-5.6-terra_xhigh]",1.353899,0.199737,0.991777,1.739957,0.002046,0.002547,9540.93953,5273.169912,1.0011
"theta_t[axis1, gpt-6-astra_high]",1.974752,0.13521,1.724314,2.23328,0.001632,0.001559,7016.637008,5720.268313,1.000604
"theta_t[axis1, gpt-6-astra_low]",1.722341,0.123687,1.491737,1.953931,0.001445,0.00138,7476.966853,5879.288933,1.000716
"theta_t[axis1, gpt-6-astra_max]",1.9425,0.112139,1.739556,2.163009,0.001393,0.001244,6762.892108,5959.344602,1.000724
"theta_t[axis1, gpt-6-astra_medium]",2.053745,0.14226,1.786862,2.322488,0.001698,0.001622,7182.985402,5282.010324,1.000249
"theta_t[axis1, gpt-6-astra_none]",1.596512,0.117669,1.381681,1.82496,0.001341,0.001395,7871.528194,5467.022882,1.000968
"theta_t[axis1, gpt-6-astra_unknown]",1.821794,0.220823,1.409101,2.247929,0.002553,0.002805,7653.831737,5891.996632,1.000008
"theta_t[axis1, gpt-6-astra_xhigh]",1.969728,0.139164,1.716674,2.237011,0.001532,0.001532,8485.321102,5893.355737,1.000066
"theta_t[axis1, gpt-oss-120b]",-0.628003,0.18851,-0.992346,-0.289033,0.002056,0.0023,8562.135542,5537.347465,1.000815
"theta_t[axis1, gpt-oss-120b_high]",-0.022401,0.208362,-0.433998,0.357785,0.001949,0.002621,11367.229943,5952.177894,1.000198
"theta_t[axis1, gpt-oss-120b_low]",-0.931726,0.501758,-1.88992,-0.036066,0.005408,0.006489,9683.484538,5082.75693,1.000875
"theta_t[axis1, gpt-oss-120b_medium]",-0.408451,0.331798,-1.021823,0.230243,0.003045,0.003956,11901.697687,6078.045367,1.000407
"theta_t[axis1, gpt-oss-20b_high]",-0.498569,0.238173,-0.936568,-0.044744,0.002199,0.002868,11782.746915,6018.247633,0.99995
"theta_t[axis1, gpt-oss-20b_low]",-0.767641,0.392876,-1.514469,-0.022487,0.004023,0.006283,10046.096105,5052.798688,1.000721
"theta_t[axis1, gpt-oss-20b_medium]",-0.46845,0.250282,-0.9268,0.020427,0.002226,0.003121,12671.986553,5746.703185,1.00051
"theta_t[axis1, grok-2]",-1.61461,0.21132,-2.017602,-1.229088,0.002102,0.002567,10140.510981,5753.551677,1.000053
"theta_t[axis1, grok-2-1212]",-1.466585,0.286767,-2.001008,-0.931088,0.002842,0.003672,10928.863651,5403.27816,1.001534
"theta_t[axis1, grok-3]",-0.933881,0.279748,-1.47831,-0.418887,0.002946,0.003304,9421.625419,5056.339362,1.000219
"theta_t[axis1, grok-3-mini-beta_high]",-0.198895,0.25016,-0.665377,0.262898,0.002249,0.003309,12422.680102,5498.210525,1.001431
"theta_t[axis1, grok-3-mini-beta_low]",-0.265749,0.413908,-1.035835,0.496229,0.004374,0.00616,9885.65077,5317.547726,0.999764
"theta_t[axis1, grok-4-0709]",0.057236,0.169975,-0.266662,0.368706,0.001612,0.002061,11140.724909,5168.723482,1.000014
"theta_t[axis1, grok-4-0709_high]",-0.670486,0.611436,-1.817903,0.511953,0.007231,0.007994,7368.278741,5645.902358,1.000052
"theta_t[axis1, grok-4.20-0309-reasoning]",0.420309,0.090119,0.249979,0.590297,0.001017,0.001136,7833.191977,5297.706796,1.000291
"theta_t[axis1, grok-4.3_high]",0.374234,0.08734,0.212645,0.53771,0.001071,0.001094,6636.520583,5263.918248,1.000787
"theta_t[axis1, grok-4.3_none]",-0.934442,0.504866,-1.916166,-0.056432,0.00527,0.006686,10410.534554,5152.830064,0.99991
"theta_t[axis1, grok-4.3_unknown]",-0.406507,0.260225,-0.890274,0.091058,0.002775,0.003168,8941.772446,5485.441656,1.000534
"theta_t[axis1, grok-4.5_high]",0.705899,0.075799,0.57063,0.858411,0.001027,0.000985,5523.375198,3831.423895,1.001041
"theta_t[axis1, grok-4.5_unknown]",0.757234,0.265607,0.238019,1.235462,0.004325,0.003023,3974.283378,4457.485034,1.000569
"theta_t[axis1, grok-4.6_high]",1.018593,0.214708,0.612647,1.414448,0.002157,0.002659,9918.852997,5612.536985,1.001467
"theta_t[axis1, grok-4.6_low]",0.384881,0.334413,-0.256502,0.967497,0.003894,0.005522,8834.19358,5021.538588,1.000614
"theta_t[axis1, grok-4.6_medium]",1.205432,0.265517,0.724688,1.727565,0.002668,0.003163,10261.576873,5858.43987,1.000023
"theta_t[axis1, grok-4.6_unknown]",1.308178,0.194923,0.926471,1.664893,0.002182,0.002279,8091.146405,4948.82494,0.999803
"theta_t[axis1, grok-4.6_xhigh]",0.888755,0.078405,0.739646,1.036041,0.00109,0.000943,5301.878849,5345.782131,1.000446
"theta_t[axis1, inkling-small]",0.37788,0.253283,-0.096834,0.843144,0.002533,0.003092,10141.350419,5935.113724,1.000426
"theta_t[axis1, inkling-small_xhigh]",0.448889,0.089205,0.272904,0.607539,0.001103,0.00107,6535.648737,5980.564635,1.000811
"theta_t[axis1, kimi-k2-thinking]",-0.494914,0.187875,-0.850262,-0.146751,0.001914,0.002392,9772.01966,5886.2266,1.000066
"theta_t[axis1, kimi-k2.5]",0.053021,0.149018,-0.21708,0.336076,0.001762,0.001658,7360.308399,5878.492238,1.000557
"theta_t[axis1, kimi-k2.6]",0.60079,0.078116,0.456569,0.747995,0.001043,0.001054,5835.623335,4619.747744,0.999905
"theta_t[axis1, kimi-k2.7-code]",0.49451,0.076915,0.34982,0.635916,0.000955,0.000939,6628.217545,5376.077549,0.999946
"theta_t[axis1, kimi-k3_high]",0.674084,0.454182,-0.115727,1.532439,0.005068,0.006229,9293.292458,4916.756291,1.000644
"theta_t[axis1, kimi-k3_low]",-0.098801,0.328169,-0.718782,0.520362,0.003071,0.003978,11423.555795,5786.123873,1.001536
"theta_t[axis1, kimi-k3_max]",1.06205,0.080949,0.911665,1.214015,0.00139,0.001027,3497.51685,4147.498384,1.000784
"theta_t[axis1, kimi-k3_unknown]",1.469209,0.169271,1.171093,1.814349,0.001953,0.001944,7577.46759,6144.073887,1.000243
"theta_t[axis1, laguna-m.1]",-0.984209,0.321966,-1.613934,-0.427263,0.00383,0.004032,7695.094415,4867.152548,1.000495
"theta_t[axis1, magistral-small-2509]",-1.024885,0.337424,-1.638823,-0.394657,0.003271,0.00417,11128.693265,5768.147631,1.000161
"theta_t[axis1, mercury-2]",-0.408298,0.283823,-0.926465,0.119359,0.002706,0.003647,11423.860723,5862.990346,1.000873
"theta_t[axis1, mimo-v2.5]",0.086575,0.357617,-0.57759,0.712414,0.004254,0.00516,8197.177494,5220.503664,1.00022
"theta_t[axis1, mimo-v2.5-pro]",0.198365,0.339038,-0.471356,0.78813,0.003725,0.004696,9636.828116,4943.488974,1.001371
"theta_t[axis1, mistral-large-2402]",-2.131398,0.210501,-2.539952,-1.75094,0.002277,0.002444,8577.909412,5802.591343,1.001359
"theta_t[axis1, mistral-large-2407]",-1.899903,0.215447,-2.290285,-1.477137,0.002265,0.002445,9047.221921,6109.267308,1.00086
"theta_t[axis1, mistral-medium-2505]",-1.148323,0.262035,-1.634312,-0.645579,0.002646,0.004003,10812.542843,5232.563592,1.000251
"theta_t[axis1, mistral-medium-2508]",-0.849193,0.291539,-1.387122,-0.291287,0.002738,0.00397,11963.129802,5279.758424,1.00013
"theta_t[axis1, mistral-medium-2604]",-0.629752,0.239747,-1.072978,-0.163256,0.002584,0.002908,8734.731581,5993.631517,1.000653
"theta_t[axis1, mistral-medium-2604_high]",-0.602747,0.349524,-1.226686,0.074796,0.00452,0.004943,6791.763318,4743.496486,1.000528
"theta_t[axis1, mistral-small-2503]",-1.667711,0.35675,-2.382721,-1.053866,0.003623,0.004551,10329.493384,5508.571109,1.000563
"theta_t[axis1, muse-spark]",0.874816,0.148205,0.595829,1.149605,0.001614,0.001696,8527.036569,5624.461187,1.000191
"theta_t[axis1, muse-spark-1.1]",1.208928,0.179627,0.862128,1.532375,0.00187,0.002142,9238.254434,5651.016944,1.001272
"theta_t[axis1, muse-spark-1.1_high]",0.117873,0.319858,-0.50391,0.706131,0.003835,0.004648,7146.1147,5149.95998,1.00029
"theta_t[axis1, muse-spark-1.1_xhigh]",0.802045,0.459779,-0.034696,1.675682,0.005262,0.006649,8003.069683,4853.271688,1.000406
"theta_t[axis1, muse-spark-1.2]",0.645619,0.466794,-0.260584,1.513743,0.005786,0.007479,7593.251334,4278.369693,1.000949
"theta_t[axis1, muse-spark-1.2_xhigh]",0.77527,0.256759,0.306418,1.270519,0.00243,0.003087,11178.563153,5867.978378,1.000339
"theta_t[axis1, nemotron-3-super]",-0.447728,0.310386,-1.055358,0.101019,0.002876,0.003889,11823.494398,6048.011352,1.001189
"theta_t[axis1, nemotron-3-ultra]",-0.133009,0.172344,-0.447723,0.200332,0.001591,0.002,11780.501378,6324.456698,1.00047
"theta_t[axis1, o1-2024-12-17_high]",-0.572275,0.126873,-0.810784,-0.334726,0.001712,0.001739,5857.346461,4681.784995,1.000177
"theta_t[axis1, o1-2024-12-17_low]",-0.823076,0.161328,-1.129813,-0.521592,0.001772,0.002367,8661.622796,5036.912402,1.000461
"theta_t[axis1, o1-2024-12-17_medium]",-0.636074,0.112374,-0.845148,-0.425215,0.001347,0.001369,6999.897321,5117.938188,1.000985
"theta_t[axis1, o1-2024-12-17_unknown]",-0.639864,0.25201,-1.140715,-0.197554,0.002799,0.003379,8472.624043,4642.05161,1.00124
"theta_t[axis1, o1-mini-2024-09-12_high]",-0.613558,0.39487,-1.364385,0.131552,0.003989,0.00584,10266.463518,5187.181669,1.000648
"theta_t[axis1, o1-mini-2024-09-12_medium]",-0.680809,0.259791,-1.169897,-0.182779,0.002356,0.003364,12167.158374,6157.633114,1.000424
"theta_t[axis1, o1-preview-2024-09-12]",-0.801786,0.154409,-1.079009,-0.500465,0.001646,0.001766,8828.047436,5863.508582,1.000317
"theta_t[axis1, o1-pro-2025-03-19]",-0.621669,0.251667,-1.115508,-0.169006,0.002964,0.003304,7573.141095,4994.21943,1.000872
"theta_t[axis1, o3-2025-04-16_high]",0.110203,0.085403,-0.048403,0.273402,0.000933,0.001093,8395.934773,5045.333263,1.00069
"theta_t[axis1, o3-2025-04-16_low]",-0.355515,0.130977,-0.616328,-0.122016,0.001579,0.001844,7408.87568,4453.123337,1.000092
"theta_t[axis1, o3-2025-04-16_medium]",0.055513,0.086501,-0.109666,0.215234,0.001061,0.001111,6654.591671,4836.993156,1.000863
"theta_t[axis1, o3-2025-04-16_unknown]",-0.026725,0.282436,-0.54761,0.520941,0.002961,0.003593,9305.807637,5952.851839,1.000109
"theta_t[axis1, o3-mini-2025-01-31_high]",-0.404348,0.107886,-0.616735,-0.21141,0.001371,0.001352,6530.093812,4548.737502,1.000827
"theta_t[axis1, o3-mini-2025-01-31_low]",-1.192783,0.199739,-1.56892,-0.822632,0.002528,0.002892,6613.163382,4464.4714,1.00018
"theta_t[axis1, o3-mini-2025-01-31_medium]",-0.635733,0.12308,-0.870402,-0.404203,0.001442,0.001526,7413.102931,5163.890499,0.999932
"theta_t[axis1, o3-pro-2025-06-10]",-0.838578,0.475559,-1.767722,0.02486,0.005415,0.005544,7846.429295,5854.418844,1.000828
"theta_t[axis1, o3-pro-2025-06-10_high]",0.231473,0.338779,-0.429021,0.853371,0.00317,0.004213,11431.846935,6221.483778,1.001039
"theta_t[axis1, o4-mini-2025-04-16_high]",0.083328,0.083799,-0.073261,0.24189,0.001211,0.000954,4854.634383,5462.047942,1.000158
"theta_t[axis1, o4-mini-2025-04-16_low]",-0.471312,0.138475,-0.732242,-0.210308,0.001692,0.002051,7250.74597,4403.662261,1.000081
"theta_t[axis1, o4-mini-2025-04-16_medium]",-0.136736,0.096839,-0.323789,0.035064,0.001417,0.001085,4789.577207,5651.570536,1.00042
"theta_t[axis1, qwen2-72b-instruct]",-2.105463,0.258317,-2.578699,-1.614061,0.002629,0.003106,9933.842418,5498.70367,1.000781
"theta_t[axis1, qwen2.5-72b-instruct]",-1.76528,0.214097,-2.166803,-1.348857,0.002275,0.002581,9034.351075,5599.080267,1.00123
"theta_t[axis1, qwen3-14b]",-0.526383,0.28673,-1.063668,0.005992,0.002959,0.003886,9764.042499,5560.5853,1.000113
"theta_t[axis1, qwen3-14b_none]",-1.109522,0.391772,-1.889588,-0.402088,0.004153,0.005402,9148.667439,5571.74646,1.001259
"theta_t[axis1, qwen3-30b-a3b-thinking-2507]",-0.38583,0.283632,-0.963773,0.110156,0.002748,0.003744,10886.492893,5698.555575,1.001069
"theta_t[axis1, qwen3-8b]",-0.65338,0.294864,-1.201044,-0.084622,0.002903,0.003947,10839.213572,5385.124762,1.000276
"theta_t[axis1, qwen3-8b_none]",-1.209015,0.396368,-1.972596,-0.497689,0.003719,0.005545,11988.116609,5713.477271,1.000485
"theta_t[axis1, qwen3-coder-next]",-0.816189,0.29566,-1.382001,-0.281254,0.002942,0.003953,10678.510507,5691.54471,1.000206
"theta_t[axis1, qwen3-max-2025-09-23]",-0.331912,0.125158,-0.575457,-0.102639,0.001452,0.001672,7640.006225,5266.370837,1.000963
"theta_t[axis1, qwen3.5-35b-a3b]",-0.451257,0.39859,-1.193962,0.311013,0.00399,0.005796,10481.917174,5320.41704,1.000031
"theta_t[axis1, qwen3.5-35b-a3b_none]",-0.315133,0.291228,-0.861377,0.23683,0.002775,0.004059,11253.995413,5279.451348,1.000873
"theta_t[axis1, qwen3.5-397b-a17b]",0.006743,0.11284,-0.199579,0.227306,0.001301,0.001612,7697.356082,4794.616056,1.00057
"theta_t[axis1, qwen3.5-397b-a17b_none]",0.030895,0.111787,-0.186742,0.234004,0.001201,0.001634,8790.910994,5117.274601,1.000083
"theta_t[axis1, qwen3.5-9B]",-0.77701,0.328314,-1.391965,-0.160509,0.003007,0.004318,12205.62118,5770.316085,1.000887
"theta_t[axis1, qwen3.5-9B_none]",-0.280483,0.415576,-1.05715,0.505882,0.004249,0.006331,10257.535403,5099.39288,0.999895
"theta_t[axis1, qwen3.5-flash]",-0.642799,0.147588,-0.927156,-0.371305,0.002064,0.00182,5108.171684,4561.567643,1.000019
"theta_t[axis1, qwen3.5-flash_none]",-0.394365,0.149054,-0.668538,-0.128009,0.002312,0.004813,5654.520887,3750.508252,1.00056
"theta_t[axis1, qwen3.5-plus]",0.144671,0.250821,-0.328002,0.620489,0.002337,0.003018,11543.116695,5796.589483,1.000149
"theta_t[axis1, qwen3.6-27b]",0.145095,0.109937,-0.068728,0.346725,0.001279,0.001428,7475.679541,5178.798495,1.000381
"theta_t[axis1, qwen3.6-27b_none]",0.03544,0.115224,-0.186189,0.247524,0.001712,0.001645,4892.147061,4285.469234,1.000369
"theta_t[axis1, qwen3.6-35b-a3b]",-0.356094,0.108582,-0.566725,-0.159054,0.001269,0.001318,7390.089529,5524.425766,1.000055
"theta_t[axis1, qwen3.6-35b-a3b_none]",-0.346334,0.12638,-0.59422,-0.113061,0.001886,0.001735,4918.999435,4084.467848,0.999935
"theta_t[axis1, qwen3.6-flash]",-0.349458,0.12775,-0.593675,-0.110527,0.001504,0.001836,7281.008347,4881.767263,1.000184
"theta_t[axis1, qwen3.6-flash_none]",-0.24291,0.136846,-0.500469,0.014853,0.001889,0.002609,5927.923632,3849.752478,1.00013
"theta_t[axis1, qwen3.6-plus]",0.214301,0.102362,0.016122,0.404319,0.001137,0.001433,8242.409349,5145.08205,1.000264
"theta_t[axis1, qwen3.6-plus_none]",0.037253,0.121843,-0.212252,0.256738,0.001684,0.001822,5561.027111,4042.084477,1.001076
"theta_t[axis1, qwen3.7-flash]",-0.273411,0.120604,-0.498508,-0.045181,0.001502,0.001661,6488.200023,4827.885571,1.000821
"theta_t[axis1, qwen3.7-flash_none]",-0.306965,0.125412,-0.54474,-0.070234,0.001436,0.00162,7686.531209,4721.348312,1.000091
"theta_t[axis1, qwen3.7-max]",0.838152,0.079441,0.699063,0.998614,0.000926,0.000964,7417.759519,5643.208276,1.000794
"theta_t[axis1, qwen3.7-plus]",-0.043775,0.226828,-0.485819,0.371106,0.002849,0.002545,6350.875413,5747.183685,1.001504
"theta_t[axis1, qwen3.7-plus_none]",0.096071,0.113562,-0.111146,0.321706,0.001305,0.001674,7896.273298,5222.982204,1.000005
"theta_t[axis1, qwen3.8-27b]",0.07789,0.473479,-0.835909,0.926352,0.005411,0.006536,8602.406676,5352.223393,1.000206
"theta_t[axis1, qwen3.8-27b_low]",-0.935972,0.49793,-1.885974,-0.045431,0.00589,0.006167,8066.934253,5267.601347,1.000891
"theta_t[axis1, qwen3.8-27b_medium]",-0.932589,0.506164,-1.872755,-0.031524,0.005279,0.006395,10126.711012,5693.215751,1.000241
"theta_t[axis1, qwen3.8-27b_none]",-0.769454,0.512552,-1.671861,0.237639,0.005253,0.006853,11006.113511,5054.281503,1.001057
"theta_t[axis1, qwen3.8-27b_xhigh]",0.011493,0.280707,-0.545634,0.519051,0.003152,0.003591,8139.406954,5732.931312,1.000519
"theta_t[axis1, qwen3.8-max_unknown]",1.137805,0.267878,0.629814,1.6336,0.002959,0.004295,8878.323225,4974.800566,1.001484
"theta_t[axis1, qwen3.8-max_xhigh]",1.077492,0.080531,0.922692,1.225925,0.000945,0.001071,7415.0961,4532.138469,1.001364
"theta_t[axis1, trinity-large-thinking]",-0.934412,0.337645,-1.585636,-0.324747,0.004305,0.00423,6524.760207,5373.73827,1.0
"logA_z[axis1, APEX-Agents]",0.081591,0.151118,-0.218204,0.358442,0.002523,0.001835,3607.050827,4572.443983,1.001576
"logA_z[axis1, CritPt]",0.61955,0.142012,0.362135,0.891502,0.003683,0.001951,1521.051325,2530.635791,1.002942
"logA_z[axis1, DeepSWE]",0.097498,0.271181,-0.408857,0.596075,0.005403,0.004854,2668.451979,2994.947259,1.0021
"logA_z[axis1, EnigmaEval]",0.285043,0.183025,-0.060441,0.620371,0.003212,0.002256,3316.921319,4516.320794,1.000998
"logA_z[axis1, FrontierCode]",-0.337525,0.282613,-0.919991,0.133828,0.006785,0.004697,1869.980435,2552.902374,1.004111
"logA_z[axis1, FrontierMath Tier 4 v2]",2.076904,0.328253,1.45651,2.689272,0.0116,0.006583,811.479677,1154.430968,1.004226
"logA_z[axis1, FrontierMath Tiers 1-3 v2]",1.098401,0.1843,0.761312,1.449005,0.006401,0.003805,843.542048,1248.09196,1.005039
"logA_z[axis1, GDPval]",-0.492424,0.58219,-1.552822,0.610381,0.009505,0.007122,3842.199877,4550.70496,1.00103
"logA_z[axis1, HLE]",0.230241,0.150892,-0.060455,0.50626,0.002984,0.001964,2568.005272,3966.264147,1.001248
"logA_z[axis1, LAB-Bench Cloning]",-0.999674,0.307025,-1.569314,-0.439241,0.006192,0.004052,2567.530002,3840.194198,1.000478
"logA_z[axis1, LAB-Bench LitQA2]",-2.210052,0.379385,-2.940616,-1.523493,0.010948,0.006678,1234.047497,1599.228166,1.002646
"logA_z[axis1, LAB-Bench Protocol]",-1.035182,0.257476,-1.523878,-0.575271,0.005764,0.00419,2113.215372,2542.867202,1.000561
"logA_z[axis1, LAB-Bench SeqQA]",-0.997795,0.230651,-1.42291,-0.56482,0.006205,0.004422,1484.52507,1669.952896,1.001861
"logA_z[axis1, MCP Atlas]",-0.687421,0.351392,-1.33251,-0.032667,0.006219,0.004207,3347.385074,4200.938559,1.001809
"logA_z[axis1, METR Time Horizons]",-0.887268,0.193944,-1.232944,-0.51698,0.005369,0.003323,1339.890796,1905.726395,1.002653
"logA_z[axis1, OSWorld 2.0]",0.278513,0.346059,-0.3787,0.915808,0.007725,0.007185,2185.29845,2362.545131,1.00161
"logA_z[axis1, OTIS Mock AIME 2024-2025]",0.953571,0.182164,0.629535,1.30242,0.005648,0.003178,1055.624624,1638.686428,1.002992
"logA_z[axis1, ProofBench]",1.249241,0.300775,0.69326,1.816882,0.007688,0.004232,1584.972425,1981.898639,1.002599
"logA_z[axis1, Remote Labor Index]",0.115246,0.410876,-0.623003,0.910134,0.008712,0.007557,2415.32665,2563.512376,1.002016
"logA_z[axis1, Surface Evolver Bench]",0.672712,0.268892,0.152095,1.1655,0.005439,0.003626,2447.657175,3140.565244,1.001429
"logA_z[axis1, WeirdML v2]",-0.111168,0.094065,-0.290553,0.058873,0.001425,0.001091,4433.125696,4835.409601,1.000857
tau_A[axis1],1.0,0.0,1.0,1.0,0.0,,8000.0,8000.0,
"theta[Committee of Domain Experts, axis1]",0.11397,0.118074,-0.121969,0.325747,0.001419,0.001838,7255.479515,4529.052328,1.001261
"theta[DeepSeek-R1, axis1]",-0.683337,0.147501,-0.959239,-0.407921,0.001455,0.001717,10282.788416,5319.998319,0.999984
"theta[DeepSeek-R1-0528, axis1]",-0.492197,0.187135,-0.830475,-0.128554,0.0018,0.002321,10871.178548,5527.828609,1.000787
"theta[DeepSeek-V3, axis1]",-1.189565,0.155981,-1.477668,-0.891067,0.001549,0.001777,10159.461488,5884.246093,1.000156
"theta[DeepSeek-V3-0324, axis1]",-0.86551,0.179221,-1.214785,-0.546357,0.001704,0.002178,11185.670816,5870.400718,1.000586
"theta[DeepSeek-V3.2-Exp_thinking, axis1]",-0.407576,0.303583,-0.962892,0.157639,0.002824,0.004005,11662.274432,5675.635895,1.000681
"theta[Domain Expert, axis1]",0.807722,0.315091,0.220653,1.405161,0.004069,0.003456,6121.386344,5801.481005,1.000087
"theta[High School Qualifier, axis1]",-0.470861,0.4062,-1.265544,0.262559,0.004292,0.006628,9757.709233,5032.151786,0.999975
"theta[High School Top Performer, axis1]",0.664653,0.45582,-0.150776,1.54308,0.005221,0.006152,8749.667099,5127.898673,1.000708
"theta[Inkling, axis1]",-0.661708,0.336091,-1.299127,-0.079643,0.004306,0.004532,6776.292476,4744.536768,1.000702
"theta[Inkling_high, axis1]",-0.788435,0.34396,-1.428993,-0.145544,0.003283,0.004856,11349.918279,5090.421008,1.000298
"theta[Inkling_xhigh, axis1]",0.133361,0.09297,-0.038262,0.315576,0.001077,0.001199,7436.721904,5237.087286,1.000242
"theta[Llama-3.1-405B-Instruct, axis1]",-1.721863,0.123454,-1.963267,-1.502026,0.00144,0.001389,7340.290961,5439.345369,0.999898
"theta[Llama-3.1-70B-Instruct, axis1]",-1.81904,0.176426,-2.132834,-1.470907,0.00176,0.001951,10085.146391,6105.318421,1.001162
"theta[Llama-3.1-8B-Instruct, axis1]",-2.463798,0.197501,-2.829497,-2.091048,0.002125,0.002185,8749.973142,5907.161179,1.0003
"theta[Llama-3.2-90B-Vision-Instruct, axis1]",-1.96025,0.359734,-2.674546,-1.318501,0.003833,0.004658,9517.868416,5189.740967,0.999765
"theta[Llama-3.3-70B-Instruct, axis1]",-1.78712,0.28083,-2.32321,-1.274517,0.002846,0.003268,10097.830285,5555.48497,1.000151
"theta[Llama-4-Maverick-17B-128E-Instruct, axis1]",-1.123133,0.152454,-1.420561,-0.842644,0.00156,0.001886,9619.552821,5697.543604,1.000373
"theta[Llama-4-Scout-17B-16E-Instruct, axis1]",-1.94796,0.21336,-2.347004,-1.553259,0.002146,0.002395,9829.07788,6432.509249,1.000429
"theta[Meta-Llama-3-70B-Instruct, axis1]",-2.217108,0.222817,-2.624605,-1.786279,0.002272,0.002742,9687.965852,5769.536789,0.999862
"theta[MiniMax-M2.5, axis1]",-0.557245,0.343079,-1.193785,0.066978,0.003781,0.004544,8860.90569,5581.76917,1.001236
"theta[MiniMax-M2.7, axis1]",-0.570821,0.264794,-1.057879,-0.061874,0.00257,0.003239,10838.315428,5819.702703,1.001481
"theta[MiniMax-M3, axis1]",0.010569,0.180975,-0.319791,0.352327,0.00219,0.001988,6897.224844,5859.730123,1.000076
"theta[MiniMax-M3_none, axis1]",-1.09255,0.39124,-1.853258,-0.383174,0.003757,0.005218,11157.749116,5269.746547,1.000023
"theta[Mixtral-8x7B-Instruct-v0.1, axis1]",-2.891443,0.250678,-3.355073,-2.411278,0.002976,0.002787,7192.385442,5575.381194,1.000869
"theta[Qwen3-235B-A22B-Thinking-2507, axis1]",-0.304325,0.199814,-0.67003,0.082195,0.001921,0.002463,11034.783089,5534.876541,1.000272
"theta[Qwen3-30B-A3B, axis1]",-0.663762,0.254731,-1.144091,-0.194809,0.002403,0.003245,11296.435957,6024.886951,0.999986
"theta[Qwen3-30B-A3B_none, axis1]",-1.115483,0.39899,-1.892397,-0.368568,0.004028,0.005533,10299.003784,5008.11328,1.000382
"theta[Qwen3-32B, axis1]",-0.431766,0.296569,-0.982378,0.122337,0.00284,0.003807,11311.636251,5719.017795,1.000373
"theta[Qwen3-32B_none, axis1]",-1.182312,0.403279,-1.91314,-0.39538,0.004316,0.005401,9085.174426,5278.792206,1.000333
"theta[amazon.nova-lite-v1:0, axis1]",-1.714527,0.205598,-2.101214,-1.324221,0.002064,0.002465,9999.716507,6229.026457,1.000836
"theta[amazon.nova-micro-v1:0, axis1]",-2.38732,0.239972,-2.847019,-1.944271,0.002424,0.002696,9813.402621,6222.212767,1.001156
"theta[amazon.nova-pro-v1:0, axis1]",-1.550528,0.209859,-1.931648,-1.146298,0.002357,0.002387,8030.394132,5489.393101,0.999976
"theta[claude-2.1, axis1]",-2.320347,0.336181,-2.966201,-1.724939,0.003737,0.004169,8636.301863,5345.208655,0.999946
"theta[claude-3-5-haiku-20241022, axis1]",-1.431862,0.254371,-1.900856,-0.953116,0.002492,0.002954,10621.011581,6059.168704,1.000543
"theta[claude-3-5-sonnet-20240620, axis1]",-1.228556,0.149712,-1.519719,-0.958474,0.001639,0.001722,8365.115569,5788.475752,0.999975
"theta[claude-3-5-sonnet-20241022, axis1]",-1.126722,0.129978,-1.368374,-0.882112,0.001284,0.001571,10315.6472,5107.79508,1.000594
"theta[claude-3-7-sonnet-20250219, axis1]",-0.860051,0.152613,-1.137221,-0.571459,0.0017,0.00157,8062.908782,6783.255924,1.000582
"theta[claude-3-7-sonnet-20250219_16K, axis1]",-0.464342,0.169709,-0.772056,-0.136722,0.001766,0.002014,9261.751704,5836.948467,1.000901
"theta[claude-3-7-sonnet-20250219_32K, axis1]",-0.463245,0.407264,-1.201313,0.296524,0.004466,0.008134,9612.817192,4711.645868,1.001191
"theta[claude-3-7-sonnet-20250219_64K, axis1]",-0.36642,0.414744,-1.143794,0.407126,0.004468,0.007178,9583.928537,4999.287268,1.000709
"theta[claude-3-7-sonnet-20250219_unknown, axis1]",-0.686275,0.254837,-1.194335,-0.238429,0.002868,0.003337,8616.152457,4940.311091,1.000094
"theta[claude-3-haiku-20240307, axis1]",-2.006054,0.194922,-2.368208,-1.640701,0.002299,0.002137,7326.354627,6258.038337,0.999786
"theta[claude-3-opus-20240229, axis1]",-1.62684,0.160366,-1.918888,-1.318627,0.001915,0.001821,7021.61572,5764.220106,1.000611
"theta[claude-3-sonnet-20240229, axis1]",-2.092887,0.194261,-2.464667,-1.739486,0.002113,0.00221,8598.190874,5762.51325,1.000507
"theta[claude-fable-5, axis1]",1.684975,0.219556,1.264693,2.081917,0.002776,0.00246,6275.318134,6073.412311,1.000056
"theta[claude-fable-5-1_high, axis1]",1.680498,0.176121,1.34352,2.002721,0.001795,0.002328,9646.738141,5543.26398,1.000647
"theta[claude-fable-5-1_low, axis1]",1.449282,0.323287,0.838149,2.040317,0.003773,0.005025,8204.871072,4972.820554,1.000258
"theta[claude-fable-5-1_max, axis1]",1.853785,0.123122,1.624079,2.083189,0.002074,0.001428,3632.673355,4869.992572,1.000632
"theta[claude-fable-5-1_medium, axis1]",1.570387,0.220327,1.156592,1.986874,0.002258,0.003062,9714.252995,4698.555207,1.001154
"theta[claude-fable-5-1_unknown, axis1]",1.585025,0.245301,1.109776,2.031353,0.002448,0.002873,10045.46109,5923.788872,1.000239
"theta[claude-fable-5-1_xhigh, axis1]",1.32861,0.175594,0.997074,1.648422,0.002358,0.001984,5641.207309,4851.047543,1.000734
"theta[claude-fable-5_high, axis1]",1.733288,0.181402,1.394768,2.074912,0.002101,0.002063,7584.621856,5421.820624,0.999828
"theta[claude-fable-5_low, axis1]",1.06811,0.336371,0.42665,1.696013,0.003296,0.003865,10672.342915,5956.410346,1.000727
"theta[claude-fable-5_max, axis1]",1.72129,0.108179,1.518784,1.91954,0.001804,0.001257,3657.708244,4663.866679,1.000398
"theta[claude-fable-5_medium, axis1]",1.179175,0.454679,0.279417,2.001276,0.005466,0.006102,7173.784192,4414.637973,1.000531
"theta[claude-fable-5_unknown, axis1]",1.809117,0.259223,1.295314,2.285805,0.003522,0.003441,5558.638285,4623.700339,1.000848
"theta[claude-fable-5_xhigh, axis1]",1.340306,0.448183,0.473076,2.17984,0.004662,0.00595,9541.135502,5206.898103,1.000954
"theta[claude-haiku-4-5-20251001, axis1]",-0.72154,0.236472,-1.146744,-0.255058,0.002425,0.002748,9566.411473,6221.694647,1.000366
"theta[claude-haiku-4-5-20251001_16K, axis1]",-0.313474,0.326357,-0.934833,0.312735,0.003251,0.003801,10086.40632,6018.734419,1.000674
"theta[claude-haiku-4-5-20251001_32K, axis1]",-0.162111,0.425066,-0.921027,0.652359,0.004323,0.006068,10754.727378,5663.128358,1.000617
"theta[claude-haiku-4-5-20251001_unknown, axis1]",-0.682062,0.357666,-1.345907,-0.038722,0.004051,0.005065,8832.833972,4342.927699,1.000533
"theta[claude-opus-4-1-20250805, axis1]",-0.31686,0.229536,-0.745431,0.117932,0.00246,0.002708,8720.376496,5943.245277,1.000316
"theta[claude-opus-4-1-20250805_16K, axis1]",-0.069488,0.196249,-0.437237,0.30071,0.001925,0.002238,10399.063744,6189.963568,1.001315
"theta[claude-opus-4-1-20250805_27K, axis1]",-0.10407,0.433465,-0.871258,0.752322,0.005038,0.006909,8760.838996,4366.664731,1.000735
"theta[claude-opus-4-1-20250805_32K, axis1]",-0.563248,0.150575,-0.85065,-0.288226,0.001928,0.002297,6625.948347,4576.01984,1.001475
"theta[claude-opus-4-1-20250805_unknown, axis1]",-0.341093,0.226626,-0.797085,0.051308,0.002424,0.003098,9202.903333,5048.202935,1.00102
"theta[claude-opus-4-20250514, axis1]",-0.722549,0.397442,-1.423833,0.076698,0.003909,0.006357,10617.621879,5453.266944,1.001145
"theta[claude-opus-4-20250514_16K, axis1]",-0.209871,0.189927,-0.560525,0.160721,0.001884,0.002493,10195.089682,5620.724567,1.001125
"theta[claude-opus-4-20250514_27K, axis1]",-0.216311,0.419708,-0.976298,0.581214,0.004501,0.00666,9712.72758,4795.749801,1.000675
"theta[claude-opus-4-20250514_unknown, axis1]",-0.377921,0.161779,-0.686857,-0.073493,0.001719,0.00197,8973.346092,5954.298024,1.000069
"theta[claude-opus-4-5-20251101, axis1]",0.344279,0.279116,-0.181581,0.860886,0.003325,0.003208,7061.551225,5739.42507,1.000645
"theta[claude-opus-4-5-20251101_16K, axis1]",0.564006,0.215084,0.159863,0.960346,0.002076,0.002778,10834.263724,6112.013872,0.999883
"theta[claude-opus-4-5-20251101_32K, axis1]",0.112422,0.095265,-0.076893,0.281605,0.001028,0.001337,8692.602108,5210.100318,1.001358
"theta[claude-opus-4-5-20251101_high, axis1]",0.367784,0.484605,-0.519817,1.308364,0.004926,0.006549,9890.165563,5408.317356,1.000173
"theta[claude-opus-4-5-20251101_thinking, axis1]",0.40338,0.517086,-0.621985,1.278055,0.008122,0.009009,4825.637093,3328.910512,1.001286
"theta[claude-opus-4-5-20251101_unknown, axis1]",0.468274,0.135736,0.211532,0.723828,0.001444,0.001739,8903.960606,4903.34261,1.000497
"theta[claude-opus-4-6, axis1]",0.209603,0.153364,-0.085173,0.494931,0.001706,0.00177,8086.674498,5970.100088,1.00023
"theta[claude-opus-4-6_32K, axis1]",0.667749,0.462111,-0.153875,1.567094,0.004918,0.006437,10081.983471,5158.810345,1.000059
"theta[claude-opus-4-6_64K, axis1]",0.735342,0.455559,-0.066907,1.615712,0.005167,0.005529,8752.606253,5425.612609,1.001023
"theta[claude-opus-4-6_high, axis1]",1.051888,0.221088,0.638063,1.467056,0.002134,0.002747,10755.367908,5372.11291,1.000436
"theta[claude-opus-4-6_max, axis1]",0.77902,0.070468,0.644964,0.908265,0.00084,0.000803,7133.40619,5425.610139,1.000428
"theta[claude-opus-4-6_unknown, axis1]",0.847366,0.17908,0.504967,1.179245,0.002102,0.002032,7264.062061,6142.086625,1.001227
"theta[claude-opus-4-7, axis1]",1.013317,0.359349,0.364735,1.716491,0.003728,0.004506,9839.165476,5229.081249,1.000136
"theta[claude-opus-4-7_high, axis1]",1.011623,0.355226,0.34868,1.687374,0.003399,0.004537,11383.136484,5549.644035,0.999925
"theta[claude-opus-4-7_max, axis1]",0.927783,0.074057,0.792775,1.068099,0.000861,0.000889,7471.019281,5495.373455,1.000394
"theta[claude-opus-4-7_unknown, axis1]",0.918979,0.151581,0.639764,1.211268,0.001803,0.001971,7191.9372,5132.191741,1.000267
"theta[claude-opus-4-7_xhigh, axis1]",0.968123,0.451441,0.143439,1.832861,0.004787,0.005757,9740.650627,5430.954786,1.000181
"theta[claude-opus-4-8_high, axis1]",1.130804,0.293637,0.580333,1.680379,0.003237,0.003928,8423.88829,5829.363313,0.999945
"theta[claude-opus-4-8_low, axis1]",0.750577,0.303513,0.175878,1.314011,0.00295,0.003761,11010.411419,5858.43488,1.000446
"theta[claude-opus-4-8_max, axis1]",1.248788,0.077546,1.105042,1.397313,0.001056,0.000902,5469.001019,4680.082835,1.000644
"theta[claude-opus-4-8_medium, axis1]",0.921554,0.278281,0.376463,1.428325,0.002749,0.003267,10485.156038,5463.820724,1.000502
"theta[claude-opus-4-8_none, axis1]",0.594356,0.224046,0.178141,1.023822,0.002234,0.002979,10305.022744,5616.695699,1.001601
"theta[claude-opus-4-8_unknown, axis1]",1.313763,0.254839,0.834964,1.798612,0.003203,0.003362,6531.000339,4460.415342,1.000161
"theta[claude-opus-4-8_xhigh, axis1]",1.158922,0.200732,0.795574,1.546368,0.001978,0.002341,10311.272432,6222.899275,0.999939
"theta[claude-opus-5, axis1]",1.451158,0.339556,0.832052,2.10758,0.00321,0.004439,11834.45107,5471.155403,1.001131
"theta[claude-opus-5_high, axis1]",1.716622,0.165356,1.419656,2.047621,0.001691,0.001957,9573.967385,5971.447792,1.001633
"theta[claude-opus-5_low, axis1]",1.290839,0.202032,0.912473,1.660899,0.002309,0.002401,7957.751303,5660.998887,1.000663
"theta[claude-opus-5_max, axis1]",1.596374,0.098273,1.416308,1.786529,0.001786,0.001162,3019.973475,4922.013969,1.000574
"theta[claude-opus-5_medium, axis1]",1.518691,0.183444,1.168415,1.862125,0.001944,0.002142,8957.893856,5516.751957,1.000394
"theta[claude-opus-5_xhigh, axis1]",1.657502,0.177206,1.319212,1.988566,0.001867,0.002057,9045.52435,6007.105506,1.000078
"theta[claude-sonnet-4-20250514, axis1]",-0.687654,0.271278,-1.206064,-0.181307,0.002501,0.003184,11793.257518,5560.116623,0.999766
"theta[claude-sonnet-4-20250514_16K, axis1]",-0.273577,0.18952,-0.620074,0.09026,0.001794,0.002248,11164.498695,6254.294432,1.000527
"theta[claude-sonnet-4-20250514_32K, axis1]",-0.0419,0.42698,-0.844153,0.758065,0.004518,0.006152,10032.697821,5154.95384,1.000519
"theta[claude-sonnet-4-20250514_59K, axis1]",-0.102547,0.428552,-0.881143,0.736864,0.004604,0.006039,9578.927595,4535.427747,1.000172
"theta[claude-sonnet-4-20250514_unknown, axis1]",-0.690424,0.209636,-1.07584,-0.287926,0.002202,0.002554,9588.376948,5391.457992,1.000248
"theta[claude-sonnet-4-5-20250929, axis1]",-0.341102,0.252761,-0.801648,0.141824,0.002715,0.002826,8650.854147,6433.064553,1.000579
"theta[claude-sonnet-4-5-20250929_16K, axis1]",0.009497,0.191423,-0.36086,0.359654,0.0019,0.002302,10186.704565,5548.168576,1.000255
"theta[claude-sonnet-4-5-20250929_32K, axis1]",-0.160264,0.108884,-0.367818,0.04042,0.001272,0.001403,7453.557524,5130.99659,0.999937
"theta[claude-sonnet-4-5-20250929_59K, axis1]",0.129952,0.434909,-0.625961,1.008273,0.004545,0.00597,9983.132177,4607.382009,1.000155
"theta[claude-sonnet-4-5-20250929_thinking, axis1]",-0.147797,0.482947,-1.075961,0.775257,0.005023,0.006225,9404.418979,5462.832167,1.000382
"theta[claude-sonnet-4-5-20250929_unknown, axis1]",-0.163746,0.175724,-0.491341,0.164614,0.001893,0.002124,8641.152048,5639.825094,1.000395
"theta[claude-sonnet-4-6, axis1]",0.338985,0.495335,-0.604409,1.26279,0.005167,0.006363,9354.761796,5844.395352,1.001753
"theta[claude-sonnet-4-6_32K, axis1]",0.373492,0.446271,-0.395342,1.276491,0.004683,0.005686,10008.14896,5798.960165,1.00031
"theta[claude-sonnet-4-6_high, axis1]",0.332534,0.252404,-0.159649,0.793996,0.002514,0.002835,10122.787095,6143.809692,1.000132
"theta[claude-sonnet-4-6_max, axis1]",0.309457,0.244704,-0.142534,0.759826,0.002702,0.002574,8424.322363,6029.486418,0.999783
"theta[claude-sonnet-4-6_medium, axis1]",0.477757,0.238567,0.044975,0.935124,0.002399,0.002708,10012.485281,5611.592094,1.000161
"theta[claude-sonnet-4-6_unknown, axis1]",0.205409,0.399467,-0.615762,0.895296,0.00515,0.005987,6602.429901,4508.05457,1.000908
"theta[claude-sonnet-5_high, axis1]",0.359597,0.213439,-0.046154,0.759561,0.002091,0.002543,10565.074248,5656.869937,0.99995
"theta[claude-sonnet-5_low, axis1]",0.053925,0.488848,-0.845291,0.988733,0.005358,0.006153,8741.83659,5544.312685,1.001031
"theta[claude-sonnet-5_max, axis1]",0.849924,0.077326,0.703113,0.996889,0.000909,0.000896,7324.062898,5684.779557,1.000675
"theta[claude-sonnet-5_medium, axis1]",0.370362,0.261222,-0.125502,0.871647,0.002848,0.003491,8527.499933,5544.070817,0.999992
"theta[claude-sonnet-5_unknown, axis1]",1.088073,0.22004,0.664439,1.492323,0.002597,0.002676,7327.678234,5410.442763,1.000656
"theta[claude-sonnet-5_xhigh, axis1]",0.771879,0.335726,0.160484,1.416516,0.003261,0.004136,10904.515055,5667.557118,1.001158
"theta[deepseek-v3.2, axis1]",-0.442884,0.340967,-1.131446,0.141597,0.003755,0.004079,9129.057871,5089.03741,1.000261
"theta[deepseek-v4-flash-0731_high, axis1]",0.181087,0.334784,-0.491913,0.766393,0.003021,0.004603,12361.799421,5355.557028,1.000392
"theta[deepseek-v4-flash-0731_max, axis1]",0.684043,0.080339,0.530305,0.831229,0.000941,0.001,7356.520511,5324.194384,0.999849
"theta[deepseek-v4-flash-0731_unknown, axis1]",0.332505,0.338053,-0.296662,0.994512,0.00465,0.004222,5323.54192,5406.837839,1.000131
"theta[deepseek-v4-flash_high, axis1]",-0.247386,0.296256,-0.806333,0.300581,0.002674,0.003534,12478.518151,5943.116858,1.001308
"theta[deepseek-v4-flash_max, axis1]",-0.079979,0.309664,-0.669837,0.489596,0.002977,0.003638,10863.042354,5985.569882,1.000087
"theta[deepseek-v4-pro-0813_max, axis1]",0.802859,0.076921,0.653741,0.941804,0.000816,0.001017,8914.86267,5406.805797,1.001097
"theta[deepseek-v4-pro-0813_unknown, axis1]",0.783621,0.449805,-0.081434,1.59889,0.005209,0.007542,8395.575569,4419.838914,0.999825
"theta[deepseek-v4-pro_high, axis1]",0.111449,0.188514,-0.25284,0.452617,0.001973,0.002178,9201.915688,6379.681117,0.999839
"theta[deepseek-v4-pro_max, axis1]",0.255488,0.085972,0.099646,0.422709,0.001145,0.001036,5711.078548,5340.791047,1.000178
"theta[deepseek-v4-pro_none, axis1]",-0.442961,0.319647,-1.062066,0.138979,0.003553,0.003876,8115.308934,5752.766527,0.999902
"theta[gemini-1.0-pro-001, axis1]",-2.560771,0.226798,-2.987608,-2.129538,0.002538,0.00257,8032.745763,6304.742734,1.000336
"theta[gemini-1.5-flash-001, axis1]",-1.844469,0.19545,-2.200081,-1.461829,0.002003,0.002264,9557.202977,5465.562381,1.001097
"theta[gemini-1.5-flash-002, axis1]",-1.308105,0.270716,-1.815001,-0.807254,0.002574,0.003513,11403.396218,5563.695128,1.000033
"theta[gemini-1.5-pro-001, axis1]",-1.570404,0.190314,-1.928118,-1.2098,0.001899,0.002374,10275.457537,6277.057574,1.000244
"theta[gemini-1.5-pro-002, axis1]",-1.279057,0.221415,-1.690747,-0.865295,0.002181,0.002548,10712.414554,5983.750074,1.002079
"theta[gemini-2.0-flash-001, axis1]",-1.172325,0.246929,-1.634213,-0.715797,0.002394,0.002952,10913.513508,5964.737784,0.999868
"theta[gemini-2.0-flash-thinking-exp-01-21, axis1]",-0.836808,0.21314,-1.253366,-0.45924,0.002192,0.003027,9967.190403,5072.34543,1.000481
"theta[gemini-2.5-flash, axis1]",-1.197872,0.417393,-1.977802,-0.430518,0.004568,0.00491,8617.421861,5304.804547,0.999868
"theta[gemini-2.5-flash-preview-04-17, axis1]",-0.296723,0.199707,-0.702642,0.056103,0.002052,0.002604,9573.594656,5141.476173,1.000739
"theta[gemini-2.5-flash-preview-04-17_16K, axis1]",-0.442619,0.336689,-1.067566,0.199291,0.003251,0.00436,10767.737547,5880.837711,1.000305
"theta[gemini-2.5-flash-preview-05-20, axis1]",-0.430606,0.187938,-0.784211,-0.083117,0.00189,0.002456,10123.64416,5846.556237,1.00072
"theta[gemini-2.5-flash-preview-05-20_16K, axis1]",-0.438821,0.336686,-1.079008,0.205764,0.003172,0.00425,11375.018222,5970.295268,1.001095
"theta[gemini-2.5-pro, axis1]",-0.278517,0.105357,-0.477097,-0.081647,0.001637,0.001264,4385.735895,5030.074705,1.000701
"theta[gemini-2.5-pro-exp-03-25, axis1]",-0.081974,0.199009,-0.451603,0.288963,0.002451,0.002793,7194.135963,5216.875829,1.000476
"theta[gemini-2.5-pro-preview-05-06, axis1]",-0.19902,0.221197,-0.618381,0.203372,0.002861,0.00287,6631.408966,4393.183568,1.00043
"theta[gemini-2.5-pro-preview-06-05, axis1]",-0.135476,0.191245,-0.495817,0.211196,0.002901,0.002053,4430.41613,5689.21455,1.000111
"theta[gemini-2.5-pro_16K, axis1]",0.068928,0.333458,-0.537907,0.714523,0.00319,0.004229,11080.017747,6146.56648,1.000661
"theta[gemini-3-flash-preview, axis1]",0.504362,0.078106,0.355576,0.651041,0.000871,0.001086,8191.952354,5002.610713,1.000523
"theta[gemini-3-flash-preview_high, axis1]",0.799978,0.469138,-0.026331,1.726926,0.005287,0.006399,8912.074659,5363.812836,1.000194
"theta[gemini-3-pro-preview, axis1]",0.684896,0.109212,0.473755,0.88405,0.001326,0.001162,6791.04185,6036.53567,1.001087
"theta[gemini-3.1-flash-lite, axis1]",-0.413407,0.167169,-0.74083,-0.119535,0.001729,0.001968,9450.627112,5948.140912,1.000804
"theta[gemini-3.1-flash-lite_high, axis1]",-0.077308,0.111858,-0.289858,0.131957,0.001294,0.001336,7595.19833,6033.1338,0.9999
"theta[gemini-3.1-flash-lite_low, axis1]",-0.297029,0.137337,-0.556828,-0.043189,0.002148,0.002173,4578.35537,4254.391731,1.000109
"theta[gemini-3.1-flash-lite_minimal, axis1]",-0.347688,0.144645,-0.635834,-0.101932,0.002278,0.002352,4638.901314,3560.813212,1.000027
"theta[gemini-3.1-pro-preview, axis1]",0.8747,0.082111,0.728375,1.034377,0.00191,0.000923,1867.597206,3741.050863,1.001592
"theta[gemini-3.1-pro-preview_high, axis1]",0.335894,0.250039,-0.140132,0.798984,0.002771,0.002969,8200.343335,5636.24551,1.00041
"theta[gemini-3.5-flash-lite, axis1]",-0.573674,0.388493,-1.303465,0.119025,0.004282,0.005063,9070.672257,5581.318425,1.000339
"theta[gemini-3.5-flash-lite_high, axis1]",-0.270878,0.113187,-0.488872,-0.068171,0.001918,0.00135,3607.874749,5101.401512,1.000446
"theta[gemini-3.5-flash-lite_low, axis1]",-0.320388,0.407328,-1.053181,0.485353,0.004138,0.00682,10670.729018,5075.268753,1.000304
"theta[gemini-3.5-flash-lite_minimal, axis1]",-0.521097,0.402801,-1.265459,0.251667,0.003947,0.00593,10775.360983,5205.217855,1.002022
"theta[gemini-3.5-flash_high, axis1]",0.782973,0.072586,0.649974,0.924645,0.000828,0.000872,7772.534472,5326.864226,1.001509
"theta[gemini-3.5-flash_low, axis1]",0.495878,0.454667,-0.332441,1.346889,0.005354,0.006674,8544.666432,4789.839817,1.000181
"theta[gemini-3.5-flash_medium, axis1]",0.306856,0.259485,-0.168618,0.805461,0.002855,0.00328,8436.193215,4919.085025,1.000543
"theta[gemini-3.5-flash_minimal, axis1]",0.192653,0.440707,-0.567018,1.064287,0.005333,0.007198,8188.011442,4642.610832,1.000811
"theta[gemini-3.6-flash_high, axis1]",0.657854,0.078841,0.507642,0.803347,0.000877,0.001043,8248.199979,4927.757593,0.99982
"theta[gemini-3.6-flash_low, axis1]",0.262208,0.447023,-0.552117,1.1,0.005117,0.006636,8771.114576,4663.800416,1.00153
"theta[gemini-3.6-flash_minimal, axis1]",0.188406,0.443238,-0.580402,1.063506,0.004833,0.006366,9789.338399,5276.819589,1.000322
"theta[gemini-3.6-flash_unknown, axis1]",0.721931,0.271129,0.19969,1.214192,0.002981,0.0036,8635.466216,5651.010109,1.000148
"theta[gemini-3.7-flash_high, axis1]",0.967427,0.077561,0.827622,1.118873,0.000911,0.000972,7269.130962,4880.923386,1.000124
"theta[gemini-3.7-flash_low, axis1]",0.564387,0.30853,-0.001094,1.139945,0.003354,0.00424,9498.537481,5036.266705,1.001014
"theta[gemini-3.7-flash_medium, axis1]",0.900888,0.277189,0.391391,1.422445,0.002844,0.004054,10398.101139,5223.342266,1.001309
"theta[gemini-3.7-flash_unknown, axis1]",1.063645,0.212968,0.64419,1.455905,0.00258,0.00264,7023.969207,5600.646136,1.000744
"theta[gemini-3.8-flash_high, axis1]",1.296996,0.256452,0.828862,1.794031,0.002859,0.00354,8504.979667,5526.388903,1.001549
"theta[gemini-3.8-flash_low, axis1]",-0.007897,0.500867,-0.947351,0.872179,0.005611,0.006178,9013.011345,5646.223432,0.999955
"theta[gemini-3.8-flash_medium, axis1]",1.076578,0.26178,0.583244,1.553167,0.002866,0.003453,8695.074741,5187.306551,1.000038
"theta[gemini-3.8-flash_unknown, axis1]",0.746665,0.45087,-0.157568,1.531676,0.005711,0.008579,7487.742996,4106.97602,1.000422
"theta[gemma-3-12b-it, axis1]",-1.320454,0.346826,-1.994954,-0.697335,0.003446,0.004644,10893.762907,5328.840292,1.000184
"theta[gemma-3-27b-it, axis1]",-1.196615,0.336389,-1.851798,-0.577351,0.003415,0.004208,10361.132901,5196.278685,1.000204
"theta[gemma-4-26b-a4b, axis1]",-0.790543,0.296134,-1.360376,-0.258629,0.003024,0.003638,9897.213548,5629.117614,0.999921
"theta[gemma-4-26b-a4b_minimal, axis1]",0.264091,0.452448,-0.51076,1.159528,0.005343,0.006515,8153.060617,4984.234169,1.000237
"theta[gemma-4-31b-it, axis1]",-0.113782,0.2695,-0.633986,0.377997,0.002629,0.003312,10808.075266,5599.479983,1.000892
"theta[gemma-4-31b-it_minimal, axis1]",0.01199,0.440155,-0.762644,0.844998,0.005584,0.008644,7781.058894,3940.821871,1.000268
"theta[gemma-4-31b-it_none, axis1]",-0.48351,0.356384,-1.187541,0.152476,0.004495,0.005335,6768.936599,4663.573144,1.000223
"theta[glm-4.5, axis1]",-0.728959,0.294847,-1.300758,-0.208346,0.003667,0.004457,7333.281166,3970.461866,1.000757
"theta[glm-4.5_thinking, axis1]",-0.451552,0.32795,-1.066085,0.166754,0.003087,0.004181,11326.909513,5683.251649,0.999802
"theta[glm-4.6, axis1]",-0.85313,0.390168,-1.570287,-0.135343,0.00471,0.005984,7848.5702,5088.628618,0.999962
"theta[glm-4.7, axis1]",-0.157786,0.186073,-0.495332,0.201498,0.001764,0.002152,11255.933473,6098.69569,1.0002
"theta[glm-5, axis1]",0.056323,0.216251,-0.34934,0.460169,0.002092,0.002595,10713.867845,6047.218087,1.00018
"theta[glm-5.1, axis1]",0.227517,0.094524,0.047088,0.400318,0.001265,0.001106,5638.318827,4672.041391,0.999993
"theta[glm-5.1_none, axis1]",-0.163412,0.128456,-0.395299,0.088829,0.001575,0.001807,6908.494929,4975.685488,1.000089
"theta[glm-5.2_high, axis1]",0.386777,0.205949,0.021309,0.801563,0.002085,0.002568,9958.12997,5563.082278,1.001261
"theta[glm-5.2_low, axis1]",0.550122,0.11161,0.335885,0.760263,0.001463,0.001844,6154.562127,4646.360753,1.00041
"theta[glm-5.2_max, axis1]",0.751419,0.078664,0.607596,0.901063,0.000916,0.000897,7385.459175,5720.927381,1.000651
"theta[glm-5.2_none, axis1]",0.214046,0.114755,-0.016055,0.410287,0.002078,0.001835,3369.103246,3059.722822,1.000492
"theta[glm-5.2_unknown, axis1]",1.074151,0.25454,0.597684,1.554948,0.002673,0.003065,9155.214381,5872.031501,1.000464
"theta[glm-5.3-flash_max, axis1]",0.573885,0.078836,0.422476,0.718328,0.000844,0.000971,8758.660707,6122.198819,1.000155
"theta[glm-5.3-flash_unknown, axis1]",0.875273,0.402497,0.116961,1.580092,0.005047,0.006554,7893.753397,4508.565043,0.999906
"theta[glm-5.3_max, axis1]",0.893987,0.074986,0.758333,1.038407,0.000911,0.000869,6839.87371,5068.933173,1.000616
"theta[gpt-3.5-turbo-0125, axis1]",-2.642283,0.298116,-3.200605,-2.095323,0.003343,0.003712,8515.612583,5607.744668,1.000355
"theta[gpt-4-0314, axis1]",-1.982536,0.237244,-2.412535,-1.539157,0.002622,0.002849,8387.68445,5485.189913,1.000243
"theta[gpt-4-0613, axis1]",-2.196327,0.175496,-2.514991,-1.8558,0.001815,0.002107,9319.872793,5724.201124,0.999817
"theta[gpt-4-turbo-2024-04-09, axis1]",-1.829563,0.142092,-2.101322,-1.571752,0.001721,0.001698,6800.097962,5974.079247,1.000324
"theta[gpt-4.1-2025-04-14, axis1]",-0.980902,0.134576,-1.227158,-0.727364,0.00144,0.001597,9149.257584,5422.452306,1.000229
"theta[gpt-4.1-mini-2025-04-14, axis1]",-0.914727,0.146759,-1.197885,-0.64958,0.001647,0.001765,8114.479083,5770.7245,0.999931
"theta[gpt-4.1-nano-2025-04-14, axis1]",-1.291697,0.263767,-1.775295,-0.800464,0.002544,0.00325,11109.334996,5654.204052,1.000682
"theta[gpt-4.5-preview-2025-02-27, axis1]",-0.932648,0.144679,-1.206076,-0.656284,0.00141,0.001671,10580.59174,6267.900266,1.001228
"theta[gpt-4o-2024-05-13, axis1]",-1.467134,0.187159,-1.816813,-1.111942,0.001797,0.002149,10859.35611,5986.401337,1.000087
"theta[gpt-4o-2024-08-06, axis1]",-2.038446,0.210703,-2.446215,-1.662095,0.002533,0.002373,6952.9228,5971.426368,0.99991
"theta[gpt-4o-2024-11-20, axis1]",-1.55818,0.166038,-1.882846,-1.248852,0.001589,0.001856,11151.164711,6255.548976,1.000699
"theta[gpt-4o-mini-2024-07-18, axis1]",-2.025295,0.25261,-2.49856,-1.557059,0.002878,0.003149,8163.803009,5412.978864,1.000625
"theta[gpt-5-2025-08-07, axis1]",-0.490519,0.338342,-1.115103,0.165941,0.003198,0.004513,11316.60015,5859.216542,1.000561
"theta[gpt-5-2025-08-07_high, axis1]",0.557669,0.073027,0.419222,0.693347,0.000926,0.000867,6315.058822,5396.176583,1.000478
"theta[gpt-5-2025-08-07_low, axis1]",0.167577,0.115417,-0.065907,0.369884,0.001496,0.001771,6235.928507,4300.527234,1.000819
"theta[gpt-5-2025-08-07_medium, axis1]",0.293443,0.230014,-0.128897,0.733004,0.002361,0.002697,9699.91398,5842.101078,1.000289
"theta[gpt-5-2025-08-07_minimal, axis1]",-0.469817,0.144543,-0.754674,-0.225999,0.002432,0.002393,3967.031359,3589.501616,0.999921
"theta[gpt-5-2025-08-07_unknown, axis1]",0.338379,0.147962,0.055876,0.608805,0.001627,0.002109,8630.974415,4870.417815,0.999995
"theta[gpt-5-codex, axis1]",0.082279,0.329925,-0.537837,0.727199,0.003091,0.004234,11492.077109,5793.151293,1.000602
"theta[gpt-5-codex_high, axis1]",0.255674,0.249001,-0.22064,0.716054,0.002417,0.002958,10624.336332,5494.803386,1.001029
"theta[gpt-5-mini-2025-08-07_high, axis1]",0.294387,0.091397,0.121407,0.459375,0.001504,0.00116,3895.873105,4551.002687,1.000344
"theta[gpt-5-mini-2025-08-07_low, axis1]",-0.389013,0.145633,-0.658961,-0.113254,0.001941,0.002244,6117.14464,4274.721002,1.000156
"theta[gpt-5-mini-2025-08-07_medium, axis1]",0.147067,0.439036,-0.652545,0.973271,0.004835,0.00664,9050.306758,4944.792292,1.001795
"theta[gpt-5-mini-2025-08-07_minimal, axis1]",-0.969669,0.173623,-1.298879,-0.641724,0.001964,0.002342,8112.692285,5215.178618,1.000512
"theta[gpt-5-mini-2025-08-07_unknown, axis1]",0.092768,0.189772,-0.262474,0.455638,0.002256,0.002432,7456.166958,4974.679765,1.000198
"theta[gpt-5-nano-2025-08-07_high, axis1]",-0.268545,0.106283,-0.472296,-0.074976,0.001108,0.001265,9264.644234,5923.331095,1.000368
"theta[gpt-5-nano-2025-08-07_low, axis1]",-1.035056,0.16408,-1.355817,-0.746422,0.001815,0.002137,8791.015443,5576.544962,1.000601
"theta[gpt-5-nano-2025-08-07_medium, axis1]",0.030477,0.436144,-0.753591,0.877572,0.004768,0.00609,9385.971804,5273.000601,1.001489
"theta[gpt-5-nano-2025-08-07_minimal, axis1]",-1.509857,0.238159,-1.954221,-1.084625,0.003153,0.003375,6026.217167,5406.476901,1.000522
"theta[gpt-5-pro-2025-10-06_high, axis1]",0.595874,0.081798,0.444528,0.752777,0.000866,0.001114,9015.171277,5513.284295,1.000622
"theta[gpt-5-pro-2025-10-06_unknown, axis1]",0.716359,0.163823,0.409753,1.026618,0.001778,0.001968,8585.335539,5659.394595,0.999886
"theta[gpt-5.1-2025-11-13_high, axis1]",0.198063,0.187906,-0.145692,0.555705,0.001758,0.0022,11421.081941,6005.595528,1.000091
"theta[gpt-5.1-2025-11-13_low, axis1]",-0.226344,0.417079,-1.022491,0.562973,0.004557,0.006311,9407.207282,4785.50761,1.000626
"theta[gpt-5.1-2025-11-13_medium, axis1]",0.375526,0.458956,-0.467554,1.229034,0.00524,0.006098,8714.300529,4977.623177,1.001185
"theta[gpt-5.1-2025-11-13_none, axis1]",-0.905266,0.218725,-1.321155,-0.507305,0.00235,0.002583,8962.809836,6329.027571,0.999888
"theta[gpt-5.1-2025-11-13_unknown, axis1]",0.324931,0.155305,0.033794,0.612122,0.001533,0.001765,10352.779117,6291.891616,1.00051
"theta[gpt-5.1-codex-max, axis1]",0.282927,0.229253,-0.149881,0.715695,0.002283,0.002976,10356.680531,5942.495191,1.000146
"theta[gpt-5.2-2025-12-11_high, axis1]",0.714666,0.193224,0.345708,1.064504,0.0018,0.002282,11516.629804,6202.06362,1.000341
"theta[gpt-5.2-2025-12-11_low, axis1]",-0.024841,0.250664,-0.487878,0.451717,0.002359,0.003015,11377.630231,6100.170468,0.999936
"theta[gpt-5.2-2025-12-11_medium, axis1]",0.475497,0.224182,0.058359,0.901856,0.0021,0.002699,11397.015142,5926.287604,1.000499
"theta[gpt-5.2-2025-12-11_none, axis1]",0.04768,0.283286,-0.481073,0.581687,0.003213,0.003154,7976.744813,5554.404366,1.001589
"theta[gpt-5.2-2025-12-11_unknown, axis1]",0.423851,0.162422,0.108743,0.718578,0.001907,0.002143,7658.024943,4789.191238,0.999961
"theta[gpt-5.2-2025-12-11_xhigh, axis1]",0.846433,0.074406,0.708607,0.990697,0.000774,0.000982,9298.811397,5204.015503,1.000086
"theta[gpt-5.2-pro-2025-12-11_xhigh, axis1]",1.057853,0.082559,0.897232,1.208457,0.000935,0.001047,7948.436927,5169.2383,1.000645
"theta[gpt-5.3-codex, axis1]",0.966063,0.188616,0.612369,1.315486,0.001894,0.002178,9923.438792,5991.868493,1.001209
"theta[gpt-5.3-codex_xhigh, axis1]",1.083823,0.364426,0.401613,1.772224,0.003398,0.004696,12126.613123,5474.1553,1.000567
"theta[gpt-5.4-2026-03-05_high, axis1]",0.970389,0.456455,0.154209,1.826018,0.005176,0.006011,8710.474194,5446.223219,1.000325
"theta[gpt-5.4-2026-03-05_low, axis1]",0.331981,0.454003,-0.473686,1.193967,0.005106,0.006704,8920.014477,5057.679195,1.000311
"theta[gpt-5.4-2026-03-05_medium, axis1]",0.801921,0.46242,0.029538,1.744713,0.00524,0.005981,8898.677272,5073.023315,1.001934
"theta[gpt-5.4-2026-03-05_none, axis1]",-0.041292,0.276949,-0.553029,0.485028,0.002608,0.003365,11373.677597,5688.544235,0.999888
"theta[gpt-5.4-2026-03-05_unknown, axis1]",0.93077,0.22697,0.494246,1.348838,0.002478,0.002599,8390.886049,6046.565511,1.000594
"theta[gpt-5.4-2026-03-05_xhigh, axis1]",1.066105,0.069252,0.938189,1.196317,0.001031,0.000755,4532.532267,5277.247638,1.000663
"theta[gpt-5.4-mini-2026-03-17_high, axis1]",0.349364,0.273632,-0.152333,0.869117,0.002578,0.003546,11846.641856,5263.296526,1.001313
"theta[gpt-5.4-mini-2026-03-17_low, axis1]",-0.17356,0.12839,-0.404392,0.08028,0.001592,0.001969,6737.930935,4702.395766,1.000136
"theta[gpt-5.4-mini-2026-03-17_none, axis1]",-0.542772,0.148508,-0.832134,-0.287665,0.002686,0.002125,3275.274306,4121.978711,1.001295
"theta[gpt-5.4-mini-2026-03-17_unknown, axis1]",0.54854,0.238371,0.092471,0.984199,0.002798,0.003013,7586.084767,5197.855745,1.00074
"theta[gpt-5.4-mini-2026-03-17_xhigh, axis1]",0.432581,0.082869,0.282143,0.590814,0.001,0.001033,6998.583607,5402.180738,1.00024
"theta[gpt-5.4-nano-2026-03-17_high, axis1]",0.321166,0.091729,0.146638,0.489673,0.001176,0.001248,6324.861059,4578.875938,1.000079
"theta[gpt-5.4-nano-2026-03-17_low, axis1]",-0.298957,0.125932,-0.548972,-0.075164,0.00159,0.001801,6712.31977,4258.277511,1.00044
"theta[gpt-5.4-nano-2026-03-17_none, axis1]",-1.02389,0.156763,-1.31464,-0.718915,0.001933,0.00173,6510.594767,6250.478158,1.001543
"theta[gpt-5.4-nano-2026-03-17_unknown, axis1]",0.175977,0.35545,-0.463668,0.853019,0.004568,0.005581,7013.417912,4322.37225,1.001191
"theta[gpt-5.4-nano-2026-03-17_xhigh, axis1]",0.472503,0.467185,-0.392194,1.307776,0.00619,0.007187,6894.446247,4120.859451,0.999985
"theta[gpt-5.4-pro-2026-03-05_none, axis1]",0.200281,0.338812,-0.462251,0.819629,0.003459,0.004529,9942.042165,5344.734845,1.000031
"theta[gpt-5.4-pro-2026-03-05_unknown, axis1]",1.133928,0.155931,0.843121,1.427623,0.001729,0.001969,8260.745311,5800.955139,1.000185
"theta[gpt-5.4-pro-2026-03-05_xhigh, axis1]",1.300302,0.091027,1.127545,1.467498,0.001136,0.001123,6578.712728,5168.89128,1.000174
"theta[gpt-5.5-instant, axis1]",-0.172267,0.112237,-0.387234,0.032161,0.001669,0.001575,4967.453486,4209.889593,1.000255
"theta[gpt-5.5-pro_xhigh, axis1]",1.575495,0.104687,1.387645,1.776483,0.001384,0.001281,5947.164717,4486.240073,1.000274
"theta[gpt-5.5_high, axis1]",1.443447,0.197114,1.068434,1.801842,0.001966,0.002377,10122.327284,5910.629873,1.000689
"theta[gpt-5.5_low, axis1]",0.267104,0.27467,-0.240904,0.799275,0.002519,0.003493,11929.67667,5804.113703,1.000017
"theta[gpt-5.5_medium, axis1]",1.072878,0.22188,0.663115,1.497797,0.002197,0.002944,10271.497481,5464.337113,1.000514
"theta[gpt-5.5_none, axis1]",0.083461,0.234384,-0.370616,0.509413,0.00224,0.002889,10907.805634,6128.63374,1.000305
"theta[gpt-5.5_unknown, axis1]",1.197208,0.188157,0.829535,1.538254,0.002009,0.00224,8814.789415,5322.095235,1.00021
"theta[gpt-5.5_xhigh, axis1]",1.387164,0.079754,1.239711,1.539967,0.000878,0.000867,8269.167187,6547.257784,1.000387
"theta[gpt-5.6-luna_high, axis1]",0.650952,0.254039,0.202384,1.151117,0.002389,0.002965,11310.231657,5932.982708,1.000612
"theta[gpt-5.6-luna_low, axis1]",0.087452,0.142485,-0.17997,0.340395,0.003522,0.002705,1796.595406,2208.307886,1.001366
"theta[gpt-5.6-luna_max, axis1]",1.291551,0.083797,1.138309,1.450496,0.000983,0.000958,7925.975723,5436.308045,1.000828
"theta[gpt-5.6-luna_medium, axis1]",0.07963,0.250802,-0.393902,0.54875,0.003195,0.003283,6537.406511,5146.453568,1.000018
"theta[gpt-5.6-luna_none, axis1]",0.095958,0.129569,-0.148854,0.323988,0.002804,0.002373,2386.360182,2810.165331,1.000214
"theta[gpt-5.6-luna_unknown, axis1]",0.979981,0.359774,0.277909,1.60967,0.005658,0.007789,4891.247826,3247.14915,1.000061
"theta[gpt-5.6-luna_xhigh, axis1]",1.157061,0.280406,0.635186,1.678194,0.002986,0.004025,9353.845856,5358.144039,1.000499
"theta[gpt-5.6-sol, axis1]",1.032429,0.499799,0.129383,2.011112,0.005623,0.00657,8224.117637,4866.22381,1.00065
"theta[gpt-5.6-sol_high, axis1]",1.62596,0.164165,1.317013,1.928616,0.001619,0.001814,10337.754226,6420.350789,1.00108
"theta[gpt-5.6-sol_low, axis1]",0.852596,0.25856,0.381809,1.33693,0.00237,0.002941,11940.413541,6470.835363,1.000343
"theta[gpt-5.6-sol_max, axis1]",1.63993,0.088789,1.47298,1.805818,0.001122,0.000994,6356.560354,5483.8449,1.00003
"theta[gpt-5.6-sol_medium, axis1]",1.275823,0.278294,0.743799,1.779948,0.002729,0.003698,10846.275501,4949.890293,1.001402
"theta[gpt-5.6-sol_none, axis1]",0.003287,0.341137,-0.615717,0.667861,0.003151,0.004135,11712.617725,5651.72125,1.000786
"theta[gpt-5.6-sol_promax, axis1]",1.581565,0.115243,1.369531,1.801169,0.001366,0.001346,7327.512833,5399.29071,1.000751
"theta[gpt-5.6-sol_unknown, axis1]",1.312565,0.367108,0.602115,1.987842,0.00513,0.007364,5959.2693,3985.962759,1.001492
"theta[gpt-5.6-sol_xhigh, axis1]",1.474383,0.167402,1.166619,1.791726,0.001696,0.002032,9823.44112,5915.218816,1.000306
"theta[gpt-5.6-terra_high, axis1]",1.210889,0.229405,0.754046,1.627153,0.002163,0.002895,11422.078405,5200.695963,1.000352
"theta[gpt-5.6-terra_low, axis1]",0.326722,0.267687,-0.190416,0.814018,0.00255,0.003146,11019.090519,6310.956394,1.000152
"theta[gpt-5.6-terra_max, axis1]",1.469847,0.094415,1.290792,1.647557,0.001337,0.001094,5157.72113,5043.531674,1.000633
"theta[gpt-5.6-terra_medium, axis1]",0.727054,0.33497,0.067827,1.323631,0.003622,0.004261,9188.826568,5283.041466,1.000612
"theta[gpt-5.6-terra_none, axis1]",-0.429338,0.337574,-1.055649,0.221352,0.003207,0.00435,11362.377449,5742.056951,1.000313
"theta[gpt-5.6-terra_unknown, axis1]",1.037058,0.370414,0.360138,1.744236,0.005321,0.006464,5329.87031,3754.773741,1.001325
"theta[gpt-5.6-terra_xhigh, axis1]",1.353899,0.199737,0.991777,1.739957,0.002046,0.002547,9540.93953,5273.169912,1.0011
"theta[gpt-6-astra_high, axis1]",1.974752,0.13521,1.724314,2.23328,0.001632,0.001559,7016.637008,5720.268313,1.000604
"theta[gpt-6-astra_low, axis1]",1.722341,0.123687,1.491737,1.953931,0.001445,0.00138,7476.966853,5879.288933,1.000716
"theta[gpt-6-astra_max, axis1]",1.9425,0.112139,1.739556,2.163009,0.001393,0.001244,6762.892108,5959.344602,1.000724
"theta[gpt-6-astra_medium, axis1]",2.053745,0.14226,1.786862,2.322488,0.001698,0.001622,7182.985402,5282.010324,1.000249
"theta[gpt-6-astra_none, axis1]",1.596512,0.117669,1.381681,1.82496,0.001341,0.001395,7871.528194,5467.022882,1.000968
"theta[gpt-6-astra_unknown, axis1]",1.821794,0.220823,1.409101,2.247929,0.002553,0.002805,7653.831737,5891.996632,1.000008
"theta[gpt-6-astra_xhigh, axis1]",1.969728,0.139164,1.716674,2.237011,0.001532,0.001532,8485.321102,5893.355737,1.000066
"theta[gpt-oss-120b, axis1]",-0.628003,0.18851,-0.992346,-0.289033,0.002056,0.0023,8562.135542,5537.347465,1.000815
"theta[gpt-oss-120b_high, axis1]",-0.022401,0.208362,-0.433998,0.357785,0.001949,0.002621,11367.229943,5952.177894,1.000198
"theta[gpt-oss-120b_low, axis1]",-0.931726,0.501758,-1.88992,-0.036066,0.005408,0.006489,9683.484538,5082.75693,1.000875
"theta[gpt-oss-120b_medium, axis1]",-0.408451,0.331798,-1.021823,0.230243,0.003045,0.003956,11901.697687,6078.045367,1.000407
"theta[gpt-oss-20b_high, axis1]",-0.498569,0.238173,-0.936568,-0.044744,0.002199,0.002868,11782.746915,6018.247633,0.99995
"theta[gpt-oss-20b_low, axis1]",-0.767641,0.392876,-1.514469,-0.022487,0.004023,0.006283,10046.096105,5052.798688,1.000721
"theta[gpt-oss-20b_medium, axis1]",-0.46845,0.250282,-0.9268,0.020427,0.002226,0.003121,12671.986553,5746.703185,1.00051
"theta[grok-2, axis1]",-1.61461,0.21132,-2.017602,-1.229088,0.002102,0.002567,10140.510981,5753.551677,1.000053
"theta[grok-2-1212, axis1]",-1.466585,0.286767,-2.001008,-0.931088,0.002842,0.003672,10928.863651,5403.27816,1.001534
"theta[grok-3, axis1]",-0.933881,0.279748,-1.47831,-0.418887,0.002946,0.003304,9421.625419,5056.339362,1.000219
"theta[grok-3-mini-beta_high, axis1]",-0.198895,0.25016,-0.665377,0.262898,0.002249,0.003309,12422.680102,5498.210525,1.001431
"theta[grok-3-mini-beta_low, axis1]",-0.265749,0.413908,-1.035835,0.496229,0.004374,0.00616,9885.65077,5317.547726,0.999764
"theta[grok-4-0709, axis1]",0.057236,0.169975,-0.266662,0.368706,0.001612,0.002061,11140.724909,5168.723482,1.000014
"theta[grok-4-0709_high, axis1]",-0.670486,0.611436,-1.817903,0.511953,0.007231,0.007994,7368.278741,5645.902358,1.000052
"theta[grok-4.20-0309-reasoning, axis1]",0.420309,0.090119,0.249979,0.590297,0.001017,0.001136,7833.191977,5297.706796,1.000291
"theta[grok-4.3_high, axis1]",0.374234,0.08734,0.212645,0.53771,0.001071,0.001094,6636.520583,5263.918248,1.000787
"theta[grok-4.3_none, axis1]",-0.934442,0.504866,-1.916166,-0.056432,0.00527,0.006686,10410.534554,5152.830064,0.99991
"theta[grok-4.3_unknown, axis1]",-0.406507,0.260225,-0.890274,0.091058,0.002775,0.003168,8941.772446,5485.441656,1.000534
"theta[grok-4.5_high, axis1]",0.705899,0.075799,0.57063,0.858411,0.001027,0.000985,5523.375198,3831.423895,1.001041
"theta[grok-4.5_unknown, axis1]",0.757234,0.265607,0.238019,1.235462,0.004325,0.003023,3974.283378,4457.485034,1.000569
"theta[grok-4.6_high, axis1]",1.018593,0.214708,0.612647,1.414448,0.002157,0.002659,9918.852997,5612.536985,1.001467
"theta[grok-4.6_low, axis1]",0.384881,0.334413,-0.256502,0.967497,0.003894,0.005522,8834.19358,5021.538588,1.000614
"theta[grok-4.6_medium, axis1]",1.205432,0.265517,0.724688,1.727565,0.002668,0.003163,10261.576873,5858.43987,1.000023
"theta[grok-4.6_unknown, axis1]",1.308178,0.194923,0.926471,1.664893,0.002182,0.002279,8091.146405,4948.82494,0.999803
"theta[grok-4.6_xhigh, axis1]",0.888755,0.078405,0.739646,1.036041,0.00109,0.000943,5301.878849,5345.782131,1.000446
"theta[inkling-small, axis1]",0.37788,0.253283,-0.096834,0.843144,0.002533,0.003092,10141.350419,5935.113724,1.000426
"theta[inkling-small_xhigh, axis1]",0.448889,0.089205,0.272904,0.607539,0.001103,0.00107,6535.648737,5980.564635,1.000811
"theta[kimi-k2-thinking, axis1]",-0.494914,0.187875,-0.850262,-0.146751,0.001914,0.002392,9772.01966,5886.2266,1.000066
"theta[kimi-k2.5, axis1]",0.053021,0.149018,-0.21708,0.336076,0.001762,0.001658,7360.308399,5878.492238,1.000557
"theta[kimi-k2.6, axis1]",0.60079,0.078116,0.456569,0.747995,0.001043,0.001054,5835.623335,4619.747744,0.999905
"theta[kimi-k2.7-code, axis1]",0.49451,0.076915,0.34982,0.635916,0.000955,0.000939,6628.217545,5376.077549,0.999946
"theta[kimi-k3_high, axis1]",0.674084,0.454182,-0.115727,1.532439,0.005068,0.006229,9293.292458,4916.756291,1.000644
"theta[kimi-k3_low, axis1]",-0.098801,0.328169,-0.718782,0.520362,0.003071,0.003978,11423.555795,5786.123873,1.001536
"theta[kimi-k3_max, axis1]",1.06205,0.080949,0.911665,1.214015,0.00139,0.001027,3497.51685,4147.498384,1.000784
"theta[kimi-k3_unknown, axis1]",1.469209,0.169271,1.171093,1.814349,0.001953,0.001944,7577.46759,6144.073887,1.000243
"theta[laguna-m.1, axis1]",-0.984209,0.321966,-1.613934,-0.427263,0.00383,0.004032,7695.094415,4867.152548,1.000495
"theta[magistral-small-2509, axis1]",-1.024885,0.337424,-1.638823,-0.394657,0.003271,0.00417,11128.693265,5768.147631,1.000161
"theta[mercury-2, axis1]",-0.408298,0.283823,-0.926465,0.119359,0.002706,0.003647,11423.860723,5862.990346,1.000873
"theta[mimo-v2.5, axis1]",0.086575,0.357617,-0.57759,0.712414,0.004254,0.00516,8197.177494,5220.503664,1.00022
"theta[mimo-v2.5-pro, axis1]",0.198365,0.339038,-0.471356,0.78813,0.003725,0.004696,9636.828116,4943.488974,1.001371
"theta[mistral-large-2402, axis1]",-2.131398,0.210501,-2.539952,-1.75094,0.002277,0.002444,8577.909412,5802.591343,1.001359
"theta[mistral-large-2407, axis1]",-1.899903,0.215447,-2.290285,-1.477137,0.002265,0.002445,9047.221921,6109.267308,1.00086
"theta[mistral-medium-2505, axis1]",-1.148323,0.262035,-1.634312,-0.645579,0.002646,0.004003,10812.542843,5232.563592,1.000251
"theta[mistral-medium-2508, axis1]",-0.849193,0.291539,-1.387122,-0.291287,0.002738,0.00397,11963.129802,5279.758424,1.00013
"theta[mistral-medium-2604, axis1]",-0.629752,0.239747,-1.072978,-0.163256,0.002584,0.002908,8734.731581,5993.631517,1.000653
"theta[mistral-medium-2604_high, axis1]",-0.602747,0.349524,-1.226686,0.074796,0.00452,0.004943,6791.763318,4743.496486,1.000528
"theta[mistral-small-2503, axis1]",-1.667711,0.35675,-2.382721,-1.053866,0.003623,0.004551,10329.493384,5508.571109,1.000563
"theta[muse-spark, axis1]",0.874816,0.148205,0.595829,1.149605,0.001614,0.001696,8527.036569,5624.461187,1.000191
"theta[muse-spark-1.1, axis1]",1.208928,0.179627,0.862128,1.532375,0.00187,0.002142,9238.254434,5651.016944,1.001272
"theta[muse-spark-1.1_high, axis1]",0.117873,0.319858,-0.50391,0.706131,0.003835,0.004648,7146.1147,5149.95998,1.00029
"theta[muse-spark-1.1_xhigh, axis1]",0.802045,0.459779,-0.034696,1.675682,0.005262,0.006649,8003.069683,4853.271688,1.000406
"theta[muse-spark-1.2, axis1]",0.645619,0.466794,-0.260584,1.513743,0.005786,0.007479,7593.251334,4278.369693,1.000949
"theta[muse-spark-1.2_xhigh, axis1]",0.77527,0.256759,0.306418,1.270519,0.00243,0.003087,11178.563153,5867.978378,1.000339
"theta[nemotron-3-super, axis1]",-0.447728,0.310386,-1.055358,0.101019,0.002876,0.003889,11823.494398,6048.011352,1.001189
"theta[nemotron-3-ultra, axis1]",-0.133009,0.172344,-0.447723,0.200332,0.001591,0.002,11780.501378,6324.456698,1.00047
"theta[o1-2024-12-17_high, axis1]",-0.572275,0.126873,-0.810784,-0.334726,0.001712,0.001739,5857.346461,4681.784995,1.000177
"theta[o1-2024-12-17_low, axis1]",-0.823076,0.161328,-1.129813,-0.521592,0.001772,0.002367,8661.622796,5036.912402,1.000461
"theta[o1-2024-12-17_medium, axis1]",-0.636074,0.112374,-0.845148,-0.425215,0.001347,0.001369,6999.897321,5117.938188,1.000985
"theta[o1-2024-12-17_unknown, axis1]",-0.639864,0.25201,-1.140715,-0.197554,0.002799,0.003379,8472.624043,4642.05161,1.00124
"theta[o1-mini-2024-09-12_high, axis1]",-0.613558,0.39487,-1.364385,0.131552,0.003989,0.00584,10266.463518,5187.181669,1.000648
"theta[o1-mini-2024-09-12_medium, axis1]",-0.680809,0.259791,-1.169897,-0.182779,0.002356,0.003364,12167.158374,6157.633114,1.000424
"theta[o1-preview-2024-09-12, axis1]",-0.801786,0.154409,-1.079009,-0.500465,0.001646,0.001766,8828.047436,5863.508582,1.000317
"theta[o1-pro-2025-03-19, axis1]",-0.621669,0.251667,-1.115508,-0.169006,0.002964,0.003304,7573.141095,4994.21943,1.000872
"theta[o3-2025-04-16_high, axis1]",0.110203,0.085403,-0.048403,0.273402,0.000933,0.001093,8395.934773,5045.333263,1.00069
"theta[o3-2025-04-16_low, axis1]",-0.355515,0.130977,-0.616328,-0.122016,0.001579,0.001844,7408.87568,4453.123337,1.000092
"theta[o3-2025-04-16_medium, axis1]",0.055513,0.086501,-0.109666,0.215234,0.001061,0.001111,6654.591671,4836.993156,1.000863
"theta[o3-2025-04-16_unknown, axis1]",-0.026725,0.282436,-0.54761,0.520941,0.002961,0.003593,9305.807637,5952.851839,1.000109
"theta[o3-mini-2025-01-31_high, axis1]",-0.404348,0.107886,-0.616735,-0.21141,0.001371,0.001352,6530.093812,4548.737502,1.000827
"theta[o3-mini-2025-01-31_low, axis1]",-1.192783,0.199739,-1.56892,-0.822632,0.002528,0.002892,6613.163382,4464.4714,1.00018
"theta[o3-mini-2025-01-31_medium, axis1]",-0.635733,0.12308,-0.870402,-0.404203,0.001442,0.001526,7413.102931,5163.890499,0.999932
"theta[o3-pro-2025-06-10, axis1]",-0.838578,0.475559,-1.767722,0.02486,0.005415,0.005544,7846.429295,5854.418844,1.000828
"theta[o3-pro-2025-06-10_high, axis1]",0.231473,0.338779,-0.429021,0.853371,0.00317,0.004213,11431.846935,6221.483778,1.001039
"theta[o4-mini-2025-04-16_high, axis1]",0.083328,0.083799,-0.073261,0.24189,0.001211,0.000954,4854.634383,5462.047942,1.000158
"theta[o4-mini-2025-04-16_low, axis1]",-0.471312,0.138475,-0.732242,-0.210308,0.001692,0.002051,7250.74597,4403.662261,1.000081
"theta[o4-mini-2025-04-16_medium, axis1]",-0.136736,0.096839,-0.323789,0.035064,0.001417,0.001085,4789.577207,5651.570536,1.00042
"theta[qwen2-72b-instruct, axis1]",-2.105463,0.258317,-2.578699,-1.614061,0.002629,0.003106,9933.842418,5498.70367,1.000781
"theta[qwen2.5-72b-instruct, axis1]",-1.76528,0.214097,-2.166803,-1.348857,0.002275,0.002581,9034.351075,5599.080267,1.00123
"theta[qwen3-14b, axis1]",-0.526383,0.28673,-1.063668,0.005992,0.002959,0.003886,9764.042499,5560.5853,1.000113
"theta[qwen3-14b_none, axis1]",-1.109522,0.391772,-1.889588,-0.402088,0.004153,0.005402,9148.667439,5571.74646,1.001259
"theta[qwen3-30b-a3b-thinking-2507, axis1]",-0.38583,0.283632,-0.963773,0.110156,0.002748,0.003744,10886.492893,5698.555575,1.001069
"theta[qwen3-8b, axis1]",-0.65338,0.294864,-1.201044,-0.084622,0.002903,0.003947,10839.213572,5385.124762,1.000276
"theta[qwen3-8b_none, axis1]",-1.209015,0.396368,-1.972596,-0.497689,0.003719,0.005545,11988.116609,5713.477271,1.000485
"theta[qwen3-coder-next, axis1]",-0.816189,0.29566,-1.382001,-0.281254,0.002942,0.003953,10678.510507,5691.54471,1.000206
"theta[qwen3-max-2025-09-23, axis1]",-0.331912,0.125158,-0.575457,-0.102639,0.001452,0.001672,7640.006225,5266.370837,1.000963
"theta[qwen3.5-35b-a3b, axis1]",-0.451257,0.39859,-1.193962,0.311013,0.00399,0.005796,10481.917174,5320.41704,1.000031
"theta[qwen3.5-35b-a3b_none, axis1]",-0.315133,0.291228,-0.861377,0.23683,0.002775,0.004059,11253.995413,5279.451348,1.000873
"theta[qwen3.5-397b-a17b, axis1]",0.006743,0.11284,-0.199579,0.227306,0.001301,0.001612,7697.356082,4794.616056,1.00057
"theta[qwen3.5-397b-a17b_none, axis1]",0.030895,0.111787,-0.186742,0.234004,0.001201,0.001634,8790.910994,5117.274601,1.000083
"theta[qwen3.5-9B, axis1]",-0.77701,0.328314,-1.391965,-0.160509,0.003007,0.004318,12205.62118,5770.316085,1.000887
"theta[qwen3.5-9B_none, axis1]",-0.280483,0.415576,-1.05715,0.505882,0.004249,0.006331,10257.535403,5099.39288,0.999895
"theta[qwen3.5-flash, axis1]",-0.642799,0.147588,-0.927156,-0.371305,0.002064,0.00182,5108.171684,4561.567643,1.000019
"theta[qwen3.5-flash_none, axis1]",-0.394365,0.149054,-0.668538,-0.128009,0.002312,0.004813,5654.520887,3750.508252,1.00056
"theta[qwen3.5-plus, axis1]",0.144671,0.250821,-0.328002,0.620489,0.002337,0.003018,11543.116695,5796.589483,1.000149
"theta[qwen3.6-27b, axis1]",0.145095,0.109937,-0.068728,0.346725,0.001279,0.001428,7475.679541,5178.798495,1.000381
"theta[qwen3.6-27b_none, axis1]",0.03544,0.115224,-0.186189,0.247524,0.001712,0.001645,4892.147061,4285.469234,1.000369
"theta[qwen3.6-35b-a3b, axis1]",-0.356094,0.108582,-0.566725,-0.159054,0.001269,0.001318,7390.089529,5524.425766,1.000055
"theta[qwen3.6-35b-a3b_none, axis1]",-0.346334,0.12638,-0.59422,-0.113061,0.001886,0.001735,4918.999435,4084.467848,0.999935
"theta[qwen3.6-flash, axis1]",-0.349458,0.12775,-0.593675,-0.110527,0.001504,0.001836,7281.008347,4881.767263,1.000184
"theta[qwen3.6-flash_none, axis1]",-0.24291,0.136846,-0.500469,0.014853,0.001889,0.002609,5927.923632,3849.752478,1.00013
"theta[qwen3.6-plus, axis1]",0.214301,0.102362,0.016122,0.404319,0.001137,0.001433,8242.409349,5145.08205,1.000264
"theta[qwen3.6-plus_none, axis1]",0.037253,0.121843,-0.212252,0.256738,0.001684,0.001822,5561.027111,4042.084477,1.001076
"theta[qwen3.7-flash, axis1]",-0.273411,0.120604,-0.498508,-0.045181,0.001502,0.001661,6488.200023,4827.885571,1.000821
"theta[qwen3.7-flash_none, axis1]",-0.306965,0.125412,-0.54474,-0.070234,0.001436,0.00162,7686.531209,4721.348312,1.000091
"theta[qwen3.7-max, axis1]",0.838152,0.079441,0.699063,0.998614,0.000926,0.000964,7417.759519,5643.208276,1.000794
"theta[qwen3.7-plus, axis1]",-0.043775,0.226828,-0.485819,0.371106,0.002849,0.002545,6350.875413,5747.183685,1.001504
"theta[qwen3.7-plus_none, axis1]",0.096071,0.113562,-0.111146,0.321706,0.001305,0.001674,7896.273298,5222.982204,1.000005
"theta[qwen3.8-27b, axis1]",0.07789,0.473479,-0.835909,0.926352,0.005411,0.006536,8602.406676,5352.223393,1.000206
"theta[qwen3.8-27b_low, axis1]",-0.935972,0.49793,-1.885974,-0.045431,0.00589,0.006167,8066.934253,5267.601347,1.000891
"theta[qwen3.8-27b_medium, axis1]",-0.932589,0.506164,-1.872755,-0.031524,0.005279,0.006395,10126.711012,5693.215751,1.000241
"theta[qwen3.8-27b_none, axis1]",-0.769454,0.512552,-1.671861,0.237639,0.005253,0.006853,11006.113511,5054.281503,1.001057
"theta[qwen3.8-27b_xhigh, axis1]",0.011493,0.280707,-0.545634,0.519051,0.003152,0.003591,8139.406954,5732.931312,1.000519
"theta[qwen3.8-max_unknown, axis1]",1.137805,0.267878,0.629814,1.6336,0.002959,0.004295,8878.323225,4974.800566,1.001484
"theta[qwen3.8-max_xhigh, axis1]",1.077492,0.080531,0.922692,1.225925,0.000945,0.001071,7415.0961,4532.138469,1.001364
"theta[trinity-large-thinking, axis1]",-0.934412,0.337645,-1.585636,-0.324747,0.004305,0.00423,6524.760207,5373.73827,1.0
"A[APEX-Agents, axis1]",1.046022,0.078774,0.895727,1.194558,0.001296,0.000786,3673.767256,5121.517367,1.001382
"A[CritPt, axis1]",1.371062,0.080646,1.226448,1.529994,0.001316,0.000768,3750.382904,4549.664677,1.000131
"A[DeepSWE, axis1]",1.061508,0.140713,0.792683,1.320989,0.00268,0.001632,2757.736635,3227.044861,1.001234
"A[EnigmaEval, axis1]",1.160461,0.103731,0.970386,1.358469,0.001611,0.001044,4144.58993,4556.115744,1.000438
"A[FrontierCode, axis1]",0.852264,0.11441,0.634893,1.063527,0.0025,0.001315,2107.916129,3130.161047,1.003501
"A[FrontierMath Tier 4 v2, axis1]",2.860322,0.171533,2.547689,3.193208,0.003966,0.001919,1872.819694,3120.312222,1.001834
"A[FrontierMath Tiers 1-3 v2, axis1]",1.743764,0.079462,1.603774,1.901077,0.001976,0.000895,1608.7373,3114.195453,1.002129
"A[GDPval, axis1]",0.810113,0.233385,0.391766,1.243435,0.003706,0.002439,3832.568031,4930.672286,1.000958
"A[HLE, axis1]",1.12655,0.0823,0.97294,1.281267,0.001489,0.000859,3056.643183,4178.731385,1.001304
"A[LAB-Bench Cloning, axis1]",0.608487,0.084912,0.447449,0.766806,0.001346,0.000876,3947.269479,5006.320112,1.001382
"A[LAB-Bench LitQA2, axis1]",0.32909,0.04073,0.25254,0.407049,0.00066,0.000483,3817.14812,4647.349942,1.000378
"A[LAB-Bench Protocol, axis1]",0.595369,0.066884,0.473345,0.726951,0.001041,0.000755,4108.03726,5103.17327,1.000228
"A[LAB-Bench SeqQA, axis1]",0.606142,0.056645,0.495817,0.710701,0.000994,0.000571,3224.363083,4877.84488,1.000046
"A[MCP Atlas, axis1]",0.716369,0.120735,0.495251,0.948665,0.001824,0.001142,4326.545445,4998.5006,1.0014
"A[METR Time Horizons, axis1]",0.640735,0.041693,0.568763,0.722365,0.00063,0.000451,4380.067489,5300.488679,1.000168
"A[OSWorld 2.0, axis1]",1.170528,0.19864,0.790944,1.541727,0.004176,0.00274,2233.848918,2762.799277,1.001365
"A[OTIS Mock AIME 2024-2025, axis1]",1.621183,0.091132,1.45446,1.797566,0.001647,0.000921,3057.243989,4855.981673,1.00071
"A[ProofBench, axis1]",1.898531,0.239333,1.442084,2.343563,0.004286,0.002371,3100.768389,4112.095538,1.000789
"A[Remote Labor Index, axis1]",1.08305,0.216103,0.692623,1.498721,0.004325,0.002753,2463.045105,2641.550875,1.00122
"A[Surface Evolver Bench, axis1]",1.418368,0.180446,1.083579,1.758216,0.00312,0.00202,3314.528493,4423.528168,1.000442
"A[WeirdML v2, axis1]",0.946804,0.043238,0.864521,1.026127,0.000614,0.00041,4951.597746,5384.405501,1.00046
D[APEX-Agents],1.833812,0.078662,1.687518,1.982501,0.00106,0.000723,5506.574901,6231.096253,1.00128
D[CritPt],3.158584,0.087568,2.997619,3.326696,0.001182,0.000902,5509.469599,5510.188885,1.000219
D[DeepSWE],0.922998,0.158979,0.625083,1.221654,0.002846,0.001731,3129.551857,4052.230375,1.00095
D[EnigmaEval],2.478057,0.090612,2.309576,2.648782,0.001112,0.000898,6659.006845,5775.592332,1.000582
D[FrontierCode],1.359424,0.133734,1.10992,1.617103,0.002539,0.00142,2801.089756,3879.76505,1.001367
D[FrontierMath Tier 4 v2],3.182733,0.1618,2.880718,3.480906,0.003216,0.001712,2540.740146,4081.966383,1.00074
D[FrontierMath Tiers 1-3 v2],0.823809,0.052708,0.724446,0.921665,0.000988,0.000514,2843.202013,4888.527857,1.000406
D[GDPval],0.297576,0.175993,-0.031711,0.630322,0.002056,0.002135,7513.228556,5700.380315,1.000053
D[HLE],1.540775,0.05692,1.430912,1.644255,0.000749,0.000593,5808.298949,5382.041127,1.000751
D[LAB-Bench Cloning],-0.283841,0.135092,-0.53818,-0.037901,0.002,0.001394,4542.24934,5683.648457,1.000896
D[LAB-Bench LitQA2],-0.055387,0.065359,-0.183502,0.064162,0.001003,0.000743,4224.492237,4817.916819,1.000406
D[LAB-Bench Protocol],-1.099393,0.111262,-1.314743,-0.891809,0.001623,0.001206,4705.811995,5214.197459,1.000339
D[LAB-Bench SeqQA],-0.903861,0.089135,-1.070554,-0.735476,0.001453,0.000863,3755.882814,5448.301491,0.999942
D[MCP Atlas],-0.52159,0.1069,-0.717979,-0.322788,0.001405,0.001033,5798.137038,6305.270805,1.000632
D[METR Time Horizons],-0.585557,0.039912,-0.661163,-0.511608,0.000475,0.000407,7086.456433,6497.187104,1.000695
D[OSWorld 2.0],2.902247,0.275882,2.373895,3.43199,0.005442,0.003304,2548.737723,3905.017474,1.001139
D[OTIS Mock AIME 2024-2025],-1.054217,0.063356,-1.1763,-0.936471,0.000904,0.000627,4919.562308,5835.719265,1.000531
D[ProofBench],1.813397,0.234164,1.386108,2.267217,0.003882,0.002198,3635.045033,5533.40396,1.000625
D[Remote Labor Index],3.850799,0.258131,3.352175,4.322696,0.004679,0.002832,3055.084864,4393.355738,1.001011
D[Surface Evolver Bench],0.087522,0.149926,-0.194703,0.366901,0.002111,0.001486,5045.412612,5384.15036,1.000649
D[WeirdML v2],-0.097608,0.033503,-0.158935,-0.032996,0.000363,0.000326,8515.441388,7101.300115,1.000056
phi_b[APEX-Agents],56.841451,15.06969,31.190383,85.790379,0.240942,0.180399,3663.8284,5264.195622,1.001547
phi_b[CritPt],33.940012,5.287742,24.419975,44.25427,0.078117,0.053817,4589.851086,5569.18742,0.999913
phi_b[DeepSWE],16.506233,3.616379,10.270508,23.434733,0.057901,0.047116,3972.014338,4877.531199,1.000822
phi_b[EnigmaEval],61.019499,15.041424,33.600469,88.622321,0.199156,0.169194,5638.638818,5436.039875,1.00039
phi_b[FrontierCode],60.961093,32.778558,17.062561,117.895433,0.664394,0.850941,2227.391902,4050.041955,1.001268
phi_b[FrontierMath Tier 4 v2],56.981829,17.078688,27.597469,88.983148,0.345983,0.192068,2192.160271,3769.13038,1.000745
phi_b[FrontierMath Tiers 1-3 v2],141.938318,70.512702,46.922784,266.186283,2.509179,3.20857,768.84184,1464.923319,1.001762
phi_b[GDPval],16.077765,7.343254,5.321796,28.435566,0.105666,0.314545,6229.710599,5031.805618,1.000305
phi_b[HLE],128.72187,53.225603,52.717516,227.533408,1.288793,1.788357,1778.744882,3015.667883,1.000808
phi_b[LAB-Bench Cloning],34.374402,8.430545,19.265772,50.163022,0.092329,0.093321,8494.851954,6369.112187,1.000136
phi_b[LAB-Bench LitQA2],134.400062,35.607548,71.783842,199.817809,0.391088,0.399655,8250.854257,6401.627589,1.000791
phi_b[LAB-Bench Protocol],62.520805,16.658429,33.938708,93.642152,0.19101,0.196576,7802.568447,6515.129191,1.00058
phi_b[LAB-Bench SeqQA],126.372646,41.383547,58.402876,202.809338,0.584473,0.517958,5042.03483,6057.62204,1.000052
phi_b[MCP Atlas],35.878457,10.223378,18.198235,55.233433,0.13574,0.111588,5545.831399,6105.881711,1.000766
phi_b[METR Time Horizons],142.223936,53.245533,61.134054,239.335388,0.971529,1.323078,3343.6993,4429.52504,1.000557
phi_b[OSWorld 2.0],68.551406,30.903113,19.062216,122.464257,0.480656,0.613798,3978.504497,4999.716386,1.001286
phi_b[OTIS Mock AIME 2024-2025],10.184897,1.468091,7.474786,12.893749,0.026993,0.015972,3024.48696,4679.124665,1.000586
phi_b[ProofBench],6.985795,1.674011,4.137896,10.181184,0.027652,0.020137,3716.013472,5246.473889,1.000384
phi_b[Remote Labor Index],114.403254,56.083093,31.295109,216.686626,0.892308,0.918693,3751.821068,5380.636161,1.000888
phi_b[Surface Evolver Bench],25.195313,9.576126,10.078442,43.261358,0.167075,0.140519,3199.953246,5271.476688,1.000181
phi_b[WeirdML v2],39.586061,6.704687,27.568642,52.147634,0.109267,0.07789,3760.566383,4807.153142,1.000739
