,mean,sd,hdi_3%,hdi_97%,mcse_mean,mcse_sd,ess_bulk,ess_tail,r_hat
sigma_b_log__[0],-2.679968,0.187658,-3.029374,-2.324922,0.000663,0.000605,81013.972562,63884.793738,0.999989
sigma_b_log__[1],-2.969617,0.30239,-3.533742,-2.391776,0.00139,0.001084,47527.062618,53817.898579,1.000258
sigma_b_log__[2],-2.706094,0.426173,-3.503,-1.894808,0.004874,0.004337,7077.517286,2671.788092,1.001837
sigma_b_log__[3],-2.232651,0.172914,-2.553173,-1.904122,0.000613,0.000552,81266.904934,60646.524065,1.000096
sigma_b_log__[4],-1.951896,0.241426,-2.394422,-1.488158,0.000854,0.000829,80600.244258,60317.773063,1.000061
sigma_b_log__[5],-2.776773,0.23702,-3.219755,-2.331545,0.00099,0.000728,57645.98763,59933.108911,1.000038
sigma_b_log__[6],-2.630542,0.109104,-2.832702,-2.422543,0.000418,0.00033,68150.627193,66840.300926,1.000008
sigma_b_log__[7],-2.103213,0.091666,-2.27027,-1.926307,0.000329,0.000287,77810.693827,65754.882273,1.000054
sigma_b_log__[8],-2.149936,0.105674,-2.350355,-1.951573,0.000405,0.000317,68199.526643,66838.427363,1.000119
sigma_b_log__[9],-3.347856,0.427931,-4.150854,-2.536675,0.001996,0.001313,45852.066011,47371.502659,1.000043
sigma_b_log__[10],-2.682693,0.132359,-2.927341,-2.429071,0.000457,0.000447,84940.586237,62946.622068,1.000055
sigma_b_log__[11],-2.535288,0.125212,-2.773301,-2.304278,0.000398,0.000421,100068.27032,62817.379889,0.999997
sigma_b_log__[12],-1.599371,0.116524,-1.817564,-1.379517,0.000383,0.000394,92538.992983,63951.413896,1.000031
sigma_b_log__[13],-3.304556,0.174187,-3.623681,-2.968883,0.000625,0.000561,78077.450312,64374.632077,1.000124
sigma_b_log__[14],-3.086765,0.208408,-3.482961,-2.698856,0.000901,0.000612,53629.334164,61017.953094,1.00007
sigma_b_log__[15],-3.177452,0.269437,-3.684457,-2.670694,0.001122,0.000837,57992.370625,59658.417529,1.000018
sigma_b_log__[16],-2.300843,0.181299,-2.626166,-1.946441,0.000633,0.000599,83530.921515,61867.524283,1.000117
sigma_b_log__[17],-2.121243,0.050875,-2.215262,-2.024642,0.000162,0.000165,99023.397402,64967.42292,1.000029
sigma_b_log__[18],-2.531609,0.076463,-2.678215,-2.390831,0.000324,0.000227,55750.371639,62149.665416,1.000046
sigma_b_log__[19],-1.863885,0.221796,-2.277697,-1.446602,0.000996,0.000641,49836.051154,60403.64627,1.000074
sigma_b_log__[20],-2.392582,0.141633,-2.660814,-2.127787,0.000517,0.00044,75384.248656,64874.796545,1.000055
sigma_b_log__[21],-2.383202,0.163119,-2.691037,-2.079272,0.000508,0.000569,105807.804222,61035.789054,1.000024
sigma_b_log__[22],-2.860278,0.065129,-2.98475,-2.739477,0.000215,0.000205,91358.151749,69561.825182,1.000041
sigma_b_log__[23],-3.00783,0.124103,-3.23993,-2.77296,0.000449,0.00041,76602.4374,64463.939163,1.000134
sigma_b_log__[24],-2.058081,0.091892,-2.233136,-1.887239,0.000352,0.000284,68275.556525,65013.059932,1.0001
sigma_b_log__[25],-2.589875,0.193831,-2.95164,-2.223642,0.000697,0.000648,78180.688826,62667.700207,1.000047
sigma_b_log__[26],-1.78108,0.156961,-2.072456,-1.485595,0.00067,0.000642,58982.374875,38769.788521,1.000114
sigma_b_log__[27],-2.805158,0.119045,-3.025575,-2.578747,0.000407,0.000385,86048.387309,65500.716505,0.999987
sigma_b_log__[28],-2.368946,0.184634,-2.713638,-2.01933,0.000689,0.000601,72060.922887,60936.881362,1.000119
sigma_b_log__[29],-1.800877,0.113679,-2.012325,-1.583806,0.000441,0.000335,66519.095573,59981.691391,1.000085
sigma_b_log__[30],-2.505628,0.151466,-2.792722,-2.224262,0.00055,0.000475,76031.357295,63390.705555,1.000087
sigma_b_log__[31],-2.659022,0.351344,-3.291098,-1.98642,0.001242,0.001246,84378.37601,57779.7435,1.000018
sigma_b_log__[32],-2.405849,0.13054,-2.651373,-2.161303,0.000568,0.000382,52873.192498,60093.095248,1.00007
sigma_b_log__[33],-2.512987,0.100007,-2.700306,-2.322105,0.000448,0.000295,50009.148979,60719.187189,1.000107
sigma_b_log__[34],-2.479077,0.266934,-2.981571,-1.982929,0.0014,0.000883,36663.879296,42337.518049,1.000243
sigma_b_log__[35],-1.284486,0.098392,-1.46844,-1.100154,0.000343,0.000321,83027.26813,65949.421019,0.999993
sigma_b_log__[36],-2.86422,0.136468,-3.121766,-2.61067,0.0005,0.000429,74845.794334,64122.541898,1.000082
sigma_b_log__[37],-1.969657,0.167816,-2.284589,-1.657414,0.000511,0.0006,108985.367011,62870.632923,1.000038
sigma_b_log__[38],-2.87732,0.054708,-2.977341,-2.77182,0.000218,0.000162,63030.867243,64092.780968,1.00009
sigma_b_log__[39],-2.248762,0.104903,-2.447269,-2.053615,0.000307,0.000402,118283.038663,57322.798462,1.000112
sigma_b_log__[40],-2.579296,0.110653,-2.789128,-2.373253,0.000333,0.000382,111440.247535,64076.425768,0.99999
sigma_b_log__[41],-2.407415,0.108525,-2.607579,-2.201208,0.000314,0.000395,121629.803562,61072.002189,1.000024
sigma_b_log__[42],-2.903852,0.116257,-3.121471,-2.682973,0.000353,0.000398,109420.324296,64894.00531,1.000078
sigma_b_log__[43],-2.033521,0.115502,-2.247201,-1.813297,0.000567,0.000354,41570.878258,55839.580658,1.000066
sigma_b_log__[44],-2.460057,0.130844,-2.702485,-2.212163,0.000468,0.000404,78325.938663,65916.354468,1.000129
sigma_b_log__[45],-1.974824,0.106731,-2.172498,-1.772806,0.000306,0.000383,123128.948854,62267.956364,1.00006
sigma_b_log__[46],-2.964269,0.133903,-3.212932,-2.710088,0.000493,0.000402,73792.502601,66418.541684,1.000094
sigma_b_log__[47],-2.765923,0.23406,-3.192072,-2.312986,0.000936,0.000831,65138.268363,47407.522706,1.000027
sigma_b_log__[48],-2.517632,0.115195,-2.734069,-2.301732,0.000338,0.000414,117741.882319,62339.087049,1.00012
sigma_b_log__[49],-3.002019,0.119226,-3.225486,-2.778651,0.000351,0.000431,117703.347523,63219.146121,1.000074
sigma_b_log__[50],-2.903237,0.118413,-3.129269,-2.684898,0.000355,0.000414,113163.553713,61807.07011,1.000115
sigma_b_log__[51],-2.944742,0.120872,-3.171206,-2.71668,0.000368,0.000424,109625.725877,62421.796284,1.000226
sigma_b_log__[52],-2.925825,0.073394,-3.06123,-2.784803,0.00024,0.000234,93777.27238,68901.110684,1.000069
sigma_b_log__[53],-2.669018,0.100093,-2.853395,-2.4773,0.000303,0.000369,111402.959452,58516.42174,1.00004
sigma_b_log__[54],-2.364813,0.091477,-2.535127,-2.191037,0.000368,0.000276,61945.833998,55128.074824,1.000051
sigma_b_log__[55],-2.500265,0.140454,-2.763608,-2.236703,0.000485,0.000444,84480.095358,66035.609764,0.99999
sigma_b_log__[56],-3.062971,0.12195,-3.289855,-2.833188,0.000442,0.000426,76901.867068,59571.805953,1.000118
sigma_b_log__[57],-2.811489,0.079317,-2.959153,-2.660896,0.000391,0.000233,41055.699132,54494.197988,1.000065
sigma_b_log__[58],-3.167534,0.120235,-3.386866,-2.935979,0.000353,0.000428,117753.954325,62770.424854,1.000074
sigma_b_log__[59],-3.158634,0.120298,-3.382558,-2.93068,0.000366,0.00041,108764.89481,65508.094059,1.000057
sigma_b_log__[60],-3.026632,0.127175,-3.263044,-2.787438,0.0004,0.000426,101837.322956,66017.907413,1.000075
sigma_b_log__[61],-2.756561,0.12343,-2.990454,-2.525215,0.0004,0.000407,96456.046847,64683.536555,0.999998
sigma_b_log__[62],-2.801138,0.10845,-3.00449,-2.597866,0.000381,0.000344,81361.358518,59402.262769,1.000014
sigma_b_log__[63],-1.859569,0.192615,-2.221009,-1.49724,0.000605,0.000692,101358.175177,62042.22302,1.000032
sigma_b_log__[64],-2.611151,0.130634,-2.861709,-2.371639,0.000415,0.000461,100631.532998,61971.289009,1.000148
sigma_b_log__[65],-2.951599,0.143833,-3.222333,-2.682897,0.000584,0.000417,60608.238311,64869.369581,0.999986
sigma_b_log__[66],-2.256525,0.070273,-2.388089,-2.124067,0.000261,0.000221,72389.919024,65306.538415,1.000068
sigma_b_log__[67],-2.318169,0.182201,-2.654933,-1.970162,0.000616,0.000594,88716.881737,63494.186938,0.999984
sigma_b_log__[68],-3.235347,0.394531,-3.989886,-2.497389,0.001934,0.001246,41855.742082,54053.879157,1.000112
sigma_b_log__[69],-1.655002,0.166894,-1.969244,-1.344075,0.000509,0.000551,107860.782064,67083.829474,1.000082
sigma_b_log__[70],-2.676364,0.217158,-3.083003,-2.267363,0.000927,0.000717,55550.801413,54976.661975,1.000027
sigma_b_log__[71],-1.946138,0.048314,-2.037841,-1.856416,0.000173,0.000154,77679.2732,65687.912892,1.000006
sigma_b_log__[72],-2.500113,0.119194,-2.725328,-2.280037,0.000357,0.000428,113315.506404,61881.750752,0.999988
sigma_b_log__[73],-2.939723,0.220628,-3.356639,-2.528511,0.000829,0.000715,71149.45869,60924.269718,1.000059
sigma_b_log__[74],-1.774698,0.107356,-1.976671,-1.574246,0.000487,0.000313,48548.577528,57695.854401,1.000059
sigma_b_log__[75],-3.066794,0.241137,-3.521774,-2.615881,0.001153,0.000775,44617.811554,48065.573238,1.000044
sigma_b_log__[76],-2.591452,0.122712,-2.815698,-2.35413,0.000385,0.000411,102336.270738,64810.253832,1.000051
sigma_b_log__[77],-2.769476,0.197481,-3.143947,-2.399348,0.000928,0.000607,45313.653472,58107.002813,1.000179
sigma_b_log__[78],-1.890132,0.057311,-1.99809,-1.782847,0.000168,0.000199,117213.474457,64414.522499,1.000038
sigma_b_log__[79],-2.268399,0.175379,-2.590303,-1.929033,0.000826,0.000532,45068.976698,59109.958219,1.000068
sigma_b_log__[80],-2.547799,0.139531,-2.815473,-2.288759,0.000684,0.000424,41705.208006,56908.210677,1.000174
sigma_b_log__[81],-2.34568,0.21675,-2.750402,-1.93474,0.000907,0.000657,57316.457899,53239.437431,0.999993
sigma_b_log__[82],-2.271027,0.105304,-2.468481,-2.072984,0.000296,0.000393,128107.63516,63197.100315,1.000213
sigma_b_log__[83],-3.220729,0.148015,-3.497848,-2.943632,0.000469,0.000515,101307.154766,62785.523972,1.000096
sigma_b_log__[84],-2.901979,0.093705,-3.08031,-2.728148,0.00028,0.000334,113459.477364,62739.822947,1.00004
sigma_b_log__[85],-2.88413,0.23386,-3.314074,-2.430772,0.001151,0.000825,41478.171682,45499.980118,1.000068
sigma_b_log__[86],-2.731159,0.112863,-2.940369,-2.517849,0.00033,0.000422,118974.340471,60333.859967,1.000018
sigma_b_log__[87],-2.623571,0.109287,-2.83183,-2.421275,0.000326,0.000396,113874.40198,62683.48921,1.000002
sigma_b_log__[88],-2.547507,0.069066,-2.676434,-2.416564,0.000274,0.000206,63624.894488,64805.973817,1.000101
tau_CD_log__,0.669034,0.078922,0.522914,0.81986,0.000779,0.00039,10256.383562,21045.604568,1.000889
sigma_A_log__,-0.495846,0.088726,-0.664938,-0.330546,0.000851,0.00042,10860.126583,21589.470085,1.000883
"theta_t_zerosum__[0, 0]",-2.257426,0.226599,-2.684099,-1.829571,0.000671,0.000913,114247.421661,59753.041274,1.000053
"theta_t_zerosum__[0, 1]",-1.866684,0.18033,-2.211611,-1.533831,0.00054,0.000723,111424.046055,58801.51056,1.000198
"theta_t_zerosum__[0, 2]",-1.614898,0.173443,-1.941113,-1.288856,0.000507,0.000674,117227.142479,61034.126033,1.000003
"theta_t_zerosum__[0, 3]",-1.939276,0.17244,-2.266064,-1.615458,0.000509,0.000666,114794.198874,62165.983913,1.000115
"theta_t_zerosum__[0, 4]",-2.26009,0.186017,-2.618684,-1.918619,0.000577,0.000704,105078.931643,59834.472957,1.000039
"theta_t_zerosum__[0, 5]",-1.63931,0.179885,-1.980109,-1.302039,0.000513,0.000726,123249.579093,59643.414263,1.000142
"theta_t_zerosum__[0, 6]",-2.709744,0.223139,-3.135467,-2.293951,0.000681,0.000882,108516.01986,60297.124602,1.000005
"theta_t_zerosum__[0, 7]",-1.219671,0.239263,-1.66005,-0.765092,0.000662,0.000993,133417.311556,58529.368632,1.000114
"theta_t_zerosum__[0, 8]",-2.114464,0.184305,-2.463989,-1.769488,0.000575,0.000687,103518.596202,59222.990178,1.000028
"theta_t_zerosum__[0, 9]",0.731711,0.168555,0.414349,1.05008,0.000522,0.000679,104660.647033,57732.130121,1.000147
"theta_t_zerosum__[0, 10]",-0.783266,0.313006,-1.332227,-0.164865,0.001048,0.001406,98933.84551,54101.806985,1.000067
"theta_t_zerosum__[0, 11]",-1.401806,0.17353,-1.726448,-1.074833,0.000491,0.000702,124396.936676,58835.483352,1.000197
"theta_t_zerosum__[0, 12]",0.069721,0.057182,-0.037147,0.177768,0.000181,0.000207,99520.830521,59936.646862,1.000116
"theta_t_zerosum__[0, 13]",0.25068,0.075503,0.113157,0.396273,0.000216,0.000295,122199.145988,60748.985494,1.000211
"theta_t_zerosum__[0, 14]",-0.109697,0.111287,-0.313813,0.10457,0.000315,0.00044,126073.050932,59213.510311,1.000032
"theta_t_zerosum__[0, 15]",-1.008435,0.16888,-1.3294,-0.698311,0.000481,0.000673,125132.606632,58418.637803,1.000126
"theta_t_zerosum__[0, 16]",-0.283339,0.104824,-0.478379,-0.084644,0.000304,0.000404,118655.244634,61248.901912,1.000315
"theta_t_zerosum__[0, 17]",-0.193004,0.134589,-0.446615,0.059165,0.000377,0.000522,127902.312204,60846.648852,1.000057
"theta_t_zerosum__[0, 18]",-0.549139,0.261123,-1.033592,-0.063258,0.000802,0.001078,113295.284493,56394.756196,1.000097
"theta_t_zerosum__[0, 19]",-0.34921,0.057963,-0.457845,-0.240056,0.000182,0.000204,101237.689471,63073.374143,1.000206
"theta_t_zerosum__[0, 20]",-0.166841,0.078398,-0.309964,-0.015502,0.00023,0.000296,115815.996645,60431.441152,0.999987
"theta_t_zerosum__[0, 21]",0.049122,0.091721,-0.124662,0.220479,0.000269,0.000338,116393.774858,63048.95937,1.000134
"theta_t_zerosum__[0, 22]",0.327011,0.171387,0.00687,0.653229,0.000456,0.000681,141582.426851,59835.743862,1.000251
"theta_t_zerosum__[0, 23]",0.195847,0.147322,-0.076736,0.477387,0.000407,0.000578,130759.087845,59854.230552,1.000195
"theta_t_zerosum__[0, 24]",0.377761,0.191858,0.029177,0.738702,0.000696,0.000865,83629.392058,53368.151109,1.000093
"theta_t_zerosum__[0, 25]",0.37635,0.112448,0.166658,0.588482,0.000313,0.000423,129366.881081,61771.141352,1.000103
"theta_t_zerosum__[0, 26]",0.495559,0.106981,0.297171,0.697899,0.000349,0.000357,94653.592741,67631.540601,1.000066
"theta_t_zerosum__[0, 27]",-0.365157,0.176933,-0.699334,-0.039213,0.000561,0.000669,104255.231945,57071.160681,1.000024
"theta_t_zerosum__[0, 28]",-1.524009,0.226303,-1.954895,-1.103465,0.000652,0.000912,121577.62074,58581.292633,1.000068
"theta_t_zerosum__[0, 29]",-1.052013,0.114241,-1.26779,-0.839394,0.000349,0.00045,110746.983383,59153.225252,1.00008
"theta_t_zerosum__[0, 30]",0.081027,0.283082,-0.466774,0.601666,0.000808,0.001525,124516.004596,50079.472677,1.000038
"theta_t_zerosum__[0, 31]",1.32332,0.264349,0.834898,1.817387,0.000847,0.000908,100342.382022,62634.178199,1.000094
"theta_t_zerosum__[0, 32]",-1.823441,0.171701,-2.143387,-1.496196,0.000525,0.00071,107457.838097,51491.494359,1.000042
"theta_t_zerosum__[0, 33]",-0.199802,0.342031,-0.870888,0.389581,0.001181,0.001386,97600.570658,53041.39309,1.000032
"theta_t_zerosum__[0, 34]",-0.142614,0.273243,-0.669547,0.354384,0.000773,0.001183,129537.415486,56828.603686,1.000055
"theta_t_zerosum__[0, 35]",1.04473,0.395854,0.270639,1.788842,0.00195,0.002773,49103.503455,33881.137859,1.000003
"theta_t_zerosum__[0, 36]",0.704602,0.079384,0.554487,0.853401,0.000245,0.000295,105127.332771,61624.51002,1.000033
"theta_t_zerosum__[0, 37]",0.087152,0.100184,-0.099676,0.278701,0.000295,0.000385,115699.970272,60983.173312,1.000046
"theta_t_zerosum__[0, 38]",0.026145,0.155209,-0.264518,0.321502,0.000453,0.00063,118135.73659,50678.111608,1.000148
"theta_t_zerosum__[0, 39]",-1.991136,0.168796,-2.314377,-1.678511,0.000507,0.000641,110881.746798,60435.438919,1.000009
"theta_t_zerosum__[0, 40]",-1.533703,0.168647,-1.850584,-1.214148,0.000488,0.000686,119944.254612,59695.131087,1.000042
"theta_t_zerosum__[0, 41]",-1.354713,0.173098,-1.675932,-1.02387,0.000514,0.000706,115106.258801,60111.332488,1.000123
"theta_t_zerosum__[0, 42]",-2.35604,0.18062,-2.703477,-2.022065,0.000557,0.000684,106118.711161,59690.089825,1.000025
"theta_t_zerosum__[0, 43]",-1.703294,0.167508,-2.013682,-1.38032,0.000491,0.000659,116580.460994,59710.39537,1.000204
"theta_t_zerosum__[0, 44]",-1.655503,0.148006,-1.9307,-1.374448,0.000444,0.000581,111205.988906,59613.778332,1.000123
"theta_t_zerosum__[0, 45]",-1.524406,0.169897,-1.846854,-1.205621,0.000503,0.000682,114783.968888,58545.887854,1.000044
"theta_t_zerosum__[0, 46]",-1.50268,0.100755,-1.695364,-1.318502,0.000329,0.000374,95027.281724,59190.249668,1.000152
"theta_t_zerosum__[0, 47]",-1.051863,0.186552,-1.398417,-0.697646,0.000559,0.000793,117457.846396,54703.123124,1.000128
"theta_t_zerosum__[0, 48]",-2.099354,0.170687,-2.424341,-1.780866,0.00052,0.000649,107991.199911,61284.118459,1.000202
"theta_t_zerosum__[0, 49]",-0.183392,0.294179,-0.716297,0.374303,0.000938,0.001216,108325.859047,55903.312729,1.000203
"theta_t_zerosum__[0, 50]",-0.640251,0.042995,-0.721739,-0.560367,0.000165,0.000137,68261.925356,65679.372908,1.000091
"theta_t_zerosum__[0, 51]",-0.7718,0.058314,-0.881909,-0.662409,0.000196,0.000209,88322.558335,60871.737654,1.000014
"theta_t_zerosum__[0, 52]",-1.322922,0.068532,-1.455022,-1.197292,0.000261,0.000233,68827.71348,59372.809329,1.000055
"theta_t_zerosum__[0, 53]",-0.772335,0.10439,-0.969145,-0.576345,0.000309,0.000413,115165.728931,58836.434938,1.000092
"theta_t_zerosum__[0, 54]",-1.590151,0.204323,-1.975298,-1.206108,0.000583,0.000778,122974.465306,62421.720635,1.000168
"theta_t_zerosum__[0, 55]",-1.515442,0.174329,-1.844926,-1.191785,0.000529,0.000695,112139.042441,57303.195568,1.000019
"theta_t_zerosum__[0, 56]",-0.836345,0.092812,-1.007653,-0.657204,0.000284,0.000354,107623.503548,61090.582266,1.000219
"theta_t_zerosum__[0, 57]",-0.685789,0.081359,-0.838936,-0.53341,0.000249,0.000316,107092.711615,60912.946819,1.000055
"theta_t_zerosum__[0, 58]",-0.29202,0.059689,-0.403471,-0.178804,0.000189,0.000208,99967.850395,64308.457707,1.000045
"theta_t_zerosum__[0, 59]",-0.247741,0.109592,-0.45604,-0.04341,0.00031,0.000441,126661.90173,55821.699883,1.000225
"theta_t_zerosum__[0, 60]",-0.634447,0.062496,-0.750466,-0.516124,0.000204,0.000216,94277.43241,65142.428026,0.999997
"theta_t_zerosum__[0, 61]",-1.023828,0.066393,-1.151942,-0.901856,0.000239,0.000231,77162.985568,60991.150456,1.000112
"theta_t_zerosum__[0, 62]",-1.400299,0.081767,-1.554827,-1.247687,0.000294,0.000278,77454.903701,61232.330984,1.000042
"theta_t_zerosum__[0, 63]",0.214112,0.163324,-0.093881,0.513921,0.000597,0.000633,78552.535807,57863.546268,1.000005
"theta_t_zerosum__[0, 64]",-0.350335,0.487516,-1.285315,0.515988,0.001991,0.00191,63836.868671,54588.093863,1.000073
"theta_t_zerosum__[0, 65]",0.304898,0.135457,0.045787,0.551853,0.000455,0.000514,92248.202219,52313.451204,1.000088
"theta_t_zerosum__[0, 66]",0.590177,0.095661,0.410482,0.771155,0.000278,0.000358,118569.802556,62375.147557,1.000029
"theta_t_zerosum__[0, 67]",0.151551,0.138959,-0.11315,0.408615,0.000381,0.000555,133838.48826,60479.108754,1.000183
"theta_t_zerosum__[0, 68]",-0.396491,0.700521,-1.757867,0.852723,0.002521,0.002706,78405.622029,55576.753342,1.000074
"theta_t_zerosum__[0, 69]",-2.742761,0.204028,-3.127408,-2.363609,0.000709,0.000684,84008.871846,64015.895306,1.00004
"theta_t_zerosum__[0, 70]",-1.55561,0.182741,-1.906837,-1.218702,0.000548,0.000726,111849.177341,58367.475299,1.00011
"theta_t_zerosum__[0, 71]",-1.682663,0.127975,-1.920605,-1.440405,0.000406,0.000494,101416.542666,57203.915267,1.000172
"theta_t_zerosum__[0, 72]",-1.353231,0.171557,-1.668238,-1.021074,0.000509,0.000702,115060.885433,56481.115359,1.000049
"theta_t_zerosum__[0, 73]",-1.043305,0.208342,-1.436469,-0.650491,0.000582,0.0008,128204.057125,59216.451903,1.000155
"theta_t_zerosum__[0, 74]",-1.041064,0.087647,-1.206126,-0.87767,0.000275,0.000318,102522.974764,61535.378992,1.000188
"theta_t_zerosum__[0, 75]",-1.58195,0.088984,-1.747983,-1.414239,0.000342,0.000287,67833.26563,59876.668458,1.000131
"theta_t_zerosum__[0, 76]",-0.949478,0.193021,-1.299643,-0.57803,0.000589,0.000803,113545.930729,56330.447175,1.000096
"theta_t_zerosum__[0, 77]",-1.596164,0.169091,-1.915797,-1.277067,0.000487,0.000664,120519.023378,58365.047569,1.000046
"theta_t_zerosum__[0, 78]",-0.753691,0.570458,-1.760151,0.349069,0.001902,0.002416,101684.5095,54981.808089,1.000071
"theta_t_zerosum__[0, 79]",-1.01069,0.531302,-1.959296,0.017584,0.001761,0.002332,102598.987329,53995.796484,1.000043
"theta_t_zerosum__[0, 80]",-1.309519,0.496068,-2.208889,-0.35644,0.001596,0.002238,106206.881859,55179.128615,1.000076
"theta_t_zerosum__[0, 81]",-1.134806,0.186267,-1.487359,-0.788833,0.000601,0.00075,100312.732794,50712.501897,1.00007
"theta_t_zerosum__[0, 82]",-1.79605,0.169615,-2.118662,-1.476249,0.000497,0.00067,116595.85036,56244.099421,1.000143
"theta_t_zerosum__[0, 83]",-1.10229,0.102656,-1.29485,-0.908161,0.000318,0.00039,104856.102711,59521.955261,1.000143
"theta_t_zerosum__[0, 84]",-1.097826,0.204349,-1.478629,-0.710314,0.00058,0.000793,125270.040567,59763.283011,1.000085
"theta_t_zerosum__[0, 85]",-0.761128,0.242773,-1.210077,-0.302109,0.000722,0.000987,118138.075843,59128.890218,1.000038
"theta_t_zerosum__[0, 86]",-1.382659,0.473013,-2.284383,-0.508015,0.001361,0.001799,121988.075055,59733.276188,1.000237
"theta_t_zerosum__[0, 87]",-0.183154,0.12619,-0.425269,0.049817,0.000363,0.00048,120620.106098,62928.594434,1.000099
"theta_t_zerosum__[0, 88]",0.312484,0.575875,-0.737696,1.439465,0.001743,0.002331,111696.149513,59789.109203,1.000107
"theta_t_zerosum__[0, 89]",-1.183267,0.182031,-1.52917,-0.845843,0.000555,0.000774,110700.622175,55898.824689,1.000168
"theta_t_zerosum__[0, 90]",-1.29089,0.18674,-1.642608,-0.936951,0.000542,0.000774,121242.716323,57107.638024,1.000157
"theta_t_zerosum__[0, 91]",-2.428792,0.195919,-2.794728,-2.056727,0.00062,0.000719,100419.202538,60066.552558,1.000106
"theta_t_zerosum__[0, 92]",-1.729906,0.177221,-2.06829,-1.400799,0.000549,0.000659,104058.533958,52733.610846,1.000092
"theta_t_zerosum__[0, 93]",-1.195903,0.342722,-1.848978,-0.563896,0.000987,0.001316,123620.95816,60788.75378,1.00021
"theta_t_zerosum__[0, 94]",-0.234046,0.285183,-0.74756,0.31447,0.000887,0.001204,113653.129557,54331.890184,1.000057
"theta_t_zerosum__[0, 95]",-2.108786,0.182874,-2.456807,-1.769348,0.000561,0.000684,107154.412259,59569.541713,1.000028
"theta_t_zerosum__[0, 96]",-1.601146,0.17882,-1.934131,-1.261295,0.000542,0.000685,108906.057167,60498.020165,1.000069
"theta_t_zerosum__[0, 97]",-0.821266,0.197307,-1.18718,-0.448429,0.000585,0.000812,118530.916692,57160.643601,1.000278
"theta_t_zerosum__[0, 98]",-0.658703,0.208984,-1.043491,-0.263984,0.000634,0.000859,115796.802699,57865.075391,1.000069
"theta_t_zerosum__[0, 99]",-0.575546,0.198309,-0.952215,-0.206053,0.000569,0.000766,121875.275765,60592.148519,0.999971
"theta_t_zerosum__[0, 100]",-1.123327,0.283803,-1.661423,-0.585836,0.000912,0.001244,101345.92,54844.918849,1.000111
"theta_t_zerosum__[0, 101]",-1.074116,0.183797,-1.423639,-0.731078,0.000535,0.000759,119954.928431,58287.447752,1.000074
"theta_t_zerosum__[0, 102]",-0.917434,0.73604,-2.286876,0.507583,0.002398,0.002609,94905.609197,65809.843163,1.000103
"theta_t_zerosum__[0, 103]",-0.014561,0.108455,-0.219135,0.188577,0.000307,0.000404,124812.135798,63407.491822,1.000208
"theta_t_zerosum__[0, 104]",0.18084,0.083599,0.022776,0.337085,0.000249,0.000309,112733.897266,63163.383056,1.000128
"theta_t_zerosum__[0, 105]",-0.262114,0.109059,-0.468801,-0.058443,0.000305,0.000423,128338.529857,60656.244718,1.000092
"theta_t_zerosum__[0, 106]",-0.541317,0.147581,-0.821402,-0.268775,0.000408,0.000581,131490.850201,59733.37922,0.999998
"theta_t_zerosum__[0, 107]",-0.128525,0.102245,-0.322587,0.061071,0.000295,0.000398,120088.799107,59442.125017,1.00009
"theta_t_zerosum__[0, 108]",-0.475538,0.143397,-0.743614,-0.205451,0.000416,0.000588,119084.818876,52400.01477,1.000066
"theta_t_zerosum__[0, 109]",0.141887,0.144315,-0.134925,0.407847,0.000427,0.000595,118171.490166,55584.851008,1.000103
"theta_t_zerosum__[0, 110]",-2.659583,0.222358,-3.079385,-2.244665,0.00069,0.000864,105244.924872,60390.652713,1.000195
"theta_t_zerosum__[0, 111]",-0.918088,0.095995,-1.097859,-0.738244,0.000309,0.000334,96837.151131,64737.913088,1.000236
"theta_t_zerosum__[0, 112]",-1.05559,0.187342,-1.401086,-0.701924,0.000566,0.000774,114694.80846,55217.414296,1.000056
"theta_t_zerosum__[0, 113]",3.607697,0.477062,2.74006,4.507446,0.001801,0.002368,76214.027033,49608.44005,1.000096
"theta_t_zerosum__[0, 114]",-0.925984,0.114955,-1.145331,-0.713991,0.000341,0.000459,113775.267174,53293.563614,1.000079
"theta_t_zerosum__[0, 115]",-1.081296,0.126652,-1.320562,-0.845731,0.000387,0.000499,110484.061382,56857.120671,1.000127
"theta_t_zerosum__[0, 116]",-0.933403,0.213878,-1.335211,-0.532665,0.000661,0.000895,111613.941172,55889.024172,1.000079
"theta_t_zerosum__[0, 117]",-1.443327,0.10919,-1.651024,-1.241815,0.000379,0.000386,83844.186662,62063.774266,1.00001
"theta_t_zerosum__[0, 118]",-1.606673,0.170348,-1.932098,-1.288957,0.000513,0.000661,110730.84351,60158.839035,1.000142
"theta_t_zerosum__[0, 119]",-1.514623,0.180492,-1.864882,-1.18419,0.000529,0.000742,117340.244015,57013.995511,1.000108
"theta_t_zerosum__[0, 120]",-1.268058,0.220106,-1.675091,-0.845427,0.000629,0.000896,124234.823493,56390.182903,1.00011
"theta_t_zerosum__[0, 121]",-0.895668,0.074392,-1.035188,-0.756071,0.00025,0.000264,88906.497578,62169.746734,1.000029
"theta_t_zerosum__[0, 122]",-1.291507,0.086928,-1.452869,-1.127033,0.000314,0.000279,76855.096984,65841.381504,1.00005
"theta_t_zerosum__[0, 123]",-0.711529,0.071227,-0.844332,-0.575425,0.000229,0.000249,96795.89257,63668.720173,1.0
"theta_t_zerosum__[0, 124]",-0.761512,0.15587,-1.054872,-0.471025,0.000444,0.000605,124731.759028,58883.577029,1.000095
"theta_t_zerosum__[0, 125]",-1.229155,0.157919,-1.530631,-0.935943,0.000443,0.000608,127287.207849,60357.456047,1.000002
"theta_t_zerosum__[0, 126]",-1.188181,0.139134,-1.447875,-0.924271,0.000409,0.000535,115767.582045,61666.167567,1.00001
"theta_t_zerosum__[0, 127]",-1.874612,0.169487,-2.19997,-1.559105,0.0005,0.000673,114787.032854,60612.292948,1.000076
"theta_t_zerosum__[0, 128]",-0.695271,0.279281,-1.215301,-0.174896,0.000853,0.001272,117250.15684,51310.323349,1.000204
"theta_t_zerosum__[0, 129]",-1.105792,0.09306,-1.279538,-0.928374,0.000296,0.000343,99131.24405,57492.310538,1.000025
"theta_t_zerosum__[0, 130]",-1.122318,0.111538,-1.339008,-0.921121,0.000331,0.00042,114060.344156,57468.040471,1.0001
"theta_t_zerosum__[0, 131]",-0.726531,0.078334,-0.876912,-0.581024,0.000243,0.000286,103880.9871,60860.564706,1.000111
"theta_t_zerosum__[0, 132]",-0.407221,0.056822,-0.514525,-0.301099,0.000188,0.000196,91020.937652,65064.064163,1.000165
"theta_t_zerosum__[0, 133]",-0.298987,0.057452,-0.407277,-0.191785,0.000198,0.000196,84449.940631,63646.347714,1.000036
"theta_t_zerosum__[0, 134]",-0.166634,0.058444,-0.27608,-0.057004,0.000193,0.0002,91277.078808,64331.068627,1.000078
"theta_t_zerosum__[0, 135]",0.089576,0.812447,-1.439474,1.623242,0.002298,0.003193,125236.206401,62074.598908,1.000121
"theta_t_zerosum__[0, 136]",0.189492,0.071982,0.053328,0.324054,0.000224,0.00025,103135.324148,63348.450249,1.000031
"theta_t_zerosum__[0, 137]",0.11578,0.704928,-1.237169,1.422194,0.002126,0.002801,110908.538215,61724.059091,1.000017
"theta_t_zerosum__[0, 138]",0.211471,0.117337,-0.008652,0.431006,0.000332,0.000468,129016.962057,57035.209422,1.000154
"theta_t_zerosum__[0, 139]",0.256682,0.138627,0.002055,0.522028,0.000405,0.000562,123734.020967,56964.954221,1.000159
"theta_t_zerosum__[0, 140]",-0.013193,0.362554,-0.721393,0.667848,0.001226,0.002042,92893.37601,50714.99282,1.000128
"theta_t_zerosum__[0, 141]",0.214845,0.136797,-0.039695,0.474361,0.000409,0.000519,113203.149715,62327.127235,1.000079
"theta_t_zerosum__[0, 142]",0.024986,0.103543,-0.174301,0.215815,0.000317,0.000386,107860.328543,59482.430487,1.000094
"theta_t_zerosum__[0, 143]",-1.146239,0.065679,-1.268972,-1.022673,0.000239,0.000219,75363.80914,61033.216264,1.000017
"theta_t_zerosum__[0, 144]",-0.65736,0.052289,-0.754992,-0.559299,0.000183,0.000176,81482.999074,61919.892233,1.000073
"theta_t_zerosum__[0, 145]",-1.026426,0.064114,-1.147582,-0.907114,0.000229,0.00022,78494.427129,62815.476864,1.000006
"theta_t_zerosum__[0, 146]",1.95252,0.206753,1.562992,2.34085,0.000803,0.000682,66554.687843,61478.742456,1.000033
"theta_t_zerosum__[0, 147]",1.887984,0.143925,1.615627,2.157301,0.000457,0.000543,99192.475644,60358.317943,1.000075
"theta_t_zerosum__[0, 148]",1.710418,0.245049,1.24213,2.15303,0.000804,0.00129,104872.230668,51297.518182,1.00009
"theta_t_zerosum__[0, 149]",2.081885,0.10214,1.889725,2.273063,0.000407,0.000339,63184.057736,60463.120047,1.000005
"theta_t_zerosum__[0, 150]",1.84303,0.196388,1.46474,2.206865,0.0006,0.000794,109395.284386,58540.01975,0.999995
"theta_t_zerosum__[0, 151]",1.844506,0.20956,1.456375,2.248016,0.000638,0.000829,108787.283095,58586.167913,1.000143
"theta_t_zerosum__[0, 152]",1.700576,0.146361,1.43064,1.982032,0.000539,0.00046,73813.483991,65927.835185,0.999992
"theta_t_zerosum__[0, 153]",1.784318,0.121729,1.56192,2.021033,0.000445,0.000406,75283.360315,62740.826006,1.00005
"theta_t_zerosum__[0, 154]",0.92348,0.181341,0.583159,1.262992,0.000545,0.000679,113118.125253,58393.55246,1.000132
"theta_t_zerosum__[0, 155]",1.907431,0.086505,1.742292,2.06731,0.00034,0.000295,64877.729603,61950.820499,1.000071
"theta_t_zerosum__[0, 156]",1.44914,0.438802,0.6006,2.272183,0.001325,0.00208,111688.154118,54476.904423,0.999993
"theta_t_zerosum__[0, 157]",2.191751,0.197574,1.824922,2.5723,0.000685,0.000733,83611.322904,62449.178617,1.000035
"theta_t_zerosum__[0, 158]",1.721928,0.254352,1.251951,2.212858,0.000772,0.001037,110145.092435,60186.166857,1.000157
"theta_t_zerosum__[0, 159]",-0.042941,0.094953,-0.222446,0.134481,0.000281,0.000357,113860.041013,61859.861008,1.000075
"theta_t_zerosum__[0, 160]",0.24555,0.257967,-0.252896,0.722248,0.000723,0.001079,128563.59688,57090.229057,1.000194
"theta_t_zerosum__[0, 161]",0.007524,0.366787,-0.700478,0.682052,0.0011,0.00157,114033.128045,59770.880142,1.000138
"theta_t_zerosum__[0, 162]",0.216908,0.119469,-0.001123,0.447271,0.000343,0.000477,124858.363428,56425.473479,0.999998
"theta_t_zerosum__[0, 163]",0.29668,0.70871,-1.071864,1.605263,0.002137,0.002801,111628.006579,58731.007328,1.000018
"theta_t_zerosum__[0, 164]",0.146137,0.475396,-0.76937,1.032456,0.001462,0.002018,107174.942857,59855.414737,1.000114
"theta_t_zerosum__[0, 165]",0.196011,0.120607,-0.032314,0.420416,0.000363,0.000455,111743.641037,59094.898766,1.000304
"theta_t_zerosum__[0, 166]",-0.84922,0.195524,-1.211361,-0.478987,0.000595,0.000803,113163.584398,56737.856689,1.000087
"theta_t_zerosum__[0, 167]",-0.969057,0.141632,-1.234683,-0.702289,0.000403,0.00055,124041.360332,59963.665803,0.999998
"theta_t_zerosum__[0, 168]",2.503136,0.212777,2.111146,2.906906,0.000779,0.000777,75939.391167,60623.111512,1.00003
"theta_t_zerosum__[0, 169]",2.306678,0.184273,1.969066,2.656528,0.000685,0.000652,74415.341228,59697.448983,1.00003
"theta_t_zerosum__[0, 170]",1.749826,0.120741,1.532596,1.983216,0.000531,0.000429,53059.774451,54741.002289,1.000165
"theta_t_zerosum__[0, 171]",0.295015,0.070147,0.159878,0.424118,0.000213,0.000262,108386.288292,62430.678689,1.00007
"theta_t_zerosum__[0, 172]",0.432937,0.120269,0.203873,0.655982,0.00034,0.000473,125647.03906,62330.001848,1.000128
"theta_t_zerosum__[0, 173]",0.621498,0.491616,-0.325137,1.49617,0.001561,0.002197,113279.356497,53329.285172,1.000009
"theta_t_zerosum__[0, 174]",0.334626,0.165103,0.02576,0.644078,0.00046,0.000697,133806.120007,56716.993018,1.000175
"theta_t_zerosum__[0, 175]",0.098318,0.193885,-0.274855,0.443299,0.000625,0.000906,110778.751091,53372.628407,1.000021
"theta_t_zerosum__[0, 176]",0.433946,0.122754,0.19631,0.658849,0.000417,0.00042,87040.518242,63414.104897,1.000047
"theta_t_zerosum__[0, 177]",0.387346,0.089621,0.218835,0.556134,0.000258,0.000335,120856.072669,60591.937862,1.000212
"theta_t_zerosum__[0, 178]",0.17476,0.078759,0.028591,0.323759,0.000238,0.00029,109986.405444,61537.376057,1.000043
"theta_t_zerosum__[0, 179]",0.347559,0.116393,0.127113,0.565068,0.000327,0.00044,127160.495529,60626.807023,1.000061
"theta_t_zerosum__[0, 180]",0.291511,0.295209,-0.246287,0.850404,0.000928,0.001727,115285.446821,52154.078302,1.00011
"theta_t_zerosum__[0, 181]",0.420302,0.703389,-0.930426,1.733779,0.002132,0.002834,110419.744396,58762.820336,1.000209
"theta_t_zerosum__[0, 182]",0.393526,0.25219,-0.066315,0.882836,0.000783,0.001165,110205.369114,54131.185984,1.000071
"theta_t_zerosum__[0, 183]",0.461118,0.135584,0.203233,0.714659,0.000388,0.000539,123026.325114,59811.788474,1.000067
"theta_t_zerosum__[0, 184]",0.361763,0.072517,0.223636,0.497097,0.000212,0.000262,117365.556661,64719.932599,1.000023
"theta_t_zerosum__[0, 185]",0.703961,0.085813,0.54161,0.864769,0.000279,0.000303,94402.45489,57185.744131,1.000038
"theta_t_zerosum__[0, 186]",0.843674,0.173696,0.520732,1.179184,0.000529,0.000717,109404.622465,56113.88024,1.000052
"theta_t_zerosum__[0, 187]",0.884775,0.140372,0.618701,1.14548,0.000404,0.000533,122435.190582,61827.623907,1.000031
"theta_t_zerosum__[0, 188]",0.637534,0.09706,0.451787,0.817053,0.000274,0.000376,125614.236509,61558.902368,1.000124
"theta_t_zerosum__[0, 189]",0.667216,0.48615,-0.261639,1.53986,0.001571,0.002231,109993.353348,52934.730128,1.000199
"theta_t_zerosum__[0, 190]",0.578157,0.354459,-0.092146,1.249958,0.001082,0.001448,108903.477805,58417.419793,1.000158
"theta_t_zerosum__[0, 191]",1.039788,0.172422,0.718976,1.366807,0.000479,0.000688,130506.677257,58142.894631,1.000129
"theta_t_zerosum__[0, 192]",1.080607,0.718344,-0.281296,2.43962,0.002236,0.002817,105485.21575,60293.433183,1.000087
"theta_t_zerosum__[0, 193]",0.816226,0.129428,0.567931,1.057162,0.000392,0.000496,109669.73072,60380.9749,1.000117
"theta_t_zerosum__[0, 194]",0.993099,0.06743,0.866642,1.120541,0.000225,0.000228,89717.689114,65418.854579,1.000031
"theta_t_zerosum__[0, 195]",0.870939,0.097343,0.689349,1.054754,0.000335,0.000344,84437.879688,57098.688723,1.000042
"theta_t_zerosum__[0, 196]",0.256709,0.503377,-0.709662,1.143767,0.001657,0.002181,109252.505198,53815.557595,1.000103
"theta_t_zerosum__[0, 197]",0.964358,0.178023,0.635042,1.301103,0.00051,0.000713,126440.741814,57655.153318,1.000191
"theta_t_zerosum__[0, 198]",0.851586,0.163707,0.540998,1.154979,0.000467,0.000643,126216.685267,57230.419028,1.00043
"theta_t_zerosum__[0, 199]",1.454149,0.138022,1.1984,1.717272,0.000415,0.000527,110592.284535,60990.314621,1.000067
"theta_t_zerosum__[0, 200]",0.208187,0.429212,-0.609264,0.986141,0.001419,0.001709,98174.486361,57612.263897,1.000157
"theta_t_zerosum__[0, 201]",1.06807,0.062796,0.950755,1.186487,0.000217,0.000215,83469.997303,64504.073362,1.000026
"theta_t_zerosum__[0, 202]",1.033484,0.715475,-0.346099,2.361182,0.002214,0.002851,106722.849301,57755.46017,1.000063
"theta_t_zerosum__[0, 203]",0.802846,0.132692,0.55048,1.050844,0.000393,0.000523,114362.479904,60013.925104,1.000052
"theta_t_zerosum__[0, 204]",1.129773,0.188198,0.776808,1.484669,0.000745,0.001258,73536.502261,48646.71482,1.000046
"theta_t_zerosum__[0, 205]",1.321045,0.065083,1.195322,1.440143,0.000247,0.000217,69474.450636,63318.848494,1.000003
"theta_t_zerosum__[0, 206]",1.268557,0.162818,0.957873,1.569959,0.000502,0.000576,105323.232554,65578.932064,1.000101
"theta_t_zerosum__[0, 207]",1.530965,0.187311,1.172096,1.882067,0.000576,0.00072,106075.053164,61777.778033,1.000164
"theta_t_zerosum__[0, 208]",0.561732,0.478093,-0.369968,1.397937,0.001561,0.002199,111128.171636,54166.674822,1.000112
"theta_t_zerosum__[0, 209]",1.232892,0.070556,1.096685,1.362301,0.000245,0.000247,82733.710559,61356.28136,1.000065
"theta_t_zerosum__[0, 210]",1.194606,0.073195,1.056346,1.330809,0.00033,0.000237,49632.641823,59582.298795,1.000221
"theta_t_zerosum__[0, 211]",1.199511,0.176938,0.868196,1.529015,0.000541,0.000655,107391.434351,61556.89923,1.000178
"theta_t_zerosum__[0, 212]",0.630073,0.268264,0.140848,1.140832,0.0008,0.00106,119716.906866,57725.873453,1.000085
"theta_t_zerosum__[0, 213]",1.551899,0.166646,1.239757,1.873203,0.000602,0.000678,77211.945658,56366.572475,1.000019
"theta_t_zerosum__[0, 214]",1.049599,0.166875,0.735641,1.362541,0.000473,0.000657,127383.187647,57086.625419,1.000112
"theta_t_zerosum__[0, 215]",1.538271,0.072367,1.406069,1.678224,0.000272,0.000248,70667.334127,61820.441977,1.000086
"theta_t_zerosum__[0, 216]",1.221791,0.222297,0.810237,1.644051,0.00063,0.000895,126283.406864,57805.970508,1.00017
"theta_t_zerosum__[0, 217]",0.864092,0.133208,0.620113,1.120741,0.000388,0.000516,118302.08823,60027.608233,1.000071
"theta_t_zerosum__[0, 218]",1.67285,0.135843,1.416335,1.927697,0.000473,0.000513,82717.835605,58296.18424,1.000216
"theta_t_zerosum__[0, 219]",1.481046,0.13461,1.230336,1.736725,0.000457,0.000486,86818.708543,56584.663907,1.000035
"theta_t_zerosum__[0, 220]",1.403782,0.148283,1.13346,1.688225,0.000433,0.000568,118490.175186,59270.954713,1.000055
"theta_t_zerosum__[0, 221]",1.913357,0.142981,1.643479,2.184434,0.000474,0.000543,91107.067195,55878.65823,1.000072
"theta_t_zerosum__[0, 222]",1.306361,0.173312,0.978472,1.627453,0.000577,0.000586,91533.035882,62571.049522,1.000031
"theta_t_zerosum__[0, 223]",1.873443,0.082437,1.720821,2.031426,0.000333,0.000261,61324.897439,61521.737027,1.000078
"theta_t_zerosum__[0, 224]",1.755082,0.164355,1.433314,2.056393,0.000517,0.000662,101568.834113,58125.920387,1.000122
"theta_t_zerosum__[0, 225]",1.790497,0.358259,1.112636,2.486643,0.001316,0.001729,77752.597557,51037.23002,1.000029
"theta_t_zerosum__[0, 226]",1.93659,0.141441,1.67328,2.205174,0.000489,0.0005,83791.43113,63042.422356,1.00005
"theta_t_zerosum__[0, 227]",0.022148,0.068225,-0.105905,0.150319,0.00021,0.000245,105187.943171,58953.100132,1.000059
"theta_t_zerosum__[0, 228]",0.301835,0.115764,0.081559,0.515968,0.000319,0.000456,131997.278021,59796.129299,1.000137
"theta_t_zerosum__[0, 229]",0.402704,0.705128,-0.925941,1.746501,0.002112,0.002848,113145.04906,60442.436267,1.000106
"theta_t_zerosum__[0, 230]",0.301486,0.134247,0.054759,0.560032,0.000378,0.000541,128770.66966,57865.240484,1.000048
"theta_t_zerosum__[0, 231]",0.363675,0.167362,0.055831,0.685913,0.000472,0.000696,129972.780712,57426.123561,1.000188
"theta_t_zerosum__[0, 232]",0.147084,0.208838,-0.252729,0.533415,0.000662,0.000826,101994.634458,59772.053019,1.00008
"theta_t_zerosum__[0, 233]",0.134936,0.097162,-0.050068,0.314689,0.000285,0.000377,117802.009969,57914.793534,1.000117
"theta_t_zerosum__[0, 234]",0.318841,0.075792,0.175246,0.458542,0.00024,0.000271,99851.433806,62193.224735,0.999991
"theta_t_zerosum__[0, 235]",0.484749,0.122873,0.261947,0.723486,0.00034,0.000474,131013.434421,59417.400333,1.000165
"theta_t_zerosum__[0, 236]",0.976506,0.711644,-0.376788,2.324127,0.002216,0.002822,105828.381391,57421.065946,1.000009
"theta_t_zerosum__[0, 237]",0.449142,0.096175,0.265936,0.626424,0.000269,0.000371,127573.406141,61319.535401,1.000148
"theta_t_zerosum__[0, 238]",0.4265,0.508127,-0.556103,1.33171,0.001646,0.002278,112054.110892,50635.689217,1.000009
"theta_t_zerosum__[0, 239]",0.550972,0.173541,0.231802,0.881874,0.0005,0.000732,128088.696996,55996.325486,0.99999
"theta_t_zerosum__[0, 240]",0.490791,0.702212,-0.839537,1.825871,0.002111,0.002821,111842.623911,59478.531952,1.000109
"theta_t_zerosum__[0, 241]",0.408433,0.111591,0.199849,0.619569,0.000347,0.000407,103954.845192,63121.238676,1.000146
"theta_t_zerosum__[0, 242]",0.648689,0.060766,0.535408,0.763854,0.000269,0.000184,51000.097403,59720.660853,1.000048
"theta_t_zerosum__[0, 243]",0.728518,0.136563,0.47391,0.992392,0.000402,0.000537,115442.424707,59085.05525,1.000145
"theta_t_zerosum__[0, 244]",0.752506,0.168111,0.447039,1.076299,0.000464,0.000672,135389.531832,59189.125856,0.999982
"theta_t_zerosum__[0, 245]",0.630743,0.141805,0.363418,0.89385,0.000413,0.00053,117907.078684,61095.36813,1.000117
"theta_t_zerosum__[0, 246]",0.601173,0.41074,-0.177176,1.361296,0.001292,0.001798,109646.468239,55514.866559,1.000105
"theta_t_zerosum__[0, 247]",0.717736,0.115653,0.503874,0.940523,0.000359,0.000422,103596.312812,61473.9184,1.000167
"theta_t_zerosum__[0, 248]",0.70532,0.137221,0.449093,0.965638,0.000398,0.000505,119540.638716,61942.48056,1.000011
"theta_t_zerosum__[0, 249]",0.739646,0.12265,0.510878,0.973513,0.000373,0.00047,108573.490388,60553.925887,0.999974
"theta_t_zerosum__[0, 250]",0.401177,0.428075,-0.405802,1.187571,0.001268,0.0018,124827.223541,53126.708379,1.000042
"theta_t_zerosum__[0, 251]",0.76475,0.170331,0.441191,1.08439,0.00049,0.000656,122644.533729,60073.016241,1.000085
"theta_t_zerosum__[0, 252]",0.405414,0.49501,-0.559395,1.289539,0.001661,0.002244,98748.762099,53604.983636,1.000182
"theta_t_zerosum__[0, 253]",1.177322,0.080488,1.025808,1.328527,0.000272,0.000292,87257.091838,61817.233662,1.000131
"theta_t_zerosum__[0, 254]",0.800523,0.237509,0.363806,1.264984,0.000763,0.001111,100126.296023,56624.32459,1.000072
"theta_t_zerosum__[0, 255]",1.47156,0.153588,1.184857,1.765044,0.000476,0.000592,104115.354515,59786.578794,0.999998
"theta_t_zerosum__[0, 256]",1.105633,0.175436,0.77582,1.433013,0.00049,0.000703,130752.656988,58806.962343,1.000099
"theta_t_zerosum__[0, 257]",-1.155829,0.163113,-1.462156,-0.849021,0.000456,0.000623,127826.758179,61537.046314,1.000164
"theta_t_zerosum__[0, 258]",-2.457908,0.206505,-2.851563,-2.075882,0.000729,0.000677,81131.701911,59780.675312,1.000119
"theta_t_zerosum__[0, 259]",-1.238285,0.130891,-1.489363,-1.00005,0.000401,0.000526,110977.29331,55949.400093,1.000087
"theta_t_zerosum__[0, 260]",-0.074419,0.105675,-0.272385,0.126357,0.000307,0.000388,118943.68958,63218.892046,1.000068
"theta_t_zerosum__[0, 261]",-2.80277,0.204429,-3.186417,-2.41704,0.000678,0.000782,92262.624636,58520.077049,1.000058
"theta_t_zerosum__[0, 262]",-2.120364,0.183714,-2.471174,-1.781415,0.000571,0.0007,104182.759409,59569.892429,1.000009
"theta_t_zerosum__[0, 263]",-2.312325,0.186262,-2.665764,-1.963749,0.000563,0.000698,110555.708158,60326.284505,1.000097
"theta_t_zerosum__[0, 264]",-1.467091,0.139502,-1.734632,-1.21159,0.000437,0.000544,106219.797464,59313.658679,1.000167
"theta_t_zerosum__[0, 265]",-1.961408,0.225425,-2.381474,-1.535987,0.000682,0.000899,114534.379211,57536.6325,1.000132
"theta_t_zerosum__[0, 266]",0.614535,0.142395,0.350067,0.884853,0.000411,0.000578,124493.354274,57187.064711,1.000007
"theta_t_zerosum__[0, 267]",0.332718,0.111034,0.12023,0.537891,0.000329,0.000412,114915.526921,61013.60381,1.000116
"theta_t_zerosum__[0, 268]",0.647187,0.259903,0.167562,1.14921,0.000709,0.001141,135685.191155,54486.55567,1.000023
"theta_t_zerosum__[0, 269]",1.077886,0.079268,0.925979,1.223941,0.000253,0.000299,97981.584377,58991.236873,1.000064
"theta_t_zerosum__[0, 270]",0.923563,0.322947,0.308206,1.501566,0.001194,0.001441,81279.402038,52604.278441,1.000022
"theta_t_zerosum__[0, 271]",0.301488,0.232926,-0.147035,0.731496,0.000655,0.00093,128044.772036,56429.629927,1.000008
"theta_t_zerosum__[0, 272]",0.598779,0.14818,0.318642,0.874473,0.000409,0.000579,130974.188537,60326.534591,1.000027
"theta_t_zerosum__[0, 273]",1.211212,0.083599,1.056302,1.371342,0.00028,0.000322,89615.327223,54629.563816,1.000187
"theta_t_zerosum__[0, 274]",1.158333,0.354411,0.478942,1.816764,0.001227,0.002091,95784.485036,47857.594004,0.999979
"theta_t_zerosum__[0, 275]",0.74586,0.117998,0.528026,0.970846,0.000374,0.000424,100346.025396,61908.215145,1.000032
"theta_t_zerosum__[0, 276]",0.778081,0.07448,0.63899,0.91947,0.000229,0.000265,106003.048562,63976.469965,1.000155
"theta_t_zerosum__[0, 277]",0.147431,0.142431,-0.116453,0.420384,0.000393,0.000561,131837.578435,59426.130062,1.000171
"theta_t_zerosum__[0, 278]",0.374473,0.424928,-0.450942,1.118902,0.001693,0.001961,69838.518828,51266.327418,1.000048
"theta_t_zerosum__[0, 279]",0.210711,0.677504,-1.102646,1.436149,0.002334,0.002656,87205.783364,57878.043555,1.000012
"theta_t_zerosum__[0, 280]",-2.658955,0.222187,-3.082422,-2.247235,0.000687,0.000861,105460.214331,58248.740983,1.000123
"theta_t_zerosum__[0, 281]",-1.502594,0.18134,-1.844261,-1.1589,0.000517,0.000749,123549.595016,57327.456979,1.000127
"theta_t_zerosum__[0, 282]",-1.233304,0.181357,-1.571812,-0.889977,0.000552,0.000769,111046.340014,53511.255805,1.000155
"theta_t_zerosum__[0, 283]",-1.741173,0.166616,-2.055914,-1.42742,0.000506,0.000648,108524.387839,59407.073471,1.000086
"theta_t_zerosum__[0, 284]",-2.43345,0.181724,-2.779797,-2.098817,0.000576,0.000678,101065.577535,60974.02516,1.000033
"theta_t_zerosum__[0, 285]",-1.296627,0.070265,-1.428269,-1.16354,0.000262,0.00024,71844.318165,51575.884961,1.0001
"theta_t_zerosum__[0, 286]",-0.804938,0.061867,-0.921878,-0.689744,0.000214,0.000216,83869.346706,65215.496819,0.999999
"theta_t_zerosum__[0, 287]",-0.626828,0.081115,-0.780227,-0.474804,0.000242,0.000308,112424.47036,60354.862243,1.000075
"theta_t_zerosum__[0, 288]",-1.106627,0.109117,-1.313297,-0.902925,0.000333,0.00042,107370.883213,58696.814787,1.000015
"theta_t_zerosum__[0, 289]",-0.580678,0.059857,-0.693817,-0.468964,0.000198,0.000214,91826.294908,63523.303852,1.000135
"theta_t_zerosum__[0, 290]",-0.554115,0.186517,-0.911825,-0.211982,0.00052,0.000695,129627.113546,61966.705364,1.000004
"theta_t_zerosum__[0, 291]",-0.459023,0.072945,-0.595637,-0.320518,0.000232,0.000257,98923.159953,63417.12935,1.000099
"theta_t_zerosum__[0, 292]",-0.27126,0.071715,-0.407726,-0.137048,0.000219,0.000265,107617.9629,60905.304182,0.999992
"theta_t_zerosum__[0, 293]",-0.485206,0.154371,-0.775379,-0.193822,0.000437,0.000587,125227.552145,62289.81634,1.00004
"theta_t_zerosum__[0, 294]",-0.804625,0.184069,-1.156499,-0.460259,0.000531,0.00071,120251.024718,59647.317863,1.000007
"theta_t_zerosum__[0, 295]",-0.305753,0.103257,-0.498982,-0.111224,0.000301,0.000391,118541.706302,61301.089878,1.000037
"theta_t_zerosum__[0, 296]",-0.169978,0.090626,-0.343505,-0.002654,0.000259,0.000353,122656.438143,58928.398862,1.000019
"theta_t_zerosum__[0, 297]",-0.040449,0.105918,-0.241669,0.156449,0.00032,0.000378,110591.714453,61802.201229,1.000016
"theta_t_zerosum__[0, 298]",-0.043988,0.266192,-0.546009,0.456128,0.000745,0.001087,130751.523258,58305.725033,1.000088
"theta_t_zerosum__[0, 299]",-0.371282,0.148091,-0.651888,-0.093148,0.000428,0.000564,120335.646329,53396.079858,1.000057
"theta_t_zerosum__[0, 300]",0.154207,0.130501,-0.097736,0.39388,0.000375,0.000497,121348.251973,61743.181248,1.000051
"theta_t_zerosum__[0, 301]",0.144426,0.261747,-0.359542,0.628498,0.00073,0.001101,129729.215182,56105.590264,1.000309
"theta_t_zerosum__[0, 302]",0.024709,0.569546,-1.043531,1.114128,0.001746,0.002423,109298.535537,53552.908253,1.000166
"theta_t_zerosum__[0, 303]",0.150353,0.110901,-0.060084,0.35735,0.000315,0.000428,123579.149952,60615.691404,1.000206
"theta_t_zerosum__[0, 304]",0.14421,0.261392,-0.359469,0.628773,0.000726,0.001143,131157.221082,55940.136527,1.000285
"theta_t_zerosum__[0, 305]",0.114355,0.249863,-0.360075,0.583593,0.000757,0.001191,112676.977362,57911.745205,1.000034
"theta_t_zerosum__[0, 306]",0.051513,0.162959,-0.2579,0.35363,0.000594,0.0008,81124.530697,53957.560943,1.000017
"theta_t_zerosum__[0, 307]",0.173327,0.262259,-0.340071,0.650588,0.000728,0.001115,131277.244977,56385.028628,1.000037
"theta_t_zerosum__[0, 308]",0.357276,0.066033,0.232599,0.480546,0.000201,0.000236,107968.554989,63174.135123,1.000009
"theta_t_zerosum__[0, 309]",0.516005,0.092285,0.344298,0.691458,0.000271,0.00034,115885.775902,61989.39803,1.000083
"theta_t_zerosum__[0, 310]",0.268824,0.099477,0.077839,0.451721,0.000323,0.000333,94792.231535,64930.898002,1.000149
"theta_t_zerosum__[0, 311]",0.572186,0.07208,0.435737,0.707812,0.000223,0.000252,104199.469596,63660.942899,1.000045
"theta_t_zerosum__[0, 312]",0.754573,0.310073,0.203339,1.342446,0.001063,0.001544,103449.673716,51581.362282,1.000095
"theta_t_zerosum__[0, 313]",0.550658,0.256704,0.066856,1.042377,0.000696,0.0011,136013.966565,57505.167558,1.000034
"theta_t_zerosum__[0, 314]",0.852973,0.070654,0.718286,0.984258,0.000214,0.000257,109140.419539,63152.517268,0.999984
"theta_t_zerosum__[0, 315]",1.004815,0.120965,0.777568,1.231994,0.000347,0.000463,122169.386443,58967.346139,0.999998
"theta_t_zerosum__[0, 316]",0.938786,0.396522,0.195699,1.674265,0.001192,0.00176,118887.099052,55117.626822,1.000183
"theta_t_zerosum__[0, 317]",0.876556,0.401576,0.099062,1.608488,0.001205,0.001743,118909.909934,53822.015631,1.000076
"theta_t_zerosum__[0, 318]",-0.347244,0.484999,-1.275323,0.519515,0.00196,0.00191,65171.967786,51671.034529,1.000108
"theta_t_zerosum__[0, 319]",1.080009,0.059866,0.96867,1.193415,0.000204,0.000207,85832.140867,56691.903574,1.000012
"theta_t_zerosum__[0, 320]",0.242619,0.443285,-0.60524,1.056204,0.001536,0.002049,90418.606836,55630.01099,1.000162
"theta_t_zerosum__[0, 321]",0.372727,0.703015,-0.973203,1.692378,0.00218,0.00285,105237.559457,59574.245314,1.000156
"theta_t_zerosum__[0, 322]",0.248044,0.090622,0.077798,0.417998,0.000264,0.000339,118116.730065,62614.327032,1.000102
"theta_t_zerosum__[0, 323]",0.484974,0.097994,0.303029,0.67067,0.00027,0.000383,131343.790013,60544.679979,1.000103
"theta_t_zerosum__[0, 324]",0.214177,0.127162,-0.024724,0.451926,0.000351,0.000499,131431.529288,59466.992367,1.000147
"theta_t_zerosum__[0, 325]",0.190565,0.129038,-0.052579,0.432213,0.000357,0.000501,130316.580959,59501.29523,1.000039
"theta_t_zerosum__[0, 326]",1.266783,0.057182,1.159485,1.373871,0.000223,0.00018,65754.729716,64789.71161,1.0
"theta_t_zerosum__[0, 327]",1.282785,0.109923,1.079467,1.492458,0.000353,0.000391,96808.015112,62208.653596,1.000149
"theta_t_zerosum__[0, 328]",0.847211,0.426793,0.024907,1.628745,0.001307,0.001846,114842.182774,55618.352008,1.000099
"theta_t_zerosum__[0, 329]",1.088249,0.445842,0.235205,1.900434,0.001424,0.002113,109254.015185,52671.641753,1.000055
"theta_t_zerosum__[0, 330]",0.393005,0.325558,-0.219776,0.98989,0.001328,0.001556,69996.913572,47147.379761,1.000097
"theta_t_zerosum__[0, 331]",0.872867,0.312402,0.3151,1.47747,0.000987,0.001237,108358.828045,57157.310648,1.000146
"theta_t_zerosum__[0, 332]",0.168283,0.174629,-0.165874,0.488783,0.000495,0.000655,124269.976929,60763.434774,1.0
"theta_t_zerosum__[0, 333]",0.396856,0.081325,0.244383,0.550122,0.000237,0.000308,118078.228366,61721.626653,1.000098
"theta_t_zerosum__[0, 334]",0.329067,0.157475,0.032514,0.623913,0.000429,0.000633,137425.222629,58531.772658,1.000021
"theta_t_zerosum__[0, 335]",0.220378,0.152703,-0.073046,0.503097,0.000419,0.000618,134315.966968,57460.340566,1.000059
"theta_t_zerosum__[0, 336]",1.189479,0.068815,1.060942,1.320529,0.000241,0.000236,81398.051193,62692.127377,1.000113
"theta_t_zerosum__[0, 337]",1.099167,0.195346,0.735957,1.468241,0.000547,0.000747,130252.222936,59670.471539,1.000099
"theta_t_zerosum__[0, 338]",0.769184,0.210608,0.379534,1.173406,0.000648,0.000879,107531.897426,57928.399142,1.000147
"theta_t_zerosum__[0, 339]",0.892016,0.213399,0.490293,1.291078,0.000618,0.000851,126071.569245,58656.272309,1.000035
"theta_t_zerosum__[0, 340]",0.857406,0.399207,0.093467,1.588455,0.001295,0.001758,103117.122891,55614.915944,1.000219
"theta_t_zerosum__[0, 341]",0.714948,0.29014,0.194468,1.271077,0.00089,0.00119,115839.307546,58911.793343,1.000094
"theta_t_zerosum__[0, 342]",1.110333,0.074662,0.971424,1.251347,0.000241,0.000271,95782.9203,60552.272775,1.000145
"theta_t_zerosum__[0, 343]",0.910444,0.190619,0.560087,1.274271,0.00054,0.000747,127426.600898,57835.0972,1.000077
"theta_t_zerosum__[0, 344]",0.848527,0.18536,0.500435,1.194459,0.000523,0.000723,129330.064635,57008.412298,1.000117
"theta_t_zerosum__[0, 345]",1.06213,0.219295,0.641507,1.468402,0.000673,0.000976,110582.901265,54909.423782,1.000042
"theta_t_zerosum__[0, 346]",0.989383,0.324653,0.405557,1.61689,0.001038,0.001375,111972.236187,49961.347961,1.000034
"theta_t_zerosum__[0, 347]",1.372424,0.076531,1.229178,1.516898,0.000276,0.000269,77345.742197,58561.580114,1.000108
"theta_t_zerosum__[0, 348]",0.900853,0.269994,0.393594,1.392164,0.000904,0.001234,102453.274446,51454.220515,1.000131
"theta_t_zerosum__[0, 349]",1.28483,0.195861,0.917734,1.651148,0.000595,0.000798,113339.390412,57295.097692,1.000108
"theta_t_zerosum__[0, 350]",1.404792,0.198902,1.031661,1.785987,0.000612,0.000812,106177.278434,59895.388163,1.000077
"theta_t_zerosum__[0, 351]",1.548255,0.209553,1.15404,1.941318,0.000635,0.000881,114219.326008,58833.192492,1.000108
"theta_t_zerosum__[0, 352]",0.391609,0.477967,-0.50543,1.222755,0.001845,0.002294,87658.899811,45548.37562,1.000032
"theta_t_zerosum__[0, 353]",1.342262,0.22263,0.928946,1.760503,0.000696,0.000968,109409.559752,54219.709331,1.000107
"theta_t_zerosum__[0, 354]",1.121844,0.362189,0.430195,1.783847,0.001273,0.00221,95942.332975,48575.516908,1.000109
"theta_t_zerosum__[0, 355]",-1.173166,0.197229,-1.546182,-0.803857,0.000563,0.000785,122988.941185,57416.708434,1.000086
"theta_t_zerosum__[0, 356]",-1.007559,0.101419,-1.198585,-0.817167,0.000314,0.000403,105604.671578,54960.38251,1.000058
"theta_t_zerosum__[0, 357]",-1.200264,0.110342,-1.408082,-0.99494,0.000341,0.000437,106728.098744,58716.307204,1.000113
"theta_t_zerosum__[0, 358]",-2.216244,0.176248,-2.550282,-1.889549,0.000555,0.000662,102069.008606,59541.766744,1.000053
"theta_t_zerosum__[0, 359]",-0.993867,0.101817,-1.183174,-0.800822,0.000315,0.000378,104973.792009,52850.730659,1.000069
"theta_t_zerosum__[0, 360]",-1.550081,0.18617,-1.894114,-1.197649,0.000563,0.000737,113395.298992,56353.398074,1.000031
"theta_t_zerosum__[0, 361]",-0.611251,0.078499,-0.760669,-0.466153,0.000246,0.000277,101957.601582,64032.603987,1.000022
"theta_t_zerosum__[0, 362]",-1.428908,0.109947,-1.639111,-1.226572,0.00035,0.000405,98508.921552,61415.715919,0.999975
"theta_t_zerosum__[0, 363]",0.013109,0.141915,-0.25271,0.278924,0.00039,0.000555,132811.846139,59101.041995,1.000205
"theta_t_zerosum__[0, 364]",0.309611,0.151399,0.02269,0.593287,0.000406,0.000611,138749.465125,60766.620956,1.000057
"theta_t_zerosum__[0, 365]",0.491525,0.125481,0.25571,0.728352,0.000349,0.000478,129104.349451,61694.789041,1.000111
"theta_t_zerosum__[0, 366]",0.288805,0.148432,0.018318,0.575774,0.000407,0.000592,134405.945949,58911.156482,1.000252
"theta_t_zerosum__[0, 367]",0.053627,0.32658,-0.573282,0.634089,0.001224,0.001667,80950.04803,51869.124791,1.000032
"theta_t_zerosum__[0, 368]",-1.343106,0.175518,-1.668981,-1.005964,0.00054,0.000696,107616.576112,57498.306345,1.000075
"theta_t_zerosum__[0, 369]",-0.137429,0.157057,-0.433043,0.152682,0.000481,0.000632,113439.410895,56978.946671,1.00003
"theta_t_zerosum__[0, 370]",0.133498,0.262671,-0.361805,0.628288,0.000717,0.001137,135474.166643,55841.588364,1.000215
"theta_t_zerosum__[0, 371]",-0.020174,0.183807,-0.369538,0.313599,0.0006,0.000802,103109.485545,55514.701326,0.999987
"theta_t_zerosum__[0, 372]",0.401348,0.090884,0.227324,0.569108,0.000261,0.000342,121320.560071,63889.357462,1.000158
"theta_t_zerosum__[0, 373]",-0.237831,0.141987,-0.515595,0.01925,0.000382,0.000573,138052.516916,60022.206406,1.000209
"theta_t_zerosum__[0, 374]",-0.703001,0.152975,-0.989887,-0.41411,0.000423,0.000613,131805.667838,56894.120724,1.000085
"theta_t_zerosum__[0, 375]",0.295847,0.546027,-0.77352,1.267814,0.001964,0.002327,84641.325834,56075.81938,1.000061
"theta_t_zerosum__[0, 376]",0.661643,0.099538,0.475821,0.851376,0.000291,0.00039,116815.332095,59812.311372,1.000081
"theta_t_zerosum__[0, 377]",0.780673,0.089102,0.614602,0.948874,0.000261,0.000335,116244.861394,61443.349085,1.000087
"theta_t_zerosum__[0, 378]",0.35694,0.195989,-0.009382,0.719286,0.000619,0.000938,113116.780121,53870.499388,1.000138
"theta_t_zerosum__[0, 379]",0.833966,0.174034,0.506761,1.163939,0.000497,0.000706,123983.222795,58335.12119,1.00006
"theta_t_zerosum__[0, 380]",0.859786,0.120637,0.633895,1.088278,0.000343,0.00047,123754.654282,59048.589253,1.000174
"theta_t_zerosum__[0, 381]",1.146812,0.076651,1.001616,1.290987,0.000264,0.00027,84565.227393,60792.109108,1.000046
"theta_t_zerosum__[0, 382]",0.324511,0.515726,-0.66182,1.237714,0.001634,0.002238,114369.450072,55557.992689,1.00004
"theta_t_zerosum__[0, 383]",0.477382,0.503918,-0.492478,1.381885,0.001643,0.002225,108551.204197,51716.013109,1.000129
"theta_t_zerosum__[0, 384]",0.337774,0.142631,0.064199,0.59886,0.000462,0.00049,95789.383973,66183.478456,1.000135
"theta_t_zerosum__[0, 385]",1.319308,0.182103,0.985851,1.673332,0.000557,0.00072,107424.082789,59526.772063,1.000073
"theta_t_zerosum__[0, 386]",0.495187,0.672985,-0.826297,1.717742,0.002411,0.002747,81484.390937,57825.366601,1.000112
"theta_t_zerosum__[0, 387]",0.909378,0.083439,0.756611,1.07116,0.00026,0.000308,102758.267376,62648.477803,1.000212
"theta_t_zerosum__[0, 388]",1.230099,0.329485,0.609709,1.801945,0.001286,0.00195,86093.578834,45287.371046,1.000106
"theta_t_zerosum__[0, 389]",1.255358,0.082058,1.102018,1.4104,0.000309,0.000279,70666.495096,62003.532562,1.000092
"theta_t_zerosum__[0, 390]",0.466825,0.183242,0.13884,0.82291,0.000597,0.00075,96808.151022,60646.178942,1.000074
"theta_t_zerosum__[0, 391]",-1.315125,0.078669,-1.462205,-1.165805,0.000286,0.000279,75843.329781,61259.511923,1.000067
"theta_t_zerosum__[0, 392]",-1.428404,0.145599,-1.699141,-1.152047,0.000444,0.000513,107609.316088,62962.612986,1.000018
"theta_t_zerosum__[0, 393]",-1.202784,0.10119,-1.39369,-1.013857,0.000316,0.000387,102882.747573,59479.838885,1.000188
"theta_t_zerosum__[0, 394]",-0.83333,0.101542,-1.024281,-0.642062,0.000303,0.000384,113315.078781,59846.639357,1.00023
"theta_t_zerosum__[0, 395]",-0.830968,0.099367,-1.016805,-0.642341,0.0003,0.000377,109973.404328,61066.974924,1.000111
"theta_t_zerosum__[0, 396]",-0.95472,0.060454,-1.066382,-0.838075,0.000216,0.000205,78715.036111,61612.372321,1.000061
"theta_t_zerosum__[0, 397]",-0.862909,0.104176,-1.063542,-0.670368,0.000316,0.000406,110157.183776,60700.205233,1.000138
"theta_t_zerosum__[0, 398]",-0.784686,0.122562,-1.01541,-0.554529,0.000368,0.000431,110938.493815,63209.555595,1.000094
"theta_t_zerosum__[0, 399]",-0.710116,0.057343,-0.816985,-0.601859,0.000194,0.000195,86972.745608,63785.594355,0.999983
"theta_t_zerosum__[0, 400]",-0.052252,0.061348,-0.166076,0.064887,0.000184,0.000225,111340.255947,61000.401721,1.000138
"theta_t_zerosum__[0, 401]",-0.189775,0.075065,-0.33034,-0.048131,0.000228,0.000267,108472.942765,64121.561592,1.000183
"theta_t_zerosum__[0, 402]",-0.677419,0.084906,-0.83583,-0.517314,0.000274,0.000294,96678.700513,65423.003574,1.000055
"theta_t_zerosum__[0, 403]",-0.139575,0.058835,-0.250014,-0.029178,0.000181,0.000204,106136.434752,64709.505675,1.00012
"theta_t_zerosum__[0, 404]",-0.502268,0.053629,-0.602803,-0.401075,0.000177,0.000181,92012.274547,63467.105397,1.000069
"theta_t_zerosum__[0, 405]",-0.595062,0.069831,-0.725729,-0.463777,0.00022,0.000256,100489.936945,63551.207281,1.000019
"theta_t_zerosum__[0, 406]",-0.585021,0.070949,-0.719695,-0.452125,0.000217,0.000265,107371.582675,61296.843207,1.000131
"theta_t_zerosum__[0, 407]",-0.212461,0.204528,-0.600452,0.167561,0.000658,0.000813,98652.792762,58337.937583,1.000067
"theta_t_zerosum__[0, 408]",-0.815332,0.071065,-0.952519,-0.685309,0.000231,0.000256,94740.643593,62207.123166,1.000067
"theta_t_zerosum__[0, 409]",0.325081,0.173005,-0.005824,0.646217,0.000484,0.000678,128726.956151,59261.56463,0.999989
"theta_t_zerosum__[0, 410]",0.894265,0.065572,0.770068,1.01643,0.000214,0.000237,93986.71736,61095.135789,1.000045
"theta_t_zerosum__[0, 411]",0.683776,0.128045,0.442804,0.924015,0.000357,0.000504,129203.625221,60374.88812,0.999999
"theta_t_zerosum__[0, 412]",0.75277,0.092657,0.584635,0.93124,0.000272,0.00035,117082.194542,60762.933936,1.000015
"theta_t_zerosum__[0, 413]",0.125549,0.109503,-0.082949,0.32941,0.000297,0.000429,135880.272091,59530.422658,1.000134
"theta_t_zerosum__[0, 414]",0.854376,0.181017,0.503276,1.187323,0.000626,0.000908,88692.356737,53581.985643,1.000163
"theta_t_zerosum__[0, 415]",0.772872,0.062453,0.658715,0.893975,0.000293,0.000198,46144.922978,48812.864615,1.00015
"theta_t_zerosum__[0, 416]",0.540215,0.144043,0.271889,0.81566,0.000426,0.000679,118565.425863,51584.777554,1.000136
"theta_t_zerosum__[0, 417]",0.699065,0.204112,0.317009,1.087614,0.000575,0.000806,126764.346596,59301.38896,0.999968
"theta_t_zerosum__[0, 418]",0.537948,0.085121,0.381973,0.701874,0.000263,0.000306,105117.705244,55761.610043,1.000022
"theta_t_zerosum__[0, 419]",0.203535,0.19516,-0.169424,0.555771,0.000627,0.000889,108744.380658,53227.016109,1.000063
"theta_t_zerosum__[0, 420]",0.258981,0.094869,0.080881,0.437892,0.000268,0.000363,125711.281202,61228.380716,1.000055
"theta_t_zerosum__[0, 421]",-0.013147,0.114377,-0.23172,0.196622,0.000315,0.000449,132553.967899,59781.955404,1.000047
"theta_t_zerosum__[0, 422]",0.600801,0.473228,-0.313414,1.488141,0.001447,0.00199,108161.951317,59102.056659,1.000037
"theta_t_zerosum__[0, 423]",0.336634,0.097436,0.150821,0.517827,0.000296,0.00035,108621.033251,63011.356829,1.000082
"theta_t_zerosum__[0, 424]",0.043801,0.085926,-0.113965,0.209492,0.000253,0.000322,114984.450958,61744.742614,1.000063
"theta_t_zerosum__[0, 425]",-0.254125,0.116361,-0.474038,-0.035471,0.000321,0.000463,132929.236717,56835.045043,0.999982
"theta_t_zerosum__[0, 426]",-0.010164,0.091178,-0.184425,0.159431,0.000282,0.000333,104963.625989,59795.49591,1.000033
"theta_t_zerosum__[0, 427]",-0.574844,0.133908,-0.825852,-0.322418,0.00037,0.000536,133036.438134,58084.496371,1.000125
"theta_t_zerosum__[0, 428]",-0.041236,0.223426,-0.471141,0.35375,0.000785,0.001102,94502.715976,49426.972128,1.000202
"theta_t_zerosum__[0, 429]",0.963602,0.103445,0.767837,1.15743,0.000312,0.000414,111136.435232,57332.432888,1.000163
"theta_t_zerosum__[0, 430]",1.196162,0.099831,1.012057,1.386495,0.000324,0.000352,94772.350461,63968.902112,1.000039
"theta_t_zerosum__[0, 431]",0.326015,0.662711,-0.948801,1.548042,0.001869,0.002838,129500.744179,53841.040301,1.000192
"theta_t_zerosum__[0, 432]",0.876798,0.093415,0.697304,1.048688,0.000284,0.000342,107995.717992,63469.177951,1.000089
"theta_t_zerosum__[0, 433]",0.372413,0.225989,-0.045146,0.805808,0.000619,0.000933,133504.252916,58250.266393,1.000103
"theta_t_zerosum__[0, 434]",0.647481,0.119673,0.425567,0.87485,0.000341,0.000471,124272.652367,59848.078502,1.000032
"theta_t_zerosum__[0, 435]",-0.065595,0.094786,-0.242914,0.113481,0.000269,0.000362,124492.596319,60645.793793,1.000136
"theta_t_zerosum__[0, 436]",0.836172,0.132423,0.589698,1.090421,0.00039,0.000523,115161.274946,61532.753502,0.999977
"theta_t_zerosum__[0, 437]",0.719369,0.09336,0.539264,0.890602,0.000281,0.00034,110496.753584,63606.81972,1.000035
"theta_t_zerosum__[0, 438]",0.831549,0.152394,0.540995,1.116271,0.000439,0.000622,120703.541674,60283.498277,1.000122
"theta_t_zerosum__[0, 439]",0.787366,0.100038,0.600906,0.977544,0.000307,0.000361,105959.134841,62736.074065,1.000122
"theta_t_zerosum__[0, 440]",1.059068,0.110444,0.85704,1.273378,0.000322,0.000406,117660.451138,63488.649736,1.000017
"theta_t_zerosum__[0, 441]",0.513657,0.127877,0.277721,0.758021,0.000348,0.0005,136170.752227,60073.988926,1.000136
"theta_t_zerosum__[0, 442]",0.952446,0.108254,0.752345,1.159905,0.000318,0.000418,116441.505387,61297.374928,1.000017
"theta_t_zerosum__[0, 443]",0.287172,0.131148,0.044126,0.537341,0.000382,0.000495,118241.155221,60146.544016,1.000104
"theta_t_zerosum__[0, 444]",0.824079,0.079973,0.671615,0.972912,0.000251,0.000292,101218.750246,62335.496787,1.00013
"theta_t_zerosum__[0, 445]",1.157622,0.074636,1.018084,1.299292,0.000247,0.000271,91344.353871,62487.915967,1.0001
"theta_t_zerosum__[0, 446]",0.990984,0.078154,0.84059,1.134705,0.000419,0.000335,36395.946064,36809.372283,1.000315
"theta_t_zerosum__[0, 447]",0.455754,0.704093,-0.861946,1.795449,0.002065,0.002867,116925.400968,58097.197141,1.000215
"theta_t_zerosum__[0, 448]",1.364539,0.101974,1.173245,1.559219,0.000319,0.000403,101505.076977,61094.038063,1.000073
"theta_t_zerosum__[0, 449]",1.222251,0.073089,1.086253,1.361915,0.000285,0.00024,65856.993461,62410.458265,1.000097
"theta_t_zerosum__[0, 450]",1.255202,0.212647,0.862711,1.665533,0.000618,0.00087,120517.650669,60108.868241,1.000107
"theta_t_zerosum__[0, 451]",1.216712,0.110231,1.011339,1.421023,0.000757,0.000864,25109.434759,17194.287536,1.000593
"theta_t_zerosum__[0, 452]",1.159605,0.107173,0.957918,1.363463,0.000345,0.000383,96756.243602,62586.533285,1.000056
"theta_t_zerosum__[0, 453]",0.639214,0.156763,0.349449,0.936922,0.000445,0.000597,125575.973421,60360.124266,1.000228
"theta_t_zerosum__[0, 454]",1.116966,0.184365,0.773119,1.464578,0.000518,0.000726,129185.567635,57564.523816,1.000084
"theta_t_zerosum__[0, 455]",0.324703,0.132751,0.072645,0.572433,0.000367,0.000533,130361.062177,57670.492104,1.000138
"theta_t_zerosum__[0, 456]",1.300508,0.081076,1.150144,1.455086,0.000412,0.000268,38539.378984,46373.874665,1.00019
"theta_t_zerosum__[0, 457]",1.338606,0.059045,1.230147,1.452087,0.000234,0.000192,63383.597559,55528.29752,1.000056
"theta_t_zerosum__[0, 458]",0.699071,0.140548,0.435886,0.961433,0.000387,0.000553,133553.566759,59766.692785,1.000199
"theta_t_zerosum__[0, 459]",0.241052,0.203796,-0.139681,0.613044,0.000707,0.000972,96824.724753,51944.504953,1.000056
"theta_t_zerosum__[0, 460]",-0.187844,0.542385,-1.21512,0.793716,0.001692,0.002165,116194.756653,57751.32009,1.00003
"theta_t_zerosum__[0, 461]",-0.081694,0.116893,-0.298195,0.142338,0.000336,0.00044,121519.067857,60622.811269,1.000134
"theta_t_zerosum__[0, 462]",0.971619,0.24163,0.516276,1.424464,0.00072,0.001029,119736.392253,57436.841566,1.000076
"theta_t_zerosum__[0, 463]",0.810144,0.083396,0.653645,0.967511,0.000248,0.000317,113092.746721,60753.936898,1.000084
"theta_t_zerosum__[0, 464]",0.613396,0.09865,0.427564,0.797411,0.000312,0.000378,100849.479932,57827.99288,1.000015
"theta_t_zerosum__[0, 465]",0.207629,0.119158,-0.016217,0.430994,0.000324,0.00047,135280.270448,59721.075594,1.000092
"theta_t_zerosum__[0, 466]",-0.271982,0.545891,-1.314967,0.707586,0.001698,0.002143,116615.68118,57242.548116,1.000121
"theta_t_zerosum__[0, 467]",-0.256433,0.116125,-0.477869,-0.040511,0.000326,0.00047,127978.549768,57138.306648,1.000111
"theta_t_zerosum__[0, 468]",0.625447,0.332386,0.001401,1.228299,0.001151,0.001631,100369.927815,51121.44423,1.00003
"theta_t_zerosum__[0, 469]",0.65266,0.190534,0.295191,1.009705,0.000523,0.000724,132868.833847,59353.937442,1.000366
"theta_t_zerosum__[0, 470]",0.658431,0.257103,0.174007,1.145509,0.000699,0.001091,135090.80756,58612.967065,1.000123
"theta_t_zerosum__[0, 471]",1.336744,0.099779,1.151488,1.527557,0.000325,0.000356,94488.608801,64292.901858,1.000014
"theta_t_zerosum__[0, 472]",1.606795,0.100634,1.417521,1.795264,0.000362,0.000378,78873.238123,56729.837464,1.000122
"theta_t_zerosum__[0, 473]",1.955326,0.202898,1.583196,2.350105,0.000711,0.000855,83555.520279,58748.528095,1.000035
"theta_t_zerosum__[0, 474]",0.37633,0.100164,0.186585,0.561508,0.00028,0.000385,128934.57279,59567.06945,1.000143
"theta_t_zerosum__[0, 475]",1.642684,0.221459,1.237578,2.066463,0.000662,0.000894,118530.956224,54862.04232,1.000187
"theta_t_zerosum__[0, 476]",1.753993,0.238039,1.311242,2.199392,0.000699,0.000956,121427.519279,55348.395164,1.000094
"theta_t_zerosum__[0, 477]",1.762178,0.098603,1.575091,1.946881,0.000348,0.000352,80839.682013,59905.904926,1.000035
"theta_t_zerosum__[0, 478]",1.729887,0.138198,1.467906,1.987628,0.000423,0.000529,106782.194494,61152.754262,0.999968
"theta_t_zerosum__[0, 479]",0.937293,0.144333,0.663728,1.206016,0.000402,0.000554,128908.920136,61071.457642,1.000013
"theta_t_zerosum__[0, 480]",1.404978,0.15063,1.110531,1.681921,0.000513,0.000593,87444.855254,58131.801262,1.000218
"theta_t_zerosum__[0, 481]",0.470695,0.130159,0.222013,0.710549,0.000368,0.0005,125098.693253,59238.005213,1.000086
"theta_t_zerosum__[0, 482]",1.750182,0.096539,1.572415,1.935214,0.000394,0.000297,59902.824653,63572.285972,1.000055
"theta_t_zerosum__[0, 483]",1.615091,0.071472,1.482169,1.751146,0.000271,0.000239,69511.811534,62793.078447,1.000108
"theta_t_zerosum__[0, 484]",0.368264,0.247527,-0.085662,0.838473,0.000734,0.000974,120035.954356,57376.923723,1.000192
"theta_t_zerosum__[0, 485]",1.03429,0.21016,0.631987,1.421189,0.000603,0.000809,121616.260681,60515.48919,1.000237
"theta_t_zerosum__[0, 486]",0.472238,0.117914,0.252525,0.696954,0.000361,0.000425,106701.109366,63294.856859,1.000053
"theta_t_zerosum__[0, 487]",1.456729,0.07918,1.308906,1.608644,0.000276,0.000284,82447.67538,60420.497467,1.000037
"theta_t_zerosum__[0, 488]",0.679026,0.183595,0.32693,1.017296,0.00062,0.00069,90457.28352,59751.742339,1.000109
"theta_t_zerosum__[0, 489]",0.109871,0.144661,-0.164008,0.378229,0.000469,0.0005,95239.713008,62289.758756,1.000012
"theta_t_zerosum__[0, 490]",1.505155,0.28104,0.972834,2.034222,0.000832,0.001206,116819.60172,57808.819226,1.000074
"theta_t_zerosum__[0, 491]",1.469872,0.229407,1.035634,1.889957,0.000707,0.001015,112634.181017,56267.832174,1.000089
"theta_t_zerosum__[0, 492]",1.114584,0.309413,0.535224,1.70242,0.000994,0.001116,97251.034441,62981.450536,1.000164
"theta_t_zerosum__[0, 493]",1.784982,0.126882,1.544537,2.024506,0.000428,0.000471,87780.940871,54457.095271,0.999981
"theta_t_zerosum__[0, 494]",1.130082,0.149054,0.851217,1.409633,0.000417,0.000556,127520.753058,62532.535964,1.000075
"theta_t_zerosum__[0, 495]",1.827075,0.076203,1.685254,1.971839,0.000305,0.000246,62461.81423,62379.997778,1.000098
"theta_t_zerosum__[0, 496]",1.668565,0.171228,1.345022,1.989611,0.000658,0.000708,70259.158269,49650.951358,1.000148
"theta_t_zerosum__[0, 497]",0.567109,0.153016,0.281344,0.855919,0.000418,0.000622,134841.149913,59625.278836,1.000097
"theta_t_zerosum__[0, 498]",1.811474,0.102314,1.623205,2.007439,0.000355,0.000376,83276.182336,59842.842258,0.999992
"theta_t_zerosum__[0, 499]",2.571002,0.170838,2.24761,2.8887,0.000728,0.000527,55191.25063,63057.505983,1.000038
"theta_t_zerosum__[0, 500]",1.706748,0.133853,1.453494,1.957857,0.000444,0.000499,90921.008794,57130.414525,1.000053
"theta_t_zerosum__[0, 501]",0.521293,0.259173,0.05494,1.022464,0.000773,0.001048,119181.109211,56511.779266,1.000113
"theta_t_zerosum__[0, 502]",1.503085,0.1827,1.158108,1.844559,0.000519,0.000725,124052.788706,59494.635967,1.000071
"theta_t_zerosum__[0, 503]",0.820545,0.144196,0.547491,1.089971,0.000397,0.00055,132056.004908,61135.235826,1.000265
"theta_t_zerosum__[0, 504]",1.646653,0.085924,1.488056,1.811275,0.000306,0.00032,78879.217566,58566.341742,1.000013
"theta_t_zerosum__[0, 505]",1.073542,0.227979,0.634588,1.488949,0.000755,0.000845,94052.971469,58767.627971,1.00011
"theta_t_zerosum__[0, 506]",0.23901,0.137968,-0.020889,0.495627,0.000381,0.000553,131529.139463,53658.105182,1.000031
"theta_t_zerosum__[0, 507]",1.634844,0.278022,1.105705,2.154277,0.000821,0.001155,116731.31743,55868.13237,1.000081
"theta_t_zerosum__[0, 508]",1.646105,0.163523,1.346935,1.962228,0.000488,0.000631,112188.786978,60838.927941,1.000003
"theta_t_zerosum__[0, 509]",2.096017,0.12262,1.870779,2.330829,0.000447,0.000432,76202.874581,60693.777255,1.000106
"theta_t_zerosum__[0, 510]",1.898334,0.118935,1.676268,2.122336,0.00042,0.000435,80752.706138,61468.963322,1.00007
"theta_t_zerosum__[0, 511]",2.203782,0.114392,1.994337,2.425209,0.000438,0.000393,68683.319074,59784.714817,1.000072
"theta_t_zerosum__[0, 512]",2.133175,0.127897,1.898426,2.378393,0.000477,0.000444,72326.193001,61912.635361,1.000047
"theta_t_zerosum__[0, 513]",1.78374,0.115846,1.573414,2.007549,0.000401,0.000436,84375.038903,58485.175442,1.000014
"theta_t_zerosum__[0, 514]",2.037959,0.188182,1.685514,2.390338,0.000612,0.000725,96080.292084,61007.13755,1.000123
"theta_t_zerosum__[0, 515]",2.085198,0.127856,1.845116,2.326112,0.00046,0.000465,78199.91919,59285.219876,1.00011
"theta_t_zerosum__[0, 516]",-2.699281,0.222451,-3.118143,-2.281829,0.0007,0.000847,101924.449637,60493.766299,1.000183
"theta_t_zerosum__[0, 517]",-0.084747,0.092498,-0.257198,0.090976,0.000277,0.000326,111952.131625,65508.113994,1.000045
"theta_t_zerosum__[0, 518]",0.142194,0.092979,-0.033371,0.31644,0.00027,0.000345,118693.696491,61032.905758,1.000171
"theta_t_zerosum__[0, 519]",-0.465667,0.479996,-1.374572,0.377014,0.001567,0.001924,107846.905192,56678.483989,1.000061
"theta_t_zerosum__[0, 520]",-0.03482,0.234413,-0.488324,0.396208,0.000675,0.000943,125637.192067,58471.69185,1.000191
"theta_t_zerosum__[0, 521]",-0.138525,0.234722,-0.581802,0.287621,0.000813,0.001133,94662.013167,51415.886079,1.000225
"theta_t_zerosum__[0, 522]",-0.654226,0.129206,-0.894632,-0.409119,0.000376,0.000476,118539.596294,63386.581447,1.000109
"theta_t_zerosum__[0, 523]",-0.407206,0.111782,-0.614487,-0.194081,0.00032,0.000424,122563.672146,58994.817906,1.000189
"theta_t_zerosum__[0, 524]",-0.396458,0.149973,-0.679006,-0.114961,0.000412,0.000595,132783.532364,57728.595533,1.000063
"theta_t_zerosum__[0, 525]",-0.059346,0.132766,-0.30426,0.195845,0.000368,0.000516,130467.95857,59672.365663,1.000068
"theta_t_zerosum__[0, 526]",-0.975183,0.352469,-1.634754,-0.347293,0.001265,0.001575,91771.514944,49253.269937,1.000131
"theta_t_zerosum__[0, 527]",-3.015391,0.263467,-3.502666,-2.521941,0.000911,0.000886,85939.130419,63628.885177,1.000192
"theta_t_zerosum__[0, 528]",-1.425377,0.178829,-1.763979,-1.094313,0.00053,0.00072,118194.564724,58930.995583,0.999976
"theta_t_zerosum__[0, 529]",-1.945852,0.212466,-2.351301,-1.554317,0.000653,0.00087,111247.682457,54208.47096,1.000238
"theta_t_zerosum__[0, 530]",-0.866582,0.177311,-1.203812,-0.536699,0.000501,0.000744,126535.282197,57991.33228,1.000063
"theta_t_zerosum__[0, 531]",-1.258539,0.170504,-1.579693,-0.94173,0.000498,0.000696,120180.063484,58641.393221,1.00015
"theta_t_zerosum__[0, 532]",-0.746645,0.082833,-0.902702,-0.592111,0.000259,0.000301,102702.412562,62200.372305,1.000051
"theta_t_zerosum__[0, 533]",-0.463066,0.08041,-0.612825,-0.310897,0.000236,0.000304,116184.897012,59305.245292,1.00016
"theta_t_zerosum__[0, 534]",-0.083073,0.147696,-0.35869,0.197138,0.000409,0.000579,130090.804699,59560.328287,1.000165
"theta_t_zerosum__[0, 535]",0.0279,0.09612,-0.149029,0.213504,0.000265,0.000379,131817.497002,59168.39599,1.000031
"theta_t_zerosum__[0, 536]",0.071964,0.220432,-0.338503,0.487909,0.000641,0.000885,121884.977108,58605.007044,1.000108
"theta_t_zerosum__[0, 537]",0.183134,0.107942,-0.016097,0.389158,0.000307,0.000419,125331.016304,58169.159462,1.000095
"theta_t_zerosum__[0, 538]",0.089942,0.108754,-0.113473,0.2941,0.000325,0.000417,113612.670994,60891.851587,1.000157
"theta_t_zerosum__[0, 539]",0.213609,0.368703,-0.48101,0.925275,0.001264,0.00194,92949.639771,52618.162424,1.000075
"theta_t_zerosum__[0, 540]",0.196321,0.257508,-0.282612,0.684201,0.000701,0.001048,136289.275176,58057.273346,1.000114
"theta_t_zerosum__[0, 541]",0.508175,0.073114,0.370695,0.645783,0.000235,0.000254,97274.738546,61523.081956,1.000085
"theta_t_zerosum__[0, 542]",0.53024,0.253354,0.0715,1.018954,0.000809,0.001181,106768.500391,55572.64728,1.000063
"theta_t_zerosum__[0, 543]",0.300098,0.165673,-0.008307,0.617938,0.000484,0.000687,118516.748156,60118.983548,1.000038
"theta_t_zerosum__[0, 544]",0.561097,0.201678,0.188425,0.945736,0.000555,0.000768,132132.928439,62856.006731,1.000064
"theta_t_zerosum__[0, 545]",0.778613,0.110832,0.567792,0.985206,0.000321,0.000417,119002.800882,62224.187502,1.000012
"theta_t_zerosum__[0, 546]",0.430336,0.543502,-0.664396,1.379924,0.002005,0.002463,81525.922409,53183.977412,1.000009
"theta_t_zerosum__[0, 547]",0.21566,0.118339,-0.004275,0.441107,0.000337,0.000458,123560.017426,61669.567213,1.000132
"theta_t_zerosum__[0, 548]",-0.191777,0.665724,-1.474728,1.043142,0.001857,0.00277,131441.669363,56672.060974,1.000179
"theta_t_zerosum__[0, 549]",0.871163,0.092741,0.696397,1.045249,0.000277,0.000357,112459.495765,59435.548899,1.000147
"theta_t_zerosum__[0, 550]",0.833413,0.079839,0.683669,0.983475,0.000241,0.000295,110046.793386,63701.970251,1.000108
"theta_t_zerosum__[0, 551]",-0.470002,0.483148,-1.368782,0.398864,0.001595,0.001912,106228.882572,57359.348564,1.000056
"theta_t_zerosum__[0, 552]",0.120971,0.204381,-0.266131,0.498812,0.000599,0.000824,122015.223002,58160.808529,1.000012
"theta_t_zerosum__[0, 553]",0.796021,0.283924,0.263366,1.32881,0.000864,0.00114,115127.620387,58506.364364,1.000146
"theta_t_zerosum__[0, 554]",1.153978,0.071971,1.018001,1.287696,0.000241,0.000261,89178.859518,62095.063297,1.000033
"theta_t_zerosum__[0, 555]",1.073659,0.222991,0.642547,1.476498,0.00075,0.000743,89589.504309,62797.10752,1.00009
"theta_t_zerosum__[0, 556]",1.323856,0.130698,1.077207,1.569584,0.000379,0.000498,119190.460496,61165.184503,1.000003
"theta_t_zerosum__[0, 557]",0.761951,0.294798,0.207706,1.291323,0.000997,0.001396,102058.841366,51043.799074,1.000198
"theta_t_zerosum__[0, 558]",1.477167,0.2171,1.059832,1.87385,0.000665,0.000902,111190.984415,56456.788981,1.000106
"theta_t_zerosum__[0, 559]",1.586166,0.182101,1.250257,1.935952,0.000554,0.000706,108158.12902,60847.911861,1.000059
"theta_t_zerosum__[0, 560]",1.315812,0.077171,1.169875,1.459002,0.000285,0.000273,73547.185902,61398.337119,1.000055
"theta_t_zerosum__[0, 561]",0.831361,0.379635,0.110706,1.480561,0.001397,0.001907,92874.598517,50937.708513,1.000035
"theta_t_zerosum__[0, 562]",0.043464,0.163499,-0.278072,0.33719,0.000489,0.000673,117053.178053,56177.136648,1.000018
"theta_t_zerosum__[0, 563]",0.879586,0.168218,0.564768,1.198289,0.000575,0.000635,87853.262222,60698.919025,1.000045
"theta_t_zerosum__[0, 564]",0.81185,0.099084,0.621011,0.994269,0.000294,0.000377,114072.296319,59890.816691,1.000136
"theta_t_zerosum__[0, 565]",-1.017402,0.312267,-1.581634,-0.43462,0.001112,0.001547,91733.197546,51710.968973,1.000122
"theta_t_zerosum__[0, 566]",-1.783444,0.168204,-2.104959,-1.470107,0.000498,0.000666,114138.849721,58377.96971,1.000333
"theta_t_zerosum__[0, 567]",-1.855153,0.180793,-2.195369,-1.515857,0.000567,0.000706,101619.126527,60410.02276,1.000162
"theta_t_zerosum__[0, 568]",0.274066,0.10773,0.068108,0.473241,0.000311,0.000407,120700.855516,62342.918954,1.000074
"theta_t_zerosum__[0, 569]",0.686498,0.174173,0.369132,1.02059,0.00049,0.000718,131403.496445,56526.175051,1.000059
"theta_t_zerosum__[0, 570]",0.539984,0.076359,0.394954,0.68224,0.000233,0.000283,107751.819802,61174.925038,1.000075
"theta_t_zerosum__[0, 571]",0.598467,0.531371,-0.462361,1.531287,0.002,0.002354,77282.894088,51749.613705,1.000016
"theta_t_zerosum__[0, 572]",-0.072649,0.463043,-0.981374,0.731691,0.001819,0.001914,69972.49244,52184.166028,1.000054
"theta_t_zerosum__[0, 573]",0.906534,0.071712,0.771111,1.040358,0.000227,0.000262,100108.483412,60972.943288,1.0
"theta_t_zerosum__[0, 574]",0.148076,0.53065,-0.865336,1.097968,0.001724,0.002319,110479.929173,54250.60964,1.000085
"theta_t_zerosum__[0, 575]",0.877159,0.080091,0.724551,1.025714,0.000251,0.000292,101779.388608,60701.005642,1.000053
"theta_t_zerosum__[0, 576]",0.442573,0.67063,-0.89304,1.637146,0.002264,0.002661,91051.151674,57397.566893,1.000147
"theta_t_zerosum__[0, 577]",0.809621,0.167371,0.49241,1.120311,0.000472,0.000682,128763.667503,56949.376937,1.000288
"theta_t_zerosum__[0, 578]",1.092578,0.189236,0.742931,1.451668,0.000535,0.000742,129130.560262,57186.027732,1.000036
"theta_t_zerosum__[0, 579]",0.569097,0.145704,0.299684,0.846657,0.000407,0.000569,128764.225945,59817.10207,1.000087
"theta_t_zerosum__[0, 580]",1.412059,0.074942,1.272055,1.553662,0.000282,0.000261,70610.056518,63341.172561,1.000026
"theta_t_zerosum__[0, 581]",1.766983,0.140979,1.508583,2.035461,0.000452,0.000511,98112.019906,61206.585112,1.000108
"theta_t_zerosum__[0, 582]",-0.350872,0.293614,-0.909993,0.175589,0.001051,0.001213,86735.09185,55995.369491,1.000093
"theta_t_zerosum__[0, 583]",-0.373562,0.151388,-0.665554,-0.094722,0.000417,0.000618,132147.890592,57038.331422,1.00018
"theta_t_zerosum__[0, 584]",-0.5731,0.128303,-0.810757,-0.326404,0.000352,0.000502,133190.511896,58831.903721,1.000167
"theta_t_zerosum__[0, 585]",0.165442,0.223769,-0.261614,0.579909,0.000633,0.000962,130672.014277,55807.603776,1.000099
"theta_t_zerosum__[0, 586]",0.226367,0.444968,-0.628482,1.046673,0.001552,0.002015,88970.413392,54038.983079,1.000089
"theta_t_zerosum__[0, 587]",-0.355179,0.583817,-1.510169,0.657084,0.002034,0.002332,86949.63691,57670.824636,1.000047
"theta_t_zerosum__[0, 588]",0.554275,0.296322,-0.016815,1.068967,0.001062,0.001414,96003.238381,50442.682326,1.000016
"theta_t_zerosum__[0, 589]",0.53856,0.160709,0.237342,0.842377,0.000445,0.000631,131323.115994,59231.463108,1.000034
"theta_t_zerosum__[0, 590]",-1.407338,0.106379,-1.605465,-1.206747,0.000346,0.00039,95570.003896,60567.870577,1.000069
"theta_t_zerosum__[0, 591]",-1.386308,0.107826,-1.588837,-1.183401,0.000332,0.000396,106266.28493,59892.457158,1.000128
"theta_t_zerosum__[0, 592]",-1.061125,0.066177,-1.188753,-0.940413,0.000233,0.000233,80848.840108,61452.687002,1.000116
"theta_t_zerosum__[0, 593]",-0.654431,0.062118,-0.773546,-0.53978,0.000204,0.000217,92545.95836,62707.634261,1.000165
"theta_t_zerosum__[0, 594]",-0.595701,0.083954,-0.75185,-0.437081,0.000255,0.000318,108679.653687,51500.476601,1.000058
"theta_t_zerosum__[0, 595]",-0.423701,0.179884,-0.763943,-0.086487,0.00049,0.000718,134737.943115,59606.87926,1.00011
"theta_t_zerosum__[0, 596]",-0.301057,0.089177,-0.471716,-0.136685,0.000252,0.000337,125348.626228,59956.868341,1.000185
"theta_t_zerosum__[0, 597]",-0.24329,0.148057,-0.527898,0.028945,0.00041,0.000574,131158.821707,59367.625748,1.000079
"theta_t_zerosum__[0, 598]",0.068425,0.134768,-0.186472,0.320292,0.000374,0.000528,130078.039617,61547.421297,1.000053
"theta_t_zerosum__[0, 599]",-0.052373,0.337826,-0.709503,0.540849,0.001285,0.001758,79322.133963,49755.946207,1.000055
"theta_t_zerosum__[0, 600]",-1.049453,0.172878,-1.373188,-0.723103,0.000487,0.000698,126333.830659,58985.918758,1.000183
"theta_t_zerosum__[0, 601]",-0.759575,0.103729,-0.960794,-0.570572,0.000314,0.000412,109833.498534,59704.9726,1.000077
"theta_t_zerosum__[0, 602]",-0.717382,0.093663,-0.889916,-0.535848,0.000279,0.000365,113272.050637,58890.26509,1.000087
"theta_t_zerosum__[0, 603]",-0.621949,0.222479,-1.038572,-0.199968,0.000599,0.000882,138068.385497,58964.331527,1.000035
"theta_t_zerosum__[0, 604]",-0.15507,0.188657,-0.509347,0.200018,0.000519,0.000751,132184.51294,58534.913718,1.000146
"theta_t_zerosum__[0, 605]",-0.76642,0.145632,-1.039465,-0.493888,0.000422,0.000591,120789.592544,57031.633401,1.000143
"theta_t_zerosum__[0, 606]",-0.881279,0.150868,-1.168612,-0.602093,0.000433,0.000602,123502.998405,58210.978174,1.000083
"theta_t_zerosum__[0, 607]",-0.548624,0.151809,-0.833017,-0.262597,0.000419,0.000613,132391.506079,58865.808629,1.000054
"theta_t_zerosum__[0, 608]",-2.042108,0.16939,-2.366247,-1.728152,0.000506,0.000663,112350.463237,58090.863885,1.000089
"theta_t_zerosum__[0, 609]",-2.529076,0.190339,-2.88382,-2.16859,0.000619,0.000708,96771.422544,60210.266725,1.000168
"theta_t_zerosum__[0, 610]",1.10194,0.08956,0.935438,1.272893,0.000301,0.000295,88687.612919,66400.434446,1.000038
"theta_t_zerosum__[0, 611]",1.474552,0.093699,1.296654,1.649288,0.00033,0.000315,80604.038847,64751.75798,0.999997
"theta_t_zerosum__[0, 612]",1.113845,0.178657,0.792912,1.461954,0.000611,0.000623,86943.012557,60110.328704,1.000122
"theta_t_zerosum__[0, 613]",0.746083,0.475667,-0.159405,1.603655,0.001578,0.002007,101760.02483,56151.532519,1.000046
"theta_t_zerosum__[0, 614]",1.224855,0.275552,0.714163,1.760488,0.000871,0.001177,102634.042952,57242.099563,1.000076
"theta_t_zerosum__[0, 615]",0.900433,0.296222,0.333987,1.434523,0.00103,0.001421,95865.033127,50884.472394,1.000086
"theta_t_zerosum__[0, 616]",1.178703,0.121645,0.947042,1.405108,0.000369,0.000453,108772.929815,63867.244082,1.000019
"theta_t_zerosum__[0, 617]",0.138857,0.240178,-0.314875,0.589101,0.000666,0.000974,132507.468594,58027.458007,1.00018
"theta_t_zerosum__[0, 618]",0.59045,0.090889,0.425606,0.767336,0.000258,0.00035,123907.257925,59867.56538,1.000182
"theta_t_zerosum__[0, 619]",-0.466372,0.479884,-1.382966,0.372885,0.00156,0.001876,109330.632848,57738.068421,1.000136
"theta_t_zerosum__[0, 620]",-0.464422,0.480369,-1.368804,0.398426,0.001545,0.001939,113390.40211,53802.730403,1.000182
"theta_t_zerosum__[0, 621]",-0.934681,0.458995,-1.784897,-0.085044,0.001443,0.001734,109536.446891,59267.613325,1.000011
"theta_t_zerosum__[0, 622]",-1.170093,0.58421,-2.268875,-0.082995,0.00181,0.002129,108993.965248,61289.055479,0.999971
"theta_t_zerosum__[0, 623]",0.313681,0.251529,-0.144888,0.798121,0.000765,0.001055,115141.64333,56771.158919,1.000256
"theta_t_zerosum__[0, 624]",0.160328,0.076128,0.021385,0.30695,0.000217,0.000282,123291.391953,61566.89899,1.00008
"theta_t_zerosum__[0, 625]",0.050331,0.115194,-0.165612,0.266317,0.000318,0.00045,131439.456809,59211.967702,1.00009
"theta_t_zerosum__[0, 626]",0.162499,0.061251,0.048667,0.278918,0.000184,0.00022,110737.004856,60989.565291,1.000109
"theta_t_zerosum__[0, 627]",0.050302,0.124381,-0.185352,0.282283,0.000369,0.000451,114411.653191,63810.041408,1.00003
"theta_t_zerosum__[0, 628]",-0.353306,0.205395,-0.723859,0.04778,0.000588,0.000877,127298.896731,49377.965138,1.000195
"theta_t_zerosum__[0, 629]",-0.058205,0.114691,-0.271097,0.160571,0.000318,0.000464,132954.491316,58973.215878,1.000114
"theta_t_zerosum__[0, 630]",-0.221878,0.089304,-0.391902,-0.055267,0.000254,0.000337,123447.523273,62329.333625,1.000059
"theta_t_zerosum__[0, 631]",-0.411549,0.179889,-0.7506,-0.079402,0.000582,0.000795,105281.583554,55534.653784,1.000149
"theta_t_zerosum__[0, 632]",-0.116141,0.061904,-0.232613,0.000333,0.000193,0.000216,102700.418062,62449.009,1.000046
"theta_t_zerosum__[0, 633]",0.111134,0.165839,-0.202766,0.420903,0.000485,0.000617,117126.16611,59953.183788,1.000037
"theta_t_zerosum__[0, 634]",0.528537,0.26771,0.04154,1.036727,0.000821,0.001102,114573.550713,58090.016626,1.000023
"theta_t_zerosum__[0, 635]",0.675884,0.062466,0.557039,0.791676,0.000191,0.000226,107246.504418,62843.994614,1.000006
"theta_t_zerosum__[0, 636]",0.343318,0.118977,0.114752,0.561917,0.000319,0.000467,139155.800704,62070.325954,1.000088
"theta_t_zerosum__[0, 637]",0.622296,0.059963,0.509965,0.735303,0.000199,0.000199,91156.637716,67116.551477,1.000135
"theta_t_zerosum__[0, 638]",0.466989,0.092743,0.291344,0.639046,0.0003,0.000318,95489.224681,65911.18407,0.999989
"theta_t_zerosum__[0, 639]",-0.119046,0.151711,-0.405657,0.166428,0.000439,0.000585,119708.658882,60983.193274,1.000061
"theta_t_zerosum__[0, 640]",0.124273,0.070089,-0.007339,0.256815,0.0002,0.000251,122675.961575,63638.16065,1.000137
"theta_t_zerosum__[0, 641]",-0.169839,0.113578,-0.386003,0.040271,0.000319,0.000436,128008.721897,61750.057878,1.000189
"theta_t_zerosum__[0, 642]",0.059419,0.057329,-0.048626,0.166634,0.000173,0.000206,109238.947921,60239.671553,1.000093
"theta_t_zerosum__[0, 643]",0.346656,0.2864,-0.192788,0.892597,0.000938,0.001028,93448.679454,55659.13406,1.000032
"theta_t_zerosum__[0, 644]",0.822736,0.10028,0.632444,1.009957,0.000288,0.000385,121353.581131,61044.52043,1.000016
"theta_t_zerosum__[0, 645]",0.741084,0.349551,0.119903,1.411445,0.001139,0.001511,105586.482194,55509.773806,1.000038
"theta_t_zerosum__[0, 646]",0.027212,0.188586,-0.315341,0.390236,0.000729,0.000548,67645.104149,60644.245952,0.999993
"theta_t_zerosum__[0, 647]",0.382682,0.065706,0.261254,0.508484,0.000202,0.000232,106218.680388,63125.166383,1.000018
"theta_t_zerosum__[0, 648]",0.193914,0.11698,-0.032199,0.40726,0.000328,0.000453,127657.091352,58785.650142,0.999995
"theta_t_zerosum__[0, 649]",0.316951,0.065126,0.194243,0.437904,0.000203,0.00023,102819.48412,62697.219988,1.000012
"theta_t_zerosum__[0, 650]",-1.699323,0.139543,-1.964165,-1.442725,0.000445,0.000519,100736.944237,58197.724281,1.000042
"theta_t_zerosum__[0, 651]",-1.297124,0.134813,-1.55141,-1.047128,0.000422,0.000526,106911.026649,57444.070822,1.000079
"theta_t_zerosum__[0, 652]",-1.262278,0.11478,-1.478668,-1.049159,0.000355,0.000445,105951.905872,59985.858465,0.999982
"theta_t_zerosum__[0, 653]",-2.541444,0.217221,-2.955909,-2.137951,0.000668,0.000839,106609.917507,58812.171218,1.000038
"theta_t_zerosum__[0, 654]",-2.723587,0.223462,-3.149708,-2.310179,0.000688,0.00087,106827.211049,57237.238385,1.000064
"theta_t_zerosum__[0, 655]",-2.26654,0.208883,-2.654252,-1.866957,0.000628,0.00082,110826.145041,58891.405803,1.000102
"theta_t_zerosum__[0, 656]",-1.520535,0.207492,-1.900179,-1.1194,0.000599,0.000819,120351.335045,60590.151265,1.000196
"theta_t_zerosum__[0, 657]",-0.530375,0.090731,-0.700877,-0.358562,0.000267,0.000343,115422.091091,60659.978648,1.000223
"theta_t_zerosum__[0, 658]",-0.609989,0.355859,-1.280389,0.044447,0.001053,0.001401,122220.977897,59014.006654,1.00011
"theta_t_zerosum__[0, 659]",-0.451378,0.093368,-0.627397,-0.276499,0.000268,0.00037,121574.180126,59691.950202,0.999995
"theta_t_zerosum__[0, 660]",-0.524111,0.103087,-0.723052,-0.334487,0.000294,0.00042,122710.034353,60538.109259,1.000021
"theta_t_zerosum__[0, 661]",0.204233,0.182289,-0.136685,0.549168,0.000493,0.000716,136926.29263,60812.222366,1.000036
"theta_t_zerosum__[0, 662]",-0.704987,0.104457,-0.900567,-0.507611,0.000308,0.000408,116164.454604,58804.116028,0.999999
"theta_t_zerosum__[0, 663]",-0.876599,0.08825,-1.04148,-0.709568,0.000284,0.000339,97160.068038,59416.342873,1.000059
"theta_t_zerosum__[0, 664]",-0.676411,0.100739,-0.864107,-0.485139,0.000298,0.000391,114445.37343,61088.643213,0.999997
"theta_t_zerosum__[0, 665]",-0.6136,0.073702,-0.752143,-0.4751,0.000234,0.000281,99826.369789,53092.877817,1.000091
"theta_t_zerosum__[0, 666]",-1.162643,0.110391,-1.368942,-0.952957,0.000343,0.000423,104420.223271,59817.754118,1.000107
"theta_t_zerosum__[0, 667]",-0.935453,0.179783,-1.265718,-0.58901,0.000507,0.000701,126531.289606,59365.78298,1.000078
"theta_t_zerosum__[0, 668]",-1.148321,0.168483,-1.470231,-0.840355,0.000486,0.000642,122625.417274,60002.027534,1.000107
"theta_t_zerosum__[0, 669]",-0.179202,0.115165,-0.396234,0.037544,0.000317,0.000448,132194.335288,60905.498034,1.000084
"theta_t_zerosum__[0, 670]",-0.521645,0.144287,-0.796669,-0.255266,0.000399,0.000574,131933.173343,58752.742895,1.000159
"theta_t_zerosum__[0, 671]",-0.040004,0.086743,-0.205433,0.121549,0.000254,0.000319,116545.234187,61801.893234,1.000066
"theta_t_zerosum__[0, 672]",-0.227621,0.120946,-0.454393,-0.00069,0.000333,0.000467,131974.302819,61566.335368,1.000043
"theta_t_zerosum__[0, 673]",0.00261,0.113313,-0.205313,0.219716,0.000309,0.000453,134653.266871,58367.331142,1.000193
"theta_t_zerosum__[0, 674]",-0.498477,0.175908,-0.833495,-0.169816,0.000487,0.000711,130669.278322,56912.282881,1.000138
"theta_t_zerosum__[0, 675]",-0.496907,0.164449,-0.818105,-0.198841,0.000452,0.000652,132842.967416,59646.488024,1.00012
"theta_t_zerosum__[0, 676]",-0.765678,0.171385,-1.091271,-0.446752,0.000477,0.000714,129357.372948,55554.335394,1.000187
"theta_t_zerosum__[0, 677]",-0.467899,0.12025,-0.696626,-0.244688,0.000339,0.00046,126022.32668,62302.365074,1.000076
"theta_t_zerosum__[0, 678]",-0.662648,0.149676,-0.942946,-0.378816,0.000414,0.000609,131958.399661,59793.911221,1.000073
"theta_t_zerosum__[0, 679]",-0.165439,0.233197,-0.60999,0.260547,0.00067,0.000961,128404.598902,58943.260794,1.000048
"theta_t_zerosum__[0, 680]",0.271121,0.085551,0.110673,0.431233,0.000238,0.00033,129274.542564,62834.594835,1.000117
"theta_t_zerosum__[0, 681]",0.451189,0.154124,0.161862,0.742852,0.00042,0.000602,135232.673658,61935.95426,1.000112
"theta_t_zerosum__[0, 682]",0.373242,0.153436,0.08176,0.658286,0.000422,0.000604,131937.732479,60753.282837,1.000098
"theta_t_zerosum__[0, 683]",0.30552,0.11346,0.091038,0.518561,0.000305,0.000443,138777.32452,61291.237866,1.000084
"theta_t_zerosum__[0, 684]",0.373997,0.138069,0.117935,0.63663,0.000386,0.000538,127935.858998,57725.711071,1.000104
"theta_t_zerosum__[0, 685]",0.655568,0.097711,0.470876,0.838565,0.000279,0.000376,123005.091313,59237.461596,1.00017
"theta_t_zerosum__[0, 686]",0.61758,0.110555,0.411745,0.828768,0.000316,0.000447,122273.344316,52967.443282,1.000235
"theta_t_zerosum__[0, 687]",-0.058148,0.096042,-0.239673,0.121532,0.000298,0.000351,103642.369758,62268.20275,1.00007
"theta_t_zerosum__[0, 688]",0.351132,0.158001,0.058033,0.65227,0.000433,0.000631,136066.864742,57976.729429,1.000099
"theta_t_zerosum__[0, 689]",0.345427,0.093235,0.169456,0.519706,0.000277,0.000348,113459.341224,62224.747982,1.000103
"theta_t_zerosum__[0, 690]",0.222021,0.193653,-0.15059,0.568294,0.000613,0.000888,111272.50634,51662.510187,1.000164
"theta_t_zerosum__[0, 691]",0.650196,0.109052,0.4431,0.852294,0.0003,0.000415,131998.505042,59395.486166,1.000238
"theta_t_zerosum__[0, 692]",0.495966,0.539176,-0.601648,1.419076,0.001987,0.002491,82461.084401,50990.802232,1.000205
"theta_t_zerosum__[0, 693]",0.429777,0.505771,-0.54854,1.326956,0.00161,0.002183,113293.588131,55188.82732,1.000089
"theta_t_zerosum__[0, 694]",0.645512,0.100445,0.459913,0.837681,0.000283,0.000391,125844.590451,58214.849821,1.000163
"theta_t_zerosum__[0, 695]",0.478758,0.108023,0.272524,0.680645,0.000301,0.000435,129582.053394,57292.137278,1.000135
"theta_t_zerosum__[0, 696]",0.28109,0.078151,0.136662,0.430991,0.000234,0.000289,111916.640315,61577.454539,1.000135
"theta_t_zerosum__[0, 697]",0.342578,0.10105,0.154695,0.534567,0.000284,0.000389,126895.018081,55961.48801,1.000153
"theta_t_zerosum__[0, 698]",0.392735,0.094768,0.216603,0.573079,0.000265,0.000369,127921.749912,59304.185361,1.00013
"theta_t_zerosum__[0, 699]",0.342843,0.181814,-0.001296,0.678872,0.00055,0.000812,118970.23765,54467.074291,1.000134
"theta_t_zerosum__[0, 700]",0.895425,0.132365,0.650838,1.150108,0.000365,0.000512,132482.868673,59887.964969,1.000129
"theta_t_zerosum__[0, 701]",0.527373,0.501561,-0.452725,1.406044,0.001629,0.002287,109626.573531,53321.939392,1.000086
"theta_t_zerosum__[0, 702]",0.712148,0.091449,0.544247,0.888417,0.00026,0.00035,123696.494657,61741.531699,1.000228
"theta_t_zerosum__[0, 703]",0.511099,0.168679,0.190364,0.821894,0.000498,0.000726,121913.441178,57105.692832,1.000023
"theta_t_zerosum__[0, 704]",0.471437,0.110087,0.269354,0.684461,0.000314,0.000429,123270.551859,60316.729693,1.000047
"theta_t_zerosum__[0, 705]",0.377884,0.110297,0.17139,0.586993,0.000303,0.000435,132540.326714,59629.621421,1.000094
"theta_t_zerosum__[0, 706]",1.144167,0.077356,0.997604,1.289319,0.000246,0.000285,98985.890711,60824.882509,1.000266
"theta_t_zerosum__[0, 707]",0.84421,0.472858,-0.050425,1.716935,0.001489,0.002186,113162.706354,54202.072045,1.0
"theta_t_zerosum__[0, 708]",0.053907,0.681643,-1.283663,1.273963,0.002333,0.00264,87308.119922,61310.703897,1.00011
"theta_t_zerosum__[0, 709]",0.69505,0.109314,0.488002,0.898146,0.000317,0.000408,119269.011425,56454.130545,1.000332
"theta_t_zerosum__[0, 710]",0.558504,0.114613,0.346048,0.776165,0.000317,0.00045,131031.068456,57291.758445,1.000273
"theta_t_zerosum__[0, 711]",0.507459,0.426502,-0.32709,1.230646,0.001586,0.00213,89790.428955,49900.598207,1.000146
"theta_t_zerosum__[0, 712]",-0.466064,0.48294,-1.368548,0.394763,0.001587,0.001968,106458.738971,55864.429693,1.000083
"theta_t_zerosum__[0, 713]",-0.466332,0.480561,-1.388207,0.372212,0.001598,0.001942,105445.92838,53708.08327,1.00011
"theta_t_zerosum__[0, 714]",-0.31866,0.487026,-1.245792,0.538796,0.001605,0.001974,107442.360292,56509.010315,1.000062
"theta_t_zerosum__[0, 715]",0.513911,0.245412,0.044864,0.976684,0.000786,0.001042,101488.151427,56363.625404,1.000231
"theta_t_zerosum__[0, 716]",1.446762,0.202941,1.065876,1.825991,0.000596,0.00085,119695.790474,55990.714281,1.000136
"theta_t_zerosum__[0, 717]",1.335691,0.077802,1.190037,1.483804,0.000265,0.000285,86486.028305,60890.992107,1.000071
"theta_t_zerosum__[0, 718]",0.213878,0.15545,-0.075203,0.509512,0.000419,0.000635,139449.144202,59036.404232,1.000217
"theta_t_zerosum__[0, 719]",-1.440061,0.173492,-1.762663,-1.107685,0.000505,0.000692,117991.443169,58769.912779,1.000183
"theta_t_zerosum__[0, 720]",-2.31785,0.187168,-2.685,-1.981985,0.000591,0.000716,101469.936423,58459.569017,1.000166
"theta_t_zerosum__[0, 721]",-2.168972,0.183927,-2.51728,-1.827708,0.000569,0.000695,105239.504405,60507.247594,1.000112
"theta_t_zerosum__[0, 722]",-2.024402,0.203455,-2.404942,-1.640259,0.000586,0.000804,120656.593442,60213.715484,1.000086
"theta_t_zerosum__[0, 723]",-1.248577,0.121234,-1.480917,-1.024179,0.000418,0.000408,84465.643655,53780.708604,1.000004
"theta_t_zerosum__[0, 724]",-0.324831,0.314492,-0.925299,0.246648,0.00112,0.001359,86439.150634,56069.190402,0.999981
"theta_t_zerosum__[0, 725]",-1.983716,0.261343,-2.481548,-1.494661,0.000765,0.001104,118402.097255,58692.661299,1.000108
"logA_z_zerosum__[0, 0]",0.784011,0.141962,0.5214,1.055487,0.000721,0.000486,38760.895736,52403.882491,1.000112
"logA_z_zerosum__[0, 1]",0.758964,0.223666,0.337202,1.179957,0.001243,0.001256,34374.367867,38225.891468,1.000301
"logA_z_zerosum__[0, 2]",1.987073,0.48541,1.174719,2.754471,0.012861,0.037755,5431.333735,2225.535476,1.002733
"logA_z_zerosum__[0, 3]",0.691902,0.245741,0.228476,1.141801,0.000998,0.001162,63123.171553,50627.853285,1.000143
"logA_z_zerosum__[0, 4]",-0.300216,0.899048,-2.032155,1.300291,0.003922,0.002835,52650.025261,54719.915589,1.000128
"logA_z_zerosum__[0, 5]",0.67712,0.189729,0.32534,1.043721,0.000935,0.000721,41433.763343,51197.709467,1.000142
"logA_z_zerosum__[0, 6]",0.384277,0.128065,0.13898,0.621387,0.000592,0.000435,46662.38246,55808.531897,1.000071
"logA_z_zerosum__[0, 7]",0.046816,0.194518,-0.332747,0.394559,0.000955,0.000715,42070.865659,48397.34014,1.000089
"logA_z_zerosum__[0, 8]",1.173401,0.181587,0.833811,1.515079,0.001049,0.000593,29896.983505,49492.974634,1.000273
"logA_z_zerosum__[0, 9]",-1.185091,0.505364,-2.193329,-0.292263,0.002524,0.002494,43711.584814,37693.612407,1.000035
"logA_z_zerosum__[0, 10]",-0.399548,0.172997,-0.725749,-0.079912,0.000699,0.000676,64043.986888,54882.635142,1.000013
"logA_z_zerosum__[0, 11]",1.021452,0.182231,0.682971,1.368376,0.001008,0.000631,32399.085472,47115.522982,1.000272
"logA_z_zerosum__[0, 12]",-0.351318,0.577472,-1.453006,0.655036,0.002811,0.002555,46225.579223,41366.163319,1.000143
"logA_z_zerosum__[0, 13]",-1.292885,0.426629,-2.110623,-0.54155,0.002097,0.001799,43810.563013,44995.76343,1.000068
"logA_z_zerosum__[0, 14]",-1.077209,0.467441,-1.962298,-0.25529,0.002643,0.002379,33458.885413,37580.738966,1.000293
"logA_z_zerosum__[0, 15]",-0.62495,0.294301,-1.190061,-0.097659,0.001418,0.001652,47803.647548,42068.17169,1.000152
"logA_z_zerosum__[0, 16]",0.368733,0.378974,-0.341772,1.041669,0.001566,0.002152,70505.212524,45317.964578,1.000112
"logA_z_zerosum__[0, 17]",0.465258,0.095352,0.28565,0.643594,0.000457,0.000309,43684.945782,52895.400885,1.000063
"logA_z_zerosum__[0, 18]",0.835387,0.112262,0.620473,1.042895,0.000755,0.000392,22202.453177,39987.54896,1.000327
"logA_z_zerosum__[0, 19]",0.380909,0.643677,-0.870724,1.436193,0.004413,0.004866,26476.627098,21019.93656,1.000208
"logA_z_zerosum__[0, 20]",1.265604,0.163687,0.959663,1.573835,0.001055,0.000544,24121.234663,44265.873994,1.000308
"logA_z_zerosum__[0, 21]",-0.658019,0.363803,-1.341036,-0.003276,0.001561,0.001774,60377.725707,46333.644959,1.000181
"logA_z_zerosum__[0, 22]",-0.034322,0.057896,-0.142455,0.07469,0.000245,0.000193,55985.187274,57140.4127,1.000014
"logA_z_zerosum__[0, 23]",-2.608124,0.523067,-3.612158,-1.673244,0.00274,0.001772,36741.664435,51533.127559,1.000181
"logA_z_zerosum__[0, 24]",0.241594,0.26708,-0.277865,0.720148,0.001465,0.001243,34879.708589,39473.750683,1.000058
"logA_z_zerosum__[0, 25]",-1.509868,0.620951,-2.697046,-0.352566,0.003197,0.002147,37677.252185,45418.541496,1.00033
"logA_z_zerosum__[0, 26]",0.587545,0.36645,-0.082257,1.242228,0.002115,0.003602,41933.568752,29251.539283,1.000282
"logA_z_zerosum__[0, 27]",0.717878,0.147175,0.441201,0.99555,0.000751,0.0005,38387.460323,51428.686952,1.000091
"logA_z_zerosum__[0, 28]",0.075729,0.288153,-0.466582,0.593297,0.001369,0.001582,49167.415542,42043.113399,1.000145
"logA_z_zerosum__[0, 29]",1.24455,0.347746,0.589582,1.884266,0.001632,0.001655,46951.471497,49595.098635,1.000061
"logA_z_zerosum__[0, 30]",-0.377487,0.254616,-0.866376,0.079161,0.001174,0.001016,49388.044334,50037.009579,0.999979
"logA_z_zerosum__[0, 31]",-1.448624,0.808966,-2.931051,0.094184,0.003116,0.002558,67384.675228,61200.630955,1.000027
"logA_z_zerosum__[0, 32]",1.923529,0.189629,1.567186,2.276425,0.001623,0.000781,13661.253252,29068.911329,1.0006
"logA_z_zerosum__[0, 33]",1.191305,0.123901,0.961472,1.427088,0.000978,0.000469,16015.234948,33494.054112,1.000624
"logA_z_zerosum__[0, 34]",0.506874,0.55568,-0.565733,1.403858,0.004772,0.006798,19635.421913,13355.974723,1.000484
"logA_z_zerosum__[0, 35]",-0.026076,0.694455,-1.366221,1.171227,0.003567,0.003098,40661.946648,39029.390085,1.00009
"logA_z_zerosum__[0, 36]",-0.607243,0.248064,-1.076515,-0.156002,0.001228,0.00093,41978.428628,48766.860298,1.000125
"logA_z_zerosum__[0, 37]",-0.742093,0.748729,-2.14461,0.617248,0.003024,0.002684,64578.867681,52944.569347,1.000128
"logA_z_zerosum__[0, 38]",0.402499,0.052425,0.303868,0.499995,0.000348,0.000171,22856.692433,41585.984318,1.000253
"logA_z_zerosum__[0, 39]",-0.716625,0.350597,-1.369557,-0.080498,0.001437,0.001459,64376.342235,51805.523744,1.000064
"logA_z_zerosum__[0, 40]",-0.005115,0.160503,-0.324355,0.278044,0.00059,0.000586,75373.983073,57735.990214,1.000081
"logA_z_zerosum__[0, 41]",-0.379416,0.264676,-0.889116,0.091381,0.001051,0.001102,67828.328408,51673.066545,1.000102
"logA_z_zerosum__[0, 42]",-0.085748,0.1284,-0.327522,0.155868,0.000499,0.000448,66939.467884,60525.361656,1.000024
"logA_z_zerosum__[0, 43]",1.030507,0.200097,0.657489,1.412721,0.001302,0.000731,23582.76152,41578.245533,1.000238
"logA_z_zerosum__[0, 44]",0.81105,0.180119,0.465809,1.145366,0.000867,0.000639,43067.83715,52955.359177,1.000046
"logA_z_zerosum__[0, 45]",-1.438295,0.485246,-2.361998,-0.561067,0.001793,0.001889,79027.707648,51843.375658,1.000076
"logA_z_zerosum__[0, 46]",0.531336,0.122945,0.300984,0.76445,0.000588,0.000414,43609.252705,55798.881501,1.000117
"logA_z_zerosum__[0, 47]",1.359149,0.17107,1.033636,1.676018,0.001186,0.000637,20821.376927,36991.368382,1.000248
"logA_z_zerosum__[0, 48]",-0.228846,0.222707,-0.641856,0.186223,0.000826,0.000868,76747.720277,56662.994237,1.000017
"logA_z_zerosum__[0, 49]",-1.43029,0.278798,-1.951005,-0.912521,0.00141,0.001009,38996.229596,53029.656943,1.000197
"logA_z_zerosum__[0, 50]",-0.205677,0.15191,-0.49896,0.072699,0.000601,0.000546,65394.098207,58590.029684,1.000067
"logA_z_zerosum__[0, 51]",-0.288538,0.151762,-0.577848,-0.007408,0.000623,0.000571,61102.641343,54184.432743,1.00007
"logA_z_zerosum__[0, 52]",-0.122532,0.067344,-0.254672,-0.000947,0.000302,0.000223,50268.093722,56256.743923,1.000056
"logA_z_zerosum__[0, 53]",-1.162847,0.384821,-1.893034,-0.47163,0.001713,0.001644,55594.905074,44486.635369,1.000141
"logA_z_zerosum__[0, 54]",1.671243,0.160286,1.369974,1.968319,0.001406,0.000671,12968.359521,27115.415882,1.000668
"logA_z_zerosum__[0, 55]",-0.130029,0.291213,-0.680559,0.39734,0.001282,0.001357,56603.658115,46308.527171,1.000123
"logA_z_zerosum__[0, 56]",-0.233033,0.090911,-0.408247,-0.066824,0.000391,0.000317,54831.814293,57165.466273,1.000095
"logA_z_zerosum__[0, 57]",0.121358,0.074747,-0.019796,0.262581,0.000372,0.000236,40463.980829,55933.315162,1.000246
"logA_z_zerosum__[0, 58]",-1.321805,0.244105,-1.79087,-0.881632,0.001331,0.000911,33937.345252,47155.663901,1.00023
"logA_z_zerosum__[0, 59]",-0.584304,0.138387,-0.846799,-0.330138,0.000719,0.00048,37462.916222,49233.126372,1.00012
"logA_z_zerosum__[0, 60]",0.130848,0.167599,-0.187081,0.443537,0.000671,0.000645,63972.298013,52171.317967,0.999993
"logA_z_zerosum__[0, 61]",0.709788,0.137338,0.450858,0.969211,0.000739,0.000468,34486.12785,49882.625253,1.000163
"logA_z_zerosum__[0, 62]",-0.020324,0.120191,-0.24428,0.208432,0.000447,0.000419,73263.74582,57101.735993,1.000154
"logA_z_zerosum__[0, 63]",-0.746087,0.862331,-2.372067,0.824983,0.00444,0.002865,37494.413119,47558.809058,1.000101
"logA_z_zerosum__[0, 64]",-0.879804,0.350703,-1.537302,-0.247966,0.001518,0.001413,57028.801318,52016.594048,1.00004
"logA_z_zerosum__[0, 65]",0.582014,0.114571,0.368964,0.800665,0.0006,0.000377,36472.957584,50049.672176,1.000162
"logA_z_zerosum__[0, 66]",0.129482,0.155902,-0.17337,0.412686,0.00069,0.000544,51795.884198,54504.823051,1.000129
"logA_z_zerosum__[0, 67]",0.347528,0.172969,0.007236,0.661049,0.000641,0.000672,73990.108821,59044.481966,1.000017
"logA_z_zerosum__[0, 68]",-0.654042,0.684959,-1.988281,0.551088,0.006154,0.005,13522.51976,14083.602746,1.000304
"logA_z_zerosum__[0, 69]",-0.963545,0.75412,-2.414471,0.376993,0.002867,0.002704,73759.123176,56778.918315,1.000097
"logA_z_zerosum__[0, 70]",0.328439,0.34907,-0.327046,0.950771,0.002116,0.002984,33646.434547,25217.120223,1.000148
"logA_z_zerosum__[0, 71]",1.291515,0.126233,1.060749,1.533336,0.001061,0.000502,14156.569666,29828.074776,1.000637
"logA_z_zerosum__[0, 72]",-1.7308,0.415869,-2.520239,-0.979833,0.001777,0.001575,56931.230668,53615.542391,1.000068
"logA_z_zerosum__[0, 73]",-0.862496,0.583819,-2.015449,0.129639,0.003858,0.003207,24611.333556,24882.845259,1.000107
"logA_z_zerosum__[0, 74]",1.407614,0.226002,0.979998,1.831004,0.001372,0.000804,27040.924202,43363.140865,1.000225
"logA_z_zerosum__[0, 75]",0.256892,0.378167,-0.439139,0.911942,0.002624,0.004647,28808.647119,21492.071886,1.000091
"logA_z_zerosum__[0, 76]",-0.161907,0.23712,-0.621674,0.260872,0.000932,0.000955,68687.327644,51940.199481,1.000008
"logA_z_zerosum__[0, 77]",-0.478558,0.340287,-1.125342,0.146967,0.002027,0.001388,28771.083725,38286.357523,1.000334
"logA_z_zerosum__[0, 78]",-0.417152,0.18322,-0.765423,-0.081478,0.000742,0.00066,63666.262206,50164.174863,1.000039
"logA_z_zerosum__[0, 79]",0.779156,0.244619,0.316325,1.234507,0.001274,0.000923,37198.190917,47294.195212,1.000111
"logA_z_zerosum__[0, 80]",1.013832,0.153831,0.730606,1.311053,0.000968,0.000512,25265.64835,45773.832084,1.000249
"logA_z_zerosum__[0, 81]",0.953254,0.419217,0.163539,1.688762,0.002214,0.002961,42274.647579,35543.338366,1.000176
"logA_z_zerosum__[0, 82]",-1.874458,0.522778,-2.879498,-0.947015,0.002442,0.001973,47603.408076,49175.657014,1.000062
"logA_z_zerosum__[0, 83]",-1.569233,0.324437,-2.191369,-0.99135,0.001604,0.001274,41092.546323,51487.955935,1.000069
"logA_z_zerosum__[0, 84]",-1.454171,0.220415,-1.877194,-1.054753,0.001336,0.000774,27282.091192,48204.652752,1.000328
"logA_z_zerosum__[0, 85]",0.838222,0.216821,0.431386,1.233056,0.001222,0.001637,34797.363764,35441.400259,1.000118
"logA_z_zerosum__[0, 86]",-1.173607,0.378776,-1.886682,-0.49583,0.001717,0.001581,51968.82345,47429.490278,1.000078
"logA_z_zerosum__[0, 87]",-0.781294,0.232256,-1.213514,-0.348719,0.00104,0.000879,51216.462497,52080.159178,1.000096
D_z[AISI CTF Suites - Apprentice],0.392894,0.061881,0.277597,0.509478,0.000356,0.000212,30429.213131,48118.338123,1.000163
D_z[AISI CTF Suites - Expert],0.901145,0.147941,0.623843,1.184062,0.000971,0.000638,23309.437621,37424.763998,1.00033
D_z[AISI CTF Suites - Practitioner],1.135724,0.406523,0.336455,1.872105,0.006874,0.01099,6175.652408,2213.942346,1.002565
D_z[AISI CTF Suites - Technical Non-Expert],-0.693545,0.098181,-0.877726,-0.50859,0.000594,0.000332,27432.582663,44794.369366,1.000233
D_z[AISI Cyber Ranges - Cooling Tower],1.804263,0.319147,1.196716,2.401619,0.001644,0.00118,38056.057485,52787.012179,1.000307
D_z[AISI Cyber Ranges - The Last Ones],1.021762,0.14161,0.760745,1.293957,0.000937,0.000508,22851.498878,42009.455736,1.000253
D_z[APEX-Agents],1.237735,0.111004,1.033024,1.450547,0.001004,0.000486,12231.294202,24523.241774,1.000786
D_z[ARC AI2],-1.178403,0.146554,-1.452319,-0.904103,0.001074,0.000542,18735.51622,35343.321822,1.000258
D_z[Aider Polyglot],-0.082333,0.040595,-0.16001,-0.007035,0.000146,0.000141,78086.738051,62528.934687,1.000086
D_z[AudioMultiChallenge],0.140202,0.062297,0.020589,0.259264,0.000325,0.000371,38886.526181,40943.248945,1.000067
D_z[Balrog],0.373502,0.043345,0.293613,0.456095,0.000302,0.000154,20576.153626,39401.509582,1.000341
D_z[BioLP-bench],0.536877,0.071238,0.403064,0.671083,0.00045,0.000241,25209.543093,43756.153729,1.000368
D_z[BlueprintBench 2],1.228708,0.228479,0.798746,1.650755,0.001294,0.00076,31318.603762,45678.828524,1.000244
D_z[CL-bench],0.912522,0.084898,0.754928,1.072995,0.000729,0.000353,13537.133206,28385.452627,1.000638
D_z[CL-bench Life],1.166509,0.122418,0.938983,1.396838,0.000981,0.000485,15486.975363,29948.696652,1.000281
D_z[CTI-REALM],0.150991,0.049476,0.060661,0.24821,0.000228,0.000207,48292.461382,48508.161096,1.00022
D_z[CadEval],-0.001676,0.068332,-0.130896,0.127676,0.000229,0.000258,90030.221818,61277.015882,1.000017
D_z[Chess Puzzles],1.155005,0.096815,0.975619,1.338922,0.00091,0.000447,11301.97652,23494.002804,1.000784
D_z[CritPt],1.999721,0.165448,1.692506,2.314281,0.001575,0.000778,11035.997512,23079.013572,1.000905
D_z[CyScenarioBench],2.196207,0.445247,1.35982,3.027686,0.002618,0.001515,28625.344083,35015.591456,1.000187
D_z[Cybench],0.42461,0.060471,0.311132,0.537773,0.000376,0.000205,26011.453905,44820.376812,1.000316
D_z[CyberGym],-0.115884,0.096335,-0.302562,0.063522,0.000373,0.000344,67324.669198,56320.071637,0.999996
D_z[DTBench],-0.604765,0.049708,-0.69975,-0.513002,0.000472,0.000231,11069.525969,23204.416069,1.000856
D_z[DeepResearch Bench],0.134633,0.031923,0.076686,0.195384,0.000181,0.000105,31494.373531,48094.621212,1.000258
D_z[DeepSWE],0.690732,0.136602,0.435722,0.950084,0.000859,0.000498,25242.743654,40372.930024,1.000205
D_z[DrugDiscoveryBench],0.443144,0.106122,0.260106,0.644782,0.000616,0.000555,31122.586273,40312.080474,1.000465
D_z[EBR-bench],1.472797,0.272924,0.966269,1.997332,0.001643,0.001223,28260.634045,30183.581967,1.00018
D_z[EnigmaEval],1.662855,0.143901,1.395091,1.934361,0.001304,0.000639,12176.173195,24807.406614,1.000691
D_z[ExploitBench],1.018461,0.154392,0.725443,1.307793,0.000958,0.000554,26091.320983,45422.82383,1.000229
D_z[Fiction.LiveBench],-0.199006,0.0666,-0.32471,-0.074251,0.000255,0.000237,68830.866148,58084.845154,1.000065
D_z[FrontierCode],0.835353,0.107401,0.637755,1.0406,0.000715,0.000382,22650.63647,41179.132671,1.000336
D_z[FrontierMath Erdos],2.782747,0.401939,2.030374,3.540478,0.001995,0.001351,40657.151519,53018.900175,1.000132
D_z[FrontierMath Tier 4 v2],2.245927,0.213694,1.847799,2.649418,0.001834,0.000885,13574.665589,27683.567151,1.000632
D_z[FrontierMath Tiers 1-3 v2],0.889648,0.080514,0.734685,1.037333,0.00072,0.000339,12513.41409,26750.565884,1.000789
D_z[FrontierSWE v2],1.584401,0.321017,0.965273,2.175353,0.002394,0.001508,18018.282759,16997.262102,1.000542
D_z[GBAEval],1.213506,0.306057,0.666127,1.802356,0.001577,0.001023,37863.260047,52968.89388,1.000058
D_z[GDP.pdf],1.203092,0.116488,0.982682,1.419459,0.000973,0.000483,14268.045085,29525.771692,1.000771
D_z[GDPval],0.332263,0.111924,0.125261,0.546817,0.000442,0.000412,65226.776273,58813.105581,1.000066
D_z[GPQA Diamond],-0.453031,0.037691,-0.523809,-0.382426,0.000356,0.000174,11216.512679,23939.787788,1.000762
D_z[GPQA Diamond Biology],-0.353795,0.065603,-0.480313,-0.234701,0.000341,0.000213,37210.969285,53480.118553,1.000191
D_z[GPQA Diamond Chemistry],-0.140123,0.043444,-0.223639,-0.060328,0.000184,0.000145,56138.68372,59846.877771,1.000074
D_z[GPQA Main Biology],-0.475934,0.06678,-0.600069,-0.348528,0.000418,0.000231,25575.219505,43853.805156,1.000398
D_z[GPQA Main Chemistry],-0.079501,0.032728,-0.141727,-0.018845,0.00013,0.000114,64570.212616,54969.98512,1.000027
D_z[GSM8K],-1.606293,0.214962,-2.014346,-1.207391,0.001562,0.000832,19006.091541,34826.812347,1.000229
D_z[GSO-Bench],1.465627,0.143726,1.202328,1.741407,0.001178,0.000559,14872.463602,31688.658673,1.000494
D_z[GeoBench],-0.320681,0.060407,-0.433413,-0.206551,0.000293,0.00022,42855.250749,50136.717128,1.000094
D_z[HLE],1.11223,0.09493,0.931479,1.287785,0.000876,0.000424,11731.289418,25231.669751,1.000814
D_z[InterCode-CTF],-1.050837,0.124729,-1.286748,-0.819051,0.000846,0.000443,21733.437565,40188.773502,1.000339
D_z[LAB-Bench Cloning],0.019557,0.045949,-0.066878,0.106093,0.000163,0.000157,79733.710166,63104.66116,1.000116
D_z[LAB-Bench LitQA2],0.075251,0.027707,0.02254,0.12696,0.000112,9.6e-05,61160.507711,57121.050181,1.000065
D_z[LAB-Bench Protocol],-0.411275,0.047709,-0.50089,-0.322023,0.000351,0.000173,18544.805838,35896.096406,1.000348
D_z[LAB-Bench SeqQA],-0.2868,0.039122,-0.358751,-0.212104,0.000251,0.000134,24428.840545,43560.391283,1.000408
D_z[LMCA],0.588017,0.048515,0.497375,0.679882,0.000464,0.000226,10935.809595,23595.025839,1.000849
D_z[Lech Mazur Writing],-0.639634,0.057062,-0.747423,-0.533615,0.000505,0.000238,12728.331066,28084.960605,1.000677
D_z[MATH Level 5],-1.084453,0.100592,-1.277531,-0.900532,0.000862,0.000417,13609.707012,27984.441201,1.00057
D_z[MCP Atlas],-0.020566,0.081765,-0.174616,0.134912,0.000334,0.000289,60736.479497,53067.639206,1.00003
D_z[METR Time Horizons],-0.087026,0.018278,-0.121905,-0.053379,8.7e-05,6.1e-05,44048.440394,57491.899116,1.000105
D_z[MMLU],-1.13362,0.094246,-1.310667,-0.958301,0.000889,0.000449,11224.086118,22998.046376,1.00072
D_z[MMLU Biology],-0.631477,0.05635,-0.737814,-0.526844,0.0005,0.000242,12700.140948,27048.07035,1.000798
D_z[MMLU Chemistry],-0.523792,0.048936,-0.616559,-0.432755,0.000416,0.000206,13816.412014,28604.887227,1.000613
D_z[MMLU Pro Biology],-1.227157,0.109969,-1.433056,-1.020729,0.000979,0.000473,12613.08377,26771.87166,1.000827
D_z[MMLU Pro Chemistry],-1.004626,0.097654,-1.185593,-0.819155,0.000808,0.000388,14585.688431,30187.931752,1.000539
D_z[MMLU-Pro],-0.704225,0.061942,-0.819493,-0.587813,0.000554,0.000268,12469.614514,26460.877966,1.000696
D_z[MirrorCode],1.07225,0.338825,0.498467,1.7266,0.001718,0.00152,41130.623854,44498.343426,1.000102
D_z[MultiChallenge],0.01297,0.041384,-0.064646,0.091906,0.000149,0.000141,77558.650532,62136.071035,0.999988
D_z[MultiNRC],0.617349,0.057962,0.508382,0.726413,0.0005,0.000237,13444.547112,29588.397809,1.000703
D_z[Mystery Game Puzzles],1.089501,0.099321,0.907157,1.279353,0.000867,0.000411,13133.824516,28416.884025,1.000692
D_z[NL2Bash],-0.758459,0.103463,-0.954171,-0.563829,0.000637,0.000354,26396.125784,44809.177515,1.000327
D_z[OEIS Open Lite],0.794105,0.224679,0.384374,1.204592,0.001831,0.001137,14497.928466,21052.455167,1.000333
D_z[OSWorld],0.065863,0.143195,-0.201357,0.340045,0.000436,0.000571,108990.710815,61707.023073,1.000032
D_z[OSWorld 2.0],1.672032,0.2263,1.240849,2.094253,0.001635,0.000907,19128.017402,30108.239822,1.000376
D_z[OTIS Mock AIME 2024-2025],-0.077708,0.025959,-0.126639,-0.028998,0.000105,8.4e-05,61086.351461,59190.415358,1.000109
D_z[PRBench],0.211082,0.042226,0.131136,0.290153,0.000211,0.000142,40298.616619,54042.65451,1.000221
D_z[PostTrainBench v1.1],0.893762,0.173173,0.579778,1.223001,0.001243,0.000727,19323.421363,31853.035518,1.000236
D_z[ProofBench],1.493305,0.205852,1.099041,1.874145,0.001452,0.000763,20141.3933,36669.531908,1.000524
D_z[Remote Labor Index],2.264388,0.246881,1.796026,2.726059,0.00198,0.001095,15532.543894,25910.002164,1.000635
D_z[SEAL Tool Use (Enterprise)],-0.371722,0.056166,-0.47931,-0.268655,0.000341,0.000192,27209.306586,46061.712631,1.000081
D_z[SWE Atlas],0.657268,0.117419,0.441199,0.874807,0.000803,0.000469,21318.790069,38574.934613,1.000437
D_z[SimpleQA Verified],0.479106,0.055164,0.376562,0.582539,0.000392,0.000187,19781.014575,39834.522853,1.000336
D_z[Surface Evolver Bench],0.415153,0.121551,0.187247,0.642779,0.000647,0.000405,35444.792498,49871.615393,1.00017
D_z[Terminal Bench 2.0],0.549547,0.065249,0.428649,0.672857,0.000488,0.000233,17879.362698,36291.927482,1.000243
D_z[The Agent Company],0.218594,0.109289,0.012835,0.424471,0.000475,0.000387,53731.265427,49907.470633,1.000073
D_z[TriviaQA],-0.825154,0.110098,-1.034092,-0.62392,0.00074,0.000397,22169.657641,41845.111506,1.000355
D_z[TutorBench],0.069743,0.024961,0.023187,0.116993,0.000105,8.6e-05,56344.130685,58612.799569,1.000187
D_z[Visual Task Assessment (VISTA)],0.154214,0.019827,0.116966,0.191308,0.00013,6.9e-05,23274.537115,41020.855572,1.000298
D_z[VisualToolBench],1.444298,0.141518,1.180828,1.711891,0.001184,0.000565,14324.537471,29525.718106,1.000616
D_z[WMDP Biology],-0.897377,0.086326,-1.055445,-0.732691,0.000725,0.000351,14154.402824,30101.713087,1.000663
D_z[WMDP Chemistry],-0.520899,0.059313,-0.63363,-0.411329,0.000434,0.000214,18618.676242,37945.182614,1.000425
D_z[WeirdML v2],0.230577,0.025726,0.182238,0.278551,0.00019,9.1e-05,18349.481117,36586.908142,1.000358
sigma_b[AISI CTF Suites - Apprentice],0.069798,0.013456,0.046311,0.094948,4.9e-05,5.3e-05,81013.972562,63884.793738,0.999989
sigma_b[AISI CTF Suites - Expert],0.05369,0.016337,0.025206,0.084125,7.6e-05,7.2e-05,47527.062618,53817.898579,1.000256
sigma_b[AISI CTF Suites - Practitioner],0.073016,0.031598,0.023723,0.133656,0.000507,0.000766,7077.517286,2671.788092,1.001837
sigma_b[AISI CTF Suites - Technical Non-Expert],0.10888,0.01934,0.075952,0.146036,7.1e-05,7.5e-05,81266.904934,60646.524065,1.000095
sigma_b[AISI Cyber Ranges - Cooling Tower],0.146236,0.036296,0.085364,0.215594,0.000131,0.000149,80600.244258,60317.773063,1.000076
sigma_b[AISI Cyber Ranges - The Last Ones],0.064024,0.015565,0.03722,0.09294,6.6e-05,6.3e-05,57645.98763,59933.108911,1.000035
sigma_b[APEX-Agents],0.07247,0.007955,0.05842,0.088126,3.1e-05,2.5e-05,68150.627193,66840.300926,1.000002
sigma_b[ARC AI2],0.122577,0.011252,0.101489,0.143559,4e-05,3.6e-05,77810.693827,65754.882273,1.000044
sigma_b[Aider Polyglot],0.117144,0.012407,0.094008,0.140376,4.8e-05,3.9e-05,68199.526643,66838.427363,1.000103
sigma_b[AudioMultiChallenge],0.038518,0.017149,0.011961,0.069973,8.5e-05,9.8e-05,45852.066011,47371.502659,1.000048
sigma_b[Balrog],0.068985,0.009282,0.052368,0.086547,3.3e-05,3.5e-05,84940.586237,62946.622068,1.000058
sigma_b[BioLP-bench],0.079867,0.010138,0.062057,0.09933,3.3e-05,3.7e-05,100068.27032,62817.379889,0.999997
sigma_b[BlueprintBench 2],0.203403,0.023857,0.161007,0.249864,7.9e-05,8.5e-05,92538.992983,63951.413896,1.000031
sigma_b[CL-bench],0.037282,0.006643,0.025562,0.04975,2.4e-05,2.6e-05,78077.450312,64374.632077,1.000118
sigma_b[CL-bench Life],0.046659,0.009945,0.029748,0.065697,4.3e-05,3.6e-05,53629.334164,61017.953094,1.00007
sigma_b[CTI-REALM],0.043247,0.012036,0.023567,0.066324,5.1e-05,5.1e-05,57992.370625,59658.417529,1.00002
sigma_b[CadEval],0.101854,0.018959,0.068855,0.137326,6.8e-05,7.7e-05,83530.921515,61867.524283,1.000104
sigma_b[Chess Puzzles],0.120038,0.006121,0.10849,0.13135,2e-05,2e-05,99023.397402,64967.42292,1.000029
sigma_b[CritPt],0.079764,0.006113,0.06834,0.091154,2.6e-05,1.9e-05,55750.371639,62149.665416,1.000046
sigma_b[CyScenarioBench],0.158944,0.035835,0.096805,0.226464,0.000163,0.000125,49836.051154,60403.64627,1.000074
sigma_b[Cybench],0.092318,0.01321,0.068512,0.117297,4.9e-05,4.5e-05,75384.248656,64874.796545,1.000057
sigma_b[CyberGym],0.093505,0.015625,0.066085,0.122766,5.1e-05,6.3e-05,105807.804222,61035.789054,1.000021
sigma_b[DTBench],0.057375,0.003748,0.050348,0.064376,1.2e-05,1.2e-05,91358.151749,69561.825182,1.000041
sigma_b[DeepResearch Bench],0.049782,0.006239,0.038494,0.061591,2.3e-05,2.2e-05,76602.4374,64463.939163,1.000135
sigma_b[DeepSWE],0.128239,0.011816,0.106368,0.150474,4.5e-05,3.7e-05,68275.556525,65013.059932,1.000106
sigma_b[DrugDiscoveryBench],0.076472,0.015287,0.04986,0.10496,5.6e-05,6.4e-05,78180.688826,62667.700207,1.000047
sigma_b[EBR-bench],0.17058,0.027644,0.123336,0.222967,0.000125,0.000149,58982.374875,38769.788521,1.000112
sigma_b[EnigmaEval],0.06093,0.007348,0.047793,0.074886,2.5e-05,2.6e-05,86048.387309,65500.716505,0.999992
sigma_b[ExploitBench],0.095198,0.017896,0.063571,0.128936,6.8e-05,6.8e-05,72060.922887,60936.881362,1.000104
sigma_b[Fiction.LiveBench],0.166225,0.018971,0.131661,0.202398,7.4e-05,5.9e-05,66519.095573,59981.691391,1.000087
sigma_b[FrontierCode],0.082569,0.012638,0.059329,0.105907,4.6e-05,4.4e-05,76031.357295,63390.705555,1.000087
sigma_b[FrontierMath Erdos],0.074673,0.028905,0.032293,0.126692,0.000112,0.000174,84378.37601,57779.7435,1.000007
sigma_b[FrontierMath Tier 4 v2],0.090962,0.011955,0.06946,0.113748,5.2e-05,3.8e-05,52873.192498,60093.095248,1.00007
sigma_b[FrontierMath Tiers 1-3 v2],0.081431,0.008133,0.066361,0.096999,3.6e-05,2.4e-05,50009.148979,60719.187189,1.000107
sigma_b[FrontierSWE v2],0.086879,0.023816,0.046526,0.131464,0.00013,0.000108,36663.879296,42337.518049,1.000243
sigma_b[GBAEval],0.278129,0.027223,0.227173,0.328912,9.4e-05,8.8e-05,83027.26813,65949.421019,0.999995
sigma_b[GDP.pdf],0.057564,0.007955,0.043373,0.072656,2.9e-05,2.8e-05,74845.794334,64122.541898,1.000084
sigma_b[GDPval],0.141501,0.024235,0.099069,0.187101,7.6e-05,9.8e-05,108985.367011,62870.632923,1.000034
sigma_b[GPQA Diamond],0.05637,0.003087,0.050771,0.062362,1.2e-05,9e-06,63030.867243,64092.780968,1.000094
sigma_b[GPQA Diamond Biology],0.106115,0.011252,0.085619,0.127269,3.4e-05,4.5e-05,118283.038663,57322.798462,1.000107
sigma_b[GPQA Diamond Chemistry],0.076296,0.008538,0.06068,0.092318,2.6e-05,3.2e-05,111440.247535,64076.425768,0.999988
sigma_b[GPQA Main Biology],0.090583,0.009949,0.072436,0.109153,2.9e-05,3.9e-05,121629.803562,61072.002189,1.000021
sigma_b[GPQA Main Chemistry],0.055185,0.006493,0.043252,0.067347,2e-05,2.4e-05,109420.324296,64894.00531,1.000073
sigma_b[GSM8K],0.131745,0.015151,0.104278,0.161114,7.4e-05,4.6e-05,41570.878258,55839.580658,1.000066
sigma_b[GSO-Bench],0.086168,0.011406,0.065662,0.107693,4.1e-05,3.9e-05,78325.938663,65916.354468,1.000129
sigma_b[GeoBench],0.139582,0.015046,0.112156,0.167723,4.4e-05,5.7e-05,123128.948854,62267.956364,1.000059
sigma_b[HLE],0.052063,0.007015,0.039366,0.065398,2.6e-05,2.3e-05,73792.502601,66418.541684,1.000076
sigma_b[InterCode-CTF],0.064708,0.015938,0.038166,0.094137,6.8e-05,8.4e-05,65138.268363,47407.522706,1.000027
sigma_b[LAB-Bench Cloning],0.081191,0.00948,0.064518,0.099485,2.8e-05,3.6e-05,117741.882319,62339.087049,1.000119
sigma_b[LAB-Bench LitQA2],0.050044,0.006058,0.039157,0.061383,1.8e-05,2.4e-05,117703.347523,63219.146121,1.000069
sigma_b[LAB-Bench Protocol],0.055234,0.00663,0.043289,0.067676,2e-05,2.5e-05,113163.553713,61807.07011,1.000117
sigma_b[LAB-Bench SeqQA],0.053004,0.0065,0.041184,0.065165,2e-05,2.5e-05,109625.725877,62421.796284,1.000219
sigma_b[LMCA],0.053765,0.003963,0.046435,0.061266,1.3e-05,1.3e-05,93777.27238,68901.110684,1.00007
sigma_b[Lech Mazur Writing],0.06967,0.007048,0.05695,0.083074,2.2e-05,2.8e-05,111402.959452,58516.42174,1.000036
sigma_b[MATH Level 5],0.094361,0.008648,0.078348,0.110764,3.5e-05,2.6e-05,61945.833998,55128.074824,1.000051
sigma_b[MCP Atlas],0.082882,0.011808,0.062003,0.105291,4.1e-05,4.1e-05,84480.095358,66035.609764,0.99999
sigma_b[METR Time Horizons],0.047099,0.0058,0.036492,0.057909,2.1e-05,2.4e-05,76901.867068,59571.805953,1.000124
sigma_b[MMLU],0.060305,0.004805,0.051353,0.06929,2.4e-05,1.5e-05,41055.699132,54494.197988,1.000065
sigma_b[MMLU Biology],0.042415,0.005175,0.033076,0.05213,1.6e-05,2e-05,117753.954325,62770.424854,1.00008
sigma_b[MMLU Chemistry],0.042794,0.005218,0.033506,0.05282,1.6e-05,1.9e-05,108764.89481,65508.094059,1.000053
sigma_b[MMLU Pro Biology],0.048875,0.006301,0.037677,0.060797,2e-05,2.3e-05,101837.322956,66017.907413,1.000068
sigma_b[MMLU Pro Chemistry],0.063998,0.007993,0.049655,0.079232,2.6e-05,2.8e-05,96456.046847,64683.536555,1.000002
sigma_b[MMLU-Pro],0.0611,0.006683,0.049334,0.074157,2.4e-05,2.3e-05,81361.358518,59402.262769,1.000013
sigma_b[MirrorCode],0.158679,0.031232,0.104975,0.218539,0.0001,0.000126,101358.175177,62042.22302,1.000036
sigma_b[MultiChallenge],0.074084,0.009841,0.056696,0.092757,3.2e-05,3.9e-05,100631.532998,61971.289009,1.000146
sigma_b[MultiNRC],0.0528,0.007643,0.03897,0.067291,3.1e-05,2.4e-05,60608.238311,64869.369581,0.999989
sigma_b[Mystery Game Puzzles],0.104973,0.007401,0.091421,0.119092,2.8e-05,2.4e-05,72389.919024,65306.538415,1.000068
sigma_b[NL2Bash],0.100119,0.0187,0.067265,0.134734,6.5e-05,7.5e-05,88716.881737,63494.186938,0.999984
sigma_b[OEIS Open Lite],0.042478,0.01705,0.014822,0.074004,8.1e-05,7.6e-05,41855.742082,54053.879157,1.000112
sigma_b[OSWorld],0.193779,0.03269,0.136953,0.256953,0.000102,0.000117,107860.782064,67083.829474,1.000085
sigma_b[OSWorld 2.0],0.070471,0.015722,0.04278,0.099508,6.9e-05,6.8e-05,55550.801413,54976.661975,1.000027
sigma_b[OTIS Mock AIME 2024-2025],0.142991,0.006914,0.130261,0.156179,2.5e-05,2.2e-05,77679.2732,65687.912892,1.000006
sigma_b[PRBench],0.082665,0.009992,0.065148,0.101787,3.1e-05,3.9e-05,113315.506404,61881.750752,0.999987
sigma_b[PostTrainBench v1.1],0.054198,0.012319,0.032894,0.077062,4.7e-05,5e-05,71149.45869,60924.269718,1.000052
sigma_b[ProofBench],0.170514,0.01833,0.136528,0.204873,8.3e-05,5.6e-05,48548.577528,57695.854401,1.000059
sigma_b[Remote Labor Index],0.047964,0.011991,0.027496,0.069885,5.9e-05,5.5e-05,44617.811554,48065.573238,1.000044
sigma_b[SEAL Tool Use (Enterprise)],0.075481,0.009378,0.058664,0.093324,3e-05,3.4e-05,102336.270738,64810.253832,1.000046
sigma_b[SWE Atlas],0.063929,0.012749,0.041617,0.088462,6e-05,4.7e-05,45313.653472,58107.002813,1.000179
sigma_b[SimpleQA Verified],0.1513,0.008693,0.135193,0.167748,2.6e-05,3.1e-05,117213.474457,64414.522499,1.000035
sigma_b[Surface Evolver Bench],0.105077,0.018507,0.071877,0.140558,8.7e-05,6.2e-05,45068.976698,59109.958219,1.000068
sigma_b[Terminal Bench 2.0],0.079016,0.011014,0.058597,0.099842,5.4e-05,3.5e-05,41705.208006,56908.210677,1.000174
sigma_b[The Agent Company],0.098067,0.021623,0.060494,0.139253,9.3e-05,8.2e-05,57316.457899,53239.437431,0.999993
sigma_b[TriviaQA],0.103783,0.011047,0.08354,0.124444,3.2e-05,4.4e-05,128107.63516,63197.100315,1.000195
sigma_b[TutorBench],0.04037,0.006102,0.029602,0.051873,2e-05,2.4e-05,101307.154766,62785.523972,1.00009
sigma_b[Visual Task Assessment (VISTA)],0.055157,0.005219,0.045943,0.065338,1.6e-05,2e-05,113459.477364,62739.822947,1.000036
sigma_b[VisualToolBench],0.057452,0.013631,0.033344,0.083086,6.9e-05,6.4e-05,41478.171682,45499.980118,1.000068
sigma_b[WMDP Biology],0.065563,0.007499,0.051956,0.079589,2.3e-05,3e-05,118974.340471,60333.859967,1.000014
sigma_b[WMDP Chemistry],0.072981,0.008078,0.058611,0.088485,2.5e-05,3.1e-05,113874.40198,62683.48921,0.999999
sigma_b[WeirdML v2],0.078464,0.005427,0.068325,0.088633,2.2e-05,1.6e-05,63624.894488,64805.973817,1.000114
tau_CD,1.95846,0.155531,1.670904,2.251938,0.001533,0.000809,10256.383562,21045.604568,1.000889
sigma_A,0.611465,0.054615,0.51138,0.715239,0.000523,0.00028,10860.126583,21589.470085,1.000883
"theta_t[axis1, Average Human]",-2.34369,0.227157,-2.772571,-1.915876,0.000676,0.000912,112940.599549,60176.943771,1.000047
"theta_t[axis1, Baichuan-13B-Base]",-1.952948,0.180743,-2.294753,-1.615466,0.000543,0.000721,110536.059486,60003.779499,1.000191
"theta_t[axis1, Baichuan-2-13B-Base]",-1.701162,0.173733,-2.028405,-1.375095,0.00051,0.000673,115990.479136,61050.356587,1.000003
"theta_t[axis1, Baichuan-2-7B-Base]",-2.02554,0.172904,-2.349261,-1.697154,0.000515,0.000666,113118.158607,62290.775517,1.000096
"theta_t[axis1, Baichuan-7B]",-2.346354,0.18657,-2.699171,-1.997172,0.000583,0.000704,103296.929175,59431.183794,1.000036
"theta_t[axis1, Baichuan2-13B-Chat]",-1.725574,0.180302,-2.065244,-1.385686,0.000518,0.000726,121329.479772,59527.161291,1.000155
"theta_t[axis1, Cerebras-GPT-13B]",-2.796008,0.223758,-3.226903,-2.383416,0.000688,0.000882,106886.668179,60392.414074,1.00001
"theta_t[axis1, Chinchilla (70B)]",-1.305935,0.239417,-1.746517,-0.850903,0.000664,0.000993,132514.040889,58367.420622,1.000116
"theta_t[axis1, CodeQwen1.5-7B]",-2.200729,0.184829,-2.545136,-1.847946,0.000581,0.000687,102037.040736,59336.065054,1.000026
"theta_t[axis1, Committee of Domain Experts]",0.645447,0.168196,0.328481,0.963364,0.000519,0.00068,105438.476527,56636.53957,1.000138
"theta_t[axis1, DeepSeek-Coder-V2-Base]",-0.86953,0.312888,-1.436447,-0.268455,0.001046,0.001404,99021.861803,54423.838049,1.000053
"theta_t[axis1, DeepSeek-Coder-V2-Lite-Base]",-1.488071,0.173752,-1.811426,-1.158354,0.000494,0.000702,123221.000918,58245.58829,1.000187
"theta_t[axis1, DeepSeek-R1]",-0.016543,0.056622,-0.121919,0.091195,0.000177,0.000205,102056.38887,60894.608735,1.000139
"theta_t[axis1, DeepSeek-R1-0528]",0.164416,0.074935,0.025606,0.306099,0.000211,0.000294,125807.72435,61405.074982,1.000174
"theta_t[axis1, DeepSeek-R1-Distill-Llama-70B]",-0.195961,0.11112,-0.398023,0.019622,0.000314,0.000439,126908.211141,59156.110091,1.00004
"theta_t[axis1, DeepSeek-R1-Distill-Qwen-1.5B]",-1.094699,0.168809,-1.411291,-0.780382,0.000482,0.000674,124669.594194,58011.737165,1.000136
"theta_t[axis1, DeepSeek-R1-Distill-Qwen-14B]",-0.369603,0.104609,-0.569384,-0.176122,0.000303,0.000403,119380.314216,60651.384723,1.000303
"theta_t[axis1, DeepSeek-R1-Distill-Qwen-32B]",-0.279268,0.134408,-0.535158,-0.029774,0.000376,0.000523,127881.385278,61527.230822,1.000048
"theta_t[axis1, DeepSeek-V2]",-0.635403,0.261056,-1.11198,-0.141729,0.000802,0.001079,113138.531704,56353.249429,1.000089
"theta_t[axis1, DeepSeek-V3]",-0.435474,0.05753,-0.543785,-0.32764,0.00018,0.000203,102188.144401,62726.926663,1.000161
"theta_t[axis1, DeepSeek-V3-0324]",-0.253105,0.077974,-0.396789,-0.104541,0.000228,0.000296,117248.033469,60513.717038,0.999976
"theta_t[axis1, DeepSeek-V3.1]",-0.037142,0.091271,-0.210202,0.133617,0.000268,0.000339,116060.052324,61214.788966,1.000125
"theta_t[axis1, DeepSeek-V3.1-Terminus]",0.240747,0.171128,-0.084705,0.560604,0.000453,0.000679,142627.621543,60410.371379,1.000239
"theta_t[axis1, DeepSeek-V3.1_thinking]",0.109582,0.147101,-0.162136,0.391341,0.000406,0.000578,131209.606235,59038.252443,1.000204
"theta_t[axis1, DeepSeek-V3.2-Exp]",0.291497,0.191654,-0.04934,0.65901,0.000694,0.000865,83990.562304,53954.905571,1.000093
"theta_t[axis1, DeepSeek-V3.2-Exp_thinking]",0.290086,0.112075,0.0816,0.50219,0.00031,0.000423,130845.387196,61643.101659,1.000114
"theta_t[axis1, Domain Expert]",0.409294,0.106586,0.215909,0.61563,0.000346,0.000355,95223.549236,68070.598666,1.000061
"theta_t[axis1, GLM-4.5-Air]",-0.451421,0.176779,-0.784146,-0.123821,0.000561,0.000671,104170.168214,57663.08041,1.000023
"theta_t[axis1, Gopher (280B)]",-1.610273,0.226572,-2.040345,-1.188575,0.000655,0.000911,120465.137623,58748.537745,1.000068
"theta_t[axis1, Hermes-2-Theta-Llama-3-70B]",-1.138278,0.114191,-1.350554,-0.921691,0.000351,0.000451,109503.201199,57646.710141,1.000071
"theta_t[axis1, High School Qualifier]",-0.005237,0.282929,-0.55752,0.510015,0.000806,0.001524,124975.261963,50204.572223,1.000036
"theta_t[axis1, High School Top Performer]",1.237055,0.264203,0.762184,1.744417,0.000845,0.000909,100755.441752,62292.146424,1.000085
"theta_t[axis1, INTELLECT-1-Instruct]",-1.909705,0.172189,-2.23702,-1.588395,0.000531,0.00071,105618.231774,50866.427536,1.00004
"theta_t[axis1, Inkling]",-0.286066,0.34191,-0.949571,0.309696,0.001181,0.001386,97523.377989,53356.843064,1.000028
"theta_t[axis1, Inkling_high]",-0.228878,0.273182,-0.76178,0.261725,0.000773,0.001183,129568.807471,56827.987878,1.000068
"theta_t[axis1, Inkling_thinking]",0.958466,0.395726,0.183829,1.70135,0.00195,0.002773,49092.754242,33843.150754,1.000003
"theta_t[axis1, Inkling_xhigh]",0.618338,0.078774,0.470207,0.767078,0.00024,0.000295,108006.259526,61278.785748,1.000028
"theta_t[axis1, Kimi-K2-Instruct]",0.000888,0.099782,-0.188787,0.188156,0.000293,0.000385,116785.137963,61317.504546,1.00006
"theta_t[axis1, Kimi-K2-Instruct-0905]",-0.060119,0.154996,-0.347455,0.237233,0.000452,0.000636,118142.338519,51599.080589,1.000159
"theta_t[axis1, LLaMA-13B]",-2.0774,0.169346,-2.396502,-1.758575,0.000514,0.000641,108889.451931,60005.048028,1.000025
"theta_t[axis1, LLaMA-33B]",-1.619967,0.169035,-1.940838,-1.303217,0.000492,0.000685,118372.61555,59301.803161,1.00006
"theta_t[axis1, LLaMA-65B]",-1.440977,0.173396,-1.768809,-1.116558,0.000516,0.000705,114540.732928,60159.375236,1.000117
"theta_t[axis1, LLaMA-7B]",-2.442304,0.181283,-2.796765,-2.112111,0.000564,0.000685,104128.472701,59898.204385,1.000024
"theta_t[axis1, Llama-2-13b]",-1.789558,0.167935,-2.104191,-1.469436,0.000496,0.000659,114899.215397,59507.691412,1.000195
"theta_t[axis1, Llama-2-13b-chat]",-1.741767,0.14836,-2.020837,-1.463133,0.000448,0.000581,109511.766575,59728.59484,1.000118
"theta_t[axis1, Llama-2-34b]",-1.61067,0.170134,-1.932348,-1.291065,0.000507,0.000682,113503.308011,58416.386855,1.000043
"theta_t[axis1, Llama-2-70b-chat]",-1.588944,0.100886,-1.778774,-1.402138,0.000332,0.000374,93370.359802,57922.559825,1.000147
"theta_t[axis1, Llama-2-70b-hf]",-1.138127,0.186628,-1.480236,-0.779045,0.00056,0.000794,116993.822081,54893.97129,1.000163
"theta_t[axis1, Llama-2-7b]",-2.185618,0.171282,-2.512067,-1.866529,0.000526,0.000649,106240.559154,61241.746429,1.000178
"theta_t[axis1, Llama-3.1-405B]",-0.269656,0.294028,-0.808993,0.282041,0.000937,0.001216,108390.273355,56034.968501,1.000206
"theta_t[axis1, Llama-3.1-405B-Instruct]",-0.726515,0.042593,-0.806542,-0.646471,0.000164,0.000137,67581.745738,63617.336895,1.000092
"theta_t[axis1, Llama-3.1-70B-Instruct]",-0.858064,0.058062,-0.968041,-0.749654,0.000197,0.000208,87411.992945,60545.398082,1.000004
"theta_t[axis1, Llama-3.1-8B-Instruct]",-1.409186,0.068546,-1.539458,-1.281922,0.000264,0.000233,67830.573875,59618.934492,1.000091
"theta_t[axis1, Llama-3.1-Tulu-3-70B-DPO]",-0.858599,0.104281,-1.055336,-0.662455,0.000309,0.000413,115123.820429,58476.400088,1.000085
"theta_t[axis1, Llama-3.2-11B-Vision-Instruct]",-1.676415,0.204565,-2.056068,-1.285077,0.000586,0.000778,122123.335436,62808.057817,1.000192
"theta_t[axis1, Llama-3.2-1B-Instruct]",-1.601706,0.17438,-1.929702,-1.276782,0.00053,0.000697,111583.901454,57433.413627,1.000015
"theta_t[axis1, Llama-3.2-90B-Vision-Instruct]",-0.922609,0.092711,-1.097544,-0.747669,0.000284,0.000354,106799.391899,60978.081409,1.000229
"theta_t[axis1, Llama-3.3-70B-Instruct]",-0.772053,0.081132,-0.927458,-0.622741,0.000249,0.000316,106631.982905,61566.865845,1.000115
"theta_t[axis1, Llama-4-Maverick-17B-128E-Instruct]",-0.378284,0.059298,-0.488921,-0.26584,0.000188,0.000207,99860.671567,63378.124135,1.000049
"theta_t[axis1, Llama-4-Maverick-17B-128E-Instruct-FP8]",-0.334006,0.109376,-0.54407,-0.13251,0.000309,0.000442,127069.167776,55114.762132,1.000194
"theta_t[axis1, Llama-4-Scout-17B-16E-Instruct]",-0.720711,0.062167,-0.835773,-0.602315,0.000203,0.000216,93646.462774,64194.042533,1.000041
"theta_t[axis1, Meta-Llama-3-70B-Instruct]",-1.110092,0.066273,-1.23633,-0.986622,0.00024,0.000231,76274.564783,59799.204973,1.000122
"theta_t[axis1, Meta-Llama-3-8B-Instruct]",-1.486563,0.081848,-1.640231,-1.333087,0.000297,0.000277,76087.576837,60287.689172,1.000068
"theta_t[axis1, MiniMax-M2.5]",0.127848,0.163037,-0.185909,0.420754,0.000595,0.000632,78747.667479,58188.529304,0.999989
"theta_t[axis1, MiniMax-M2.5_unknown]",-0.436599,0.487333,-1.382742,0.419065,0.001991,0.00191,63809.698552,54607.844662,1.000075
"theta_t[axis1, MiniMax-M2.7]",0.218634,0.135082,-0.034336,0.469697,0.000454,0.000516,92341.303147,52314.008011,1.000072
"theta_t[axis1, MiniMax-M3]",0.503913,0.095174,0.324781,0.68391,0.000275,0.000358,120211.50139,61641.707221,1.000026
"theta_t[axis1, MiniMax-M3_none]",0.065287,0.13873,-0.194539,0.325838,0.000379,0.000556,134533.866073,59871.92465,1.000187
"theta_t[axis1, MiniMax-M3_xhigh]",-0.482756,0.700373,-1.830103,0.779696,0.00252,0.002704,78451.787682,54913.811535,1.000074
"theta_t[axis1, Mistral-7B-Instruct-v0.1]",-2.829025,0.204122,-3.219295,-2.454699,0.000711,0.000683,83523.310654,64225.239689,1.00005
"theta_t[axis1, Mistral-7B-Instruct-v0.2]",-1.641874,0.183063,-1.992308,-1.303553,0.000551,0.000726,110831.093098,59065.035637,1.000103
"theta_t[axis1, Mistral-7B-Instruct-v0.3]",-1.768928,0.128166,-2.014567,-1.533469,0.000411,0.000493,99250.162274,57011.56879,1.000154
"theta_t[axis1, Mistral-7B-v0.1]",-1.439495,0.171799,-1.753697,-1.105887,0.000513,0.000702,113764.74676,56824.22536,1.000047
"theta_t[axis1, Mistral-Nemo-Instruct-2407]",-1.129569,0.208282,-1.521005,-0.735207,0.000582,0.000801,128100.31871,59192.528293,1.00016
"theta_t[axis1, Mixtral-8x22B-Instruct-v0.1]",-1.127328,0.087597,-1.290919,-0.962909,0.000277,0.000318,100350.505747,62114.820224,1.000153
"theta_t[axis1, Mixtral-8x7B-Instruct-v0.1]",-1.668214,0.088981,-1.836336,-1.502744,0.000344,0.000287,67185.135001,60425.543411,1.000133
"theta_t[axis1, Mixtral-8x7B-v0.1]",-1.035742,0.193101,-1.388433,-0.667396,0.00059,0.000805,113097.539489,56367.961044,1.000073
"theta_t[axis1, Nemotron-4 15B]",-1.682428,0.16945,-1.997721,-1.357657,0.000492,0.000665,118841.620191,58370.881451,1.000039
"theta_t[axis1, PaLM 2-L]",-0.839955,0.570393,-1.852337,0.255993,0.001901,0.002416,101688.145324,54746.86098,1.000074
"theta_t[axis1, PaLM 2-M]",-1.096954,0.531297,-2.059053,-0.081463,0.00176,0.002332,102696.419509,53624.311508,1.000041
"theta_t[axis1, PaLM 2-S]",-1.395784,0.496033,-2.297222,-0.444633,0.001596,0.002237,106131.5826,55411.01054,1.00007
"theta_t[axis1, PaLM 540B]",-1.22107,0.186417,-1.571296,-0.872668,0.000602,0.000747,99958.102405,50451.365686,1.000067
"theta_t[axis1, PaLM 62B]",-1.882314,0.170085,-2.211938,-1.567975,0.000501,0.00067,115137.558765,57464.95339,1.000152
"theta_t[axis1, Phi-3-medium-128k-instruct]",-1.188554,0.102654,-1.384112,-0.997471,0.000321,0.000389,102965.403392,59467.023985,1.000163
"theta_t[axis1, Phi-3-mini-4k-instruct]",-1.184091,0.204518,-1.562862,-0.794025,0.000582,0.000794,124672.118916,59427.198878,1.000086
"theta_t[axis1, Phi-3-small-8k-instruct]",-0.847392,0.242832,-1.294464,-0.385456,0.000723,0.000986,117918.600285,59282.650265,1.000042
"theta_t[axis1, Pixtral-12B-2409]",-1.468923,0.472968,-2.372443,-0.596289,0.001361,0.001799,121930.228626,59574.421653,1.000247
"theta_t[axis1, QwQ-32B]",-0.269418,0.125971,-0.508035,-0.034201,0.000363,0.000479,120481.191566,62921.568439,1.00011
"theta_t[axis1, QwQ-32B_16K]",0.22622,0.575775,-0.824787,1.353391,0.001744,0.00233,111574.403023,59600.848986,1.000096
"theta_t[axis1, Qwen-14B]",-1.269531,0.182264,-1.61064,-0.926378,0.000557,0.000773,110137.320896,56906.49546,1.000162
"theta_t[axis1, Qwen-14B-Chat]",-1.377155,0.186926,-1.7328,-1.026365,0.000543,0.000772,120789.884831,57011.541938,1.00016
"theta_t[axis1, Qwen-1_8B]",-2.515056,0.196623,-2.891811,-2.152157,0.000626,0.000718,99221.440873,60114.651174,1.000113
"theta_t[axis1, Qwen-7B]",-1.81617,0.177718,-2.156197,-1.487438,0.000553,0.000657,103278.051104,52742.499618,1.000104
"theta_t[axis1, Qwen2-VL-72B-Instruct]",-1.282167,0.342684,-1.934347,-0.648955,0.000988,0.001318,123468.920406,60369.839753,1.000215
"theta_t[axis1, Qwen2.5-72B]",-0.32031,0.285069,-0.845214,0.216074,0.000887,0.001204,113665.446001,54785.6655,1.000048
"theta_t[axis1, Qwen2.5-Coder-0.5B]",-2.19505,0.18343,-2.545944,-1.856036,0.000567,0.000685,105687.019807,58828.334271,1.00003
"theta_t[axis1, Qwen2.5-Coder-1.5B]",-1.68741,0.179129,-2.019574,-1.346035,0.000546,0.000684,107822.749365,59795.290586,1.000087
"theta_t[axis1, Qwen2.5-Coder-14B]",-0.90753,0.197276,-1.276439,-0.537739,0.000586,0.000812,118401.721598,57106.10752,1.00026
"theta_t[axis1, Qwen2.5-Coder-32B]",-0.744967,0.208861,-1.1276,-0.348895,0.000633,0.000858,115808.517121,58039.832703,1.000051
"theta_t[axis1, Qwen2.5-Coder-32B-Instruct]",-0.66181,0.198245,-1.035777,-0.289923,0.000569,0.000765,121840.882421,60273.776183,0.999964
"theta_t[axis1, Qwen2.5-Coder-3B]",-1.209591,0.283854,-1.735081,-0.659978,0.000913,0.001246,101043.566226,55484.730395,1.00011
"theta_t[axis1, Qwen2.5-Coder-7B]",-1.16038,0.183874,-1.512237,-0.819319,0.000536,0.000758,119184.560829,58002.833096,1.000079
"theta_t[axis1, Qwen2.5-VL-72B-Instruct]",-1.003698,0.735919,-2.376132,0.417551,0.002398,0.002609,94809.812564,65583.221857,1.000103
"theta_t[axis1, Qwen3-235B-A22B-Instruct-2507]",-0.100825,0.10822,-0.306543,0.100559,0.000306,0.000403,125497.950768,63541.630136,1.000161
"theta_t[axis1, Qwen3-235B-A22B-Thinking-2507]",0.094576,0.083164,-0.056575,0.256634,0.000246,0.000307,114198.625618,63294.778494,1.000143
"theta_t[axis1, Qwen3-30B-A3B]",-0.348378,0.108801,-0.551074,-0.141076,0.000303,0.000423,129047.427813,60359.527972,1.00011
"theta_t[axis1, Qwen3-30B-A3B_none]",-0.627581,0.147412,-0.905684,-0.353095,0.000408,0.000579,131100.959292,59830.159227,0.999999
"theta_t[axis1, Qwen3-32B]",-0.214789,0.10194,-0.405705,-0.023256,0.000295,0.000398,119861.960174,56222.301327,1.00008
"theta_t[axis1, Qwen3-32B_none]",-0.561802,0.143147,-0.830408,-0.293277,0.000414,0.000586,119897.463845,52319.255912,1.000095
"theta_t[axis1, Qwen3-Coder-480B-A35B-Instruct]",0.055623,0.144039,-0.212632,0.329197,0.000425,0.000594,118872.413943,55809.454002,1.000106
"theta_t[axis1, RedPajama-INCITE-7B-Base]",-2.745847,0.223134,-3.172241,-2.333863,0.000698,0.000863,103547.678207,60171.884863,1.000183
"theta_t[axis1, Skilled Generalist]",-1.004352,0.095911,-1.181784,-0.822219,0.00031,0.000334,96063.298201,64135.25404,1.00023
"theta_t[axis1, StableBeluga2]",-1.141854,0.18746,-1.494534,-0.794164,0.000568,0.000773,114199.667225,55336.555524,1.000055
"theta_t[axis1, Top Performer]",3.521433,0.476901,2.663892,4.431304,0.0018,0.002368,76186.970681,49446.93806,1.000097
"theta_t[axis1, WizardLM-2-8x22B]",-1.012248,0.114914,-1.229249,-0.797737,0.000341,0.00046,113813.087568,53772.50388,1.000104
"theta_t[axis1, Yi-1.5-34B-Chat]",-1.16756,0.126661,-1.40649,-0.932103,0.000388,0.000499,109648.950829,55670.103497,1.000139
"theta_t[axis1, Yi-34B]",-1.019667,0.213853,-1.40255,-0.599714,0.000661,0.000893,111465.037331,55840.648578,1.000074
"theta_t[axis1, Yi-34B-Chat]",-1.529591,0.109264,-1.733989,-1.324579,0.000383,0.000386,82394.847671,61369.334701,1.000015
"theta_t[axis1, Yi-6B]",-1.692937,0.170601,-2.009956,-1.366608,0.000517,0.000662,109503.500098,59459.317489,1.000143
"theta_t[axis1, Yi-6B-Chat]",-1.600887,0.180768,-1.948615,-1.266956,0.000533,0.000742,115954.54211,57449.095436,1.000127
"theta_t[axis1, Yi-9B]",-1.354323,0.22022,-1.767916,-0.938313,0.000631,0.000896,123939.110344,57134.819859,1.000102
"theta_t[axis1, amazon.nova-lite-v1:0]",-0.981932,0.074202,-1.12232,-0.844046,0.000249,0.000264,88516.409998,62783.009137,1.000014
"theta_t[axis1, amazon.nova-micro-v1:0]",-1.377772,0.086898,-1.543034,-1.21721,0.000315,0.000279,76101.886721,62112.205714,1.000075
"theta_t[axis1, amazon.nova-pro-v1:0]",-0.797793,0.071003,-0.931548,-0.663606,0.000228,0.00025,96884.162667,63122.745656,1.000004
"theta_t[axis1, c4ai-command-a-03-2025]",-0.847776,0.155774,-1.143099,-0.558743,0.000445,0.000604,124263.006782,58657.780423,1.000101
"theta_t[axis1, c4ai-command-r-08-2024]",-1.315419,0.158043,-1.609098,-1.014353,0.000445,0.000608,126062.275788,60995.175799,1.000001
"theta_t[axis1, c4ai-command-r-plus-08-2024]",-1.274445,0.139209,-1.54492,-1.020756,0.000411,0.000535,114855.84843,61569.786384,1.000007
"theta_t[axis1, chatglm2-6b]",-1.960876,0.170046,-2.286143,-1.643003,0.000505,0.000674,113017.831459,60524.414144,1.000071
"theta_t[axis1, claude-1.3]",-0.781535,0.27925,-1.29147,-0.251433,0.000854,0.001273,116932.405819,51600.067618,1.000195
"theta_t[axis1, claude-2.0]",-1.192056,0.093077,-1.370585,-1.019074,0.0003,0.000343,96885.407014,59336.703966,1.000004
"theta_t[axis1, claude-2.1]",-1.208582,0.111487,-1.420438,-1.003011,0.000333,0.000421,112710.161348,57915.278843,1.000082
"theta_t[axis1, claude-3-5-haiku-20241022]",-0.812795,0.078093,-0.961823,-0.667331,0.000243,0.000285,103313.453566,62142.80032,1.000103
"theta_t[axis1, claude-3-5-sonnet-20240620]",-0.493485,0.056391,-0.598598,-0.386659,0.000187,0.000196,91287.416772,65066.138853,1.000136
"theta_t[axis1, claude-3-5-sonnet-20241022]",-0.385251,0.05698,-0.493514,-0.279324,0.000195,0.000195,85801.30593,61915.57079,1.000029
"theta_t[axis1, claude-3-7-sonnet-20250219]",-0.252898,0.057904,-0.363,-0.145798,0.00019,0.000199,92569.585854,62741.129281,1.000082
"theta_t[axis1, claude-3-7-sonnet-20250219_15K]",0.003312,0.812387,-1.525394,1.536201,0.0023,0.003193,125040.460445,62087.303652,1.00012
"theta_t[axis1, claude-3-7-sonnet-20250219_16K]",0.103228,0.071499,-0.030235,0.238333,0.00022,0.000249,105355.594149,63149.397596,1.000043
"theta_t[axis1, claude-3-7-sonnet-20250219_2K]",0.029516,0.704706,-1.329942,1.32619,0.002127,0.002798,110715.765998,61749.21361,1.000018
"theta_t[axis1, claude-3-7-sonnet-20250219_32K]",0.125207,0.117034,-0.095553,0.342939,0.00033,0.000467,130068.770574,57408.147513,1.000154
"theta_t[axis1, claude-3-7-sonnet-20250219_64K]",0.170418,0.138379,-0.088431,0.430646,0.000403,0.000562,124357.864137,57061.022754,1.000144
"theta_t[axis1, claude-3-7-sonnet-20250219_8K]",-0.099457,0.362503,-0.804314,0.586159,0.001226,0.002043,92811.890017,50771.500688,1.000122
"theta_t[axis1, claude-3-7-sonnet-20250219_thinking]",0.128581,0.13647,-0.129824,0.382995,0.000408,0.00052,113308.397931,62558.843584,1.000056
"theta_t[axis1, claude-3-7-sonnet-20250219_unknown]",-0.061278,0.103189,-0.26097,0.128365,0.000315,0.000384,109027.639416,58743.049732,1.00009
"theta_t[axis1, claude-3-haiku-20240307]",-1.232503,0.06558,-1.356463,-1.110731,0.00024,0.00022,74379.878114,62243.518585,1.000022
"theta_t[axis1, claude-3-opus-20240229]",-0.743624,0.051934,-0.840658,-0.646015,0.000182,0.000175,81352.316362,61849.44485,1.000053
"theta_t[axis1, claude-3-sonnet-20240229]",-1.11269,0.064012,-1.231238,-0.990807,0.00023,0.000221,77415.575279,61627.917584,1.000017
"theta_t[axis1, claude-fable-5]",1.866256,0.206456,1.471691,2.248769,0.000801,0.000682,66767.588939,61201.125524,1.000047
"theta_t[axis1, claude-fable-5-1_high]",1.80172,0.143498,1.532396,2.073169,0.000453,0.000543,100550.349203,60025.34547,1.000075
"theta_t[axis1, claude-fable-5-1_low]",1.624153,0.244792,1.160724,2.070478,0.000802,0.00129,105290.289075,51349.525881,1.000119
"theta_t[axis1, claude-fable-5-1_max]",1.995621,0.101496,1.802409,2.183758,0.000401,0.000339,64159.896786,58867.759319,1.000019
"theta_t[axis1, claude-fable-5-1_medium]",1.756765,0.196083,1.384547,2.124831,0.000597,0.000794,110029.557439,58750.926699,1.000002
"theta_t[axis1, claude-fable-5-1_unknown]",1.758241,0.209247,1.363823,2.154368,0.000635,0.00083,109344.144899,58440.707588,1.00016
"theta_t[axis1, claude-fable-5-1_xhigh]",1.614312,0.145941,1.343399,1.893759,0.000535,0.000459,74497.260128,65644.763117,0.99999
"theta_t[axis1, claude-fable-5_high]",1.698054,0.121117,1.472349,1.929306,0.00044,0.000407,76461.248381,62214.363309,1.000069
"theta_t[axis1, claude-fable-5_low]",0.837216,0.18103,0.500913,1.179127,0.000542,0.000675,113817.549823,59617.086138,1.000156
"theta_t[axis1, claude-fable-5_max]",1.821167,0.085724,1.660399,1.982592,0.000333,0.000294,66653.82128,61208.844371,1.000062
"theta_t[axis1, claude-fable-5_medium]",1.362876,0.438619,0.521993,2.193657,0.001325,0.00208,111608.117233,54223.863253,0.999987
"theta_t[axis1, claude-fable-5_unknown]",2.105487,0.197327,1.738171,2.484684,0.000683,0.000735,83812.200652,62606.372258,1.00004
"theta_t[axis1, claude-fable-5_xhigh]",1.635664,0.254107,1.161192,2.121529,0.00077,0.001038,110567.041915,59918.010751,1.000156
"theta_t[axis1, claude-haiku-4-5-20251001]",-0.129205,0.094534,-0.306612,0.048595,0.000279,0.000356,114834.030846,62293.004064,1.000059
"theta_t[axis1, claude-haiku-4-5-20251001_16K]",0.159286,0.257779,-0.323124,0.651088,0.000722,0.001078,128701.030585,57403.609057,1.000186
"theta_t[axis1, claude-haiku-4-5-20251001_1K]",-0.07874,0.366672,-0.779238,0.602718,0.0011,0.00157,113934.435642,60196.49901,1.000143
"theta_t[axis1, claude-haiku-4-5-20251001_32K]",0.130644,0.119132,-0.085764,0.360752,0.00034,0.000476,126339.590523,57052.149575,1.00001
"theta_t[axis1, claude-haiku-4-5-20251001_low]",0.210416,0.708597,-1.154227,1.523128,0.002138,0.002801,111506.400893,58685.611517,1.00002
"theta_t[axis1, claude-haiku-4-5-20251001_thinking]",0.059873,0.475248,-0.851889,0.949889,0.001461,0.002019,107149.179427,59856.332798,1.000132
"theta_t[axis1, claude-haiku-4-5-20251001_unknown]",0.109747,0.120249,-0.116943,0.334357,0.000361,0.000454,112632.071827,59220.556981,1.000337
"theta_t[axis1, claude-instant-1.1]",-0.935484,0.195497,-1.294175,-0.562535,0.000596,0.000802,112819.814261,56656.435451,1.000079
"theta_t[axis1, claude-instant-1.2]",-1.055321,0.141734,-1.32522,-0.792357,0.000405,0.000551,122705.270063,60364.542775,0.999993
"theta_t[axis1, claude-mythos-5]",2.416872,0.212505,2.018207,2.813499,0.000777,0.000777,76135.720134,60836.392535,1.000031
"theta_t[axis1, claude-mythos-preview]",2.220414,0.183886,1.885337,2.570973,0.000682,0.000651,74577.521365,59395.591217,1.00002
"theta_t[axis1, claude-mythos-preview-early]",1.663562,0.120249,1.447478,1.895505,0.000528,0.000429,53290.004093,55259.681832,1.000157
"theta_t[axis1, claude-opus-4-1-20250805]",0.208751,0.069434,0.080784,0.342192,0.000208,0.000262,111549.021621,62234.969398,1.000051
"theta_t[axis1, claude-opus-4-1-20250805_16K]",0.346673,0.119954,0.119923,0.570447,0.000338,0.000476,126530.331209,62511.549294,1.000118
"theta_t[axis1, claude-opus-4-1-20250805_24K]",0.535234,0.491511,-0.406994,1.413297,0.001561,0.002197,113241.745548,53384.643303,1.000019
"theta_t[axis1, claude-opus-4-1-20250805_27K]",0.248362,0.164825,-0.057979,0.559556,0.000457,0.000696,134699.799891,56499.53631,1.000184
"theta_t[axis1, claude-opus-4-1-20250805_32K]",0.012054,0.193645,-0.352702,0.363974,0.000624,0.000905,110902.236012,53579.691896,1.000024
"theta_t[axis1, claude-opus-4-1-20250805_thinking]",0.347682,0.122374,0.114663,0.575588,0.000415,0.000419,87477.141827,63755.086766,1.00005
"theta_t[axis1, claude-opus-4-1-20250805_unknown]",0.301082,0.089119,0.132433,0.467684,0.000253,0.000334,124354.450593,60590.658331,1.000187
"theta_t[axis1, claude-opus-4-20250514]",0.088496,0.078249,-0.061798,0.231479,0.000234,0.000288,111531.967018,61798.96096,1.000042
"theta_t[axis1, claude-opus-4-20250514_16K]",0.261295,0.11607,0.044903,0.480752,0.000323,0.00044,128991.811512,60623.176918,1.000034
"theta_t[axis1, claude-opus-4-20250514_27K]",0.205247,0.295022,-0.333866,0.763185,0.000927,0.001728,115396.155718,52190.316425,1.000125
"theta_t[axis1, claude-opus-4-20250514_2K]",0.334038,0.703277,-1.014614,1.649745,0.002138,0.002834,110417.485578,58716.945857,1.000208
"theta_t[axis1, claude-opus-4-20250514_32K]",0.307262,0.252063,-0.156654,0.791629,0.000782,0.001166,110396.274737,54132.24285,1.000077
"theta_t[axis1, claude-opus-4-20250514_thinking]",0.374854,0.135255,0.117889,0.627556,0.000386,0.000539,123935.920531,59558.228023,1.000065
"theta_t[axis1, claude-opus-4-20250514_unknown]",0.275499,0.071932,0.13866,0.409993,0.000207,0.000262,120758.997236,63872.2432,1.0
"theta_t[axis1, claude-opus-4-5-20251101]",0.617697,0.085275,0.455461,0.776433,0.000276,0.000306,95283.279429,56025.705187,1.000033
"theta_t[axis1, claude-opus-4-5-20251101_128K]",0.75741,0.173432,0.426953,1.085194,0.000524,0.000718,110625.903576,56041.256737,1.000049
"theta_t[axis1, claude-opus-4-5-20251101_16K]",0.79851,0.140037,0.544498,1.070299,0.000401,0.000534,123778.183508,61699.357479,1.000025
"theta_t[axis1, claude-opus-4-5-20251101_32K]",0.55127,0.096559,0.366672,0.730792,0.000271,0.000376,127454.304402,60970.028766,1.000089
"theta_t[axis1, claude-opus-4-5-20251101_48K]",0.580952,0.486012,-0.343293,1.457595,0.001571,0.00223,109959.835955,52623.278707,1.000181
"theta_t[axis1, claude-opus-4-5-20251101_64K]",0.491893,0.354368,-0.178193,1.162502,0.001082,0.00145,109015.404185,58806.976918,1.00016
"theta_t[axis1, claude-opus-4-5-20251101_high]",0.953524,0.172082,0.62795,1.274252,0.000476,0.000687,131574.31214,58496.352669,1.000139
"theta_t[axis1, claude-opus-4-5-20251101_low]",0.994343,0.718245,-0.370955,2.349149,0.002236,0.002817,105419.258578,60221.20961,1.000087
"theta_t[axis1, claude-opus-4-5-20251101_thinking]",0.729962,0.129027,0.483,0.970646,0.00039,0.000496,110106.46966,60683.243144,1.000118
"theta_t[axis1, claude-opus-4-5-20251101_unknown]",0.906835,0.066636,0.780687,1.031576,0.000219,0.000226,92972.489914,64692.009738,1.000061
"theta_t[axis1, claude-opus-4-6]",0.784675,0.096781,0.601913,0.965218,0.000331,0.000345,85528.609236,53548.848922,1.000045
"theta_t[axis1, claude-opus-4-6_120K]",0.170445,0.503329,-0.799285,1.055817,0.001656,0.002182,109221.250735,53934.176819,1.00011
"theta_t[axis1, claude-opus-4-6_32K]",0.878094,0.177665,0.551921,1.216314,0.000507,0.000713,127250.100336,57643.584152,1.00018
"theta_t[axis1, claude-opus-4-6_64K]",0.765322,0.163346,0.45652,1.068073,0.000464,0.000642,127468.847825,56792.211205,1.000433
"theta_t[axis1, claude-opus-4-6_high]",1.367885,0.137647,1.111875,1.629593,0.000412,0.000529,111802.23314,60772.990781,1.000033
"theta_t[axis1, claude-opus-4-6_low]",0.121923,0.429056,-0.685827,0.908848,0.001419,0.001709,98198.984423,57481.602604,1.00015
"theta_t[axis1, claude-opus-4-6_max]",0.981806,0.061947,0.866144,1.098744,0.000211,0.000214,86375.847089,63310.147144,1.000021
"theta_t[axis1, claude-opus-4-6_medium]",0.94722,0.715383,-0.430037,2.27741,0.002214,0.00285,106644.412732,58283.780187,1.00006
"theta_t[axis1, claude-opus-4-6_none]",0.716581,0.132317,0.461934,0.960751,0.00039,0.000522,115607.204814,58976.687738,1.000081
"theta_t[axis1, claude-opus-4-6_thinking]",1.043509,0.187887,0.692173,1.399484,0.000743,0.001259,73842.213743,48777.083585,1.000041
"theta_t[axis1, claude-opus-4-6_unknown]",1.234781,0.06419,1.116135,1.357423,0.000241,0.000212,70838.735765,62590.448125,1.000008
"theta_t[axis1, claude-opus-4-7]",1.182293,0.162517,0.870804,1.482418,0.0005,0.000576,106025.313263,65323.777048,1.000092
"theta_t[axis1, claude-opus-4-7_high]",1.444701,0.186985,1.087276,1.796094,0.000573,0.000721,106857.090275,61814.810665,1.000169
"theta_t[axis1, claude-opus-4-7_low]",0.475468,0.47798,-0.448568,1.32003,0.001561,0.002198,111200.256948,54169.413295,1.000118
"theta_t[axis1, claude-opus-4-7_max]",1.146628,0.069718,1.015057,1.277363,0.000238,0.000245,86190.964803,60807.742923,1.000047
"theta_t[axis1, claude-opus-4-7_unknown]",1.108342,0.072394,0.977222,1.248686,0.000325,0.000235,49949.79939,59745.899979,1.000172
"theta_t[axis1, claude-opus-4-7_xhigh]",1.113247,0.176482,0.781908,1.441549,0.000538,0.000655,108141.509644,61436.498773,1.00016
"theta_t[axis1, claude-opus-4-8]",0.543809,0.267989,0.059158,1.05816,0.000799,0.001058,119955.298539,57573.493815,1.000087
"theta_t[axis1, claude-opus-4-8_high]",1.465635,0.166276,1.151335,1.782797,0.000598,0.000679,77896.258146,56594.955346,1.000017
"theta_t[axis1, claude-opus-4-8_low]",0.963335,0.166518,0.653727,1.278356,0.00047,0.000657,128182.515587,57474.259986,1.000109
"theta_t[axis1, claude-opus-4-8_max]",1.452007,0.071471,1.320319,1.588661,0.000265,0.000247,72779.058031,61213.76489,1.000083
"theta_t[axis1, claude-opus-4-8_medium]",1.135527,0.222031,0.709164,1.541652,0.000629,0.000895,126413.907856,57993.500667,1.000178
"theta_t[axis1, claude-opus-4-8_none]",0.777828,0.132818,0.535452,1.035019,0.000385,0.000518,119709.956751,59624.17541,1.000051
"theta_t[axis1, claude-opus-4-8_unknown]",1.586586,0.135432,1.337345,1.848135,0.000471,0.000517,83066.451008,57418.750174,1.000246
"theta_t[axis1, claude-opus-4-8_xhigh]",1.394782,0.134117,1.146218,1.650832,0.000454,0.000486,87289.302846,55428.458732,1.000049
"theta_t[axis1, claude-opus-5]",1.317518,0.147853,1.044829,1.599218,0.000429,0.000568,120333.696663,59340.34914,1.000064
"theta_t[axis1, claude-opus-5_high]",1.827093,0.142479,1.555327,2.093951,0.000471,0.000544,91677.634644,55167.406393,1.000069
"theta_t[axis1, claude-opus-5_low]",1.220097,0.172916,0.893389,1.540769,0.000574,0.000584,91888.447637,62171.400564,1.000035
"theta_t[axis1, claude-opus-5_max]",1.787179,0.081556,1.633055,1.940161,0.000327,0.000261,62445.077377,60394.700275,1.000046
"theta_t[axis1, claude-opus-5_medium]",1.668818,0.163994,1.353674,1.97444,0.000514,0.000661,102552.338342,57453.943107,1.000134
"theta_t[axis1, claude-opus-5_unknown]",1.704233,0.358108,1.03991,2.412177,0.001315,0.001729,77776.906991,51200.682116,1.000028
"theta_t[axis1, claude-opus-5_xhigh]",1.850326,0.140886,1.587759,2.117659,0.000484,0.000499,84838.690842,63324.058982,1.00004
"theta_t[axis1, claude-sonnet-4-20250514]",-0.064117,0.067641,-0.192783,0.061867,0.000208,0.000243,105668.576836,59443.270894,1.000105
"theta_t[axis1, claude-sonnet-4-20250514_16K]",0.215571,0.1155,-0.002244,0.431523,0.000318,0.000457,132824.882353,59920.68471,1.000106
"theta_t[axis1, claude-sonnet-4-20250514_2K]",0.31644,0.705014,-1.008211,1.663859,0.002113,0.002847,113011.588038,60154.339024,1.000103
"theta_t[axis1, claude-sonnet-4-20250514_32K]",0.215222,0.133927,-0.032886,0.471311,0.000375,0.000542,129680.867687,57604.489082,1.000039
"theta_t[axis1, claude-sonnet-4-20250514_59K]",0.277411,0.16716,-0.034554,0.594618,0.000471,0.000697,129955.220182,57312.236952,1.000181
"theta_t[axis1, claude-sonnet-4-20250514_thinking]",0.06082,0.208622,-0.345575,0.439635,0.000661,0.000824,102237.553744,59813.225604,1.00009
"theta_t[axis1, claude-sonnet-4-20250514_unknown]",0.048672,0.09674,-0.133415,0.230016,0.000282,0.000376,119189.389814,58321.374231,1.000093
"theta_t[axis1, claude-sonnet-4-5-20250929]",0.232577,0.075236,0.090155,0.372416,0.000235,0.00027,102383.049634,62966.949977,0.999991
"theta_t[axis1, claude-sonnet-4-5-20250929_16K]",0.398485,0.122484,0.168142,0.627931,0.000338,0.000475,131971.65504,59503.122802,1.000141
"theta_t[axis1, claude-sonnet-4-5-20250929_2K]",0.890242,0.7115,-0.4623,2.238457,0.002217,0.00282,105720.163648,57289.907538,1.000006
"theta_t[axis1, claude-sonnet-4-5-20250929_32K]",0.362878,0.09572,0.186508,0.545877,0.000266,0.000371,129520.408557,61320.693117,1.000145
"theta_t[axis1, claude-sonnet-4-5-20250929_48K]",0.340236,0.508023,-0.622746,1.264036,0.001646,0.002278,111991.872075,50533.833394,1.00001
"theta_t[axis1, claude-sonnet-4-5-20250929_59K]",0.464707,0.173266,0.15079,0.799908,0.000498,0.000731,128937.144431,55894.96139,0.999984
"theta_t[axis1, claude-sonnet-4-5-20250929_low]",0.404527,0.702034,-0.930228,1.734033,0.002112,0.00282,111682.553516,59841.025041,1.000106
"theta_t[axis1, claude-sonnet-4-5-20250929_thinking]",0.322168,0.111203,0.117676,0.536398,0.000345,0.000407,104879.400379,63471.999901,1.000134
"theta_t[axis1, claude-sonnet-4-5-20250929_unknown]",0.562425,0.059956,0.448125,0.673169,0.000262,0.000182,52336.875944,63497.971957,1.000045
"theta_t[axis1, claude-sonnet-4-6]",0.642254,0.136191,0.386927,0.903194,0.000399,0.000537,116544.632512,58999.982616,1.000155
"theta_t[axis1, claude-sonnet-4-6_32K]",0.666242,0.167826,0.362307,0.99035,0.000461,0.000672,136453.526747,59097.688942,0.999988
"theta_t[axis1, claude-sonnet-4-6_high]",0.544479,0.141347,0.279095,0.807027,0.000411,0.00053,118537.221446,61029.943183,1.000089
"theta_t[axis1, claude-sonnet-4-6_low]",0.514909,0.410599,-0.290699,1.246896,0.001292,0.001799,109597.339477,55454.090213,1.000096
"theta_t[axis1, claude-sonnet-4-6_max]",0.631472,0.115132,0.413536,0.848412,0.000355,0.000421,105134.300208,62839.226344,1.000161
"theta_t[axis1, claude-sonnet-4-6_medium]",0.619056,0.136895,0.361718,0.876181,0.000395,0.000504,120998.583244,62049.766174,1.000015
"theta_t[axis1, claude-sonnet-4-6_unknown]",0.653382,0.122183,0.419995,0.881317,0.000369,0.000469,109956.679568,61080.031742,0.999954
"theta_t[axis1, claude-sonnet-5]",0.314913,0.427987,-0.493645,1.099277,0.001268,0.0018,124761.837725,52905.579226,1.000041
"theta_t[axis1, claude-sonnet-5_high]",0.678486,0.170058,0.349034,0.991429,0.000488,0.000657,123221.187249,59580.905191,1.000105
"theta_t[axis1, claude-sonnet-5_low]",0.31915,0.494948,-0.652069,1.197252,0.001661,0.002242,98666.732864,53248.267138,1.000172
"theta_t[axis1, claude-sonnet-5_max]",1.091058,0.079755,0.941247,1.241255,0.000266,0.000292,89921.315912,60990.271,1.000125
"theta_t[axis1, claude-sonnet-5_medium]",0.714259,0.237295,0.267362,1.1668,0.000762,0.001112,100240.964387,57379.430967,1.00008
"theta_t[axis1, claude-sonnet-5_unknown]",1.385296,0.153142,1.095195,1.673475,0.000472,0.000591,105159.53024,60052.787631,1.000011
"theta_t[axis1, claude-sonnet-5_xhigh]",1.019369,0.175049,0.695022,1.349999,0.000488,0.000702,131652.549928,58652.230365,1.000084
"theta_t[axis1, codestral-2501]",-1.242093,0.16316,-1.544733,-0.931275,0.000457,0.000622,127248.458211,61915.935533,1.000165
"theta_t[axis1, davinci]",-2.544172,0.206796,-2.938215,-2.161449,0.000733,0.000678,80558.585072,58214.925245,1.000113
"theta_t[axis1, dbrx-instruct]",-1.324549,0.13087,-1.576088,-1.08704,0.000402,0.000526,110121.797572,55990.052663,1.000079
"theta_t[axis1, deepseek-chat]",-0.160683,0.105388,-0.356359,0.04154,0.000305,0.000388,119933.883057,62825.126695,1.000075
"theta_t[axis1, deepseek-coder-1.3b-base]",-2.889034,0.205146,-3.285942,-2.513416,0.000683,0.000779,91301.632562,58787.05961,1.000059
"theta_t[axis1, deepseek-coder-33b-base]",-2.206628,0.184318,-2.55961,-1.868403,0.000578,0.0007,102314.999595,59981.56728,1.000023
"theta_t[axis1, deepseek-coder-6.7b-base]",-2.398589,0.186894,-2.746385,-2.041091,0.00057,0.000698,108574.908449,60357.563717,1.000107
"theta_t[axis1, deepseek-llm-67b-chat]",-1.553355,0.139486,-1.819997,-1.296621,0.000438,0.000544,105348.853945,59477.379952,1.000182
"theta_t[axis1, deepseek-r1-0528-qwen3-8b]",-2.047672,0.225453,-2.471848,-1.626372,0.000684,0.000899,113913.233,57782.357445,1.000148
"theta_t[axis1, deepseek-reasoner]",0.528271,0.14209,0.266411,0.800228,0.000409,0.000578,125098.745387,57125.12256,1.000002
"theta_t[axis1, deepseek-v3.2]",0.246454,0.110657,0.033539,0.449279,0.000328,0.000412,115230.018919,60960.381473,1.000133
"theta_t[axis1, deepseek-v4-flash-0731_high]",0.560922,0.259738,0.058396,1.039944,0.000708,0.001142,135915.34523,53593.064768,1.000016
"theta_t[axis1, deepseek-v4-flash-0731_max]",0.991622,0.078577,0.842892,1.138289,0.000246,0.000298,101625.956529,58644.275676,1.000065
"theta_t[axis1, deepseek-v4-flash-0731_unknown]",0.837298,0.322765,0.224326,1.417086,0.001193,0.001442,81343.323094,52350.600919,1.000021
"theta_t[axis1, deepseek-v4-flash_high]",0.215224,0.232691,-0.226413,0.651496,0.000653,0.000929,128385.846224,57965.236254,1.000006
"theta_t[axis1, deepseek-v4-flash_max]",0.512515,0.147902,0.231038,0.786567,0.000407,0.00058,131922.253149,60444.624434,1.00004
"theta_t[axis1, deepseek-v4-pro-0813_max]",1.124948,0.082897,0.972034,1.285132,0.000273,0.000321,92778.93199,56358.77856,1.000153
"theta_t[axis1, deepseek-v4-pro-0813_unknown]",1.072069,0.354291,0.392522,1.729812,0.001227,0.002093,95918.136988,47724.388505,0.999979
"theta_t[axis1, deepseek-v4-pro_high]",0.659596,0.117531,0.443006,0.88388,0.00037,0.000424,101555.879918,62270.468893,1.000028
"theta_t[axis1, deepseek-v4-pro_max]",0.691817,0.073766,0.549771,0.827961,0.000223,0.000264,109587.431228,64123.2916,1.000218
"theta_t[axis1, deepseek-v4-pro_none]",0.061167,0.142214,-0.202676,0.333955,0.00039,0.000562,133291.716997,59928.354553,1.000145
"theta_t[axis1, deepseek-v4-pro_unknown]",0.288209,0.42476,-0.556375,1.013214,0.001693,0.00196,69795.546983,51110.902894,1.000044
"theta_t[axis1, deepseek-v4-pro_xhigh]",0.124447,0.677326,-1.18439,1.354277,0.002333,0.002654,87229.737754,57748.458066,1.000013
"theta_t[axis1, dolly-v2-12b]",-2.745219,0.222898,-3.173875,-2.335219,0.000694,0.000858,104137.165671,58183.915691,1.000114
"theta_t[axis1, falcon-11b]",-1.588858,0.181656,-1.929381,-1.243204,0.00052,0.000747,122754.430972,56990.338062,1.000116
"theta_t[axis1, falcon-180B]",-1.319568,0.181478,-1.654905,-0.972306,0.000554,0.000769,110230.867854,53635.790596,1.00018
"theta_t[axis1, falcon-40b]",-1.827437,0.167057,-2.146877,-1.516537,0.000511,0.000649,107268.350361,59480.130137,1.000086
"theta_t[axis1, falcon-7b]",-2.519714,0.18241,-2.866894,-2.183562,0.000582,0.000677,99529.401881,62162.455558,1.000032
"theta_t[axis1, gemini-1.0-pro-001]",-1.382891,0.070282,-1.517934,-1.253501,0.000266,0.000242,70166.562284,50137.134652,1.000106
"theta_t[axis1, gemini-1.5-flash-001]",-0.891202,0.061645,-1.005965,-0.774471,0.000213,0.000216,83715.073378,63574.978767,0.999985
"theta_t[axis1, gemini-1.5-flash-002]",-0.713092,0.080897,-0.863821,-0.559385,0.000242,0.000309,112194.97758,61045.810243,1.000063
"theta_t[axis1, gemini-1.5-flash-8b-001]",-1.192891,0.109097,-1.399643,-0.989528,0.000335,0.00042,106502.613687,59425.426653,1.000012
"theta_t[axis1, gemini-1.5-pro-001]",-0.666942,0.059536,-0.777583,-0.553721,0.000197,0.000213,91290.569536,63773.672797,1.000139
"theta_t[axis1, gemini-1.5-pro-001-feb24]",-0.640379,0.186291,-0.991962,-0.292813,0.000519,0.000695,129880.73253,62039.318049,1.000008
"theta_t[axis1, gemini-1.5-pro-002]",-0.545287,0.072651,-0.681815,-0.408314,0.000231,0.000257,98950.148106,62755.348495,1.000081
"theta_t[axis1, gemini-2.0-flash-001]",-0.357524,0.071333,-0.493607,-0.224554,0.000217,0.000264,107988.408056,61773.637919,0.999996
"theta_t[axis1, gemini-2.0-flash-exp]",-0.57147,0.154202,-0.865345,-0.284392,0.000436,0.000587,125085.816985,62283.173476,1.000054
"theta_t[axis1, gemini-2.0-flash-lite]",-0.890889,0.183928,-1.249226,-0.553489,0.00053,0.000711,120804.094644,60674.451211,1.000001
"theta_t[axis1, gemini-2.0-flash-thinking-exp-01-21]",-0.392017,0.103055,-0.587659,-0.19992,0.0003,0.000391,118887.779981,61418.999797,1.000039
"theta_t[axis1, gemini-2.0-pro-exp-02-05]",-0.256242,0.09028,-0.423827,-0.084126,0.000258,0.000352,123406.345833,59270.490752,0.999989
"theta_t[axis1, gemini-2.5-flash]",-0.126713,0.105584,-0.327541,0.069206,0.000318,0.000378,111262.095681,59346.817911,0.999982
"theta_t[axis1, gemini-2.5-flash-lite-preview-06-17_16K]",-0.130252,0.266042,-0.635378,0.366271,0.000745,0.001086,130688.971801,58149.926719,1.000091
"theta_t[axis1, gemini-2.5-flash-lite-preview-06-17_thinking]",-0.457546,0.147904,-0.738061,-0.180522,0.000429,0.000566,119847.849468,52084.975248,1.000035
"theta_t[axis1, gemini-2.5-flash-preview-04-17]",0.067942,0.130315,-0.180401,0.310404,0.000374,0.000497,121355.329945,61537.535868,1.000056
"theta_t[axis1, gemini-2.5-flash-preview-04-17_16K]",0.058162,0.261622,-0.438528,0.548837,0.000728,0.001101,130308.412182,56886.364519,1.000301
"theta_t[axis1, gemini-2.5-flash-preview-04-17_24K]",-0.061556,0.56947,-1.134122,1.024029,0.001745,0.002422,109223.985293,53307.740413,1.000162
"theta_t[axis1, gemini-2.5-flash-preview-05-20]",0.064089,0.110463,-0.147708,0.26788,0.000313,0.000427,124423.959676,60732.31996,1.00023
"theta_t[axis1, gemini-2.5-flash-preview-05-20_16K]",0.057946,0.261176,-0.441387,0.545471,0.000725,0.001143,131207.12704,56166.244425,1.000307
"theta_t[axis1, gemini-2.5-flash-preview-05-20_24K]",0.028091,0.249703,-0.44284,0.500341,0.000756,0.001191,112876.720425,57799.717512,1.000031
"theta_t[axis1, gemini-2.5-flash-preview-09-2025]",-0.034751,0.162718,-0.347806,0.26193,0.000592,0.000798,81516.674444,53882.116005,1.000014
"theta_t[axis1, gemini-2.5-flash-preview-09-2025_16k]",0.087063,0.262136,-0.409039,0.581255,0.000728,0.001116,131374.123065,55764.549379,1.000029
"theta_t[axis1, gemini-2.5-pro]",0.271012,0.065395,0.149187,0.395039,0.000196,0.000235,111401.995792,61416.869872,1.000003
"theta_t[axis1, gemini-2.5-pro-exp-03-25]",0.429741,0.091802,0.257416,0.601829,0.000267,0.000339,117929.423798,62421.602191,1.000071
"theta_t[axis1, gemini-2.5-pro-preview-05-06]",0.18256,0.099149,-0.009327,0.363135,0.000321,0.000333,95487.660528,65002.233107,1.000191
"theta_t[axis1, gemini-2.5-pro-preview-06-05]",0.485922,0.0714,0.351607,0.620998,0.000219,0.000251,106734.586735,65356.971241,1.000077
"theta_t[axis1, gemini-2.5-pro-preview-06-05_32K]",0.668309,0.309875,0.117685,1.256049,0.001062,0.001544,103469.697166,51819.038097,1.000093
"theta_t[axis1, gemini-2.5-pro_16K]",0.464394,0.256517,-0.022392,0.952665,0.000695,0.001098,136232.483377,57626.549084,1.000044
"theta_t[axis1, gemini-3-flash-preview]",0.766709,0.069986,0.633182,0.89614,0.000209,0.000257,112396.256302,62459.528664,0.999967
"theta_t[axis1, gemini-3-flash-preview_high]",0.918551,0.120502,0.695481,1.148602,0.000343,0.000463,124007.948414,59748.565402,1.000028
"theta_t[axis1, gemini-3-flash-preview_low]",0.852522,0.396361,0.120745,1.599154,0.001192,0.00176,118912.50889,55238.107753,1.00018
"theta_t[axis1, gemini-3-flash-preview_minimal]",0.790292,0.401378,-0.000539,1.508053,0.001203,0.001742,119235.700414,54264.07465,1.000076
"theta_t[axis1, gemini-3-flash-preview_unknown]",-0.433508,0.484841,-1.36265,0.430202,0.001959,0.001908,65156.039506,51443.69846,1.00011
"theta_t[axis1, gemini-3-pro-preview]",0.993744,0.058982,0.882112,1.103736,0.000197,0.000205,89261.44243,56651.880413,1.000024
"theta_t[axis1, gemini-3-pro-preview_high]",0.156355,0.443211,-0.693814,0.967635,0.001537,0.002048,90319.784952,55524.492588,1.000163
"theta_t[axis1, gemini-3-pro-preview_low]",0.286463,0.702885,-1.055601,1.610073,0.002181,0.002848,105118.11466,59461.6725,1.000163
"theta_t[axis1, gemini-3.1-flash-lite]",0.16178,0.0902,-0.008633,0.330014,0.00026,0.00034,120397.60933,62762.503325,1.000133
"theta_t[axis1, gemini-3.1-flash-lite_high]",0.39871,0.097567,0.213953,0.580977,0.000267,0.000384,133356.733208,59810.363293,1.000112
"theta_t[axis1, gemini-3.1-flash-lite_low]",0.127913,0.126871,-0.110134,0.36539,0.000348,0.000498,132877.464736,59561.072799,1.000152
"theta_t[axis1, gemini-3.1-flash-lite_minimal]",0.104301,0.128704,-0.136726,0.346556,0.000355,0.000501,131677.622595,58928.066921,1.000029
"theta_t[axis1, gemini-3.1-pro-preview]",1.180519,0.056186,1.074132,1.28469,0.000216,0.000179,67329.727134,56439.614791,1.000031
"theta_t[axis1, gemini-3.1-pro-preview_high]",1.196521,0.109387,0.993827,1.404407,0.000348,0.00039,98769.619843,62250.76948,1.000175
"theta_t[axis1, gemini-3.1-pro-preview_low]",0.760947,0.426713,-0.049983,1.552673,0.001308,0.001845,114698.204632,55576.614547,1.000112
"theta_t[axis1, gemini-3.1-pro-preview_medium]",1.001985,0.445707,0.13746,1.802662,0.001424,0.002114,109204.190453,52626.235023,1.00005
"theta_t[axis1, gemini-3.1-pro-preview_unknown]",0.306741,0.325382,-0.306258,0.901859,0.001329,0.001568,69944.081903,47214.275323,1.000097
"theta_t[axis1, gemini-3.5-flash]",0.786603,0.312163,0.230909,1.392129,0.000985,0.001238,108803.150274,56730.948206,1.000161
"theta_t[axis1, gemini-3.5-flash-lite]",0.082019,0.174238,-0.25048,0.403839,0.000492,0.000653,125261.025158,60739.451899,0.999997
"theta_t[axis1, gemini-3.5-flash-lite_high]",0.310592,0.080744,0.156327,0.460188,0.000232,0.000308,120828.318916,61166.645146,1.000147
"theta_t[axis1, gemini-3.5-flash-lite_low]",0.242803,0.157277,-0.048439,0.542134,0.000427,0.000634,138370.113844,58346.996023,1.000026
"theta_t[axis1, gemini-3.5-flash-lite_minimal]",0.134114,0.152417,-0.151415,0.422511,0.000417,0.000618,134749.01499,57447.212307,1.000096
"theta_t[axis1, gemini-3.5-flash_high]",1.103215,0.067924,0.977529,1.233845,0.000236,0.000235,82791.796576,62634.389738,1.000127
"theta_t[axis1, gemini-3.5-flash_low]",1.012903,0.195071,0.655693,1.38748,0.000545,0.000747,131190.400153,59585.856596,1.000098
"theta_t[axis1, gemini-3.5-flash_medium]",0.68292,0.210397,0.289115,1.082055,0.000646,0.000879,107843.716946,57866.276712,1.000132
"theta_t[axis1, gemini-3.5-flash_minimal]",0.805752,0.213138,0.413507,1.212378,0.000617,0.000851,126411.786565,58519.233253,1.000035
"theta_t[axis1, gemini-3.5-flash_unknown]",0.771142,0.399013,0.00937,1.504261,0.001294,0.001757,103090.655373,55319.553177,1.000193
"theta_t[axis1, gemini-3.6-flash]",0.628684,0.289843,0.104648,1.180651,0.000887,0.00119,116329.214439,59095.98967,1.000104
"theta_t[axis1, gemini-3.6-flash_high]",1.024069,0.073946,0.886265,1.163532,0.000234,0.000271,99525.391462,61203.77579,1.000169
"theta_t[axis1, gemini-3.6-flash_low]",0.82418,0.190323,0.475481,1.18829,0.000537,0.000747,128337.861488,58238.830607,1.00008
"theta_t[axis1, gemini-3.6-flash_minimal]",0.762263,0.18506,0.41116,1.104737,0.000521,0.000722,129878.313379,56698.429958,1.000113
"theta_t[axis1, gemini-3.6-flash_unknown]",0.975866,0.219043,0.556878,1.383315,0.00067,0.000975,111601.963222,54673.47929,1.000035
"theta_t[axis1, gemini-3.7-flash]",0.903119,0.3244,0.316495,1.52824,0.001034,0.00137,112776.468861,49830.988175,1.000032
"theta_t[axis1, gemini-3.7-flash_high]",1.28616,0.075758,1.142443,1.426661,0.000269,0.000269,79516.574191,59648.237733,1.000135
"theta_t[axis1, gemini-3.7-flash_low]",0.814589,0.269813,0.303127,1.299908,0.000904,0.001235,102471.943614,51707.378009,1.000115
"theta_t[axis1, gemini-3.7-flash_medium]",1.198566,0.195546,0.828967,1.561577,0.000593,0.000797,113548.303321,57402.715324,1.000085
"theta_t[axis1, gemini-3.7-flash_unknown]",1.318528,0.198627,0.940832,1.693877,0.00061,0.000811,106714.545355,60153.118327,1.000084
"theta_t[axis1, gemini-3.8-flash_high]",1.461991,0.209254,1.069183,1.854994,0.000632,0.000881,115023.065903,58171.074391,1.000109
"theta_t[axis1, gemini-3.8-flash_low]",0.305345,0.477853,-0.601213,1.125357,0.001846,0.002295,87657.646639,45674.971726,1.000035
"theta_t[axis1, gemini-3.8-flash_medium]",1.255998,0.222374,0.830171,1.660807,0.000694,0.000968,110046.479123,54085.327912,1.000087
"theta_t[axis1, gemini-3.8-flash_unknown]",1.03558,0.362015,0.347581,1.700472,0.001274,0.002211,95896.507692,48414.980704,1.00011
"theta_t[axis1, gemma-2-27b]",-1.25943,0.197184,-1.636392,-0.895187,0.000562,0.000782,123412.590041,57749.093067,1.00007
"theta_t[axis1, gemma-2-27b-it]",-1.093823,0.101396,-1.283962,-0.9022,0.000317,0.000404,104144.47889,54336.733377,1.000076
"theta_t[axis1, gemma-2-9b-it]",-1.286528,0.110288,-1.493473,-1.079684,0.000343,0.000437,105420.1176,59588.282558,1.000113
"theta_t[axis1, gemma-2b]",-2.302508,0.176817,-2.644005,-1.981053,0.000562,0.000661,100166.197076,59170.941508,1.000042
"theta_t[axis1, gemma-3-12b-it]",-1.080131,0.1018,-1.274986,-0.893152,0.000317,0.000378,103690.862339,50971.123252,1.000048
"theta_t[axis1, gemma-3-1b-it]",-1.636345,0.186222,-1.985355,-1.289561,0.000565,0.000736,112560.605197,56575.218925,1.000023
"theta_t[axis1, gemma-3-27b-it]",-0.697516,0.07823,-0.844021,-0.55013,0.000245,0.000276,102382.145406,62934.279431,1.000032
"theta_t[axis1, gemma-3-4b-it]",-1.515172,0.110108,-1.725763,-1.312853,0.000353,0.000404,97448.495257,61992.613707,0.999986
"theta_t[axis1, gemma-4-26b-a4b]",-0.073155,0.141658,-0.339354,0.192187,0.000388,0.000555,133634.797742,59228.493408,1.000203
"theta_t[axis1, gemma-4-26b-a4b_minimal]",0.223347,0.151158,-0.059056,0.510727,0.000406,0.000613,139554.316399,60890.981417,1.000068
"theta_t[axis1, gemma-4-31b-it]",0.405261,0.125053,0.172609,0.643708,0.000345,0.000478,131235.592308,61811.735623,1.000113
"theta_t[axis1, gemma-4-31b-it_minimal]",0.202541,0.148216,-0.071812,0.484762,0.000406,0.000592,135316.012355,59252.329249,1.000253
"theta_t[axis1, gemma-4-31b-it_none]",-0.032637,0.326413,-0.660822,0.546768,0.001224,0.001668,80960.736243,51583.036861,1.000025
"theta_t[axis1, gemma-7b]",-1.42937,0.175765,-1.762212,-1.098109,0.000541,0.000695,107471.023521,57764.136312,1.000077
"theta_t[axis1, glm-4.5]",-0.223693,0.156833,-0.520924,0.063983,0.00048,0.000633,113785.257779,57755.465215,1.000033
"theta_t[axis1, glm-4.5_thinking]",0.047234,0.26253,-0.460454,0.529392,0.000716,0.001136,135582.154093,56317.321561,1.000207
"theta_t[axis1, glm-4.6]",-0.106438,0.183546,-0.465035,0.216917,0.000599,0.000803,103336.451789,55536.389986,0.999974
"theta_t[axis1, glm-4.7]",0.315084,0.090393,0.143363,0.483527,0.000256,0.000342,124436.974992,63060.004961,1.000133
"theta_t[axis1, glm-4.7-flash]",-0.324095,0.141827,-0.594214,-0.060564,0.000381,0.000573,138350.30866,59781.591243,1.000228
"theta_t[axis1, glm-4.7-flash_none]",-0.789265,0.152834,-1.075253,-0.500094,0.000424,0.000613,131447.842046,58275.254381,1.000087
"theta_t[axis1, glm-4.7_high]",0.209583,0.545902,-0.850112,1.190437,0.001964,0.002327,84620.775755,55727.180797,1.000065
"theta_t[axis1, glm-5]",0.575379,0.099033,0.389945,0.764186,0.000287,0.00039,119499.640072,59826.084279,1.0001
"theta_t[axis1, glm-5.1]",0.694409,0.088579,0.529115,0.861405,0.000257,0.000336,118845.295432,61519.470221,1.000099
"theta_t[axis1, glm-5.1_none]",0.270676,0.195801,-0.094911,0.63335,0.000618,0.000939,113520.727115,54183.60216,1.000119
"theta_t[axis1, glm-5.2_high]",0.747702,0.173768,0.4211,1.077072,0.000495,0.000707,124369.667567,59082.59304,1.000079
"theta_t[axis1, glm-5.2_low]",0.773522,0.120199,0.545303,0.997636,0.00034,0.000471,125324.080407,57111.833157,1.00017
"theta_t[axis1, glm-5.2_max]",1.060548,0.075903,0.916107,1.202894,0.000257,0.000269,87280.341977,61190.630148,1.000034
"theta_t[axis1, glm-5.2_medium]",0.238247,0.515589,-0.739719,1.159781,0.001634,0.002236,114391.24899,55557.400135,1.000043
"theta_t[axis1, glm-5.2_minimal]",0.391118,0.503773,-0.577328,1.295458,0.001643,0.002223,108541.563808,51685.478089,1.00013
"theta_t[axis1, glm-5.2_none]",0.25151,0.142274,-0.020717,0.512643,0.000459,0.000489,96629.694452,65410.619487,1.000143
"theta_t[axis1, glm-5.2_unknown]",1.233044,0.181853,0.888421,1.57481,0.000555,0.00072,107943.054211,59712.51834,1.000073
"theta_t[axis1, glm-5.2_xhigh]",0.408923,0.672795,-0.910927,1.632027,0.00241,0.002746,81478.540116,58023.820692,1.000121
"theta_t[axis1, glm-5.3-flash_max]",0.823114,0.082793,0.663822,0.975759,0.000255,0.000308,105669.141338,62065.685496,1.000249
"theta_t[axis1, glm-5.3-flash_unknown]",1.143835,0.329277,0.512562,1.703622,0.001286,0.001951,86265.642933,45506.748608,1.000093
"theta_t[axis1, glm-5.3_max]",1.169094,0.081335,1.015216,1.321386,0.000303,0.000279,71784.941937,63032.862403,1.000078
"theta_t[axis1, glm-5_unknown]",0.380561,0.182964,0.049467,0.732673,0.000597,0.000759,96943.510305,60419.331362,1.000084
"theta_t[axis1, gpt-3.5-turbo-0125]",-1.401389,0.078642,-1.549476,-1.253825,0.000289,0.00028,74538.466559,60787.317462,1.000091
"theta_t[axis1, gpt-3.5-turbo-0613]",-1.514668,0.145743,-1.785549,-1.237442,0.000448,0.000513,106072.511692,62112.186972,1.000034
"theta_t[axis1, gpt-3.5-turbo-1106]",-1.289048,0.101243,-1.479098,-1.098502,0.000318,0.000388,101463.984198,59274.229213,1.000166
"theta_t[axis1, gpt-4-0125-preview]",-0.919594,0.101406,-1.116191,-0.733447,0.000303,0.000384,112658.967053,58865.292943,1.000194
"theta_t[axis1, gpt-4-0314]",-0.917232,0.099263,-1.100559,-0.726293,0.0003,0.000376,109736.77632,61060.688513,1.000115
"theta_t[axis1, gpt-4-0613]",-1.040984,0.060269,-1.155818,-0.92838,0.000216,0.000204,77730.624134,62302.411964,1.000043
"theta_t[axis1, gpt-4-1106-preview]",-0.949173,0.103996,-1.144202,-0.752234,0.000316,0.000406,109627.136387,60918.219409,1.000152
"theta_t[axis1, gpt-4-turbo]",-0.87095,0.122444,-1.103388,-0.642991,0.000368,0.000431,110524.619467,64158.448513,1.000085
"theta_t[axis1, gpt-4-turbo-2024-04-09]",-0.79638,0.057062,-0.903704,-0.689154,0.000194,0.000196,86238.344371,63373.062902,0.999967
"theta_t[axis1, gpt-4.1-2025-04-14]",-0.138516,0.060725,-0.25485,-0.026249,0.00018,0.000223,114201.810999,61706.911041,1.000185
"theta_t[axis1, gpt-4.1-mini-2025-04-14]",-0.276039,0.074766,-0.416861,-0.135972,0.000226,0.000267,109468.999289,63282.958717,1.000133
"theta_t[axis1, gpt-4.1-nano-2025-04-14]",-0.763683,0.084655,-0.921259,-0.604095,0.000274,0.000293,96462.053157,64912.305861,1.000042
"theta_t[axis1, gpt-4.5-preview-2025-02-27]",-0.225839,0.058353,-0.334899,-0.115988,0.000178,0.000204,107560.717603,64960.099039,1.000133
"theta_t[axis1, gpt-4o-2024-05-13]",-0.588532,0.053186,-0.688837,-0.489049,0.000177,0.000181,89972.728661,63038.277941,1.000059
"theta_t[axis1, gpt-4o-2024-08-06]",-0.681326,0.069482,-0.811362,-0.551237,0.00022,0.000254,100011.134376,62606.500513,1.000021
"theta_t[axis1, gpt-4o-2024-11-20]",-0.671285,0.070625,-0.80718,-0.540783,0.000216,0.000265,107400.488188,61856.328828,1.000111
"theta_t[axis1, gpt-4o-2025-01-29]",-0.298725,0.204312,-0.680733,0.086198,0.000657,0.000811,98657.708027,58575.900488,1.000065
"theta_t[axis1, gpt-4o-mini-2024-07-18]",-0.901596,0.07088,-1.034575,-0.767955,0.000232,0.000256,93804.282038,61231.695972,1.000044
"theta_t[axis1, gpt-5-2025-08-07]",0.238816,0.172637,-0.088095,0.56252,0.000481,0.000678,130105.341733,59857.418096,0.999988
"theta_t[axis1, gpt-5-2025-08-07_high]",0.808001,0.064781,0.685468,0.929092,0.000207,0.000236,98198.367511,61224.675338,1.000062
"theta_t[axis1, gpt-5-2025-08-07_low]",0.597512,0.127672,0.356661,0.837163,0.000353,0.000503,130847.488728,60182.78226,1.000021
"theta_t[axis1, gpt-5-2025-08-07_medium]",0.666506,0.092116,0.494639,0.839317,0.000268,0.000349,119430.137984,61252.472177,1.000014
"theta_t[axis1, gpt-5-2025-08-07_minimal]",0.039285,0.109082,-0.167815,0.242384,0.000294,0.000428,137505.887008,58908.753659,1.000145
"theta_t[axis1, gpt-5-2025-08-07_thinking]",0.768112,0.180718,0.418369,1.100466,0.000624,0.00091,88782.505782,53004.476063,1.00015
"theta_t[axis1, gpt-5-2025-08-07_unknown]",0.686608,0.061665,0.569292,0.801292,0.000288,0.000198,46487.254296,49312.966309,1.000145
"theta_t[axis1, gpt-5-codex]",0.453951,0.14376,0.183266,0.725909,0.000424,0.00069,120121.163202,51534.029086,1.000118
"theta_t[axis1, gpt-5-codex_high]",0.612801,0.203874,0.227075,0.996883,0.000573,0.000805,127324.055666,59319.437255,0.999961
"theta_t[axis1, gpt-5-mini-2025-08-07_high]",0.451683,0.084589,0.293934,0.611919,0.000258,0.000306,107326.1657,59389.42713,1.000033
"theta_t[axis1, gpt-5-mini-2025-08-07_low]",0.117271,0.19491,-0.252035,0.471746,0.000625,0.000889,109308.085314,52964.473404,1.000066
"theta_t[axis1, gpt-5-mini-2025-08-07_medium]",0.172717,0.094489,-0.002707,0.353258,0.000266,0.000363,126995.545215,61388.660737,1.000049
"theta_t[axis1, gpt-5-mini-2025-08-07_minimal]",-0.099411,0.114097,-0.312232,0.115384,0.000313,0.000449,133046.51462,59256.001012,1.000039
"theta_t[axis1, gpt-5-mini-2025-08-07_thinking]",0.514536,0.473223,-0.383545,1.418353,0.001448,0.001989,107991.647052,59040.568478,1.000032
"theta_t[axis1, gpt-5-mini-2025-08-07_unknown]",0.25037,0.097008,0.066293,0.431453,0.000293,0.000351,109904.777199,61715.085541,1.000068
"theta_t[axis1, gpt-5-nano-2025-08-07_high]",-0.042463,0.085467,-0.199781,0.121317,0.000251,0.000321,116062.274415,62170.909541,1.000058
"theta_t[axis1, gpt-5-nano-2025-08-07_low]",-0.34039,0.116227,-0.560581,-0.123126,0.00032,0.000463,133139.84632,57493.467346,0.999981
"theta_t[axis1, gpt-5-nano-2025-08-07_medium]",-0.096428,0.090834,-0.265117,0.077275,0.000281,0.000332,105268.42938,60360.407483,1.00003
"theta_t[axis1, gpt-5-nano-2025-08-07_minimal]",-0.661108,0.133726,-0.912917,-0.410579,0.00037,0.000535,132753.294506,57644.729193,1.00014
"theta_t[axis1, gpt-5-nano-2025-08-07_unknown]",-0.1275,0.223239,-0.557506,0.266746,0.000786,0.001104,94210.402809,49627.359707,1.000199
"theta_t[axis1, gpt-5-pro-2025-10-06_high]",0.877338,0.102956,0.683643,1.071202,0.000308,0.000415,113587.708247,56777.08254,1.000168
"theta_t[axis1, gpt-5-pro-2025-10-06_unknown]",1.109898,0.099282,0.92134,1.29454,0.000319,0.000353,97092.517224,64263.840647,1.000034
"theta_t[axis1, gpt-5.1-2025-11-13]",0.239751,0.662673,-1.037532,1.458691,0.001869,0.002837,129441.164595,53785.657318,1.000191
"theta_t[axis1, gpt-5.1-2025-11-13_high]",0.790534,0.092903,0.615093,0.964079,0.00028,0.000342,110337.122067,63690.990576,1.000101
"theta_t[axis1, gpt-5.1-2025-11-13_low]",0.286149,0.225741,-0.131664,0.718939,0.000619,0.000932,133325.712651,58035.447594,1.000079
"theta_t[axis1, gpt-5.1-2025-11-13_medium]",0.561217,0.119327,0.335396,0.783935,0.000338,0.000471,126072.785548,59799.269469,1.000058
"theta_t[axis1, gpt-5.1-2025-11-13_none]",-0.151859,0.094416,-0.332383,0.022151,0.000267,0.000361,125715.389826,61037.221215,1.000137
"theta_t[axis1, gpt-5.1-2025-11-13_thinking]",0.749908,0.132047,0.50247,1.001597,0.000387,0.000523,116694.047862,61717.108266,0.999975
"theta_t[axis1, gpt-5.1-2025-11-13_unknown]",0.633105,0.092818,0.458732,0.807621,0.000277,0.00034,112249.521286,61655.504001,1.000045
"theta_t[axis1, gpt-5.1-codex]",0.745285,0.152114,0.456907,1.031773,0.000437,0.000622,121560.757955,60183.688516,1.00011
"theta_t[axis1, gpt-5.1-codex-max]",0.701102,0.09959,0.516277,0.891003,0.000304,0.000359,107442.586715,63118.766203,1.000075
"theta_t[axis1, gpt-5.2-2025-12-11_high]",0.972804,0.109968,0.769351,1.183935,0.000318,0.000406,119529.66684,63488.693473,1.000001
"theta_t[axis1, gpt-5.2-2025-12-11_low]",0.427393,0.127572,0.189732,0.668711,0.000345,0.000501,137494.733227,59643.908101,1.000159
"theta_t[axis1, gpt-5.2-2025-12-11_medium]",0.866182,0.107764,0.666705,1.072962,0.000312,0.000418,119730.040402,61360.575805,1.00001
"theta_t[axis1, gpt-5.2-2025-12-11_none]",0.200908,0.130836,-0.043644,0.44877,0.000379,0.000494,119369.854605,60515.493883,1.00011
"theta_t[axis1, gpt-5.2-2025-12-11_unknown]",0.737815,0.079406,0.587411,0.886318,0.000247,0.000292,103287.624287,62512.139252,1.000127
"theta_t[axis1, gpt-5.2-2025-12-11_xhigh]",1.071358,0.073875,0.934436,1.21321,0.000241,0.000271,94286.570476,62762.970087,1.000073
"theta_t[axis1, gpt-5.2-codex]",0.90472,0.077516,0.755401,1.047604,0.000416,0.000336,36503.069594,36385.775669,1.000333
"theta_t[axis1, gpt-5.2-pro-2025-12-11]",0.36949,0.703995,-0.945686,1.711327,0.002065,0.002866,116878.374591,57832.923753,1.000213
"theta_t[axis1, gpt-5.2-pro-2025-12-11_xhigh]",1.278275,0.101343,1.089555,1.472732,0.000315,0.000403,103885.942672,60939.90436,1.00008
"theta_t[axis1, gpt-5.3-codex]",1.135987,0.072325,1.001243,1.273141,0.000279,0.00024,67163.366825,62943.968189,1.000065
"theta_t[axis1, gpt-5.3-codex_xhigh]",1.168937,0.212412,0.767996,1.570124,0.000616,0.00087,121141.133152,60037.314833,1.000107
"theta_t[axis1, gpt-5.4-2026-03-05]",1.130448,0.10973,0.926399,1.33434,0.000756,0.000864,24962.000015,17572.25905,1.000566
"theta_t[axis1, gpt-5.4-2026-03-05_high]",1.073341,0.10663,0.866152,1.269456,0.00034,0.000381,98324.322843,62396.345268,1.000065
"theta_t[axis1, gpt-5.4-2026-03-05_low]",0.55295,0.156528,0.269139,0.855289,0.000444,0.000596,126029.008419,59880.237459,1.000197
"theta_t[axis1, gpt-5.4-2026-03-05_medium]",1.030702,0.184119,0.69275,1.38372,0.000516,0.000725,130123.739094,56609.261353,1.000098
"theta_t[axis1, gpt-5.4-2026-03-05_none]",0.238439,0.132432,-0.01026,0.488234,0.000366,0.000532,132125.009395,57116.051243,1.000146
"theta_t[axis1, gpt-5.4-2026-03-05_unknown]",1.214243,0.080391,1.06355,1.365289,0.000408,0.000265,38656.413651,45046.107145,1.000202
"theta_t[axis1, gpt-5.4-2026-03-05_xhigh]",1.252342,0.057979,1.143611,1.360859,0.000228,0.000192,64385.032892,53835.487515,1.000061
"theta_t[axis1, gpt-5.4-mini-2026-03-17_high]",0.612807,0.140208,0.347043,0.871705,0.000384,0.000553,135000.238023,59655.055521,1.000195
"theta_t[axis1, gpt-5.4-mini-2026-03-17_low]",0.154788,0.203612,-0.224873,0.526711,0.000707,0.000973,96815.23931,51998.37613,1.000051
"theta_t[axis1, gpt-5.4-mini-2026-03-17_medium]",-0.274108,0.542292,-1.303677,0.703829,0.00169,0.002165,116163.885688,57467.681219,1.000036
"theta_t[axis1, gpt-5.4-mini-2026-03-17_none]",-0.167958,0.116572,-0.382415,0.056091,0.000334,0.00044,122375.484608,60790.902198,1.000142
"theta_t[axis1, gpt-5.4-mini-2026-03-17_unknown]",0.885355,0.241432,0.426665,1.33362,0.000718,0.001029,120381.328098,57178.253788,1.000068
"theta_t[axis1, gpt-5.4-mini-2026-03-17_xhigh]",0.72388,0.08272,0.568951,0.880558,0.000242,0.000317,117018.086797,60388.107698,1.000069
"theta_t[axis1, gpt-5.4-nano-2026-03-17_high]",0.527132,0.098107,0.342806,0.71076,0.000309,0.000378,101886.885896,56309.05069,1.000033
"theta_t[axis1, gpt-5.4-nano-2026-03-17_low]",0.121365,0.118831,-0.104002,0.342237,0.000322,0.000471,136213.343128,59801.825148,1.000096
"theta_t[axis1, gpt-5.4-nano-2026-03-17_medium]",-0.358246,0.545794,-1.400913,0.62198,0.001698,0.002143,116722.078235,57201.032781,1.000117
"theta_t[axis1, gpt-5.4-nano-2026-03-17_none]",-0.342697,0.115948,-0.563416,-0.127363,0.000325,0.000471,128557.210128,56891.751831,1.000107
"theta_t[axis1, gpt-5.4-nano-2026-03-17_unknown]",0.539183,0.332292,-0.091405,1.134857,0.00115,0.00163,100476.533106,51102.9281,1.000038
"theta_t[axis1, gpt-5.4-nano-2026-03-17_xhigh]",0.566396,0.190254,0.205025,0.919228,0.00052,0.000722,134004.35944,59384.071494,1.000339
"theta_t[axis1, gpt-5.4-pro-2026-03-05_none]",0.572167,0.256871,0.084112,1.055555,0.000697,0.001091,135485.125231,58737.233483,1.000105
"theta_t[axis1, gpt-5.4-pro-2026-03-05_unknown]",1.25048,0.099236,1.064753,1.438977,0.00032,0.000357,96202.418896,64374.736295,0.999999
"theta_t[axis1, gpt-5.4-pro-2026-03-05_xhigh]",1.520531,0.099984,1.338211,1.713405,0.000356,0.000377,80376.009809,56442.348365,1.000116
"theta_t[axis1, gpt-5.5]",1.869062,0.202574,1.498763,2.264339,0.000709,0.000856,83775.47021,58971.914572,1.000031
"theta_t[axis1, gpt-5.5-instant]",0.290065,0.099755,0.097255,0.470771,0.000277,0.000386,131240.110386,58794.080582,1.000142
"theta_t[axis1, gpt-5.5-pre-release_xhigh]",1.55642,0.221157,1.14895,1.976661,0.000659,0.000895,119213.216325,55121.946699,1.00019
"theta_t[axis1, gpt-5.5-pro-pre-release_xhigh]",1.667729,0.237686,1.22761,2.113961,0.000696,0.000956,121890.249152,55494.751317,1.000108
"theta_t[axis1, gpt-5.5-pro_xhigh]",1.675914,0.097936,1.491588,1.860461,0.000343,0.000352,82311.673301,59148.743105,1.000033
"theta_t[axis1, gpt-5.5_high]",1.643623,0.137786,1.389147,1.907403,0.000419,0.000529,107976.005823,60293.39643,0.999966
"theta_t[axis1, gpt-5.5_low]",0.851029,0.143997,0.581746,1.122617,0.000399,0.000557,130018.917681,60923.865926,1.000016
"theta_t[axis1, gpt-5.5_medium]",1.318714,0.150213,1.026434,1.596056,0.00051,0.000591,88020.243605,58197.442621,1.00028
"theta_t[axis1, gpt-5.5_none]",0.384431,0.129803,0.14202,0.628712,0.000364,0.000497,127455.116057,59815.89795,1.000098
"theta_t[axis1, gpt-5.5_unknown]",1.663918,0.095911,1.484597,1.84518,0.00039,0.000296,60421.201898,63644.17347,1.000064
"theta_t[axis1, gpt-5.5_xhigh]",1.528827,0.070624,1.394736,1.660155,0.000264,0.000238,71313.332773,62593.965835,1.000124
"theta_t[axis1, gpt-5.6-luna]",0.282,0.247241,-0.168316,0.754681,0.000732,0.000975,120339.724508,57397.69824,1.000218
"theta_t[axis1, gpt-5.6-luna_high]",0.948026,0.209885,0.551364,1.340449,0.000601,0.000808,122278.184768,60150.672354,1.000227
"theta_t[axis1, gpt-5.6-luna_low]",0.385974,0.117488,0.161746,0.604266,0.000359,0.000425,107571.560008,62786.710067,1.000055
"theta_t[axis1, gpt-5.6-luna_max]",1.370465,0.07842,1.219573,1.516126,0.000269,0.000283,85014.808049,59868.875438,1.000046
"theta_t[axis1, gpt-5.6-luna_medium]",0.592762,0.183322,0.242232,0.931885,0.000618,0.00069,90842.529243,59373.069838,1.000104
"theta_t[axis1, gpt-5.6-luna_none]",0.023607,0.14441,-0.244261,0.297247,0.000468,0.000501,95566.520249,61057.819773,1.00001
"theta_t[axis1, gpt-5.6-luna_unknown]",1.418891,0.280855,0.881123,1.942326,0.00083,0.00121,117108.724969,57840.533969,1.000072
"theta_t[axis1, gpt-5.6-luna_xhigh]",1.383608,0.229151,0.940701,1.794608,0.000704,0.001014,113512.368483,56340.06435,1.000084
"theta_t[axis1, gpt-5.6-sol]",1.02832,0.309183,0.463377,1.629896,0.000993,0.001115,97275.881643,63269.691875,1.000173
"theta_t[axis1, gpt-5.6-sol_high]",1.698718,0.126347,1.459806,1.93713,0.000424,0.000473,88795.762074,54430.590976,1.000008
"theta_t[axis1, gpt-5.6-sol_low]",1.043818,0.148712,0.767655,1.3254,0.000413,0.000556,129615.175064,63018.865067,1.000065
"theta_t[axis1, gpt-5.6-sol_max]",1.74081,0.075342,1.598314,1.88158,0.000298,0.000244,63872.023439,61293.4394,1.000104
"theta_t[axis1, gpt-5.6-sol_medium]",1.5823,0.170833,1.262429,1.904308,0.000654,0.000707,70802.730132,50445.172397,1.000146
"theta_t[axis1, gpt-5.6-sol_none]",0.480845,0.152715,0.190915,0.764356,0.000416,0.000623,136064.5416,59463.239207,1.000078
"theta_t[axis1, gpt-5.6-sol_promax]",1.72521,0.10162,1.535977,1.917867,0.000349,0.000375,85166.559418,60006.353065,0.999988
"theta_t[axis1, gpt-5.6-sol_unknown]",2.484738,0.170569,2.161448,2.800987,0.000726,0.000527,55228.071864,61872.962514,1.000031
"theta_t[axis1, gpt-5.6-sol_xhigh]",1.620484,0.133326,1.368764,1.871159,0.00044,0.000497,92088.289632,60719.628981,1.000038
"theta_t[axis1, gpt-5.6-terra]",0.435029,0.258882,-0.029287,0.936702,0.000771,0.001048,119760.650562,56456.28712,1.000117
"theta_t[axis1, gpt-5.6-terra_high]",1.416821,0.18238,1.074078,1.759869,0.000516,0.000724,125086.085098,59815.412013,1.000094
"theta_t[axis1, gpt-5.6-terra_low]",0.734281,0.143815,0.460363,1.00179,0.000394,0.000549,133523.015407,61511.450055,1.000266
"theta_t[axis1, gpt-5.6-terra_max]",1.560389,0.085121,1.398124,1.718923,0.000299,0.000321,81206.782806,56435.227835,1.000022
"theta_t[axis1, gpt-5.6-terra_medium]",0.987278,0.227646,0.55245,1.404471,0.000753,0.000843,94221.122597,58969.105168,1.000111
"theta_t[axis1, gpt-5.6-terra_none]",0.152746,0.137669,-0.102443,0.413111,0.000379,0.00055,132503.244865,51603.111599,1.000028
"theta_t[axis1, gpt-5.6-terra_unknown]",1.54858,0.277823,1.021525,2.068498,0.000821,0.001154,116656.330278,56076.130818,1.000066
"theta_t[axis1, gpt-5.6-terra_xhigh]",1.559841,0.163132,1.248258,1.861966,0.000484,0.00063,113608.563913,60829.595957,0.999993
"theta_t[axis1, gpt-6-astra_high]",2.009753,0.122082,1.78115,2.239193,0.000442,0.000433,77069.716508,60889.543028,1.000116
"theta_t[axis1, gpt-6-astra_low]",1.81207,0.118431,1.594564,2.039547,0.000416,0.000434,82054.596974,61304.797824,1.000064
"theta_t[axis1, gpt-6-astra_max]",2.117518,0.113725,1.910259,2.338315,0.000433,0.000391,69560.582636,59963.182348,1.000068
"theta_t[axis1, gpt-6-astra_medium]",2.046911,0.127345,1.814184,2.291705,0.000473,0.000444,73408.733759,60928.701395,1.000033
"theta_t[axis1, gpt-6-astra_none]",1.697476,0.115235,1.486724,1.918486,0.000395,0.000437,85676.064777,58287.259211,1.000015
"theta_t[axis1, gpt-6-astra_unknown]",1.951695,0.187844,1.606021,2.309527,0.00061,0.000725,96519.320142,60861.457547,1.000118
"theta_t[axis1, gpt-6-astra_xhigh]",1.998934,0.127339,1.761575,2.240935,0.000455,0.000465,79469.325598,59646.741534,1.000121
"theta_t[axis1, gpt-j-6b]",-2.785545,0.223118,-3.204107,-2.365171,0.000707,0.000844,100602.913957,61370.548804,1.000172
"theta_t[axis1, gpt-oss-120b]",-0.171011,0.092093,-0.347486,-0.001236,0.000275,0.000325,112723.920166,65322.89577,1.000052
"theta_t[axis1, gpt-oss-120b_high]",0.05593,0.092594,-0.117997,0.230144,0.000268,0.000344,119700.352564,61498.11901,1.000168
"theta_t[axis1, gpt-oss-120b_low]",-0.551931,0.479914,-1.465847,0.285131,0.001567,0.001924,107762.305217,56620.27139,1.000064
"theta_t[axis1, gpt-oss-120b_medium]",-0.121084,0.234334,-0.57155,0.312536,0.000675,0.000943,125831.680257,58300.587469,1.000167
"theta_t[axis1, gpt-oss-120b_unknown]",-0.224789,0.234492,-0.67338,0.195449,0.00081,0.001133,95185.336295,51678.346221,1.000216
"theta_t[axis1, gpt-oss-20b]",-0.74049,0.129053,-0.982402,-0.497328,0.000376,0.000477,118395.911718,62379.508174,1.000099
"theta_t[axis1, gpt-oss-20b_high]",-0.49347,0.111503,-0.706547,-0.287043,0.000318,0.000422,123167.269504,58715.883399,1.000192
"theta_t[axis1, gpt-oss-20b_low]",-0.482722,0.149769,-0.766912,-0.204035,0.000411,0.000595,132923.012689,58161.494711,1.000056
"theta_t[axis1, gpt-oss-20b_medium]",-0.14561,0.132553,-0.394075,0.104744,0.000366,0.000516,130899.254875,60455.183511,1.000072
"theta_t[axis1, gpt-oss-20b_unknown]",-1.061447,0.352376,-1.716703,-0.42867,0.001266,0.001575,91633.738336,48792.123784,1.000134
"theta_t[axis1, gpt2-xl]",-3.101655,0.263776,-3.590062,-2.607698,0.000913,0.000886,85675.794735,63878.019998,1.000185
"theta_t[axis1, granite-4.0-1b]",-1.511641,0.178767,-1.847903,-1.178878,0.00053,0.000718,118077.659457,59139.088295,0.999987
"theta_t[axis1, granite-4.0-350m]",-2.032116,0.212505,-2.43107,-1.634055,0.000654,0.000869,110814.371175,53726.53939,1.000267
"theta_t[axis1, granite-4.0-h-small]",-0.952846,0.177267,-1.288246,-0.621102,0.000501,0.000742,126318.750466,58072.608229,1.00005
"theta_t[axis1, granite-4.0-micro]",-1.344803,0.170474,-1.666552,-1.028854,0.000499,0.000696,119798.006763,58689.929075,1.000146
"theta_t[axis1, grok-2]",-0.832909,0.082577,-0.990111,-0.679795,0.000258,0.000301,102723.12878,63882.436108,1.000034
"theta_t[axis1, grok-2-1212]",-0.549331,0.080077,-0.700315,-0.399181,0.000235,0.000303,116276.956997,59545.186663,1.000148
"theta_t[axis1, grok-3]",-0.169337,0.147412,-0.449216,0.106031,0.000407,0.000578,130962.7382,59777.327558,1.000127
"theta_t[axis1, grok-3-beta]",-0.058364,0.095731,-0.237229,0.123399,0.000263,0.000379,133217.081354,59968.081586,1.000064
"theta_t[axis1, grok-3-mini]",-0.0143,0.220194,-0.42905,0.39539,0.000638,0.000886,122600.451273,58922.755356,1.000098
"theta_t[axis1, grok-3-mini-beta_high]",0.09687,0.107671,-0.101459,0.30254,0.000305,0.000419,125952.186988,58758.108459,1.000111
"theta_t[axis1, grok-3-mini-beta_low]",0.003678,0.108443,-0.202088,0.204519,0.000324,0.000418,113600.880792,61143.393701,1.000143
"theta_t[axis1, grok-3-mini-beta_medium]",0.127345,0.36854,-0.546823,0.858489,0.001264,0.001939,92901.142039,51686.393141,1.000074
"theta_t[axis1, grok-3-mini_high]",0.110057,0.257366,-0.376039,0.590264,0.000701,0.001049,136130.227659,57945.791485,1.000124
"theta_t[axis1, grok-4-0709]",0.421911,0.072505,0.288153,0.560992,0.000231,0.000252,98950.693405,61871.894557,1.00008
"theta_t[axis1, grok-4-0709_high]",0.443976,0.253214,-0.014519,0.93182,0.000808,0.001181,106724.093209,55781.610996,1.00006
"theta_t[axis1, grok-4-1]",0.213834,0.16534,-0.099343,0.525247,0.000482,0.000686,119043.936408,60385.564908,1.000069
"theta_t[axis1, grok-4-1-fast-reasoning]",0.474833,0.201424,0.092349,0.848443,0.000553,0.000768,132748.925373,62858.001728,1.000071
"theta_t[axis1, grok-4-20]",0.692349,0.110376,0.483726,0.89935,0.000317,0.000417,121635.606642,61617.623682,0.999998
"theta_t[axis1, grok-4-20_high]",0.344072,0.543399,-0.744681,1.299115,0.002005,0.002464,81524.860735,52856.594319,1.000014
"theta_t[axis1, grok-4-fast]",0.129396,0.118057,-0.088938,0.355512,0.000335,0.000458,124307.30298,61559.728124,1.000118
"theta_t[axis1, grok-4-fast_thinking]",-0.278042,0.665672,-1.563452,0.953995,0.001859,0.002769,131238.099069,56532.764298,1.000169
"theta_t[axis1, grok-4.20-0309-reasoning]",0.784899,0.092177,0.60894,0.955952,0.000272,0.000358,115120.92945,59564.412252,1.000137
"theta_t[axis1, grok-4.3_high]",0.747149,0.079196,0.599648,0.896705,0.000235,0.000296,113550.879534,63223.924836,1.000139
"theta_t[axis1, grok-4.3_none]",-0.556266,0.48307,-1.458576,0.308916,0.001595,0.001913,106155.080902,57619.773015,1.000061
"theta_t[axis1, grok-4.3_unknown]",0.034707,0.204214,-0.363624,0.400775,0.000598,0.000826,122129.839768,57582.596379,1.000019
"theta_t[axis1, grok-4.5]",0.709757,0.283594,0.191417,1.255062,0.000862,0.001138,115536.517113,58529.940516,1.000155
"theta_t[axis1, grok-4.5_high]",1.067714,0.071171,0.935368,1.202352,0.000235,0.000261,92085.133945,61471.423276,1.000034
"theta_t[axis1, grok-4.5_unknown]",0.987395,0.222648,0.563389,1.395143,0.000747,0.000742,89915.862058,63003.158025,1.000094
"theta_t[axis1, grok-4.6_high]",1.237592,0.130209,0.994122,1.484476,0.000375,0.000497,120773.058999,60488.304294,1.000019
"theta_t[axis1, grok-4.6_low]",0.675687,0.294554,0.112381,1.19504,0.000996,0.001393,102188.095937,50996.944643,1.0002
"theta_t[axis1, grok-4.6_medium]",1.390903,0.216816,0.974204,1.786895,0.000663,0.000903,112850.354136,56281.748837,1.000113
"theta_t[axis1, grok-4.6_unknown]",1.499902,0.18175,1.168974,1.853883,0.000551,0.000706,108928.344621,60864.768246,1.000041
"theta_t[axis1, grok-4.6_xhigh]",1.229548,0.076346,1.088166,1.374067,0.000279,0.000273,75054.959637,61435.509042,1.000082
"theta_t[axis1, grok-build-0.1]",0.745097,0.379493,0.0239,1.393845,0.001396,0.001908,92998.34989,51040.734356,1.000031
"theta_t[axis1, grok-code-fast-1]",-0.0428,0.163293,-0.3578,0.255628,0.000489,0.000673,116954.925525,56132.03605,1.000038
"theta_t[axis1, inkling-small]",0.793322,0.167902,0.479508,1.111554,0.000573,0.000635,88269.113242,59567.296532,1.000057
"theta_t[axis1, inkling-small_xhigh]",0.725586,0.098609,0.538365,0.90971,0.000289,0.000377,116527.515063,59918.674119,1.000131
"theta_t[axis1, internlm-20b]",-1.103666,0.312351,-1.664289,-0.516184,0.001113,0.001547,91625.211688,51479.433242,1.000125
"theta_t[axis1, internlm-7b]",-1.869708,0.16867,-2.192236,-1.554795,0.000503,0.000666,112478.42534,59174.41977,1.000333
"theta_t[axis1, internlm-chat-20b]",-1.941417,0.181201,-2.282679,-1.602406,0.000571,0.000707,100773.240937,60444.126617,1.000139
"theta_t[axis1, kimi-k2-thinking]",0.187802,0.10727,-0.018096,0.385469,0.000307,0.000405,122364.206858,62037.906498,1.000092
"theta_t[axis1, kimi-k2-thinking-turbo]",0.600234,0.173896,0.274792,0.925049,0.000488,0.000718,132212.291462,56625.244355,1.000066
"theta_t[axis1, kimi-k2.5]",0.45372,0.075782,0.310931,0.59556,0.000228,0.000284,110950.629824,60100.575563,1.000074
"theta_t[axis1, kimi-k2.5_high]",0.512202,0.53123,-0.551532,1.440691,0.002,0.002356,77293.531975,51806.126773,1.000022
"theta_t[axis1, kimi-k2.5_unknown]",-0.158913,0.462833,-1.053678,0.659955,0.001819,0.001914,69928.332334,51941.96137,1.000049
"theta_t[axis1, kimi-k2.6]",0.820269,0.071016,0.686233,0.952494,0.000221,0.000262,103121.070704,60413.40249,0.999998
"theta_t[axis1, kimi-k2.6_none]",0.061812,0.530552,-0.942227,1.020777,0.001724,0.002318,110428.845777,54341.411024,1.000087
"theta_t[axis1, kimi-k2.7-code]",0.790895,0.07944,0.639437,0.938648,0.000245,0.000293,104913.895971,61493.611217,1.000046
"theta_t[axis1, kimi-k2.7-code_xhigh]",0.356309,0.670478,-0.986367,1.541986,0.002264,0.002662,90997.197105,57375.404073,1.000146
"theta_t[axis1, kimi-k2p5]",0.723357,0.167104,0.410298,1.037594,0.00047,0.000682,129707.560098,54391.07943,1.000297
"theta_t[axis1, kimi-k3_high]",1.006314,0.18896,0.654129,1.362965,0.000531,0.000743,130092.127974,57150.553928,1.000032
"theta_t[axis1, kimi-k3_low]",0.482833,0.14536,0.212424,0.757954,0.000405,0.000568,129699.401237,59486.327265,1.000085
"theta_t[axis1, kimi-k3_max]",1.325795,0.074069,1.1884,1.466758,0.000277,0.00026,71783.303714,63039.864826,1.00001
"theta_t[axis1, kimi-k3_unknown]",1.680719,0.140601,1.422628,1.948146,0.000449,0.000513,99040.769323,60679.052064,1.000115
"theta_t[axis1, laguna-m.1]",-0.437136,0.293422,-0.98545,0.099235,0.00105,0.001212,86849.935874,55965.073287,1.000095
"theta_t[axis1, magistral-small-2506]",-0.459826,0.151187,-0.748191,-0.178752,0.000415,0.000616,132986.178763,57037.743512,1.000189
"theta_t[axis1, magistral-small-2509]",-0.659364,0.128174,-0.897318,-0.41294,0.000351,0.000502,133202.755263,58816.412533,1.000193
"theta_t[axis1, mercury-2]",0.079178,0.223591,-0.34583,0.495301,0.000632,0.000962,130976.342608,55756.337717,1.000116
"theta_t[axis1, mimo-v2-pro]",0.140103,0.444813,-0.70778,0.967087,0.001551,0.002014,89033.957907,54057.867562,1.000092
"theta_t[axis1, mimo-v2-pro_high]",-0.441443,0.583678,-1.597381,0.569828,0.002034,0.002331,86959.638812,57322.141291,1.000043
"theta_t[axis1, mimo-v2.5]",0.468011,0.296124,-0.095732,0.987815,0.001062,0.001414,96049.525207,50077.011308,1.000013
"theta_t[axis1, mimo-v2.5-pro]",0.452296,0.160441,0.142082,0.746171,0.000443,0.000633,132016.540917,59369.294179,1.000047
"theta_t[axis1, ministral-3b-2410]",-1.493602,0.106526,-1.696196,-1.297367,0.000347,0.00039,94817.310551,59159.711166,1.000066
"theta_t[axis1, ministral-8b-2410]",-1.472572,0.107951,-1.675556,-1.269428,0.000335,0.000397,104662.977898,58105.253594,1.00013
"theta_t[axis1, mistral-large-2402]",-1.147389,0.066079,-1.272976,-1.024899,0.000234,0.000233,79923.321857,62416.355607,1.000154
"theta_t[axis1, mistral-large-2407]",-0.740696,0.061857,-0.859488,-0.626674,0.000204,0.000217,91565.436321,62520.165731,1.000131
"theta_t[axis1, mistral-large-2411]",-0.681965,0.083724,-0.838693,-0.524733,0.000253,0.000317,109871.093449,52982.034584,1.000047
"theta_t[axis1, mistral-large-2512]",-0.509965,0.179709,-0.853061,-0.17572,0.00049,0.000716,134762.60572,59730.195476,1.000097
"theta_t[axis1, mistral-medium-2505]",-0.387322,0.0889,-0.553626,-0.220632,0.000251,0.000338,125959.910588,62695.479483,1.000158
"theta_t[axis1, mistral-medium-2508]",-0.329554,0.147837,-0.610472,-0.054917,0.000408,0.000573,131890.353597,59345.530283,1.000085
"theta_t[axis1, mistral-medium-2604]",-0.017839,0.134467,-0.275506,0.22949,0.000372,0.000525,131017.726388,60279.678821,1.000057
"theta_t[axis1, mistral-medium-2604_high]",-0.138637,0.337639,-0.786602,0.462171,0.001284,0.001758,79399.056876,49888.116768,1.000055
"theta_t[axis1, mistral-small-2402]",-1.135717,0.172905,-1.458132,-0.80729,0.000488,0.000696,125885.721882,58940.288303,1.000193
"theta_t[axis1, mistral-small-2501]",-0.845839,0.103577,-1.044772,-0.654916,0.000315,0.000411,108808.912093,60117.843863,1.000048
"theta_t[axis1, mistral-small-2503]",-0.803646,0.093407,-0.97867,-0.626186,0.000278,0.000363,113037.459439,59445.191961,1.000085
"theta_t[axis1, mistral-small-2506]",-0.708213,0.222409,-1.125365,-0.285511,0.000599,0.000882,137865.763539,58885.369181,1.000032
"theta_t[axis1, mistral-small-2603]",-0.241334,0.188507,-0.584089,0.124833,0.00052,0.000753,131312.031962,58118.202429,1.000125
"theta_t[axis1, mistral-small-3-2501]",-0.852684,0.145486,-1.12688,-0.581945,0.000422,0.00059,120569.087367,57072.770246,1.00015
"theta_t[axis1, mistral-small-3.1-2503]",-0.967543,0.150771,-1.255075,-0.689557,0.000434,0.0006,122617.012376,58268.645285,1.000078
"theta_t[axis1, mistral-small-3.2-2506]",-0.634888,0.15169,-0.91943,-0.349133,0.000419,0.000613,132255.319293,57777.679798,1.00005
"theta_t[axis1, mpt-30b]",-2.128372,0.169924,-2.447652,-1.808206,0.000511,0.000662,110834.755252,58771.382426,1.000093
"theta_t[axis1, mpt-7b]",-2.61534,0.19105,-2.97331,-2.255615,0.000627,0.000709,94912.941568,60069.836068,1.00017
"theta_t[axis1, muse-spark]",1.015676,0.088937,0.846774,1.181696,0.000296,0.000293,90062.878368,65728.427751,1.000033
"theta_t[axis1, muse-spark-1.1]",1.388288,0.093116,1.217747,1.568142,0.000325,0.000314,82236.799903,65129.703558,1.000013
"theta_t[axis1, muse-spark-1.1_high]",1.027581,0.178369,0.700418,1.368482,0.000608,0.000622,87316.600778,61108.353444,1.000135
"theta_t[axis1, muse-spark-1.1_medium]",0.659819,0.475497,-0.23695,1.526296,0.001578,0.002006,101658.193854,56340.276527,1.00004
"theta_t[axis1, muse-spark-1.1_xhigh]",1.13859,0.275309,0.627087,1.673216,0.00087,0.001177,103380.504973,56754.089201,1.00008
"theta_t[axis1, muse-spark-1.2]",0.814169,0.296015,0.24177,1.341374,0.001029,0.00142,96007.796832,50914.499029,1.000088
"theta_t[axis1, muse-spark-1.2_xhigh]",1.092439,0.1212,0.860733,1.317156,0.000366,0.000453,109931.434875,63324.381158,1.000027
"theta_t[axis1, nemotron-3-super]",0.052593,0.239997,-0.404004,0.499052,0.000666,0.000974,132594.911102,58991.068466,1.000187
"theta_t[axis1, nemotron-3-ultra]",0.504186,0.090411,0.338187,0.678613,0.000253,0.00035,127419.589219,59366.769832,1.000183
"theta_t[axis1, nova-2.0-pro-preview_low]",-0.552637,0.479737,-1.470934,0.284229,0.001558,0.001875,109213.030173,57856.629461,1.000137
"theta_t[axis1, nova-2.0-pro-preview_medium]",-0.550687,0.480272,-1.471767,0.294013,0.001545,0.001938,113283.720132,53753.489626,1.00018
"theta_t[axis1, nova-2.0-pro-preview_none]",-1.020945,0.458851,-1.886352,-0.187129,0.001443,0.001733,109465.535881,58831.039863,1.000017
"theta_t[axis1, nova-2.0-pro-preview_unknown]",-1.256357,0.584069,-2.362503,-0.175483,0.00181,0.002128,108951.966425,61261.797228,0.999968
"theta_t[axis1, o1-2024-12-17]",0.227417,0.251266,-0.244231,0.699062,0.000763,0.001057,115312.676778,56620.469977,1.000256
"theta_t[axis1, o1-2024-12-17_high]",0.074064,0.075602,-0.066918,0.216421,0.000213,0.000282,125563.659631,61468.248567,1.000052
"theta_t[axis1, o1-2024-12-17_low]",-0.035933,0.11493,-0.255496,0.17542,0.000317,0.000451,132015.335551,59969.485465,1.000059
"theta_t[axis1, o1-2024-12-17_medium]",0.076235,0.060705,-0.036492,0.191791,0.00018,0.000219,113489.061939,61627.667223,1.000111
"theta_t[axis1, o1-2024-12-17_unknown]",-0.035962,0.124072,-0.268278,0.198025,0.000367,0.00045,114963.966134,64324.877567,1.000043
"theta_t[axis1, o1-mini-2024-09-12]",-0.43957,0.205219,-0.817181,-0.045951,0.000587,0.000877,127419.124067,50216.981501,1.000182
"theta_t[axis1, o1-mini-2024-09-12_high]",-0.144469,0.114458,-0.356234,0.074147,0.000317,0.000464,133725.854142,58976.325859,1.000105
"theta_t[axis1, o1-mini-2024-09-12_medium]",-0.308142,0.089029,-0.474143,-0.139017,0.000253,0.000335,123956.34238,62924.261082,1.000061
"theta_t[axis1, o1-mini-2024-09-12_unknown]",-0.497813,0.179737,-0.842773,-0.17315,0.00058,0.000794,105762.134642,55757.476731,1.000144
"theta_t[axis1, o1-preview-2024-09-12]",-0.202405,0.061426,-0.31767,-0.086479,0.00019,0.000215,104194.101017,62661.601818,1.000031
"theta_t[axis1, o1-pro-2025-03-19]",0.02487,0.165669,-0.287378,0.336197,0.000484,0.000617,117699.645104,61002.819748,1.000058
"theta_t[axis1, o3-2025-04-16]",0.442273,0.267471,-0.042071,0.952186,0.00082,0.001101,114637.417616,57557.602075,1.000034
"theta_t[axis1, o3-2025-04-16_high]",0.58962,0.061657,0.471603,0.703742,0.000183,0.000227,112960.894712,62365.744094,1.000024
"theta_t[axis1, o3-2025-04-16_low]",0.257054,0.11855,0.031385,0.477447,0.000316,0.000467,140740.514158,61144.540654,1.000102
"theta_t[axis1, o3-2025-04-16_medium]",0.536032,0.059258,0.424159,0.646588,0.000194,0.0002,93225.369582,66918.964335,1.000144
"theta_t[axis1, o3-2025-04-16_unknown]",0.380725,0.092317,0.204917,0.551133,0.000297,0.000319,96430.010521,65891.43516,0.999973
"theta_t[axis1, o3-mini-2025-01-31]",-0.20531,0.151431,-0.489773,0.081618,0.000437,0.000585,120668.714913,60377.757343,1.000066
"theta_t[axis1, o3-mini-2025-01-31_high]",0.038009,0.069628,-0.09293,0.169237,0.000196,0.000251,125710.880591,63067.815862,1.000168
"theta_t[axis1, o3-mini-2025-01-31_low]",-0.256103,0.113316,-0.471291,-0.0466,0.000317,0.000436,128776.232205,61213.879639,1.000193
"theta_t[axis1, o3-mini-2025-01-31_medium]",-0.026845,0.056798,-0.131889,0.081928,0.000169,0.000206,113062.364526,60914.448974,1.000107
"theta_t[axis1, o3-pro-2025-06-10]",0.260392,0.286229,-0.267528,0.816292,0.000937,0.001028,93592.442768,55915.845016,1.000028
"theta_t[axis1, o3-pro-2025-06-10_high]",0.736472,0.099758,0.549666,0.924883,0.000284,0.000385,123865.03658,60595.916897,1.000006
"theta_t[axis1, o3-pro-2025-06-10_medium]",0.65482,0.349429,0.038266,1.330176,0.001139,0.00151,105569.215521,55388.644173,1.000044
"theta_t[axis1, o4-mini-2025-04-16]",-0.059052,0.188353,-0.396163,0.308534,0.000728,0.000547,67630.615713,62110.254513,0.999999
"theta_t[axis1, o4-mini-2025-04-16_high]",0.296418,0.065074,0.174937,0.418824,0.000197,0.000231,108695.407152,62799.510566,1.000012
"theta_t[axis1, o4-mini-2025-04-16_low]",0.10765,0.116705,-0.110435,0.327871,0.000325,0.000453,129296.531542,59001.487788,0.999989
"theta_t[axis1, o4-mini-2025-04-16_medium]",0.230687,0.064572,0.107397,0.34918,0.000198,0.000229,105991.897456,63242.043475,1.000031
"theta_t[axis1, open-mistral-7b]",-1.785587,0.139659,-2.051935,-1.529585,0.000447,0.00052,100017.104811,58523.79908,1.000068
"theta_t[axis1, open-mistral-nemo-2407]",-1.383388,0.1348,-1.640371,-1.136274,0.000423,0.000527,106043.690474,57241.249577,1.000079
"theta_t[axis1, open-mixtral-8x7b]",-1.348542,0.114763,-1.560918,-1.130912,0.000357,0.000445,104857.722843,59939.275032,0.999996
"theta_t[axis1, open_llama_7b]",-2.627708,0.217911,-3.049149,-2.227847,0.000675,0.00084,105154.465567,59024.445327,1.000034
"theta_t[axis1, opt-13b]",-2.809852,0.22418,-3.23578,-2.393493,0.000695,0.00087,105291.807791,57689.080473,1.000065
"theta_t[axis1, phi-1_5]",-2.352804,0.209489,-2.758894,-1.968996,0.000634,0.00082,109554.456996,59304.637384,1.000117
"theta_t[axis1, phi-2]",-1.606799,0.207809,-1.996025,-1.213003,0.000603,0.000818,119301.406859,60329.924719,1.000216
"theta_t[axis1, phi-4]",-0.616639,0.090545,-0.787056,-0.446082,0.000266,0.000343,116260.910181,60966.48827,1.000249
"theta_t[axis1, pixtral-large-2411]",-0.696253,0.355784,-1.361718,-0.037826,0.001053,0.0014,122211.603935,59220.685511,1.000111
"theta_t[axis1, qwen-max-2025-01-25]",-0.537642,0.09313,-0.716444,-0.366056,0.000267,0.000369,121513.846747,59616.909284,1.000028
"theta_t[axis1, qwen-plus-2025-01-25]",-0.610375,0.102869,-0.804419,-0.41657,0.000293,0.00042,123141.216716,59812.098339,1.000059
"theta_t[axis1, qwen-plus-2025-04-28]",0.117969,0.182046,-0.218583,0.467006,0.000491,0.000715,137388.568249,60683.460615,1.000037
"theta_t[axis1, qwen-turbo-2024-11-01]",-0.791251,0.104292,-0.987551,-0.595986,0.000308,0.000408,114190.779601,58850.667202,0.999982
"theta_t[axis1, qwen2-72b-instruct]",-0.962863,0.088098,-1.132344,-0.800995,0.000284,0.000338,96330.837464,58876.239529,1.000061
"theta_t[axis1, qwen2.5-32b-instruct]",-0.762675,0.100593,-0.955418,-0.576863,0.000299,0.00039,114052.120392,61032.716384,1.0
"theta_t[axis1, qwen2.5-72b-instruct]",-0.699865,0.073516,-0.837492,-0.560678,0.000234,0.000282,98990.26949,54066.859313,1.000102
"theta_t[axis1, qwen2.5-7b-instruct]",-1.248907,0.110441,-1.452124,-1.035434,0.000344,0.000423,103253.582437,60327.349193,1.000111
"theta_t[axis1, qwen3-1.7b]",-1.021717,0.179756,-1.358629,-0.682183,0.000508,0.000701,126326.488615,59365.765296,1.000085
"theta_t[axis1, qwen3-1.7b_none]",-1.234585,0.168506,-1.557199,-0.927192,0.000489,0.000643,122049.78198,59860.343484,1.000114
"theta_t[axis1, qwen3-14b]",-0.265466,0.114942,-0.479648,-0.047073,0.000316,0.000448,132786.39135,61078.574964,1.000103
"theta_t[axis1, qwen3-14b_none]",-0.607909,0.144149,-0.881076,-0.340371,0.0004,0.000574,131148.494156,58274.602768,1.000175
"theta_t[axis1, qwen3-235b-a22b]",-0.126268,0.086376,-0.285369,0.040277,0.000251,0.000319,118007.42825,62029.593246,1.000077
"theta_t[axis1, qwen3-30b-a3b-instruct-2507]",-0.313885,0.120672,-0.538235,-0.08625,0.000332,0.000467,132461.749572,60927.832727,1.000046
"theta_t[axis1, qwen3-30b-a3b-thinking-2507]",-0.083654,0.113045,-0.291118,0.132605,0.000306,0.000454,136127.820354,58611.517046,1.000214
"theta_t[axis1, qwen3-4b]",-0.584741,0.175786,-0.909201,-0.246667,0.000486,0.00071,130853.68622,58103.246313,1.000144
"theta_t[axis1, qwen3-4b-instruct-2507]",-0.583171,0.164364,-0.894165,-0.274973,0.000452,0.000652,132655.509971,59735.20073,1.000132
"theta_t[axis1, qwen3-4b_none]",-0.851942,0.171287,-1.181249,-0.536389,0.000477,0.000715,129296.139876,55682.96712,1.000227
"theta_t[axis1, qwen3-8b]",-0.554163,0.120038,-0.77852,-0.327794,0.000337,0.000459,127235.70545,62285.665598,1.000055
"theta_t[axis1, qwen3-8b_none]",-0.748912,0.149538,-1.025245,-0.462363,0.000414,0.000609,131745.821495,59887.187932,1.000089
"theta_t[axis1, qwen3-coder-next]",-0.251703,0.233024,-0.690877,0.177612,0.000669,0.000961,128558.795739,58846.969567,1.000062
"theta_t[axis1, qwen3-max-2025-09-23]",0.184857,0.08515,0.024781,0.344571,0.000235,0.000329,131653.248224,63100.827232,1.000138
"theta_t[axis1, qwen3.5-122b-a10b_none]",0.364925,0.153823,0.073276,0.652385,0.000419,0.000602,135575.861453,62120.468011,1.000118
"theta_t[axis1, qwen3.5-27B]",0.286978,0.153163,-0.00109,0.573942,0.000421,0.000604,132642.862687,60957.185379,1.000078
"theta_t[axis1, qwen3.5-35b-a3b]",0.219256,0.113045,0.005597,0.431824,0.000302,0.000442,140805.247331,61333.328068,1.000045
"theta_t[axis1, qwen3.5-35b-a3b_none]",0.287733,0.137825,0.033229,0.550677,0.000385,0.00054,128020.725879,57282.697243,1.000109
"theta_t[axis1, qwen3.5-397b-a17b]",0.569304,0.097231,0.384628,0.750993,0.000275,0.000377,125294.742084,58605.666436,1.000156
"theta_t[axis1, qwen3.5-397b-a17b_none]",0.531316,0.110123,0.318558,0.734768,0.000311,0.000446,125252.510631,56180.937147,1.000208
"theta_t[axis1, qwen3.5-9B]",-0.144413,0.09568,-0.326261,0.033581,0.000295,0.00035,104862.54948,62721.781733,1.000079
"theta_t[axis1, qwen3.5-9B_none]",0.264868,0.157733,-0.022364,0.57111,0.000431,0.00063,136535.892138,58195.947454,1.000101
"theta_t[axis1, qwen3.5-flash]",0.259163,0.092774,0.082973,0.431603,0.000272,0.000347,115944.748405,62489.672671,1.000097
"theta_t[axis1, qwen3.5-flash_none]",0.135757,0.193485,-0.235657,0.483427,0.000612,0.000888,111798.12433,51686.415007,1.000178
"theta_t[axis1, qwen3.5-plus]",0.563932,0.108591,0.363097,0.771407,0.000297,0.000415,134184.035697,60104.821818,1.000213
"theta_t[axis1, qwen3.5-plus_high]",0.409702,0.539054,-0.658807,1.362453,0.001987,0.002491,82457.126689,50761.40784,1.000225
"theta_t[axis1, qwen3.5-plus_none]",0.343513,0.505655,-0.63067,1.244668,0.00161,0.002182,113253.280488,55482.891018,1.000087
"theta_t[axis1, qwen3.6-27b]",0.559247,0.099994,0.376998,0.752713,0.000279,0.000391,128617.847777,57920.036079,1.000169
"theta_t[axis1, qwen3.6-27b_none]",0.392494,0.107545,0.18976,0.595512,0.000297,0.000434,131327.863673,56566.467937,1.000145
"theta_t[axis1, qwen3.6-35b-a3b]",0.194826,0.077624,0.049426,0.34073,0.000229,0.000288,114646.226395,61471.204054,1.000095
"theta_t[axis1, qwen3.6-35b-a3b_none]",0.256314,0.100717,0.064973,0.443008,0.000284,0.000392,126448.346287,57180.995402,1.000166
"theta_t[axis1, qwen3.6-flash]",0.30647,0.094304,0.132646,0.487611,0.000262,0.000369,129869.118307,58818.670851,1.000139
"theta_t[axis1, qwen3.6-flash_none]",0.256579,0.181563,-0.094877,0.584106,0.000548,0.000812,119634.524841,55102.761011,1.000144
"theta_t[axis1, qwen3.6-max-preview]",0.809161,0.131908,0.559549,1.057446,0.000362,0.000512,134052.80121,60292.214003,1.000122
"theta_t[axis1, qwen3.6-max-preview_none]",0.441109,0.501449,-0.538214,1.320611,0.00163,0.002286,109559.538723,53275.790926,1.000087
"theta_t[axis1, qwen3.6-plus]",0.625884,0.090908,0.45149,0.794014,0.000255,0.000349,126753.195294,61619.875999,1.000228
"theta_t[axis1, qwen3.6-plus_none]",0.424835,0.168417,0.095131,0.725162,0.000496,0.000726,122330.876433,56359.460434,1.000038
"theta_t[axis1, qwen3.7-flash]",0.385173,0.109735,0.177481,0.591082,0.000311,0.00043,125084.630216,60867.119764,1.000039
"theta_t[axis1, qwen3.7-flash_none]",0.29162,0.109946,0.082083,0.495709,0.000301,0.000436,133397.636492,59050.175646,1.000085
"theta_t[axis1, qwen3.7-max]",1.057903,0.076638,0.914341,1.20294,0.00024,0.000285,102215.490055,60721.437057,1.000239
"theta_t[axis1, qwen3.7-max_none]",0.757946,0.472742,-0.146248,1.619706,0.001489,0.002187,113172.984526,54182.21816,1.000001
"theta_t[axis1, qwen3.7-max_xhigh]",-0.032357,0.681537,-1.382346,1.174869,0.002334,0.002641,87244.360739,61361.334969,1.000117
"theta_t[axis1, qwen3.7-plus]",0.608786,0.10889,0.405489,0.813463,0.000311,0.000407,122465.772201,59480.290102,1.000305
"theta_t[axis1, qwen3.7-plus_none]",0.47224,0.114264,0.261086,0.690663,0.000313,0.00045,133265.660659,57952.807131,1.000288
"theta_t[axis1, qwen3.8-27b]",0.421195,0.426375,-0.395692,1.160729,0.001586,0.00213,89813.93528,50065.378235,1.000153
"theta_t[axis1, qwen3.8-27b_low]",-0.552328,0.482873,-1.466311,0.29692,0.001587,0.001969,106520.243967,55680.318129,1.000078
"theta_t[axis1, qwen3.8-27b_medium]",-0.552596,0.480487,-1.476094,0.284005,0.001599,0.001942,105364.737921,52958.286648,1.000094
"theta_t[axis1, qwen3.8-27b_none]",-0.404924,0.486889,-1.335927,0.447295,0.001604,0.001972,107478.196449,56400.098467,1.000059
"theta_t[axis1, qwen3.8-27b_xhigh]",0.427647,0.245188,-0.038335,0.891171,0.000785,0.001041,101624.293091,56050.281388,1.000234
"theta_t[axis1, qwen3.8-max_unknown]",1.360498,0.202646,0.977865,1.736403,0.000593,0.00085,120391.89326,56139.189266,1.000162
"theta_t[axis1, qwen3.8-max_xhigh]",1.249427,0.077009,1.100833,1.391038,0.000258,0.000285,89102.316266,60969.905927,1.000061
"theta_t[axis1, seed-oss-36b-instruct]",0.127614,0.155145,-0.160081,0.422585,0.000417,0.000635,139975.815617,58207.370322,1.000206
"theta_t[axis1, starcoder2-15b]",-1.526325,0.173739,-1.845186,-1.189518,0.000508,0.000692,117404.17176,58624.797948,1.00017
"theta_t[axis1, starcoder2-3b]",-2.404114,0.18781,-2.769381,-2.064741,0.000596,0.000716,100146.166451,58851.742009,1.000144
"theta_t[axis1, starcoder2-7b]",-2.255236,0.184496,-2.605056,-1.913264,0.000575,0.000694,103716.015853,60202.192099,1.000102
"theta_t[axis1, text-davinci-001]",-2.110666,0.203959,-2.49396,-1.726634,0.000592,0.000804,118798.489266,59996.254381,1.000112
"theta_t[axis1, text-davinci-002]",-1.334841,0.121398,-1.566428,-1.108861,0.000419,0.000407,84218.257505,55660.045009,1.000003
"theta_t[axis1, trinity-large-thinking]",-0.411096,0.314357,-1.015539,0.155856,0.001119,0.00136,86432.079445,56525.703109,0.99998
"theta_t[axis1, vicuna-13b-v1.1]",-2.06998,0.261589,-2.578058,-1.590423,0.000769,0.001103,117482.530746,59041.96671,1.000104
"theta_t[axis1, xgen-7b-8k-base]",-2.412197,0.211081,-2.803359,-2.009519,0.000747,0.000746,80540.629608,57370.683929,1.000137
"logA_z[axis1, AISI CTF Suites - Apprentice]",0.817719,0.14318,0.551274,1.089149,0.000741,0.000488,37313.040612,50179.043966,1.000115
"logA_z[axis1, AISI CTF Suites - Expert]",0.792672,0.223896,0.380148,1.223699,0.001249,0.001252,34080.916784,38558.315545,1.000297
"logA_z[axis1, AISI CTF Suites - Practitioner]",2.020781,0.485624,1.215551,2.798187,0.012848,0.037644,5419.756087,2226.80872,1.002738
"logA_z[axis1, AISI CTF Suites - Technical Non-Expert]",0.72561,0.24625,0.255627,1.170413,0.001008,0.00116,61996.712896,51064.754187,1.000153
"logA_z[axis1, AISI Cyber Ranges - Cooling Tower]",-0.266508,0.898503,-1.996856,1.333921,0.003919,0.002833,52663.747434,54660.973912,1.000128
"logA_z[axis1, AISI Cyber Ranges - The Last Ones]",0.710828,0.190128,0.355085,1.074016,0.000943,0.000722,40812.696696,50910.828981,1.000142
"logA_z[axis1, APEX-Agents]",0.417985,0.12886,0.172459,0.657962,0.000605,0.000436,45262.815491,54695.071384,1.000075
"logA_z[axis1, ARC AI2]",0.080524,0.194455,-0.293929,0.432948,0.000955,0.000714,41985.397349,48444.475061,1.000081
"logA_z[axis1, Aider Polyglot]",1.207109,0.182976,0.863799,1.549249,0.001069,0.000598,29249.18323,49690.124508,1.00028
"logA_z[axis1, AudioMultiChallenge]",-1.151383,0.504916,-2.159081,-0.25884,0.002519,0.002492,43793.919496,37525.787151,1.000037
"logA_z[axis1, Balrog]",-0.36584,0.172846,-0.692568,-0.047065,0.000693,0.000675,64999.922449,55241.953278,1.000027
"logA_z[axis1, BioLP-bench]",1.05516,0.18333,0.721428,1.410782,0.00103,0.000634,31465.182592,46027.109221,1.000277
"logA_z[axis1, BlueprintBench 2]",-0.31761,0.576911,-1.408504,0.698047,0.002806,0.002553,46275.733723,41186.574885,1.000142
"logA_z[axis1, CL-bench]",-1.259177,0.42605,-2.062076,-0.495518,0.002091,0.001798,43985.130257,45035.936115,1.000072
"logA_z[axis1, CL-bench Life]",-1.043501,0.466974,-1.94334,-0.237248,0.002637,0.002377,33535.524555,37796.397107,1.000283
"logA_z[axis1, CTI-REALM]",-0.591242,0.293881,-1.159028,-0.067193,0.00141,0.001649,48403.562221,41674.473782,1.00015
"logA_z[axis1, CadEval]",0.402441,0.379002,-0.311941,1.07174,0.001567,0.002149,70209.749378,45398.076677,1.000114
"logA_z[axis1, Chess Puzzles]",0.498966,0.096986,0.318314,0.682203,0.000478,0.000312,41245.657694,51739.73447,1.000075
"logA_z[axis1, CritPt]",0.869095,0.114011,0.65501,1.084115,0.000776,0.000399,21668.748606,39811.326811,1.000338
"logA_z[axis1, CyScenarioBench]",0.414617,0.643254,-0.8337,1.471737,0.004408,0.004864,26498.052684,20895.562803,1.00021
"logA_z[axis1, Cybench]",1.299312,0.165246,0.995686,1.615225,0.001076,0.00055,23647.200483,43275.11195,1.000305
"logA_z[axis1, CyberGym]",-0.624311,0.363314,-1.31337,0.021378,0.001554,0.001772,60847.667518,46124.478632,1.000194
"logA_z[axis1, DTBench]",-0.000614,0.058933,-0.111627,0.110274,0.000254,0.000196,54068.100601,58046.541538,1.00001
"logA_z[axis1, DeepResearch Bench]",-2.574415,0.522336,-3.584925,-1.648935,0.002734,0.00177,36829.012325,51325.104694,1.000182
"logA_z[axis1, DeepSWE]",0.275302,0.267206,-0.23925,0.759959,0.001468,0.001241,34693.389074,39473.244234,1.000042
"logA_z[axis1, DrugDiscoveryBench]",-1.47616,0.62045,-2.658717,-0.315121,0.003193,0.002146,37699.207131,45404.257059,1.000333
"logA_z[axis1, EBR-bench]",0.621253,0.366545,-0.04785,1.277795,0.002116,0.003595,41659.296356,29412.476725,1.000279
"logA_z[axis1, EnigmaEval]",0.751586,0.148585,0.47441,1.032964,0.000771,0.000503,37164.664752,50630.156539,1.000072
"logA_z[axis1, ExploitBench]",0.109437,0.287918,-0.425204,0.634545,0.001367,0.00158,49178.68016,41787.606052,1.000142
"logA_z[axis1, Fiction.LiveBench]",1.278258,0.34823,0.630212,1.927137,0.001642,0.001653,46356.222516,49579.105791,1.000063
"logA_z[axis1, FrontierCode]",-0.343779,0.254007,-0.827358,0.11507,0.001166,0.001013,49801.737163,49971.472788,0.999977
"logA_z[axis1, FrontierMath Erdos]",-1.414916,0.808518,-2.895953,0.126615,0.003116,0.002558,67324.295618,61184.195473,1.000025
"logA_z[axis1, FrontierMath Tier 4 v2]",1.957237,0.191733,1.597166,2.314106,0.001646,0.000791,13580.923775,29243.880329,1.000599
"logA_z[axis1, FrontierMath Tiers 1-3 v2]",1.225013,0.126268,0.983762,1.457767,0.001002,0.000479,15854.879062,32642.395127,1.000617
"logA_z[axis1, FrontierSWE v2]",0.540582,0.555481,-0.529717,1.441089,0.004768,0.006791,19631.185585,13380.177859,1.000484
"logA_z[axis1, GBAEval]",0.007632,0.6939,-1.319159,1.217162,0.003566,0.003097,40666.014988,38932.314055,1.000089
"logA_z[axis1, GDP.pdf]",-0.573535,0.247347,-1.048891,-0.130825,0.001218,0.000929,42442.541262,49235.159063,1.000111
"logA_z[axis1, GDPval]",-0.708385,0.74833,-2.1122,0.648718,0.003023,0.002684,64583.07926,52759.851681,1.000133
"logA_z[axis1, GPQA Diamond]",0.436207,0.054982,0.335228,0.541142,0.000374,0.000183,21705.391035,40263.474927,1.000266
"logA_z[axis1, GPQA Diamond Biology]",-0.682917,0.350206,-1.330844,-0.042351,0.00143,0.001457,64832.146804,51472.683866,1.000064
"logA_z[axis1, GPQA Diamond Chemistry]",0.028593,0.160545,-0.280853,0.32151,0.000592,0.000585,74849.161642,58551.372855,1.000083
"logA_z[axis1, GPQA Main Biology]",-0.345708,0.264405,-0.855792,0.124668,0.001047,0.0011,68254.451732,51698.649588,1.000105
"logA_z[axis1, GPQA Main Chemistry]",-0.05204,0.12851,-0.292577,0.191657,0.0005,0.000448,66704.329136,60717.147415,1.000037
"logA_z[axis1, GSM8K]",1.064215,0.200944,0.689008,1.447451,0.001319,0.000736,23150.430041,41202.316364,1.000242
"logA_z[axis1, GSO-Bench]",0.844758,0.181225,0.500071,1.18316,0.000884,0.000641,41961.456861,52530.32185,1.00005
"logA_z[axis1, GeoBench]",-1.404587,0.484689,-2.342478,-0.543556,0.001785,0.001888,79523.39002,51778.011548,1.000073
"logA_z[axis1, HLE]",0.565045,0.12434,0.334142,0.802554,0.000607,0.000418,41879.309795,54689.904846,1.000126
"logA_z[axis1, InterCode-CTF]",1.392857,0.17262,1.068598,1.716554,0.001206,0.000643,20510.834416,36451.566724,1.000251
"logA_z[axis1, LAB-Bench Cloning]",-0.195138,0.222547,-0.613603,0.214475,0.000825,0.000867,77068.270518,56547.298973,1.000025
"logA_z[axis1, LAB-Bench LitQA2]",-1.396582,0.277928,-1.923025,-0.887595,0.001395,0.001007,39688.966167,53021.090933,1.000194
"logA_z[axis1, LAB-Bench Protocol]",-0.171969,0.151828,-0.468542,0.102453,0.000598,0.000544,66120.736092,58166.151857,1.000082
"logA_z[axis1, LAB-Bench SeqQA]",-0.25483,0.151548,-0.541539,0.02784,0.000619,0.000569,61688.028799,54737.255326,1.000074
"logA_z[axis1, LMCA]",-0.088824,0.06823,-0.221156,0.036117,0.000305,0.000224,50284.022631,57827.646494,1.000057
"logA_z[axis1, Lech Mazur Writing]",-1.129139,0.384338,-1.872413,-0.452817,0.001705,0.001643,56083.573361,44922.072662,1.000143
"logA_z[axis1, MATH Level 5]",1.704951,0.162383,1.39645,2.003168,0.001429,0.000682,12885.808878,26736.173227,1.000665
"logA_z[axis1, MCP Atlas]",-0.096321,0.2912,-0.662357,0.415632,0.001282,0.001354,56471.769104,46497.783446,1.000124
"logA_z[axis1, METR Time Horizons]",-0.199325,0.091035,-0.372213,-0.029954,0.000386,0.000315,56272.652567,57985.02563,1.000077
"logA_z[axis1, MMLU]",0.155066,0.075156,0.014061,0.298224,0.00038,0.000238,39132.269572,55431.780373,1.000238
"logA_z[axis1, MMLU Biology]",-1.288097,0.243231,-1.75667,-0.850321,0.001316,0.000908,34484.704876,47214.939891,1.000227
"logA_z[axis1, MMLU Chemistry]",-0.550596,0.137828,-0.810675,-0.296154,0.000707,0.000478,38383.656478,49702.220432,1.000111
"logA_z[axis1, MMLU Pro Biology]",0.164556,0.167806,-0.150425,0.48107,0.000676,0.000643,63088.390092,52189.652922,0.999998
"logA_z[axis1, MMLU Pro Chemistry]",0.743496,0.13839,0.483501,1.006233,0.000757,0.000472,33380.632518,49533.857739,1.000169
"logA_z[axis1, MMLU-Pro]",0.013384,0.120517,-0.212234,0.241637,0.00045,0.00042,72425.809835,57097.113688,1.000147
"logA_z[axis1, MirrorCode]",-0.712379,0.861855,-2.346574,0.849405,0.004438,0.002863,37490.762075,47798.166249,1.000102
"logA_z[axis1, MultiChallenge]",-0.846096,0.350302,-1.514485,-0.225395,0.001512,0.001411,57369.505202,52177.218508,1.000045
"logA_z[axis1, MultiNRC]",0.615722,0.11611,0.399469,0.836672,0.000621,0.00038,34953.803314,49667.362894,1.000174
"logA_z[axis1, Mystery Game Puzzles]",0.16319,0.156549,-0.136442,0.453361,0.000698,0.000543,50919.855768,54247.624537,1.00015
"logA_z[axis1, NL2Bash]",0.381236,0.173371,0.046348,0.701662,0.000651,0.000671,71848.725917,60007.408745,1.000014
"logA_z[axis1, OEIS Open Lite]",-0.620334,0.68459,-1.966779,0.571957,0.006151,0.004999,13526.652083,14145.535741,1.000304
"logA_z[axis1, OSWorld]",-0.929837,0.753718,-2.38051,0.410123,0.002865,0.002703,73802.326394,56662.645303,1.000102
"logA_z[axis1, OSWorld 2.0]",0.362147,0.349135,-0.313575,0.964237,0.002116,0.00298,33577.381699,25175.064124,1.000142
"logA_z[axis1, OTIS Mock AIME 2024-2025]",1.325223,0.128621,1.085368,1.566935,0.001087,0.000514,14019.5165,30113.161858,1.000635
"logA_z[axis1, PRBench]",-1.697092,0.415273,-2.486286,-0.947806,0.001767,0.001574,57493.074066,53840.686098,1.000065
"logA_z[axis1, PostTrainBench v1.1]",-0.828788,0.583354,-1.974953,0.166523,0.003853,0.003204,24637.569635,24964.609991,1.000114
"logA_z[axis1, ProofBench]",1.441322,0.227141,1.01913,1.873473,0.001387,0.000806,26744.536113,43265.985342,1.000227
"logA_z[axis1, Remote Labor Index]",0.2906,0.37797,-0.418559,0.931364,0.002622,0.004642,28800.989226,21492.153456,1.000074
"logA_z[axis1, SEAL Tool Use (Enterprise)]",-0.128199,0.23704,-0.588618,0.29367,0.000929,0.000955,68896.784415,52417.187356,1.000009
"logA_z[axis1, SWE Atlas]",-0.44485,0.339948,-1.084018,0.187725,0.002023,0.001385,28825.374947,38719.777865,1.000329
"logA_z[axis1, SimpleQA Verified]",-0.383444,0.183141,-0.730848,-0.047293,0.000736,0.00066,64585.809412,50137.327027,1.00003
"logA_z[axis1, Surface Evolver Bench]",0.812864,0.245268,0.354171,1.27488,0.001283,0.000923,36832.616597,47205.391817,1.000112
"logA_z[axis1, Terminal Bench 2.0]",1.047541,0.155263,0.760629,1.346666,0.000988,0.000517,24716.512915,45224.238786,1.000248
"logA_z[axis1, The Agent Company]",0.986962,0.419332,0.198043,1.725002,0.002217,0.002954,42058.324757,35622.598678,1.000178
"logA_z[axis1, TriviaQA]",-1.84075,0.522192,-2.844057,-0.913537,0.002435,0.001972,47772.839578,49127.518005,1.000056
"logA_z[axis1, TutorBench]",-1.535525,0.323812,-2.158459,-0.960374,0.001593,0.001272,41610.812839,51635.572031,1.000065
"logA_z[axis1, Visual Task Assessment (VISTA)]",-1.420463,0.219512,-1.843148,-1.023504,0.001319,0.000771,27750.354951,48511.704046,1.000325
"logA_z[axis1, VisualToolBench]",0.87193,0.217622,0.454956,1.259435,0.001232,0.001628,34326.911058,35465.859046,1.00011
"logA_z[axis1, WMDP Biology]",-1.139899,0.37823,-1.851478,-0.462744,0.001708,0.001577,52409.114064,47887.066218,1.000074
"logA_z[axis1, WMDP Chemistry]",-0.747586,0.231669,-1.180076,-0.317789,0.001029,0.000877,52088.864094,51830.354392,1.000092
"logA_z[axis1, WeirdML v2]",0.351709,0.070306,0.220945,0.485374,0.000354,0.000207,39621.009664,57406.262024,1.000108
tau_A[axis1],1.0,0.0,1.0,1.0,0.0,,80000.0,80000.0,
"theta[Average Human, axis1]",-2.34369,0.227157,-2.772571,-1.915876,0.000676,0.000912,112940.599549,60176.943771,1.000047
"theta[Baichuan-13B-Base, axis1]",-1.952948,0.180743,-2.294753,-1.615466,0.000543,0.000721,110536.059486,60003.779499,1.000191
"theta[Baichuan-2-13B-Base, axis1]",-1.701162,0.173733,-2.028405,-1.375095,0.00051,0.000673,115990.479136,61050.356587,1.000003
"theta[Baichuan-2-7B-Base, axis1]",-2.02554,0.172904,-2.349261,-1.697154,0.000515,0.000666,113118.158607,62290.775517,1.000096
"theta[Baichuan-7B, axis1]",-2.346354,0.18657,-2.699171,-1.997172,0.000583,0.000704,103296.929175,59431.183794,1.000036
"theta[Baichuan2-13B-Chat, axis1]",-1.725574,0.180302,-2.065244,-1.385686,0.000518,0.000726,121329.479772,59527.161291,1.000155
"theta[Cerebras-GPT-13B, axis1]",-2.796008,0.223758,-3.226903,-2.383416,0.000688,0.000882,106886.668179,60392.414074,1.00001
"theta[Chinchilla (70B), axis1]",-1.305935,0.239417,-1.746517,-0.850903,0.000664,0.000993,132514.040889,58367.420622,1.000116
"theta[CodeQwen1.5-7B, axis1]",-2.200729,0.184829,-2.545136,-1.847946,0.000581,0.000687,102037.040736,59336.065054,1.000026
"theta[Committee of Domain Experts, axis1]",0.645447,0.168196,0.328481,0.963364,0.000519,0.00068,105438.476527,56636.53957,1.000138
"theta[DeepSeek-Coder-V2-Base, axis1]",-0.86953,0.312888,-1.436447,-0.268455,0.001046,0.001404,99021.861803,54423.838049,1.000053
"theta[DeepSeek-Coder-V2-Lite-Base, axis1]",-1.488071,0.173752,-1.811426,-1.158354,0.000494,0.000702,123221.000918,58245.58829,1.000187
"theta[DeepSeek-R1, axis1]",-0.016543,0.056622,-0.121919,0.091195,0.000177,0.000205,102056.38887,60894.608735,1.000139
"theta[DeepSeek-R1-0528, axis1]",0.164416,0.074935,0.025606,0.306099,0.000211,0.000294,125807.72435,61405.074982,1.000174
"theta[DeepSeek-R1-Distill-Llama-70B, axis1]",-0.195961,0.11112,-0.398023,0.019622,0.000314,0.000439,126908.211141,59156.110091,1.00004
"theta[DeepSeek-R1-Distill-Qwen-1.5B, axis1]",-1.094699,0.168809,-1.411291,-0.780382,0.000482,0.000674,124669.594194,58011.737165,1.000136
"theta[DeepSeek-R1-Distill-Qwen-14B, axis1]",-0.369603,0.104609,-0.569384,-0.176122,0.000303,0.000403,119380.314216,60651.384723,1.000303
"theta[DeepSeek-R1-Distill-Qwen-32B, axis1]",-0.279268,0.134408,-0.535158,-0.029774,0.000376,0.000523,127881.385278,61527.230822,1.000048
"theta[DeepSeek-V2, axis1]",-0.635403,0.261056,-1.11198,-0.141729,0.000802,0.001079,113138.531704,56353.249429,1.000089
"theta[DeepSeek-V3, axis1]",-0.435474,0.05753,-0.543785,-0.32764,0.00018,0.000203,102188.144401,62726.926663,1.000161
"theta[DeepSeek-V3-0324, axis1]",-0.253105,0.077974,-0.396789,-0.104541,0.000228,0.000296,117248.033469,60513.717038,0.999976
"theta[DeepSeek-V3.1, axis1]",-0.037142,0.091271,-0.210202,0.133617,0.000268,0.000339,116060.052324,61214.788966,1.000125
"theta[DeepSeek-V3.1-Terminus, axis1]",0.240747,0.171128,-0.084705,0.560604,0.000453,0.000679,142627.621543,60410.371379,1.000239
"theta[DeepSeek-V3.1_thinking, axis1]",0.109582,0.147101,-0.162136,0.391341,0.000406,0.000578,131209.606235,59038.252443,1.000204
"theta[DeepSeek-V3.2-Exp, axis1]",0.291497,0.191654,-0.04934,0.65901,0.000694,0.000865,83990.562304,53954.905571,1.000093
"theta[DeepSeek-V3.2-Exp_thinking, axis1]",0.290086,0.112075,0.0816,0.50219,0.00031,0.000423,130845.387196,61643.101659,1.000114
"theta[Domain Expert, axis1]",0.409294,0.106586,0.215909,0.61563,0.000346,0.000355,95223.549236,68070.598666,1.000061
"theta[GLM-4.5-Air, axis1]",-0.451421,0.176779,-0.784146,-0.123821,0.000561,0.000671,104170.168214,57663.08041,1.000023
"theta[Gopher (280B), axis1]",-1.610273,0.226572,-2.040345,-1.188575,0.000655,0.000911,120465.137623,58748.537745,1.000068
"theta[Hermes-2-Theta-Llama-3-70B, axis1]",-1.138278,0.114191,-1.350554,-0.921691,0.000351,0.000451,109503.201199,57646.710141,1.000071
"theta[High School Qualifier, axis1]",-0.005237,0.282929,-0.55752,0.510015,0.000806,0.001524,124975.261963,50204.572223,1.000036
"theta[High School Top Performer, axis1]",1.237055,0.264203,0.762184,1.744417,0.000845,0.000909,100755.441752,62292.146424,1.000085
"theta[INTELLECT-1-Instruct, axis1]",-1.909705,0.172189,-2.23702,-1.588395,0.000531,0.00071,105618.231774,50866.427536,1.00004
"theta[Inkling, axis1]",-0.286066,0.34191,-0.949571,0.309696,0.001181,0.001386,97523.377989,53356.843064,1.000028
"theta[Inkling_high, axis1]",-0.228878,0.273182,-0.76178,0.261725,0.000773,0.001183,129568.807471,56827.987878,1.000068
"theta[Inkling_thinking, axis1]",0.958466,0.395726,0.183829,1.70135,0.00195,0.002773,49092.754242,33843.150754,1.000003
"theta[Inkling_xhigh, axis1]",0.618338,0.078774,0.470207,0.767078,0.00024,0.000295,108006.259526,61278.785748,1.000028
"theta[Kimi-K2-Instruct, axis1]",0.000888,0.099782,-0.188787,0.188156,0.000293,0.000385,116785.137963,61317.504546,1.00006
"theta[Kimi-K2-Instruct-0905, axis1]",-0.060119,0.154996,-0.347455,0.237233,0.000452,0.000636,118142.338519,51599.080589,1.000159
"theta[LLaMA-13B, axis1]",-2.0774,0.169346,-2.396502,-1.758575,0.000514,0.000641,108889.451931,60005.048028,1.000025
"theta[LLaMA-33B, axis1]",-1.619967,0.169035,-1.940838,-1.303217,0.000492,0.000685,118372.61555,59301.803161,1.00006
"theta[LLaMA-65B, axis1]",-1.440977,0.173396,-1.768809,-1.116558,0.000516,0.000705,114540.732928,60159.375236,1.000117
"theta[LLaMA-7B, axis1]",-2.442304,0.181283,-2.796765,-2.112111,0.000564,0.000685,104128.472701,59898.204385,1.000024
"theta[Llama-2-13b, axis1]",-1.789558,0.167935,-2.104191,-1.469436,0.000496,0.000659,114899.215397,59507.691412,1.000195
"theta[Llama-2-13b-chat, axis1]",-1.741767,0.14836,-2.020837,-1.463133,0.000448,0.000581,109511.766575,59728.59484,1.000118
"theta[Llama-2-34b, axis1]",-1.61067,0.170134,-1.932348,-1.291065,0.000507,0.000682,113503.308011,58416.386855,1.000043
"theta[Llama-2-70b-chat, axis1]",-1.588944,0.100886,-1.778774,-1.402138,0.000332,0.000374,93370.359802,57922.559825,1.000147
"theta[Llama-2-70b-hf, axis1]",-1.138127,0.186628,-1.480236,-0.779045,0.00056,0.000794,116993.822081,54893.97129,1.000163
"theta[Llama-2-7b, axis1]",-2.185618,0.171282,-2.512067,-1.866529,0.000526,0.000649,106240.559154,61241.746429,1.000178
"theta[Llama-3.1-405B, axis1]",-0.269656,0.294028,-0.808993,0.282041,0.000937,0.001216,108390.273355,56034.968501,1.000206
"theta[Llama-3.1-405B-Instruct, axis1]",-0.726515,0.042593,-0.806542,-0.646471,0.000164,0.000137,67581.745738,63617.336895,1.000092
"theta[Llama-3.1-70B-Instruct, axis1]",-0.858064,0.058062,-0.968041,-0.749654,0.000197,0.000208,87411.992945,60545.398082,1.000004
"theta[Llama-3.1-8B-Instruct, axis1]",-1.409186,0.068546,-1.539458,-1.281922,0.000264,0.000233,67830.573875,59618.934492,1.000091
"theta[Llama-3.1-Tulu-3-70B-DPO, axis1]",-0.858599,0.104281,-1.055336,-0.662455,0.000309,0.000413,115123.820429,58476.400088,1.000085
"theta[Llama-3.2-11B-Vision-Instruct, axis1]",-1.676415,0.204565,-2.056068,-1.285077,0.000586,0.000778,122123.335436,62808.057817,1.000192
"theta[Llama-3.2-1B-Instruct, axis1]",-1.601706,0.17438,-1.929702,-1.276782,0.00053,0.000697,111583.901454,57433.413627,1.000015
"theta[Llama-3.2-90B-Vision-Instruct, axis1]",-0.922609,0.092711,-1.097544,-0.747669,0.000284,0.000354,106799.391899,60978.081409,1.000229
"theta[Llama-3.3-70B-Instruct, axis1]",-0.772053,0.081132,-0.927458,-0.622741,0.000249,0.000316,106631.982905,61566.865845,1.000115
"theta[Llama-4-Maverick-17B-128E-Instruct, axis1]",-0.378284,0.059298,-0.488921,-0.26584,0.000188,0.000207,99860.671567,63378.124135,1.000049
"theta[Llama-4-Maverick-17B-128E-Instruct-FP8, axis1]",-0.334006,0.109376,-0.54407,-0.13251,0.000309,0.000442,127069.167776,55114.762132,1.000194
"theta[Llama-4-Scout-17B-16E-Instruct, axis1]",-0.720711,0.062167,-0.835773,-0.602315,0.000203,0.000216,93646.462774,64194.042533,1.000041
"theta[Meta-Llama-3-70B-Instruct, axis1]",-1.110092,0.066273,-1.23633,-0.986622,0.00024,0.000231,76274.564783,59799.204973,1.000122
"theta[Meta-Llama-3-8B-Instruct, axis1]",-1.486563,0.081848,-1.640231,-1.333087,0.000297,0.000277,76087.576837,60287.689172,1.000068
"theta[MiniMax-M2.5, axis1]",0.127848,0.163037,-0.185909,0.420754,0.000595,0.000632,78747.667479,58188.529304,0.999989
"theta[MiniMax-M2.5_unknown, axis1]",-0.436599,0.487333,-1.382742,0.419065,0.001991,0.00191,63809.698552,54607.844662,1.000075
"theta[MiniMax-M2.7, axis1]",0.218634,0.135082,-0.034336,0.469697,0.000454,0.000516,92341.303147,52314.008011,1.000072
"theta[MiniMax-M3, axis1]",0.503913,0.095174,0.324781,0.68391,0.000275,0.000358,120211.50139,61641.707221,1.000026
"theta[MiniMax-M3_none, axis1]",0.065287,0.13873,-0.194539,0.325838,0.000379,0.000556,134533.866073,59871.92465,1.000187
"theta[MiniMax-M3_xhigh, axis1]",-0.482756,0.700373,-1.830103,0.779696,0.00252,0.002704,78451.787682,54913.811535,1.000074
"theta[Mistral-7B-Instruct-v0.1, axis1]",-2.829025,0.204122,-3.219295,-2.454699,0.000711,0.000683,83523.310654,64225.239689,1.00005
"theta[Mistral-7B-Instruct-v0.2, axis1]",-1.641874,0.183063,-1.992308,-1.303553,0.000551,0.000726,110831.093098,59065.035637,1.000103
"theta[Mistral-7B-Instruct-v0.3, axis1]",-1.768928,0.128166,-2.014567,-1.533469,0.000411,0.000493,99250.162274,57011.56879,1.000154
"theta[Mistral-7B-v0.1, axis1]",-1.439495,0.171799,-1.753697,-1.105887,0.000513,0.000702,113764.74676,56824.22536,1.000047
"theta[Mistral-Nemo-Instruct-2407, axis1]",-1.129569,0.208282,-1.521005,-0.735207,0.000582,0.000801,128100.31871,59192.528293,1.00016
"theta[Mixtral-8x22B-Instruct-v0.1, axis1]",-1.127328,0.087597,-1.290919,-0.962909,0.000277,0.000318,100350.505747,62114.820224,1.000153
"theta[Mixtral-8x7B-Instruct-v0.1, axis1]",-1.668214,0.088981,-1.836336,-1.502744,0.000344,0.000287,67185.135001,60425.543411,1.000133
"theta[Mixtral-8x7B-v0.1, axis1]",-1.035742,0.193101,-1.388433,-0.667396,0.00059,0.000805,113097.539489,56367.961044,1.000073
"theta[Nemotron-4 15B, axis1]",-1.682428,0.16945,-1.997721,-1.357657,0.000492,0.000665,118841.620191,58370.881451,1.000039
"theta[PaLM 2-L, axis1]",-0.839955,0.570393,-1.852337,0.255993,0.001901,0.002416,101688.145324,54746.86098,1.000074
"theta[PaLM 2-M, axis1]",-1.096954,0.531297,-2.059053,-0.081463,0.00176,0.002332,102696.419509,53624.311508,1.000041
"theta[PaLM 2-S, axis1]",-1.395784,0.496033,-2.297222,-0.444633,0.001596,0.002237,106131.5826,55411.01054,1.00007
"theta[PaLM 540B, axis1]",-1.22107,0.186417,-1.571296,-0.872668,0.000602,0.000747,99958.102405,50451.365686,1.000067
"theta[PaLM 62B, axis1]",-1.882314,0.170085,-2.211938,-1.567975,0.000501,0.00067,115137.558765,57464.95339,1.000152
"theta[Phi-3-medium-128k-instruct, axis1]",-1.188554,0.102654,-1.384112,-0.997471,0.000321,0.000389,102965.403392,59467.023985,1.000163
"theta[Phi-3-mini-4k-instruct, axis1]",-1.184091,0.204518,-1.562862,-0.794025,0.000582,0.000794,124672.118916,59427.198878,1.000086
"theta[Phi-3-small-8k-instruct, axis1]",-0.847392,0.242832,-1.294464,-0.385456,0.000723,0.000986,117918.600285,59282.650265,1.000042
"theta[Pixtral-12B-2409, axis1]",-1.468923,0.472968,-2.372443,-0.596289,0.001361,0.001799,121930.228626,59574.421653,1.000247
"theta[QwQ-32B, axis1]",-0.269418,0.125971,-0.508035,-0.034201,0.000363,0.000479,120481.191566,62921.568439,1.00011
"theta[QwQ-32B_16K, axis1]",0.22622,0.575775,-0.824787,1.353391,0.001744,0.00233,111574.403023,59600.848986,1.000096
"theta[Qwen-14B, axis1]",-1.269531,0.182264,-1.61064,-0.926378,0.000557,0.000773,110137.320896,56906.49546,1.000162
"theta[Qwen-14B-Chat, axis1]",-1.377155,0.186926,-1.7328,-1.026365,0.000543,0.000772,120789.884831,57011.541938,1.00016
"theta[Qwen-1_8B, axis1]",-2.515056,0.196623,-2.891811,-2.152157,0.000626,0.000718,99221.440873,60114.651174,1.000113
"theta[Qwen-7B, axis1]",-1.81617,0.177718,-2.156197,-1.487438,0.000553,0.000657,103278.051104,52742.499618,1.000104
"theta[Qwen2-VL-72B-Instruct, axis1]",-1.282167,0.342684,-1.934347,-0.648955,0.000988,0.001318,123468.920406,60369.839753,1.000215
"theta[Qwen2.5-72B, axis1]",-0.32031,0.285069,-0.845214,0.216074,0.000887,0.001204,113665.446001,54785.6655,1.000048
"theta[Qwen2.5-Coder-0.5B, axis1]",-2.19505,0.18343,-2.545944,-1.856036,0.000567,0.000685,105687.019807,58828.334271,1.00003
"theta[Qwen2.5-Coder-1.5B, axis1]",-1.68741,0.179129,-2.019574,-1.346035,0.000546,0.000684,107822.749365,59795.290586,1.000087
"theta[Qwen2.5-Coder-14B, axis1]",-0.90753,0.197276,-1.276439,-0.537739,0.000586,0.000812,118401.721598,57106.10752,1.00026
"theta[Qwen2.5-Coder-32B, axis1]",-0.744967,0.208861,-1.1276,-0.348895,0.000633,0.000858,115808.517121,58039.832703,1.000051
"theta[Qwen2.5-Coder-32B-Instruct, axis1]",-0.66181,0.198245,-1.035777,-0.289923,0.000569,0.000765,121840.882421,60273.776183,0.999964
"theta[Qwen2.5-Coder-3B, axis1]",-1.209591,0.283854,-1.735081,-0.659978,0.000913,0.001246,101043.566226,55484.730395,1.00011
"theta[Qwen2.5-Coder-7B, axis1]",-1.16038,0.183874,-1.512237,-0.819319,0.000536,0.000758,119184.560829,58002.833096,1.000079
"theta[Qwen2.5-VL-72B-Instruct, axis1]",-1.003698,0.735919,-2.376132,0.417551,0.002398,0.002609,94809.812564,65583.221857,1.000103
"theta[Qwen3-235B-A22B-Instruct-2507, axis1]",-0.100825,0.10822,-0.306543,0.100559,0.000306,0.000403,125497.950768,63541.630136,1.000161
"theta[Qwen3-235B-A22B-Thinking-2507, axis1]",0.094576,0.083164,-0.056575,0.256634,0.000246,0.000307,114198.625618,63294.778494,1.000143
"theta[Qwen3-30B-A3B, axis1]",-0.348378,0.108801,-0.551074,-0.141076,0.000303,0.000423,129047.427813,60359.527972,1.00011
"theta[Qwen3-30B-A3B_none, axis1]",-0.627581,0.147412,-0.905684,-0.353095,0.000408,0.000579,131100.959292,59830.159227,0.999999
"theta[Qwen3-32B, axis1]",-0.214789,0.10194,-0.405705,-0.023256,0.000295,0.000398,119861.960174,56222.301327,1.00008
"theta[Qwen3-32B_none, axis1]",-0.561802,0.143147,-0.830408,-0.293277,0.000414,0.000586,119897.463845,52319.255912,1.000095
"theta[Qwen3-Coder-480B-A35B-Instruct, axis1]",0.055623,0.144039,-0.212632,0.329197,0.000425,0.000594,118872.413943,55809.454002,1.000106
"theta[RedPajama-INCITE-7B-Base, axis1]",-2.745847,0.223134,-3.172241,-2.333863,0.000698,0.000863,103547.678207,60171.884863,1.000183
"theta[Skilled Generalist, axis1]",-1.004352,0.095911,-1.181784,-0.822219,0.00031,0.000334,96063.298201,64135.25404,1.00023
"theta[StableBeluga2, axis1]",-1.141854,0.18746,-1.494534,-0.794164,0.000568,0.000773,114199.667225,55336.555524,1.000055
"theta[Top Performer, axis1]",3.521433,0.476901,2.663892,4.431304,0.0018,0.002368,76186.970681,49446.93806,1.000097
"theta[WizardLM-2-8x22B, axis1]",-1.012248,0.114914,-1.229249,-0.797737,0.000341,0.00046,113813.087568,53772.50388,1.000104
"theta[Yi-1.5-34B-Chat, axis1]",-1.16756,0.126661,-1.40649,-0.932103,0.000388,0.000499,109648.950829,55670.103497,1.000139
"theta[Yi-34B, axis1]",-1.019667,0.213853,-1.40255,-0.599714,0.000661,0.000893,111465.037331,55840.648578,1.000074
"theta[Yi-34B-Chat, axis1]",-1.529591,0.109264,-1.733989,-1.324579,0.000383,0.000386,82394.847671,61369.334701,1.000015
"theta[Yi-6B, axis1]",-1.692937,0.170601,-2.009956,-1.366608,0.000517,0.000662,109503.500098,59459.317489,1.000143
"theta[Yi-6B-Chat, axis1]",-1.600887,0.180768,-1.948615,-1.266956,0.000533,0.000742,115954.54211,57449.095436,1.000127
"theta[Yi-9B, axis1]",-1.354323,0.22022,-1.767916,-0.938313,0.000631,0.000896,123939.110344,57134.819859,1.000102
"theta[amazon.nova-lite-v1:0, axis1]",-0.981932,0.074202,-1.12232,-0.844046,0.000249,0.000264,88516.409998,62783.009137,1.000014
"theta[amazon.nova-micro-v1:0, axis1]",-1.377772,0.086898,-1.543034,-1.21721,0.000315,0.000279,76101.886721,62112.205714,1.000075
"theta[amazon.nova-pro-v1:0, axis1]",-0.797793,0.071003,-0.931548,-0.663606,0.000228,0.00025,96884.162667,63122.745656,1.000004
"theta[c4ai-command-a-03-2025, axis1]",-0.847776,0.155774,-1.143099,-0.558743,0.000445,0.000604,124263.006782,58657.780423,1.000101
"theta[c4ai-command-r-08-2024, axis1]",-1.315419,0.158043,-1.609098,-1.014353,0.000445,0.000608,126062.275788,60995.175799,1.000001
"theta[c4ai-command-r-plus-08-2024, axis1]",-1.274445,0.139209,-1.54492,-1.020756,0.000411,0.000535,114855.84843,61569.786384,1.000007
"theta[chatglm2-6b, axis1]",-1.960876,0.170046,-2.286143,-1.643003,0.000505,0.000674,113017.831459,60524.414144,1.000071
"theta[claude-1.3, axis1]",-0.781535,0.27925,-1.29147,-0.251433,0.000854,0.001273,116932.405819,51600.067618,1.000195
"theta[claude-2.0, axis1]",-1.192056,0.093077,-1.370585,-1.019074,0.0003,0.000343,96885.407014,59336.703966,1.000004
"theta[claude-2.1, axis1]",-1.208582,0.111487,-1.420438,-1.003011,0.000333,0.000421,112710.161348,57915.278843,1.000082
"theta[claude-3-5-haiku-20241022, axis1]",-0.812795,0.078093,-0.961823,-0.667331,0.000243,0.000285,103313.453566,62142.80032,1.000103
"theta[claude-3-5-sonnet-20240620, axis1]",-0.493485,0.056391,-0.598598,-0.386659,0.000187,0.000196,91287.416772,65066.138853,1.000136
"theta[claude-3-5-sonnet-20241022, axis1]",-0.385251,0.05698,-0.493514,-0.279324,0.000195,0.000195,85801.30593,61915.57079,1.000029
"theta[claude-3-7-sonnet-20250219, axis1]",-0.252898,0.057904,-0.363,-0.145798,0.00019,0.000199,92569.585854,62741.129281,1.000082
"theta[claude-3-7-sonnet-20250219_15K, axis1]",0.003312,0.812387,-1.525394,1.536201,0.0023,0.003193,125040.460445,62087.303652,1.00012
"theta[claude-3-7-sonnet-20250219_16K, axis1]",0.103228,0.071499,-0.030235,0.238333,0.00022,0.000249,105355.594149,63149.397596,1.000043
"theta[claude-3-7-sonnet-20250219_2K, axis1]",0.029516,0.704706,-1.329942,1.32619,0.002127,0.002798,110715.765998,61749.21361,1.000018
"theta[claude-3-7-sonnet-20250219_32K, axis1]",0.125207,0.117034,-0.095553,0.342939,0.00033,0.000467,130068.770574,57408.147513,1.000154
"theta[claude-3-7-sonnet-20250219_64K, axis1]",0.170418,0.138379,-0.088431,0.430646,0.000403,0.000562,124357.864137,57061.022754,1.000144
"theta[claude-3-7-sonnet-20250219_8K, axis1]",-0.099457,0.362503,-0.804314,0.586159,0.001226,0.002043,92811.890017,50771.500688,1.000122
"theta[claude-3-7-sonnet-20250219_thinking, axis1]",0.128581,0.13647,-0.129824,0.382995,0.000408,0.00052,113308.397931,62558.843584,1.000056
"theta[claude-3-7-sonnet-20250219_unknown, axis1]",-0.061278,0.103189,-0.26097,0.128365,0.000315,0.000384,109027.639416,58743.049732,1.00009
"theta[claude-3-haiku-20240307, axis1]",-1.232503,0.06558,-1.356463,-1.110731,0.00024,0.00022,74379.878114,62243.518585,1.000022
"theta[claude-3-opus-20240229, axis1]",-0.743624,0.051934,-0.840658,-0.646015,0.000182,0.000175,81352.316362,61849.44485,1.000053
"theta[claude-3-sonnet-20240229, axis1]",-1.11269,0.064012,-1.231238,-0.990807,0.00023,0.000221,77415.575279,61627.917584,1.000017
"theta[claude-fable-5, axis1]",1.866256,0.206456,1.471691,2.248769,0.000801,0.000682,66767.588939,61201.125524,1.000047
"theta[claude-fable-5-1_high, axis1]",1.80172,0.143498,1.532396,2.073169,0.000453,0.000543,100550.349203,60025.34547,1.000075
"theta[claude-fable-5-1_low, axis1]",1.624153,0.244792,1.160724,2.070478,0.000802,0.00129,105290.289075,51349.525881,1.000119
"theta[claude-fable-5-1_max, axis1]",1.995621,0.101496,1.802409,2.183758,0.000401,0.000339,64159.896786,58867.759319,1.000019
"theta[claude-fable-5-1_medium, axis1]",1.756765,0.196083,1.384547,2.124831,0.000597,0.000794,110029.557439,58750.926699,1.000002
"theta[claude-fable-5-1_unknown, axis1]",1.758241,0.209247,1.363823,2.154368,0.000635,0.00083,109344.144899,58440.707588,1.00016
"theta[claude-fable-5-1_xhigh, axis1]",1.614312,0.145941,1.343399,1.893759,0.000535,0.000459,74497.260128,65644.763117,0.99999
"theta[claude-fable-5_high, axis1]",1.698054,0.121117,1.472349,1.929306,0.00044,0.000407,76461.248381,62214.363309,1.000069
"theta[claude-fable-5_low, axis1]",0.837216,0.18103,0.500913,1.179127,0.000542,0.000675,113817.549823,59617.086138,1.000156
"theta[claude-fable-5_max, axis1]",1.821167,0.085724,1.660399,1.982592,0.000333,0.000294,66653.82128,61208.844371,1.000062
"theta[claude-fable-5_medium, axis1]",1.362876,0.438619,0.521993,2.193657,0.001325,0.00208,111608.117233,54223.863253,0.999987
"theta[claude-fable-5_unknown, axis1]",2.105487,0.197327,1.738171,2.484684,0.000683,0.000735,83812.200652,62606.372258,1.00004
"theta[claude-fable-5_xhigh, axis1]",1.635664,0.254107,1.161192,2.121529,0.00077,0.001038,110567.041915,59918.010751,1.000156
"theta[claude-haiku-4-5-20251001, axis1]",-0.129205,0.094534,-0.306612,0.048595,0.000279,0.000356,114834.030846,62293.004064,1.000059
"theta[claude-haiku-4-5-20251001_16K, axis1]",0.159286,0.257779,-0.323124,0.651088,0.000722,0.001078,128701.030585,57403.609057,1.000186
"theta[claude-haiku-4-5-20251001_1K, axis1]",-0.07874,0.366672,-0.779238,0.602718,0.0011,0.00157,113934.435642,60196.49901,1.000143
"theta[claude-haiku-4-5-20251001_32K, axis1]",0.130644,0.119132,-0.085764,0.360752,0.00034,0.000476,126339.590523,57052.149575,1.00001
"theta[claude-haiku-4-5-20251001_low, axis1]",0.210416,0.708597,-1.154227,1.523128,0.002138,0.002801,111506.400893,58685.611517,1.00002
"theta[claude-haiku-4-5-20251001_thinking, axis1]",0.059873,0.475248,-0.851889,0.949889,0.001461,0.002019,107149.179427,59856.332798,1.000132
"theta[claude-haiku-4-5-20251001_unknown, axis1]",0.109747,0.120249,-0.116943,0.334357,0.000361,0.000454,112632.071827,59220.556981,1.000337
"theta[claude-instant-1.1, axis1]",-0.935484,0.195497,-1.294175,-0.562535,0.000596,0.000802,112819.814261,56656.435451,1.000079
"theta[claude-instant-1.2, axis1]",-1.055321,0.141734,-1.32522,-0.792357,0.000405,0.000551,122705.270063,60364.542775,0.999993
"theta[claude-mythos-5, axis1]",2.416872,0.212505,2.018207,2.813499,0.000777,0.000777,76135.720134,60836.392535,1.000031
"theta[claude-mythos-preview, axis1]",2.220414,0.183886,1.885337,2.570973,0.000682,0.000651,74577.521365,59395.591217,1.00002
"theta[claude-mythos-preview-early, axis1]",1.663562,0.120249,1.447478,1.895505,0.000528,0.000429,53290.004093,55259.681832,1.000157
"theta[claude-opus-4-1-20250805, axis1]",0.208751,0.069434,0.080784,0.342192,0.000208,0.000262,111549.021621,62234.969398,1.000051
"theta[claude-opus-4-1-20250805_16K, axis1]",0.346673,0.119954,0.119923,0.570447,0.000338,0.000476,126530.331209,62511.549294,1.000118
"theta[claude-opus-4-1-20250805_24K, axis1]",0.535234,0.491511,-0.406994,1.413297,0.001561,0.002197,113241.745548,53384.643303,1.000019
"theta[claude-opus-4-1-20250805_27K, axis1]",0.248362,0.164825,-0.057979,0.559556,0.000457,0.000696,134699.799891,56499.53631,1.000184
"theta[claude-opus-4-1-20250805_32K, axis1]",0.012054,0.193645,-0.352702,0.363974,0.000624,0.000905,110902.236012,53579.691896,1.000024
"theta[claude-opus-4-1-20250805_thinking, axis1]",0.347682,0.122374,0.114663,0.575588,0.000415,0.000419,87477.141827,63755.086766,1.00005
"theta[claude-opus-4-1-20250805_unknown, axis1]",0.301082,0.089119,0.132433,0.467684,0.000253,0.000334,124354.450593,60590.658331,1.000187
"theta[claude-opus-4-20250514, axis1]",0.088496,0.078249,-0.061798,0.231479,0.000234,0.000288,111531.967018,61798.96096,1.000042
"theta[claude-opus-4-20250514_16K, axis1]",0.261295,0.11607,0.044903,0.480752,0.000323,0.00044,128991.811512,60623.176918,1.000034
"theta[claude-opus-4-20250514_27K, axis1]",0.205247,0.295022,-0.333866,0.763185,0.000927,0.001728,115396.155718,52190.316425,1.000125
"theta[claude-opus-4-20250514_2K, axis1]",0.334038,0.703277,-1.014614,1.649745,0.002138,0.002834,110417.485578,58716.945857,1.000208
"theta[claude-opus-4-20250514_32K, axis1]",0.307262,0.252063,-0.156654,0.791629,0.000782,0.001166,110396.274737,54132.24285,1.000077
"theta[claude-opus-4-20250514_thinking, axis1]",0.374854,0.135255,0.117889,0.627556,0.000386,0.000539,123935.920531,59558.228023,1.000065
"theta[claude-opus-4-20250514_unknown, axis1]",0.275499,0.071932,0.13866,0.409993,0.000207,0.000262,120758.997236,63872.2432,1.0
"theta[claude-opus-4-5-20251101, axis1]",0.617697,0.085275,0.455461,0.776433,0.000276,0.000306,95283.279429,56025.705187,1.000033
"theta[claude-opus-4-5-20251101_128K, axis1]",0.75741,0.173432,0.426953,1.085194,0.000524,0.000718,110625.903576,56041.256737,1.000049
"theta[claude-opus-4-5-20251101_16K, axis1]",0.79851,0.140037,0.544498,1.070299,0.000401,0.000534,123778.183508,61699.357479,1.000025
"theta[claude-opus-4-5-20251101_32K, axis1]",0.55127,0.096559,0.366672,0.730792,0.000271,0.000376,127454.304402,60970.028766,1.000089
"theta[claude-opus-4-5-20251101_48K, axis1]",0.580952,0.486012,-0.343293,1.457595,0.001571,0.00223,109959.835955,52623.278707,1.000181
"theta[claude-opus-4-5-20251101_64K, axis1]",0.491893,0.354368,-0.178193,1.162502,0.001082,0.00145,109015.404185,58806.976918,1.00016
"theta[claude-opus-4-5-20251101_high, axis1]",0.953524,0.172082,0.62795,1.274252,0.000476,0.000687,131574.31214,58496.352669,1.000139
"theta[claude-opus-4-5-20251101_low, axis1]",0.994343,0.718245,-0.370955,2.349149,0.002236,0.002817,105419.258578,60221.20961,1.000087
"theta[claude-opus-4-5-20251101_thinking, axis1]",0.729962,0.129027,0.483,0.970646,0.00039,0.000496,110106.46966,60683.243144,1.000118
"theta[claude-opus-4-5-20251101_unknown, axis1]",0.906835,0.066636,0.780687,1.031576,0.000219,0.000226,92972.489914,64692.009738,1.000061
"theta[claude-opus-4-6, axis1]",0.784675,0.096781,0.601913,0.965218,0.000331,0.000345,85528.609236,53548.848922,1.000045
"theta[claude-opus-4-6_120K, axis1]",0.170445,0.503329,-0.799285,1.055817,0.001656,0.002182,109221.250735,53934.176819,1.00011
"theta[claude-opus-4-6_32K, axis1]",0.878094,0.177665,0.551921,1.216314,0.000507,0.000713,127250.100336,57643.584152,1.00018
"theta[claude-opus-4-6_64K, axis1]",0.765322,0.163346,0.45652,1.068073,0.000464,0.000642,127468.847825,56792.211205,1.000433
"theta[claude-opus-4-6_high, axis1]",1.367885,0.137647,1.111875,1.629593,0.000412,0.000529,111802.23314,60772.990781,1.000033
"theta[claude-opus-4-6_low, axis1]",0.121923,0.429056,-0.685827,0.908848,0.001419,0.001709,98198.984423,57481.602604,1.00015
"theta[claude-opus-4-6_max, axis1]",0.981806,0.061947,0.866144,1.098744,0.000211,0.000214,86375.847089,63310.147144,1.000021
"theta[claude-opus-4-6_medium, axis1]",0.94722,0.715383,-0.430037,2.27741,0.002214,0.00285,106644.412732,58283.780187,1.00006
"theta[claude-opus-4-6_none, axis1]",0.716581,0.132317,0.461934,0.960751,0.00039,0.000522,115607.204814,58976.687738,1.000081
"theta[claude-opus-4-6_thinking, axis1]",1.043509,0.187887,0.692173,1.399484,0.000743,0.001259,73842.213743,48777.083585,1.000041
"theta[claude-opus-4-6_unknown, axis1]",1.234781,0.06419,1.116135,1.357423,0.000241,0.000212,70838.735765,62590.448125,1.000008
"theta[claude-opus-4-7, axis1]",1.182293,0.162517,0.870804,1.482418,0.0005,0.000576,106025.313263,65323.777048,1.000092
"theta[claude-opus-4-7_high, axis1]",1.444701,0.186985,1.087276,1.796094,0.000573,0.000721,106857.090275,61814.810665,1.000169
"theta[claude-opus-4-7_low, axis1]",0.475468,0.47798,-0.448568,1.32003,0.001561,0.002198,111200.256948,54169.413295,1.000118
"theta[claude-opus-4-7_max, axis1]",1.146628,0.069718,1.015057,1.277363,0.000238,0.000245,86190.964803,60807.742923,1.000047
"theta[claude-opus-4-7_unknown, axis1]",1.108342,0.072394,0.977222,1.248686,0.000325,0.000235,49949.79939,59745.899979,1.000172
"theta[claude-opus-4-7_xhigh, axis1]",1.113247,0.176482,0.781908,1.441549,0.000538,0.000655,108141.509644,61436.498773,1.00016
"theta[claude-opus-4-8, axis1]",0.543809,0.267989,0.059158,1.05816,0.000799,0.001058,119955.298539,57573.493815,1.000087
"theta[claude-opus-4-8_high, axis1]",1.465635,0.166276,1.151335,1.782797,0.000598,0.000679,77896.258146,56594.955346,1.000017
"theta[claude-opus-4-8_low, axis1]",0.963335,0.166518,0.653727,1.278356,0.00047,0.000657,128182.515587,57474.259986,1.000109
"theta[claude-opus-4-8_max, axis1]",1.452007,0.071471,1.320319,1.588661,0.000265,0.000247,72779.058031,61213.76489,1.000083
"theta[claude-opus-4-8_medium, axis1]",1.135527,0.222031,0.709164,1.541652,0.000629,0.000895,126413.907856,57993.500667,1.000178
"theta[claude-opus-4-8_none, axis1]",0.777828,0.132818,0.535452,1.035019,0.000385,0.000518,119709.956751,59624.17541,1.000051
"theta[claude-opus-4-8_unknown, axis1]",1.586586,0.135432,1.337345,1.848135,0.000471,0.000517,83066.451008,57418.750174,1.000246
"theta[claude-opus-4-8_xhigh, axis1]",1.394782,0.134117,1.146218,1.650832,0.000454,0.000486,87289.302846,55428.458732,1.000049
"theta[claude-opus-5, axis1]",1.317518,0.147853,1.044829,1.599218,0.000429,0.000568,120333.696663,59340.34914,1.000064
"theta[claude-opus-5_high, axis1]",1.827093,0.142479,1.555327,2.093951,0.000471,0.000544,91677.634644,55167.406393,1.000069
"theta[claude-opus-5_low, axis1]",1.220097,0.172916,0.893389,1.540769,0.000574,0.000584,91888.447637,62171.400564,1.000035
"theta[claude-opus-5_max, axis1]",1.787179,0.081556,1.633055,1.940161,0.000327,0.000261,62445.077377,60394.700275,1.000046
"theta[claude-opus-5_medium, axis1]",1.668818,0.163994,1.353674,1.97444,0.000514,0.000661,102552.338342,57453.943107,1.000134
"theta[claude-opus-5_unknown, axis1]",1.704233,0.358108,1.03991,2.412177,0.001315,0.001729,77776.906991,51200.682116,1.000028
"theta[claude-opus-5_xhigh, axis1]",1.850326,0.140886,1.587759,2.117659,0.000484,0.000499,84838.690842,63324.058982,1.00004
"theta[claude-sonnet-4-20250514, axis1]",-0.064117,0.067641,-0.192783,0.061867,0.000208,0.000243,105668.576836,59443.270894,1.000105
"theta[claude-sonnet-4-20250514_16K, axis1]",0.215571,0.1155,-0.002244,0.431523,0.000318,0.000457,132824.882353,59920.68471,1.000106
"theta[claude-sonnet-4-20250514_2K, axis1]",0.31644,0.705014,-1.008211,1.663859,0.002113,0.002847,113011.588038,60154.339024,1.000103
"theta[claude-sonnet-4-20250514_32K, axis1]",0.215222,0.133927,-0.032886,0.471311,0.000375,0.000542,129680.867687,57604.489082,1.000039
"theta[claude-sonnet-4-20250514_59K, axis1]",0.277411,0.16716,-0.034554,0.594618,0.000471,0.000697,129955.220182,57312.236952,1.000181
"theta[claude-sonnet-4-20250514_thinking, axis1]",0.06082,0.208622,-0.345575,0.439635,0.000661,0.000824,102237.553744,59813.225604,1.00009
"theta[claude-sonnet-4-20250514_unknown, axis1]",0.048672,0.09674,-0.133415,0.230016,0.000282,0.000376,119189.389814,58321.374231,1.000093
"theta[claude-sonnet-4-5-20250929, axis1]",0.232577,0.075236,0.090155,0.372416,0.000235,0.00027,102383.049634,62966.949977,0.999991
"theta[claude-sonnet-4-5-20250929_16K, axis1]",0.398485,0.122484,0.168142,0.627931,0.000338,0.000475,131971.65504,59503.122802,1.000141
"theta[claude-sonnet-4-5-20250929_2K, axis1]",0.890242,0.7115,-0.4623,2.238457,0.002217,0.00282,105720.163648,57289.907538,1.000006
"theta[claude-sonnet-4-5-20250929_32K, axis1]",0.362878,0.09572,0.186508,0.545877,0.000266,0.000371,129520.408557,61320.693117,1.000145
"theta[claude-sonnet-4-5-20250929_48K, axis1]",0.340236,0.508023,-0.622746,1.264036,0.001646,0.002278,111991.872075,50533.833394,1.00001
"theta[claude-sonnet-4-5-20250929_59K, axis1]",0.464707,0.173266,0.15079,0.799908,0.000498,0.000731,128937.144431,55894.96139,0.999984
"theta[claude-sonnet-4-5-20250929_low, axis1]",0.404527,0.702034,-0.930228,1.734033,0.002112,0.00282,111682.553516,59841.025041,1.000106
"theta[claude-sonnet-4-5-20250929_thinking, axis1]",0.322168,0.111203,0.117676,0.536398,0.000345,0.000407,104879.400379,63471.999901,1.000134
"theta[claude-sonnet-4-5-20250929_unknown, axis1]",0.562425,0.059956,0.448125,0.673169,0.000262,0.000182,52336.875944,63497.971957,1.000045
"theta[claude-sonnet-4-6, axis1]",0.642254,0.136191,0.386927,0.903194,0.000399,0.000537,116544.632512,58999.982616,1.000155
"theta[claude-sonnet-4-6_32K, axis1]",0.666242,0.167826,0.362307,0.99035,0.000461,0.000672,136453.526747,59097.688942,0.999988
"theta[claude-sonnet-4-6_high, axis1]",0.544479,0.141347,0.279095,0.807027,0.000411,0.00053,118537.221446,61029.943183,1.000089
"theta[claude-sonnet-4-6_low, axis1]",0.514909,0.410599,-0.290699,1.246896,0.001292,0.001799,109597.339477,55454.090213,1.000096
"theta[claude-sonnet-4-6_max, axis1]",0.631472,0.115132,0.413536,0.848412,0.000355,0.000421,105134.300208,62839.226344,1.000161
"theta[claude-sonnet-4-6_medium, axis1]",0.619056,0.136895,0.361718,0.876181,0.000395,0.000504,120998.583244,62049.766174,1.000015
"theta[claude-sonnet-4-6_unknown, axis1]",0.653382,0.122183,0.419995,0.881317,0.000369,0.000469,109956.679568,61080.031742,0.999954
"theta[claude-sonnet-5, axis1]",0.314913,0.427987,-0.493645,1.099277,0.001268,0.0018,124761.837725,52905.579226,1.000041
"theta[claude-sonnet-5_high, axis1]",0.678486,0.170058,0.349034,0.991429,0.000488,0.000657,123221.187249,59580.905191,1.000105
"theta[claude-sonnet-5_low, axis1]",0.31915,0.494948,-0.652069,1.197252,0.001661,0.002242,98666.732864,53248.267138,1.000172
"theta[claude-sonnet-5_max, axis1]",1.091058,0.079755,0.941247,1.241255,0.000266,0.000292,89921.315912,60990.271,1.000125
"theta[claude-sonnet-5_medium, axis1]",0.714259,0.237295,0.267362,1.1668,0.000762,0.001112,100240.964387,57379.430967,1.00008
"theta[claude-sonnet-5_unknown, axis1]",1.385296,0.153142,1.095195,1.673475,0.000472,0.000591,105159.53024,60052.787631,1.000011
"theta[claude-sonnet-5_xhigh, axis1]",1.019369,0.175049,0.695022,1.349999,0.000488,0.000702,131652.549928,58652.230365,1.000084
"theta[codestral-2501, axis1]",-1.242093,0.16316,-1.544733,-0.931275,0.000457,0.000622,127248.458211,61915.935533,1.000165
"theta[davinci, axis1]",-2.544172,0.206796,-2.938215,-2.161449,0.000733,0.000678,80558.585072,58214.925245,1.000113
"theta[dbrx-instruct, axis1]",-1.324549,0.13087,-1.576088,-1.08704,0.000402,0.000526,110121.797572,55990.052663,1.000079
"theta[deepseek-chat, axis1]",-0.160683,0.105388,-0.356359,0.04154,0.000305,0.000388,119933.883057,62825.126695,1.000075
"theta[deepseek-coder-1.3b-base, axis1]",-2.889034,0.205146,-3.285942,-2.513416,0.000683,0.000779,91301.632562,58787.05961,1.000059
"theta[deepseek-coder-33b-base, axis1]",-2.206628,0.184318,-2.55961,-1.868403,0.000578,0.0007,102314.999595,59981.56728,1.000023
"theta[deepseek-coder-6.7b-base, axis1]",-2.398589,0.186894,-2.746385,-2.041091,0.00057,0.000698,108574.908449,60357.563717,1.000107
"theta[deepseek-llm-67b-chat, axis1]",-1.553355,0.139486,-1.819997,-1.296621,0.000438,0.000544,105348.853945,59477.379952,1.000182
"theta[deepseek-r1-0528-qwen3-8b, axis1]",-2.047672,0.225453,-2.471848,-1.626372,0.000684,0.000899,113913.233,57782.357445,1.000148
"theta[deepseek-reasoner, axis1]",0.528271,0.14209,0.266411,0.800228,0.000409,0.000578,125098.745387,57125.12256,1.000002
"theta[deepseek-v3.2, axis1]",0.246454,0.110657,0.033539,0.449279,0.000328,0.000412,115230.018919,60960.381473,1.000133
"theta[deepseek-v4-flash-0731_high, axis1]",0.560922,0.259738,0.058396,1.039944,0.000708,0.001142,135915.34523,53593.064768,1.000016
"theta[deepseek-v4-flash-0731_max, axis1]",0.991622,0.078577,0.842892,1.138289,0.000246,0.000298,101625.956529,58644.275676,1.000065
"theta[deepseek-v4-flash-0731_unknown, axis1]",0.837298,0.322765,0.224326,1.417086,0.001193,0.001442,81343.323094,52350.600919,1.000021
"theta[deepseek-v4-flash_high, axis1]",0.215224,0.232691,-0.226413,0.651496,0.000653,0.000929,128385.846224,57965.236254,1.000006
"theta[deepseek-v4-flash_max, axis1]",0.512515,0.147902,0.231038,0.786567,0.000407,0.00058,131922.253149,60444.624434,1.00004
"theta[deepseek-v4-pro-0813_max, axis1]",1.124948,0.082897,0.972034,1.285132,0.000273,0.000321,92778.93199,56358.77856,1.000153
"theta[deepseek-v4-pro-0813_unknown, axis1]",1.072069,0.354291,0.392522,1.729812,0.001227,0.002093,95918.136988,47724.388505,0.999979
"theta[deepseek-v4-pro_high, axis1]",0.659596,0.117531,0.443006,0.88388,0.00037,0.000424,101555.879918,62270.468893,1.000028
"theta[deepseek-v4-pro_max, axis1]",0.691817,0.073766,0.549771,0.827961,0.000223,0.000264,109587.431228,64123.2916,1.000218
"theta[deepseek-v4-pro_none, axis1]",0.061167,0.142214,-0.202676,0.333955,0.00039,0.000562,133291.716997,59928.354553,1.000145
"theta[deepseek-v4-pro_unknown, axis1]",0.288209,0.42476,-0.556375,1.013214,0.001693,0.00196,69795.546983,51110.902894,1.000044
"theta[deepseek-v4-pro_xhigh, axis1]",0.124447,0.677326,-1.18439,1.354277,0.002333,0.002654,87229.737754,57748.458066,1.000013
"theta[dolly-v2-12b, axis1]",-2.745219,0.222898,-3.173875,-2.335219,0.000694,0.000858,104137.165671,58183.915691,1.000114
"theta[falcon-11b, axis1]",-1.588858,0.181656,-1.929381,-1.243204,0.00052,0.000747,122754.430972,56990.338062,1.000116
"theta[falcon-180B, axis1]",-1.319568,0.181478,-1.654905,-0.972306,0.000554,0.000769,110230.867854,53635.790596,1.00018
"theta[falcon-40b, axis1]",-1.827437,0.167057,-2.146877,-1.516537,0.000511,0.000649,107268.350361,59480.130137,1.000086
"theta[falcon-7b, axis1]",-2.519714,0.18241,-2.866894,-2.183562,0.000582,0.000677,99529.401881,62162.455558,1.000032
"theta[gemini-1.0-pro-001, axis1]",-1.382891,0.070282,-1.517934,-1.253501,0.000266,0.000242,70166.562284,50137.134652,1.000106
"theta[gemini-1.5-flash-001, axis1]",-0.891202,0.061645,-1.005965,-0.774471,0.000213,0.000216,83715.073378,63574.978767,0.999985
"theta[gemini-1.5-flash-002, axis1]",-0.713092,0.080897,-0.863821,-0.559385,0.000242,0.000309,112194.97758,61045.810243,1.000063
"theta[gemini-1.5-flash-8b-001, axis1]",-1.192891,0.109097,-1.399643,-0.989528,0.000335,0.00042,106502.613687,59425.426653,1.000012
"theta[gemini-1.5-pro-001, axis1]",-0.666942,0.059536,-0.777583,-0.553721,0.000197,0.000213,91290.569536,63773.672797,1.000139
"theta[gemini-1.5-pro-001-feb24, axis1]",-0.640379,0.186291,-0.991962,-0.292813,0.000519,0.000695,129880.73253,62039.318049,1.000008
"theta[gemini-1.5-pro-002, axis1]",-0.545287,0.072651,-0.681815,-0.408314,0.000231,0.000257,98950.148106,62755.348495,1.000081
"theta[gemini-2.0-flash-001, axis1]",-0.357524,0.071333,-0.493607,-0.224554,0.000217,0.000264,107988.408056,61773.637919,0.999996
"theta[gemini-2.0-flash-exp, axis1]",-0.57147,0.154202,-0.865345,-0.284392,0.000436,0.000587,125085.816985,62283.173476,1.000054
"theta[gemini-2.0-flash-lite, axis1]",-0.890889,0.183928,-1.249226,-0.553489,0.00053,0.000711,120804.094644,60674.451211,1.000001
"theta[gemini-2.0-flash-thinking-exp-01-21, axis1]",-0.392017,0.103055,-0.587659,-0.19992,0.0003,0.000391,118887.779981,61418.999797,1.000039
"theta[gemini-2.0-pro-exp-02-05, axis1]",-0.256242,0.09028,-0.423827,-0.084126,0.000258,0.000352,123406.345833,59270.490752,0.999989
"theta[gemini-2.5-flash, axis1]",-0.126713,0.105584,-0.327541,0.069206,0.000318,0.000378,111262.095681,59346.817911,0.999982
"theta[gemini-2.5-flash-lite-preview-06-17_16K, axis1]",-0.130252,0.266042,-0.635378,0.366271,0.000745,0.001086,130688.971801,58149.926719,1.000091
"theta[gemini-2.5-flash-lite-preview-06-17_thinking, axis1]",-0.457546,0.147904,-0.738061,-0.180522,0.000429,0.000566,119847.849468,52084.975248,1.000035
"theta[gemini-2.5-flash-preview-04-17, axis1]",0.067942,0.130315,-0.180401,0.310404,0.000374,0.000497,121355.329945,61537.535868,1.000056
"theta[gemini-2.5-flash-preview-04-17_16K, axis1]",0.058162,0.261622,-0.438528,0.548837,0.000728,0.001101,130308.412182,56886.364519,1.000301
"theta[gemini-2.5-flash-preview-04-17_24K, axis1]",-0.061556,0.56947,-1.134122,1.024029,0.001745,0.002422,109223.985293,53307.740413,1.000162
"theta[gemini-2.5-flash-preview-05-20, axis1]",0.064089,0.110463,-0.147708,0.26788,0.000313,0.000427,124423.959676,60732.31996,1.00023
"theta[gemini-2.5-flash-preview-05-20_16K, axis1]",0.057946,0.261176,-0.441387,0.545471,0.000725,0.001143,131207.12704,56166.244425,1.000307
"theta[gemini-2.5-flash-preview-05-20_24K, axis1]",0.028091,0.249703,-0.44284,0.500341,0.000756,0.001191,112876.720425,57799.717512,1.000031
"theta[gemini-2.5-flash-preview-09-2025, axis1]",-0.034751,0.162718,-0.347806,0.26193,0.000592,0.000798,81516.674444,53882.116005,1.000014
"theta[gemini-2.5-flash-preview-09-2025_16k, axis1]",0.087063,0.262136,-0.409039,0.581255,0.000728,0.001116,131374.123065,55764.549379,1.000029
"theta[gemini-2.5-pro, axis1]",0.271012,0.065395,0.149187,0.395039,0.000196,0.000235,111401.995792,61416.869872,1.000003
"theta[gemini-2.5-pro-exp-03-25, axis1]",0.429741,0.091802,0.257416,0.601829,0.000267,0.000339,117929.423798,62421.602191,1.000071
"theta[gemini-2.5-pro-preview-05-06, axis1]",0.18256,0.099149,-0.009327,0.363135,0.000321,0.000333,95487.660528,65002.233107,1.000191
"theta[gemini-2.5-pro-preview-06-05, axis1]",0.485922,0.0714,0.351607,0.620998,0.000219,0.000251,106734.586735,65356.971241,1.000077
"theta[gemini-2.5-pro-preview-06-05_32K, axis1]",0.668309,0.309875,0.117685,1.256049,0.001062,0.001544,103469.697166,51819.038097,1.000093
"theta[gemini-2.5-pro_16K, axis1]",0.464394,0.256517,-0.022392,0.952665,0.000695,0.001098,136232.483377,57626.549084,1.000044
"theta[gemini-3-flash-preview, axis1]",0.766709,0.069986,0.633182,0.89614,0.000209,0.000257,112396.256302,62459.528664,0.999967
"theta[gemini-3-flash-preview_high, axis1]",0.918551,0.120502,0.695481,1.148602,0.000343,0.000463,124007.948414,59748.565402,1.000028
"theta[gemini-3-flash-preview_low, axis1]",0.852522,0.396361,0.120745,1.599154,0.001192,0.00176,118912.50889,55238.107753,1.00018
"theta[gemini-3-flash-preview_minimal, axis1]",0.790292,0.401378,-0.000539,1.508053,0.001203,0.001742,119235.700414,54264.07465,1.000076
"theta[gemini-3-flash-preview_unknown, axis1]",-0.433508,0.484841,-1.36265,0.430202,0.001959,0.001908,65156.039506,51443.69846,1.00011
"theta[gemini-3-pro-preview, axis1]",0.993744,0.058982,0.882112,1.103736,0.000197,0.000205,89261.44243,56651.880413,1.000024
"theta[gemini-3-pro-preview_high, axis1]",0.156355,0.443211,-0.693814,0.967635,0.001537,0.002048,90319.784952,55524.492588,1.000163
"theta[gemini-3-pro-preview_low, axis1]",0.286463,0.702885,-1.055601,1.610073,0.002181,0.002848,105118.11466,59461.6725,1.000163
"theta[gemini-3.1-flash-lite, axis1]",0.16178,0.0902,-0.008633,0.330014,0.00026,0.00034,120397.60933,62762.503325,1.000133
"theta[gemini-3.1-flash-lite_high, axis1]",0.39871,0.097567,0.213953,0.580977,0.000267,0.000384,133356.733208,59810.363293,1.000112
"theta[gemini-3.1-flash-lite_low, axis1]",0.127913,0.126871,-0.110134,0.36539,0.000348,0.000498,132877.464736,59561.072799,1.000152
"theta[gemini-3.1-flash-lite_minimal, axis1]",0.104301,0.128704,-0.136726,0.346556,0.000355,0.000501,131677.622595,58928.066921,1.000029
"theta[gemini-3.1-pro-preview, axis1]",1.180519,0.056186,1.074132,1.28469,0.000216,0.000179,67329.727134,56439.614791,1.000031
"theta[gemini-3.1-pro-preview_high, axis1]",1.196521,0.109387,0.993827,1.404407,0.000348,0.00039,98769.619843,62250.76948,1.000175
"theta[gemini-3.1-pro-preview_low, axis1]",0.760947,0.426713,-0.049983,1.552673,0.001308,0.001845,114698.204632,55576.614547,1.000112
"theta[gemini-3.1-pro-preview_medium, axis1]",1.001985,0.445707,0.13746,1.802662,0.001424,0.002114,109204.190453,52626.235023,1.00005
"theta[gemini-3.1-pro-preview_unknown, axis1]",0.306741,0.325382,-0.306258,0.901859,0.001329,0.001568,69944.081903,47214.275323,1.000097
"theta[gemini-3.5-flash, axis1]",0.786603,0.312163,0.230909,1.392129,0.000985,0.001238,108803.150274,56730.948206,1.000161
"theta[gemini-3.5-flash-lite, axis1]",0.082019,0.174238,-0.25048,0.403839,0.000492,0.000653,125261.025158,60739.451899,0.999997
"theta[gemini-3.5-flash-lite_high, axis1]",0.310592,0.080744,0.156327,0.460188,0.000232,0.000308,120828.318916,61166.645146,1.000147
"theta[gemini-3.5-flash-lite_low, axis1]",0.242803,0.157277,-0.048439,0.542134,0.000427,0.000634,138370.113844,58346.996023,1.000026
"theta[gemini-3.5-flash-lite_minimal, axis1]",0.134114,0.152417,-0.151415,0.422511,0.000417,0.000618,134749.01499,57447.212307,1.000096
"theta[gemini-3.5-flash_high, axis1]",1.103215,0.067924,0.977529,1.233845,0.000236,0.000235,82791.796576,62634.389738,1.000127
"theta[gemini-3.5-flash_low, axis1]",1.012903,0.195071,0.655693,1.38748,0.000545,0.000747,131190.400153,59585.856596,1.000098
"theta[gemini-3.5-flash_medium, axis1]",0.68292,0.210397,0.289115,1.082055,0.000646,0.000879,107843.716946,57866.276712,1.000132
"theta[gemini-3.5-flash_minimal, axis1]",0.805752,0.213138,0.413507,1.212378,0.000617,0.000851,126411.786565,58519.233253,1.000035
"theta[gemini-3.5-flash_unknown, axis1]",0.771142,0.399013,0.00937,1.504261,0.001294,0.001757,103090.655373,55319.553177,1.000193
"theta[gemini-3.6-flash, axis1]",0.628684,0.289843,0.104648,1.180651,0.000887,0.00119,116329.214439,59095.98967,1.000104
"theta[gemini-3.6-flash_high, axis1]",1.024069,0.073946,0.886265,1.163532,0.000234,0.000271,99525.391462,61203.77579,1.000169
"theta[gemini-3.6-flash_low, axis1]",0.82418,0.190323,0.475481,1.18829,0.000537,0.000747,128337.861488,58238.830607,1.00008
"theta[gemini-3.6-flash_minimal, axis1]",0.762263,0.18506,0.41116,1.104737,0.000521,0.000722,129878.313379,56698.429958,1.000113
"theta[gemini-3.6-flash_unknown, axis1]",0.975866,0.219043,0.556878,1.383315,0.00067,0.000975,111601.963222,54673.47929,1.000035
"theta[gemini-3.7-flash, axis1]",0.903119,0.3244,0.316495,1.52824,0.001034,0.00137,112776.468861,49830.988175,1.000032
"theta[gemini-3.7-flash_high, axis1]",1.28616,0.075758,1.142443,1.426661,0.000269,0.000269,79516.574191,59648.237733,1.000135
"theta[gemini-3.7-flash_low, axis1]",0.814589,0.269813,0.303127,1.299908,0.000904,0.001235,102471.943614,51707.378009,1.000115
"theta[gemini-3.7-flash_medium, axis1]",1.198566,0.195546,0.828967,1.561577,0.000593,0.000797,113548.303321,57402.715324,1.000085
"theta[gemini-3.7-flash_unknown, axis1]",1.318528,0.198627,0.940832,1.693877,0.00061,0.000811,106714.545355,60153.118327,1.000084
"theta[gemini-3.8-flash_high, axis1]",1.461991,0.209254,1.069183,1.854994,0.000632,0.000881,115023.065903,58171.074391,1.000109
"theta[gemini-3.8-flash_low, axis1]",0.305345,0.477853,-0.601213,1.125357,0.001846,0.002295,87657.646639,45674.971726,1.000035
"theta[gemini-3.8-flash_medium, axis1]",1.255998,0.222374,0.830171,1.660807,0.000694,0.000968,110046.479123,54085.327912,1.000087
"theta[gemini-3.8-flash_unknown, axis1]",1.03558,0.362015,0.347581,1.700472,0.001274,0.002211,95896.507692,48414.980704,1.00011
"theta[gemma-2-27b, axis1]",-1.25943,0.197184,-1.636392,-0.895187,0.000562,0.000782,123412.590041,57749.093067,1.00007
"theta[gemma-2-27b-it, axis1]",-1.093823,0.101396,-1.283962,-0.9022,0.000317,0.000404,104144.47889,54336.733377,1.000076
"theta[gemma-2-9b-it, axis1]",-1.286528,0.110288,-1.493473,-1.079684,0.000343,0.000437,105420.1176,59588.282558,1.000113
"theta[gemma-2b, axis1]",-2.302508,0.176817,-2.644005,-1.981053,0.000562,0.000661,100166.197076,59170.941508,1.000042
"theta[gemma-3-12b-it, axis1]",-1.080131,0.1018,-1.274986,-0.893152,0.000317,0.000378,103690.862339,50971.123252,1.000048
"theta[gemma-3-1b-it, axis1]",-1.636345,0.186222,-1.985355,-1.289561,0.000565,0.000736,112560.605197,56575.218925,1.000023
"theta[gemma-3-27b-it, axis1]",-0.697516,0.07823,-0.844021,-0.55013,0.000245,0.000276,102382.145406,62934.279431,1.000032
"theta[gemma-3-4b-it, axis1]",-1.515172,0.110108,-1.725763,-1.312853,0.000353,0.000404,97448.495257,61992.613707,0.999986
"theta[gemma-4-26b-a4b, axis1]",-0.073155,0.141658,-0.339354,0.192187,0.000388,0.000555,133634.797742,59228.493408,1.000203
"theta[gemma-4-26b-a4b_minimal, axis1]",0.223347,0.151158,-0.059056,0.510727,0.000406,0.000613,139554.316399,60890.981417,1.000068
"theta[gemma-4-31b-it, axis1]",0.405261,0.125053,0.172609,0.643708,0.000345,0.000478,131235.592308,61811.735623,1.000113
"theta[gemma-4-31b-it_minimal, axis1]",0.202541,0.148216,-0.071812,0.484762,0.000406,0.000592,135316.012355,59252.329249,1.000253
"theta[gemma-4-31b-it_none, axis1]",-0.032637,0.326413,-0.660822,0.546768,0.001224,0.001668,80960.736243,51583.036861,1.000025
"theta[gemma-7b, axis1]",-1.42937,0.175765,-1.762212,-1.098109,0.000541,0.000695,107471.023521,57764.136312,1.000077
"theta[glm-4.5, axis1]",-0.223693,0.156833,-0.520924,0.063983,0.00048,0.000633,113785.257779,57755.465215,1.000033
"theta[glm-4.5_thinking, axis1]",0.047234,0.26253,-0.460454,0.529392,0.000716,0.001136,135582.154093,56317.321561,1.000207
"theta[glm-4.6, axis1]",-0.106438,0.183546,-0.465035,0.216917,0.000599,0.000803,103336.451789,55536.389986,0.999974
"theta[glm-4.7, axis1]",0.315084,0.090393,0.143363,0.483527,0.000256,0.000342,124436.974992,63060.004961,1.000133
"theta[glm-4.7-flash, axis1]",-0.324095,0.141827,-0.594214,-0.060564,0.000381,0.000573,138350.30866,59781.591243,1.000228
"theta[glm-4.7-flash_none, axis1]",-0.789265,0.152834,-1.075253,-0.500094,0.000424,0.000613,131447.842046,58275.254381,1.000087
"theta[glm-4.7_high, axis1]",0.209583,0.545902,-0.850112,1.190437,0.001964,0.002327,84620.775755,55727.180797,1.000065
"theta[glm-5, axis1]",0.575379,0.099033,0.389945,0.764186,0.000287,0.00039,119499.640072,59826.084279,1.0001
"theta[glm-5.1, axis1]",0.694409,0.088579,0.529115,0.861405,0.000257,0.000336,118845.295432,61519.470221,1.000099
"theta[glm-5.1_none, axis1]",0.270676,0.195801,-0.094911,0.63335,0.000618,0.000939,113520.727115,54183.60216,1.000119
"theta[glm-5.2_high, axis1]",0.747702,0.173768,0.4211,1.077072,0.000495,0.000707,124369.667567,59082.59304,1.000079
"theta[glm-5.2_low, axis1]",0.773522,0.120199,0.545303,0.997636,0.00034,0.000471,125324.080407,57111.833157,1.00017
"theta[glm-5.2_max, axis1]",1.060548,0.075903,0.916107,1.202894,0.000257,0.000269,87280.341977,61190.630148,1.000034
"theta[glm-5.2_medium, axis1]",0.238247,0.515589,-0.739719,1.159781,0.001634,0.002236,114391.24899,55557.400135,1.000043
"theta[glm-5.2_minimal, axis1]",0.391118,0.503773,-0.577328,1.295458,0.001643,0.002223,108541.563808,51685.478089,1.00013
"theta[glm-5.2_none, axis1]",0.25151,0.142274,-0.020717,0.512643,0.000459,0.000489,96629.694452,65410.619487,1.000143
"theta[glm-5.2_unknown, axis1]",1.233044,0.181853,0.888421,1.57481,0.000555,0.00072,107943.054211,59712.51834,1.000073
"theta[glm-5.2_xhigh, axis1]",0.408923,0.672795,-0.910927,1.632027,0.00241,0.002746,81478.540116,58023.820692,1.000121
"theta[glm-5.3-flash_max, axis1]",0.823114,0.082793,0.663822,0.975759,0.000255,0.000308,105669.141338,62065.685496,1.000249
"theta[glm-5.3-flash_unknown, axis1]",1.143835,0.329277,0.512562,1.703622,0.001286,0.001951,86265.642933,45506.748608,1.000093
"theta[glm-5.3_max, axis1]",1.169094,0.081335,1.015216,1.321386,0.000303,0.000279,71784.941937,63032.862403,1.000078
"theta[glm-5_unknown, axis1]",0.380561,0.182964,0.049467,0.732673,0.000597,0.000759,96943.510305,60419.331362,1.000084
"theta[gpt-3.5-turbo-0125, axis1]",-1.401389,0.078642,-1.549476,-1.253825,0.000289,0.00028,74538.466559,60787.317462,1.000091
"theta[gpt-3.5-turbo-0613, axis1]",-1.514668,0.145743,-1.785549,-1.237442,0.000448,0.000513,106072.511692,62112.186972,1.000034
"theta[gpt-3.5-turbo-1106, axis1]",-1.289048,0.101243,-1.479098,-1.098502,0.000318,0.000388,101463.984198,59274.229213,1.000166
"theta[gpt-4-0125-preview, axis1]",-0.919594,0.101406,-1.116191,-0.733447,0.000303,0.000384,112658.967053,58865.292943,1.000194
"theta[gpt-4-0314, axis1]",-0.917232,0.099263,-1.100559,-0.726293,0.0003,0.000376,109736.77632,61060.688513,1.000115
"theta[gpt-4-0613, axis1]",-1.040984,0.060269,-1.155818,-0.92838,0.000216,0.000204,77730.624134,62302.411964,1.000043
"theta[gpt-4-1106-preview, axis1]",-0.949173,0.103996,-1.144202,-0.752234,0.000316,0.000406,109627.136387,60918.219409,1.000152
"theta[gpt-4-turbo, axis1]",-0.87095,0.122444,-1.103388,-0.642991,0.000368,0.000431,110524.619467,64158.448513,1.000085
"theta[gpt-4-turbo-2024-04-09, axis1]",-0.79638,0.057062,-0.903704,-0.689154,0.000194,0.000196,86238.344371,63373.062902,0.999967
"theta[gpt-4.1-2025-04-14, axis1]",-0.138516,0.060725,-0.25485,-0.026249,0.00018,0.000223,114201.810999,61706.911041,1.000185
"theta[gpt-4.1-mini-2025-04-14, axis1]",-0.276039,0.074766,-0.416861,-0.135972,0.000226,0.000267,109468.999289,63282.958717,1.000133
"theta[gpt-4.1-nano-2025-04-14, axis1]",-0.763683,0.084655,-0.921259,-0.604095,0.000274,0.000293,96462.053157,64912.305861,1.000042
"theta[gpt-4.5-preview-2025-02-27, axis1]",-0.225839,0.058353,-0.334899,-0.115988,0.000178,0.000204,107560.717603,64960.099039,1.000133
"theta[gpt-4o-2024-05-13, axis1]",-0.588532,0.053186,-0.688837,-0.489049,0.000177,0.000181,89972.728661,63038.277941,1.000059
"theta[gpt-4o-2024-08-06, axis1]",-0.681326,0.069482,-0.811362,-0.551237,0.00022,0.000254,100011.134376,62606.500513,1.000021
"theta[gpt-4o-2024-11-20, axis1]",-0.671285,0.070625,-0.80718,-0.540783,0.000216,0.000265,107400.488188,61856.328828,1.000111
"theta[gpt-4o-2025-01-29, axis1]",-0.298725,0.204312,-0.680733,0.086198,0.000657,0.000811,98657.708027,58575.900488,1.000065
"theta[gpt-4o-mini-2024-07-18, axis1]",-0.901596,0.07088,-1.034575,-0.767955,0.000232,0.000256,93804.282038,61231.695972,1.000044
"theta[gpt-5-2025-08-07, axis1]",0.238816,0.172637,-0.088095,0.56252,0.000481,0.000678,130105.341733,59857.418096,0.999988
"theta[gpt-5-2025-08-07_high, axis1]",0.808001,0.064781,0.685468,0.929092,0.000207,0.000236,98198.367511,61224.675338,1.000062
"theta[gpt-5-2025-08-07_low, axis1]",0.597512,0.127672,0.356661,0.837163,0.000353,0.000503,130847.488728,60182.78226,1.000021
"theta[gpt-5-2025-08-07_medium, axis1]",0.666506,0.092116,0.494639,0.839317,0.000268,0.000349,119430.137984,61252.472177,1.000014
"theta[gpt-5-2025-08-07_minimal, axis1]",0.039285,0.109082,-0.167815,0.242384,0.000294,0.000428,137505.887008,58908.753659,1.000145
"theta[gpt-5-2025-08-07_thinking, axis1]",0.768112,0.180718,0.418369,1.100466,0.000624,0.00091,88782.505782,53004.476063,1.00015
"theta[gpt-5-2025-08-07_unknown, axis1]",0.686608,0.061665,0.569292,0.801292,0.000288,0.000198,46487.254296,49312.966309,1.000145
"theta[gpt-5-codex, axis1]",0.453951,0.14376,0.183266,0.725909,0.000424,0.00069,120121.163202,51534.029086,1.000118
"theta[gpt-5-codex_high, axis1]",0.612801,0.203874,0.227075,0.996883,0.000573,0.000805,127324.055666,59319.437255,0.999961
"theta[gpt-5-mini-2025-08-07_high, axis1]",0.451683,0.084589,0.293934,0.611919,0.000258,0.000306,107326.1657,59389.42713,1.000033
"theta[gpt-5-mini-2025-08-07_low, axis1]",0.117271,0.19491,-0.252035,0.471746,0.000625,0.000889,109308.085314,52964.473404,1.000066
"theta[gpt-5-mini-2025-08-07_medium, axis1]",0.172717,0.094489,-0.002707,0.353258,0.000266,0.000363,126995.545215,61388.660737,1.000049
"theta[gpt-5-mini-2025-08-07_minimal, axis1]",-0.099411,0.114097,-0.312232,0.115384,0.000313,0.000449,133046.51462,59256.001012,1.000039
"theta[gpt-5-mini-2025-08-07_thinking, axis1]",0.514536,0.473223,-0.383545,1.418353,0.001448,0.001989,107991.647052,59040.568478,1.000032
"theta[gpt-5-mini-2025-08-07_unknown, axis1]",0.25037,0.097008,0.066293,0.431453,0.000293,0.000351,109904.777199,61715.085541,1.000068
"theta[gpt-5-nano-2025-08-07_high, axis1]",-0.042463,0.085467,-0.199781,0.121317,0.000251,0.000321,116062.274415,62170.909541,1.000058
"theta[gpt-5-nano-2025-08-07_low, axis1]",-0.34039,0.116227,-0.560581,-0.123126,0.00032,0.000463,133139.84632,57493.467346,0.999981
"theta[gpt-5-nano-2025-08-07_medium, axis1]",-0.096428,0.090834,-0.265117,0.077275,0.000281,0.000332,105268.42938,60360.407483,1.00003
"theta[gpt-5-nano-2025-08-07_minimal, axis1]",-0.661108,0.133726,-0.912917,-0.410579,0.00037,0.000535,132753.294506,57644.729193,1.00014
"theta[gpt-5-nano-2025-08-07_unknown, axis1]",-0.1275,0.223239,-0.557506,0.266746,0.000786,0.001104,94210.402809,49627.359707,1.000199
"theta[gpt-5-pro-2025-10-06_high, axis1]",0.877338,0.102956,0.683643,1.071202,0.000308,0.000415,113587.708247,56777.08254,1.000168
"theta[gpt-5-pro-2025-10-06_unknown, axis1]",1.109898,0.099282,0.92134,1.29454,0.000319,0.000353,97092.517224,64263.840647,1.000034
"theta[gpt-5.1-2025-11-13, axis1]",0.239751,0.662673,-1.037532,1.458691,0.001869,0.002837,129441.164595,53785.657318,1.000191
"theta[gpt-5.1-2025-11-13_high, axis1]",0.790534,0.092903,0.615093,0.964079,0.00028,0.000342,110337.122067,63690.990576,1.000101
"theta[gpt-5.1-2025-11-13_low, axis1]",0.286149,0.225741,-0.131664,0.718939,0.000619,0.000932,133325.712651,58035.447594,1.000079
"theta[gpt-5.1-2025-11-13_medium, axis1]",0.561217,0.119327,0.335396,0.783935,0.000338,0.000471,126072.785548,59799.269469,1.000058
"theta[gpt-5.1-2025-11-13_none, axis1]",-0.151859,0.094416,-0.332383,0.022151,0.000267,0.000361,125715.389826,61037.221215,1.000137
"theta[gpt-5.1-2025-11-13_thinking, axis1]",0.749908,0.132047,0.50247,1.001597,0.000387,0.000523,116694.047862,61717.108266,0.999975
"theta[gpt-5.1-2025-11-13_unknown, axis1]",0.633105,0.092818,0.458732,0.807621,0.000277,0.00034,112249.521286,61655.504001,1.000045
"theta[gpt-5.1-codex, axis1]",0.745285,0.152114,0.456907,1.031773,0.000437,0.000622,121560.757955,60183.688516,1.00011
"theta[gpt-5.1-codex-max, axis1]",0.701102,0.09959,0.516277,0.891003,0.000304,0.000359,107442.586715,63118.766203,1.000075
"theta[gpt-5.2-2025-12-11_high, axis1]",0.972804,0.109968,0.769351,1.183935,0.000318,0.000406,119529.66684,63488.693473,1.000001
"theta[gpt-5.2-2025-12-11_low, axis1]",0.427393,0.127572,0.189732,0.668711,0.000345,0.000501,137494.733227,59643.908101,1.000159
"theta[gpt-5.2-2025-12-11_medium, axis1]",0.866182,0.107764,0.666705,1.072962,0.000312,0.000418,119730.040402,61360.575805,1.00001
"theta[gpt-5.2-2025-12-11_none, axis1]",0.200908,0.130836,-0.043644,0.44877,0.000379,0.000494,119369.854605,60515.493883,1.00011
"theta[gpt-5.2-2025-12-11_unknown, axis1]",0.737815,0.079406,0.587411,0.886318,0.000247,0.000292,103287.624287,62512.139252,1.000127
"theta[gpt-5.2-2025-12-11_xhigh, axis1]",1.071358,0.073875,0.934436,1.21321,0.000241,0.000271,94286.570476,62762.970087,1.000073
"theta[gpt-5.2-codex, axis1]",0.90472,0.077516,0.755401,1.047604,0.000416,0.000336,36503.069594,36385.775669,1.000333
"theta[gpt-5.2-pro-2025-12-11, axis1]",0.36949,0.703995,-0.945686,1.711327,0.002065,0.002866,116878.374591,57832.923753,1.000213
"theta[gpt-5.2-pro-2025-12-11_xhigh, axis1]",1.278275,0.101343,1.089555,1.472732,0.000315,0.000403,103885.942672,60939.90436,1.00008
"theta[gpt-5.3-codex, axis1]",1.135987,0.072325,1.001243,1.273141,0.000279,0.00024,67163.366825,62943.968189,1.000065
"theta[gpt-5.3-codex_xhigh, axis1]",1.168937,0.212412,0.767996,1.570124,0.000616,0.00087,121141.133152,60037.314833,1.000107
"theta[gpt-5.4-2026-03-05, axis1]",1.130448,0.10973,0.926399,1.33434,0.000756,0.000864,24962.000015,17572.25905,1.000566
"theta[gpt-5.4-2026-03-05_high, axis1]",1.073341,0.10663,0.866152,1.269456,0.00034,0.000381,98324.322843,62396.345268,1.000065
"theta[gpt-5.4-2026-03-05_low, axis1]",0.55295,0.156528,0.269139,0.855289,0.000444,0.000596,126029.008419,59880.237459,1.000197
"theta[gpt-5.4-2026-03-05_medium, axis1]",1.030702,0.184119,0.69275,1.38372,0.000516,0.000725,130123.739094,56609.261353,1.000098
"theta[gpt-5.4-2026-03-05_none, axis1]",0.238439,0.132432,-0.01026,0.488234,0.000366,0.000532,132125.009395,57116.051243,1.000146
"theta[gpt-5.4-2026-03-05_unknown, axis1]",1.214243,0.080391,1.06355,1.365289,0.000408,0.000265,38656.413651,45046.107145,1.000202
"theta[gpt-5.4-2026-03-05_xhigh, axis1]",1.252342,0.057979,1.143611,1.360859,0.000228,0.000192,64385.032892,53835.487515,1.000061
"theta[gpt-5.4-mini-2026-03-17_high, axis1]",0.612807,0.140208,0.347043,0.871705,0.000384,0.000553,135000.238023,59655.055521,1.000195
"theta[gpt-5.4-mini-2026-03-17_low, axis1]",0.154788,0.203612,-0.224873,0.526711,0.000707,0.000973,96815.23931,51998.37613,1.000051
"theta[gpt-5.4-mini-2026-03-17_medium, axis1]",-0.274108,0.542292,-1.303677,0.703829,0.00169,0.002165,116163.885688,57467.681219,1.000036
"theta[gpt-5.4-mini-2026-03-17_none, axis1]",-0.167958,0.116572,-0.382415,0.056091,0.000334,0.00044,122375.484608,60790.902198,1.000142
"theta[gpt-5.4-mini-2026-03-17_unknown, axis1]",0.885355,0.241432,0.426665,1.33362,0.000718,0.001029,120381.328098,57178.253788,1.000068
"theta[gpt-5.4-mini-2026-03-17_xhigh, axis1]",0.72388,0.08272,0.568951,0.880558,0.000242,0.000317,117018.086797,60388.107698,1.000069
"theta[gpt-5.4-nano-2026-03-17_high, axis1]",0.527132,0.098107,0.342806,0.71076,0.000309,0.000378,101886.885896,56309.05069,1.000033
"theta[gpt-5.4-nano-2026-03-17_low, axis1]",0.121365,0.118831,-0.104002,0.342237,0.000322,0.000471,136213.343128,59801.825148,1.000096
"theta[gpt-5.4-nano-2026-03-17_medium, axis1]",-0.358246,0.545794,-1.400913,0.62198,0.001698,0.002143,116722.078235,57201.032781,1.000117
"theta[gpt-5.4-nano-2026-03-17_none, axis1]",-0.342697,0.115948,-0.563416,-0.127363,0.000325,0.000471,128557.210128,56891.751831,1.000107
"theta[gpt-5.4-nano-2026-03-17_unknown, axis1]",0.539183,0.332292,-0.091405,1.134857,0.00115,0.00163,100476.533106,51102.9281,1.000038
"theta[gpt-5.4-nano-2026-03-17_xhigh, axis1]",0.566396,0.190254,0.205025,0.919228,0.00052,0.000722,134004.35944,59384.071494,1.000339
"theta[gpt-5.4-pro-2026-03-05_none, axis1]",0.572167,0.256871,0.084112,1.055555,0.000697,0.001091,135485.125231,58737.233483,1.000105
"theta[gpt-5.4-pro-2026-03-05_unknown, axis1]",1.25048,0.099236,1.064753,1.438977,0.00032,0.000357,96202.418896,64374.736295,0.999999
"theta[gpt-5.4-pro-2026-03-05_xhigh, axis1]",1.520531,0.099984,1.338211,1.713405,0.000356,0.000377,80376.009809,56442.348365,1.000116
"theta[gpt-5.5, axis1]",1.869062,0.202574,1.498763,2.264339,0.000709,0.000856,83775.47021,58971.914572,1.000031
"theta[gpt-5.5-instant, axis1]",0.290065,0.099755,0.097255,0.470771,0.000277,0.000386,131240.110386,58794.080582,1.000142
"theta[gpt-5.5-pre-release_xhigh, axis1]",1.55642,0.221157,1.14895,1.976661,0.000659,0.000895,119213.216325,55121.946699,1.00019
"theta[gpt-5.5-pro-pre-release_xhigh, axis1]",1.667729,0.237686,1.22761,2.113961,0.000696,0.000956,121890.249152,55494.751317,1.000108
"theta[gpt-5.5-pro_xhigh, axis1]",1.675914,0.097936,1.491588,1.860461,0.000343,0.000352,82311.673301,59148.743105,1.000033
"theta[gpt-5.5_high, axis1]",1.643623,0.137786,1.389147,1.907403,0.000419,0.000529,107976.005823,60293.39643,0.999966
"theta[gpt-5.5_low, axis1]",0.851029,0.143997,0.581746,1.122617,0.000399,0.000557,130018.917681,60923.865926,1.000016
"theta[gpt-5.5_medium, axis1]",1.318714,0.150213,1.026434,1.596056,0.00051,0.000591,88020.243605,58197.442621,1.00028
"theta[gpt-5.5_none, axis1]",0.384431,0.129803,0.14202,0.628712,0.000364,0.000497,127455.116057,59815.89795,1.000098
"theta[gpt-5.5_unknown, axis1]",1.663918,0.095911,1.484597,1.84518,0.00039,0.000296,60421.201898,63644.17347,1.000064
"theta[gpt-5.5_xhigh, axis1]",1.528827,0.070624,1.394736,1.660155,0.000264,0.000238,71313.332773,62593.965835,1.000124
"theta[gpt-5.6-luna, axis1]",0.282,0.247241,-0.168316,0.754681,0.000732,0.000975,120339.724508,57397.69824,1.000218
"theta[gpt-5.6-luna_high, axis1]",0.948026,0.209885,0.551364,1.340449,0.000601,0.000808,122278.184768,60150.672354,1.000227
"theta[gpt-5.6-luna_low, axis1]",0.385974,0.117488,0.161746,0.604266,0.000359,0.000425,107571.560008,62786.710067,1.000055
"theta[gpt-5.6-luna_max, axis1]",1.370465,0.07842,1.219573,1.516126,0.000269,0.000283,85014.808049,59868.875438,1.000046
"theta[gpt-5.6-luna_medium, axis1]",0.592762,0.183322,0.242232,0.931885,0.000618,0.00069,90842.529243,59373.069838,1.000104
"theta[gpt-5.6-luna_none, axis1]",0.023607,0.14441,-0.244261,0.297247,0.000468,0.000501,95566.520249,61057.819773,1.00001
"theta[gpt-5.6-luna_unknown, axis1]",1.418891,0.280855,0.881123,1.942326,0.00083,0.00121,117108.724969,57840.533969,1.000072
"theta[gpt-5.6-luna_xhigh, axis1]",1.383608,0.229151,0.940701,1.794608,0.000704,0.001014,113512.368483,56340.06435,1.000084
"theta[gpt-5.6-sol, axis1]",1.02832,0.309183,0.463377,1.629896,0.000993,0.001115,97275.881643,63269.691875,1.000173
"theta[gpt-5.6-sol_high, axis1]",1.698718,0.126347,1.459806,1.93713,0.000424,0.000473,88795.762074,54430.590976,1.000008
"theta[gpt-5.6-sol_low, axis1]",1.043818,0.148712,0.767655,1.3254,0.000413,0.000556,129615.175064,63018.865067,1.000065
"theta[gpt-5.6-sol_max, axis1]",1.74081,0.075342,1.598314,1.88158,0.000298,0.000244,63872.023439,61293.4394,1.000104
"theta[gpt-5.6-sol_medium, axis1]",1.5823,0.170833,1.262429,1.904308,0.000654,0.000707,70802.730132,50445.172397,1.000146
"theta[gpt-5.6-sol_none, axis1]",0.480845,0.152715,0.190915,0.764356,0.000416,0.000623,136064.5416,59463.239207,1.000078
"theta[gpt-5.6-sol_promax, axis1]",1.72521,0.10162,1.535977,1.917867,0.000349,0.000375,85166.559418,60006.353065,0.999988
"theta[gpt-5.6-sol_unknown, axis1]",2.484738,0.170569,2.161448,2.800987,0.000726,0.000527,55228.071864,61872.962514,1.000031
"theta[gpt-5.6-sol_xhigh, axis1]",1.620484,0.133326,1.368764,1.871159,0.00044,0.000497,92088.289632,60719.628981,1.000038
"theta[gpt-5.6-terra, axis1]",0.435029,0.258882,-0.029287,0.936702,0.000771,0.001048,119760.650562,56456.28712,1.000117
"theta[gpt-5.6-terra_high, axis1]",1.416821,0.18238,1.074078,1.759869,0.000516,0.000724,125086.085098,59815.412013,1.000094
"theta[gpt-5.6-terra_low, axis1]",0.734281,0.143815,0.460363,1.00179,0.000394,0.000549,133523.015407,61511.450055,1.000266
"theta[gpt-5.6-terra_max, axis1]",1.560389,0.085121,1.398124,1.718923,0.000299,0.000321,81206.782806,56435.227835,1.000022
"theta[gpt-5.6-terra_medium, axis1]",0.987278,0.227646,0.55245,1.404471,0.000753,0.000843,94221.122597,58969.105168,1.000111
"theta[gpt-5.6-terra_none, axis1]",0.152746,0.137669,-0.102443,0.413111,0.000379,0.00055,132503.244865,51603.111599,1.000028
"theta[gpt-5.6-terra_unknown, axis1]",1.54858,0.277823,1.021525,2.068498,0.000821,0.001154,116656.330278,56076.130818,1.000066
"theta[gpt-5.6-terra_xhigh, axis1]",1.559841,0.163132,1.248258,1.861966,0.000484,0.00063,113608.563913,60829.595957,0.999993
"theta[gpt-6-astra_high, axis1]",2.009753,0.122082,1.78115,2.239193,0.000442,0.000433,77069.716508,60889.543028,1.000116
"theta[gpt-6-astra_low, axis1]",1.81207,0.118431,1.594564,2.039547,0.000416,0.000434,82054.596974,61304.797824,1.000064
"theta[gpt-6-astra_max, axis1]",2.117518,0.113725,1.910259,2.338315,0.000433,0.000391,69560.582636,59963.182348,1.000068
"theta[gpt-6-astra_medium, axis1]",2.046911,0.127345,1.814184,2.291705,0.000473,0.000444,73408.733759,60928.701395,1.000033
"theta[gpt-6-astra_none, axis1]",1.697476,0.115235,1.486724,1.918486,0.000395,0.000437,85676.064777,58287.259211,1.000015
"theta[gpt-6-astra_unknown, axis1]",1.951695,0.187844,1.606021,2.309527,0.00061,0.000725,96519.320142,60861.457547,1.000118
"theta[gpt-6-astra_xhigh, axis1]",1.998934,0.127339,1.761575,2.240935,0.000455,0.000465,79469.325598,59646.741534,1.000121
"theta[gpt-j-6b, axis1]",-2.785545,0.223118,-3.204107,-2.365171,0.000707,0.000844,100602.913957,61370.548804,1.000172
"theta[gpt-oss-120b, axis1]",-0.171011,0.092093,-0.347486,-0.001236,0.000275,0.000325,112723.920166,65322.89577,1.000052
"theta[gpt-oss-120b_high, axis1]",0.05593,0.092594,-0.117997,0.230144,0.000268,0.000344,119700.352564,61498.11901,1.000168
"theta[gpt-oss-120b_low, axis1]",-0.551931,0.479914,-1.465847,0.285131,0.001567,0.001924,107762.305217,56620.27139,1.000064
"theta[gpt-oss-120b_medium, axis1]",-0.121084,0.234334,-0.57155,0.312536,0.000675,0.000943,125831.680257,58300.587469,1.000167
"theta[gpt-oss-120b_unknown, axis1]",-0.224789,0.234492,-0.67338,0.195449,0.00081,0.001133,95185.336295,51678.346221,1.000216
"theta[gpt-oss-20b, axis1]",-0.74049,0.129053,-0.982402,-0.497328,0.000376,0.000477,118395.911718,62379.508174,1.000099
"theta[gpt-oss-20b_high, axis1]",-0.49347,0.111503,-0.706547,-0.287043,0.000318,0.000422,123167.269504,58715.883399,1.000192
"theta[gpt-oss-20b_low, axis1]",-0.482722,0.149769,-0.766912,-0.204035,0.000411,0.000595,132923.012689,58161.494711,1.000056
"theta[gpt-oss-20b_medium, axis1]",-0.14561,0.132553,-0.394075,0.104744,0.000366,0.000516,130899.254875,60455.183511,1.000072
"theta[gpt-oss-20b_unknown, axis1]",-1.061447,0.352376,-1.716703,-0.42867,0.001266,0.001575,91633.738336,48792.123784,1.000134
"theta[gpt2-xl, axis1]",-3.101655,0.263776,-3.590062,-2.607698,0.000913,0.000886,85675.794735,63878.019998,1.000185
"theta[granite-4.0-1b, axis1]",-1.511641,0.178767,-1.847903,-1.178878,0.00053,0.000718,118077.659457,59139.088295,0.999987
"theta[granite-4.0-350m, axis1]",-2.032116,0.212505,-2.43107,-1.634055,0.000654,0.000869,110814.371175,53726.53939,1.000267
"theta[granite-4.0-h-small, axis1]",-0.952846,0.177267,-1.288246,-0.621102,0.000501,0.000742,126318.750466,58072.608229,1.00005
"theta[granite-4.0-micro, axis1]",-1.344803,0.170474,-1.666552,-1.028854,0.000499,0.000696,119798.006763,58689.929075,1.000146
"theta[grok-2, axis1]",-0.832909,0.082577,-0.990111,-0.679795,0.000258,0.000301,102723.12878,63882.436108,1.000034
"theta[grok-2-1212, axis1]",-0.549331,0.080077,-0.700315,-0.399181,0.000235,0.000303,116276.956997,59545.186663,1.000148
"theta[grok-3, axis1]",-0.169337,0.147412,-0.449216,0.106031,0.000407,0.000578,130962.7382,59777.327558,1.000127
"theta[grok-3-beta, axis1]",-0.058364,0.095731,-0.237229,0.123399,0.000263,0.000379,133217.081354,59968.081586,1.000064
"theta[grok-3-mini, axis1]",-0.0143,0.220194,-0.42905,0.39539,0.000638,0.000886,122600.451273,58922.755356,1.000098
"theta[grok-3-mini-beta_high, axis1]",0.09687,0.107671,-0.101459,0.30254,0.000305,0.000419,125952.186988,58758.108459,1.000111
"theta[grok-3-mini-beta_low, axis1]",0.003678,0.108443,-0.202088,0.204519,0.000324,0.000418,113600.880792,61143.393701,1.000143
"theta[grok-3-mini-beta_medium, axis1]",0.127345,0.36854,-0.546823,0.858489,0.001264,0.001939,92901.142039,51686.393141,1.000074
"theta[grok-3-mini_high, axis1]",0.110057,0.257366,-0.376039,0.590264,0.000701,0.001049,136130.227659,57945.791485,1.000124
"theta[grok-4-0709, axis1]",0.421911,0.072505,0.288153,0.560992,0.000231,0.000252,98950.693405,61871.894557,1.00008
"theta[grok-4-0709_high, axis1]",0.443976,0.253214,-0.014519,0.93182,0.000808,0.001181,106724.093209,55781.610996,1.00006
"theta[grok-4-1, axis1]",0.213834,0.16534,-0.099343,0.525247,0.000482,0.000686,119043.936408,60385.564908,1.000069
"theta[grok-4-1-fast-reasoning, axis1]",0.474833,0.201424,0.092349,0.848443,0.000553,0.000768,132748.925373,62858.001728,1.000071
"theta[grok-4-20, axis1]",0.692349,0.110376,0.483726,0.89935,0.000317,0.000417,121635.606642,61617.623682,0.999998
"theta[grok-4-20_high, axis1]",0.344072,0.543399,-0.744681,1.299115,0.002005,0.002464,81524.860735,52856.594319,1.000014
"theta[grok-4-fast, axis1]",0.129396,0.118057,-0.088938,0.355512,0.000335,0.000458,124307.30298,61559.728124,1.000118
"theta[grok-4-fast_thinking, axis1]",-0.278042,0.665672,-1.563452,0.953995,0.001859,0.002769,131238.099069,56532.764298,1.000169
"theta[grok-4.20-0309-reasoning, axis1]",0.784899,0.092177,0.60894,0.955952,0.000272,0.000358,115120.92945,59564.412252,1.000137
"theta[grok-4.3_high, axis1]",0.747149,0.079196,0.599648,0.896705,0.000235,0.000296,113550.879534,63223.924836,1.000139
"theta[grok-4.3_none, axis1]",-0.556266,0.48307,-1.458576,0.308916,0.001595,0.001913,106155.080902,57619.773015,1.000061
"theta[grok-4.3_unknown, axis1]",0.034707,0.204214,-0.363624,0.400775,0.000598,0.000826,122129.839768,57582.596379,1.000019
"theta[grok-4.5, axis1]",0.709757,0.283594,0.191417,1.255062,0.000862,0.001138,115536.517113,58529.940516,1.000155
"theta[grok-4.5_high, axis1]",1.067714,0.071171,0.935368,1.202352,0.000235,0.000261,92085.133945,61471.423276,1.000034
"theta[grok-4.5_unknown, axis1]",0.987395,0.222648,0.563389,1.395143,0.000747,0.000742,89915.862058,63003.158025,1.000094
"theta[grok-4.6_high, axis1]",1.237592,0.130209,0.994122,1.484476,0.000375,0.000497,120773.058999,60488.304294,1.000019
"theta[grok-4.6_low, axis1]",0.675687,0.294554,0.112381,1.19504,0.000996,0.001393,102188.095937,50996.944643,1.0002
"theta[grok-4.6_medium, axis1]",1.390903,0.216816,0.974204,1.786895,0.000663,0.000903,112850.354136,56281.748837,1.000113
"theta[grok-4.6_unknown, axis1]",1.499902,0.18175,1.168974,1.853883,0.000551,0.000706,108928.344621,60864.768246,1.000041
"theta[grok-4.6_xhigh, axis1]",1.229548,0.076346,1.088166,1.374067,0.000279,0.000273,75054.959637,61435.509042,1.000082
"theta[grok-build-0.1, axis1]",0.745097,0.379493,0.0239,1.393845,0.001396,0.001908,92998.34989,51040.734356,1.000031
"theta[grok-code-fast-1, axis1]",-0.0428,0.163293,-0.3578,0.255628,0.000489,0.000673,116954.925525,56132.03605,1.000038
"theta[inkling-small, axis1]",0.793322,0.167902,0.479508,1.111554,0.000573,0.000635,88269.113242,59567.296532,1.000057
"theta[inkling-small_xhigh, axis1]",0.725586,0.098609,0.538365,0.90971,0.000289,0.000377,116527.515063,59918.674119,1.000131
"theta[internlm-20b, axis1]",-1.103666,0.312351,-1.664289,-0.516184,0.001113,0.001547,91625.211688,51479.433242,1.000125
"theta[internlm-7b, axis1]",-1.869708,0.16867,-2.192236,-1.554795,0.000503,0.000666,112478.42534,59174.41977,1.000333
"theta[internlm-chat-20b, axis1]",-1.941417,0.181201,-2.282679,-1.602406,0.000571,0.000707,100773.240937,60444.126617,1.000139
"theta[kimi-k2-thinking, axis1]",0.187802,0.10727,-0.018096,0.385469,0.000307,0.000405,122364.206858,62037.906498,1.000092
"theta[kimi-k2-thinking-turbo, axis1]",0.600234,0.173896,0.274792,0.925049,0.000488,0.000718,132212.291462,56625.244355,1.000066
"theta[kimi-k2.5, axis1]",0.45372,0.075782,0.310931,0.59556,0.000228,0.000284,110950.629824,60100.575563,1.000074
"theta[kimi-k2.5_high, axis1]",0.512202,0.53123,-0.551532,1.440691,0.002,0.002356,77293.531975,51806.126773,1.000022
"theta[kimi-k2.5_unknown, axis1]",-0.158913,0.462833,-1.053678,0.659955,0.001819,0.001914,69928.332334,51941.96137,1.000049
"theta[kimi-k2.6, axis1]",0.820269,0.071016,0.686233,0.952494,0.000221,0.000262,103121.070704,60413.40249,0.999998
"theta[kimi-k2.6_none, axis1]",0.061812,0.530552,-0.942227,1.020777,0.001724,0.002318,110428.845777,54341.411024,1.000087
"theta[kimi-k2.7-code, axis1]",0.790895,0.07944,0.639437,0.938648,0.000245,0.000293,104913.895971,61493.611217,1.000046
"theta[kimi-k2.7-code_xhigh, axis1]",0.356309,0.670478,-0.986367,1.541986,0.002264,0.002662,90997.197105,57375.404073,1.000146
"theta[kimi-k2p5, axis1]",0.723357,0.167104,0.410298,1.037594,0.00047,0.000682,129707.560098,54391.07943,1.000297
"theta[kimi-k3_high, axis1]",1.006314,0.18896,0.654129,1.362965,0.000531,0.000743,130092.127974,57150.553928,1.000032
"theta[kimi-k3_low, axis1]",0.482833,0.14536,0.212424,0.757954,0.000405,0.000568,129699.401237,59486.327265,1.000085
"theta[kimi-k3_max, axis1]",1.325795,0.074069,1.1884,1.466758,0.000277,0.00026,71783.303714,63039.864826,1.00001
"theta[kimi-k3_unknown, axis1]",1.680719,0.140601,1.422628,1.948146,0.000449,0.000513,99040.769323,60679.052064,1.000115
"theta[laguna-m.1, axis1]",-0.437136,0.293422,-0.98545,0.099235,0.00105,0.001212,86849.935874,55965.073287,1.000095
"theta[magistral-small-2506, axis1]",-0.459826,0.151187,-0.748191,-0.178752,0.000415,0.000616,132986.178763,57037.743512,1.000189
"theta[magistral-small-2509, axis1]",-0.659364,0.128174,-0.897318,-0.41294,0.000351,0.000502,133202.755263,58816.412533,1.000193
"theta[mercury-2, axis1]",0.079178,0.223591,-0.34583,0.495301,0.000632,0.000962,130976.342608,55756.337717,1.000116
"theta[mimo-v2-pro, axis1]",0.140103,0.444813,-0.70778,0.967087,0.001551,0.002014,89033.957907,54057.867562,1.000092
"theta[mimo-v2-pro_high, axis1]",-0.441443,0.583678,-1.597381,0.569828,0.002034,0.002331,86959.638812,57322.141291,1.000043
"theta[mimo-v2.5, axis1]",0.468011,0.296124,-0.095732,0.987815,0.001062,0.001414,96049.525207,50077.011308,1.000013
"theta[mimo-v2.5-pro, axis1]",0.452296,0.160441,0.142082,0.746171,0.000443,0.000633,132016.540917,59369.294179,1.000047
"theta[ministral-3b-2410, axis1]",-1.493602,0.106526,-1.696196,-1.297367,0.000347,0.00039,94817.310551,59159.711166,1.000066
"theta[ministral-8b-2410, axis1]",-1.472572,0.107951,-1.675556,-1.269428,0.000335,0.000397,104662.977898,58105.253594,1.00013
"theta[mistral-large-2402, axis1]",-1.147389,0.066079,-1.272976,-1.024899,0.000234,0.000233,79923.321857,62416.355607,1.000154
"theta[mistral-large-2407, axis1]",-0.740696,0.061857,-0.859488,-0.626674,0.000204,0.000217,91565.436321,62520.165731,1.000131
"theta[mistral-large-2411, axis1]",-0.681965,0.083724,-0.838693,-0.524733,0.000253,0.000317,109871.093449,52982.034584,1.000047
"theta[mistral-large-2512, axis1]",-0.509965,0.179709,-0.853061,-0.17572,0.00049,0.000716,134762.60572,59730.195476,1.000097
"theta[mistral-medium-2505, axis1]",-0.387322,0.0889,-0.553626,-0.220632,0.000251,0.000338,125959.910588,62695.479483,1.000158
"theta[mistral-medium-2508, axis1]",-0.329554,0.147837,-0.610472,-0.054917,0.000408,0.000573,131890.353597,59345.530283,1.000085
"theta[mistral-medium-2604, axis1]",-0.017839,0.134467,-0.275506,0.22949,0.000372,0.000525,131017.726388,60279.678821,1.000057
"theta[mistral-medium-2604_high, axis1]",-0.138637,0.337639,-0.786602,0.462171,0.001284,0.001758,79399.056876,49888.116768,1.000055
"theta[mistral-small-2402, axis1]",-1.135717,0.172905,-1.458132,-0.80729,0.000488,0.000696,125885.721882,58940.288303,1.000193
"theta[mistral-small-2501, axis1]",-0.845839,0.103577,-1.044772,-0.654916,0.000315,0.000411,108808.912093,60117.843863,1.000048
"theta[mistral-small-2503, axis1]",-0.803646,0.093407,-0.97867,-0.626186,0.000278,0.000363,113037.459439,59445.191961,1.000085
"theta[mistral-small-2506, axis1]",-0.708213,0.222409,-1.125365,-0.285511,0.000599,0.000882,137865.763539,58885.369181,1.000032
"theta[mistral-small-2603, axis1]",-0.241334,0.188507,-0.584089,0.124833,0.00052,0.000753,131312.031962,58118.202429,1.000125
"theta[mistral-small-3-2501, axis1]",-0.852684,0.145486,-1.12688,-0.581945,0.000422,0.00059,120569.087367,57072.770246,1.00015
"theta[mistral-small-3.1-2503, axis1]",-0.967543,0.150771,-1.255075,-0.689557,0.000434,0.0006,122617.012376,58268.645285,1.000078
"theta[mistral-small-3.2-2506, axis1]",-0.634888,0.15169,-0.91943,-0.349133,0.000419,0.000613,132255.319293,57777.679798,1.00005
"theta[mpt-30b, axis1]",-2.128372,0.169924,-2.447652,-1.808206,0.000511,0.000662,110834.755252,58771.382426,1.000093
"theta[mpt-7b, axis1]",-2.61534,0.19105,-2.97331,-2.255615,0.000627,0.000709,94912.941568,60069.836068,1.00017
"theta[muse-spark, axis1]",1.015676,0.088937,0.846774,1.181696,0.000296,0.000293,90062.878368,65728.427751,1.000033
"theta[muse-spark-1.1, axis1]",1.388288,0.093116,1.217747,1.568142,0.000325,0.000314,82236.799903,65129.703558,1.000013
"theta[muse-spark-1.1_high, axis1]",1.027581,0.178369,0.700418,1.368482,0.000608,0.000622,87316.600778,61108.353444,1.000135
"theta[muse-spark-1.1_medium, axis1]",0.659819,0.475497,-0.23695,1.526296,0.001578,0.002006,101658.193854,56340.276527,1.00004
"theta[muse-spark-1.1_xhigh, axis1]",1.13859,0.275309,0.627087,1.673216,0.00087,0.001177,103380.504973,56754.089201,1.00008
"theta[muse-spark-1.2, axis1]",0.814169,0.296015,0.24177,1.341374,0.001029,0.00142,96007.796832,50914.499029,1.000088
"theta[muse-spark-1.2_xhigh, axis1]",1.092439,0.1212,0.860733,1.317156,0.000366,0.000453,109931.434875,63324.381158,1.000027
"theta[nemotron-3-super, axis1]",0.052593,0.239997,-0.404004,0.499052,0.000666,0.000974,132594.911102,58991.068466,1.000187
"theta[nemotron-3-ultra, axis1]",0.504186,0.090411,0.338187,0.678613,0.000253,0.00035,127419.589219,59366.769832,1.000183
"theta[nova-2.0-pro-preview_low, axis1]",-0.552637,0.479737,-1.470934,0.284229,0.001558,0.001875,109213.030173,57856.629461,1.000137
"theta[nova-2.0-pro-preview_medium, axis1]",-0.550687,0.480272,-1.471767,0.294013,0.001545,0.001938,113283.720132,53753.489626,1.00018
"theta[nova-2.0-pro-preview_none, axis1]",-1.020945,0.458851,-1.886352,-0.187129,0.001443,0.001733,109465.535881,58831.039863,1.000017
"theta[nova-2.0-pro-preview_unknown, axis1]",-1.256357,0.584069,-2.362503,-0.175483,0.00181,0.002128,108951.966425,61261.797228,0.999968
"theta[o1-2024-12-17, axis1]",0.227417,0.251266,-0.244231,0.699062,0.000763,0.001057,115312.676778,56620.469977,1.000256
"theta[o1-2024-12-17_high, axis1]",0.074064,0.075602,-0.066918,0.216421,0.000213,0.000282,125563.659631,61468.248567,1.000052
"theta[o1-2024-12-17_low, axis1]",-0.035933,0.11493,-0.255496,0.17542,0.000317,0.000451,132015.335551,59969.485465,1.000059
"theta[o1-2024-12-17_medium, axis1]",0.076235,0.060705,-0.036492,0.191791,0.00018,0.000219,113489.061939,61627.667223,1.000111
"theta[o1-2024-12-17_unknown, axis1]",-0.035962,0.124072,-0.268278,0.198025,0.000367,0.00045,114963.966134,64324.877567,1.000043
"theta[o1-mini-2024-09-12, axis1]",-0.43957,0.205219,-0.817181,-0.045951,0.000587,0.000877,127419.124067,50216.981501,1.000182
"theta[o1-mini-2024-09-12_high, axis1]",-0.144469,0.114458,-0.356234,0.074147,0.000317,0.000464,133725.854142,58976.325859,1.000105
"theta[o1-mini-2024-09-12_medium, axis1]",-0.308142,0.089029,-0.474143,-0.139017,0.000253,0.000335,123956.34238,62924.261082,1.000061
"theta[o1-mini-2024-09-12_unknown, axis1]",-0.497813,0.179737,-0.842773,-0.17315,0.00058,0.000794,105762.134642,55757.476731,1.000144
"theta[o1-preview-2024-09-12, axis1]",-0.202405,0.061426,-0.31767,-0.086479,0.00019,0.000215,104194.101017,62661.601818,1.000031
"theta[o1-pro-2025-03-19, axis1]",0.02487,0.165669,-0.287378,0.336197,0.000484,0.000617,117699.645104,61002.819748,1.000058
"theta[o3-2025-04-16, axis1]",0.442273,0.267471,-0.042071,0.952186,0.00082,0.001101,114637.417616,57557.602075,1.000034
"theta[o3-2025-04-16_high, axis1]",0.58962,0.061657,0.471603,0.703742,0.000183,0.000227,112960.894712,62365.744094,1.000024
"theta[o3-2025-04-16_low, axis1]",0.257054,0.11855,0.031385,0.477447,0.000316,0.000467,140740.514158,61144.540654,1.000102
"theta[o3-2025-04-16_medium, axis1]",0.536032,0.059258,0.424159,0.646588,0.000194,0.0002,93225.369582,66918.964335,1.000144
"theta[o3-2025-04-16_unknown, axis1]",0.380725,0.092317,0.204917,0.551133,0.000297,0.000319,96430.010521,65891.43516,0.999973
"theta[o3-mini-2025-01-31, axis1]",-0.20531,0.151431,-0.489773,0.081618,0.000437,0.000585,120668.714913,60377.757343,1.000066
"theta[o3-mini-2025-01-31_high, axis1]",0.038009,0.069628,-0.09293,0.169237,0.000196,0.000251,125710.880591,63067.815862,1.000168
"theta[o3-mini-2025-01-31_low, axis1]",-0.256103,0.113316,-0.471291,-0.0466,0.000317,0.000436,128776.232205,61213.879639,1.000193
"theta[o3-mini-2025-01-31_medium, axis1]",-0.026845,0.056798,-0.131889,0.081928,0.000169,0.000206,113062.364526,60914.448974,1.000107
"theta[o3-pro-2025-06-10, axis1]",0.260392,0.286229,-0.267528,0.816292,0.000937,0.001028,93592.442768,55915.845016,1.000028
"theta[o3-pro-2025-06-10_high, axis1]",0.736472,0.099758,0.549666,0.924883,0.000284,0.000385,123865.03658,60595.916897,1.000006
"theta[o3-pro-2025-06-10_medium, axis1]",0.65482,0.349429,0.038266,1.330176,0.001139,0.00151,105569.215521,55388.644173,1.000044
"theta[o4-mini-2025-04-16, axis1]",-0.059052,0.188353,-0.396163,0.308534,0.000728,0.000547,67630.615713,62110.254513,0.999999
"theta[o4-mini-2025-04-16_high, axis1]",0.296418,0.065074,0.174937,0.418824,0.000197,0.000231,108695.407152,62799.510566,1.000012
"theta[o4-mini-2025-04-16_low, axis1]",0.10765,0.116705,-0.110435,0.327871,0.000325,0.000453,129296.531542,59001.487788,0.999989
"theta[o4-mini-2025-04-16_medium, axis1]",0.230687,0.064572,0.107397,0.34918,0.000198,0.000229,105991.897456,63242.043475,1.000031
"theta[open-mistral-7b, axis1]",-1.785587,0.139659,-2.051935,-1.529585,0.000447,0.00052,100017.104811,58523.79908,1.000068
"theta[open-mistral-nemo-2407, axis1]",-1.383388,0.1348,-1.640371,-1.136274,0.000423,0.000527,106043.690474,57241.249577,1.000079
"theta[open-mixtral-8x7b, axis1]",-1.348542,0.114763,-1.560918,-1.130912,0.000357,0.000445,104857.722843,59939.275032,0.999996
"theta[open_llama_7b, axis1]",-2.627708,0.217911,-3.049149,-2.227847,0.000675,0.00084,105154.465567,59024.445327,1.000034
"theta[opt-13b, axis1]",-2.809852,0.22418,-3.23578,-2.393493,0.000695,0.00087,105291.807791,57689.080473,1.000065
"theta[phi-1_5, axis1]",-2.352804,0.209489,-2.758894,-1.968996,0.000634,0.00082,109554.456996,59304.637384,1.000117
"theta[phi-2, axis1]",-1.606799,0.207809,-1.996025,-1.213003,0.000603,0.000818,119301.406859,60329.924719,1.000216
"theta[phi-4, axis1]",-0.616639,0.090545,-0.787056,-0.446082,0.000266,0.000343,116260.910181,60966.48827,1.000249
"theta[pixtral-large-2411, axis1]",-0.696253,0.355784,-1.361718,-0.037826,0.001053,0.0014,122211.603935,59220.685511,1.000111
"theta[qwen-max-2025-01-25, axis1]",-0.537642,0.09313,-0.716444,-0.366056,0.000267,0.000369,121513.846747,59616.909284,1.000028
"theta[qwen-plus-2025-01-25, axis1]",-0.610375,0.102869,-0.804419,-0.41657,0.000293,0.00042,123141.216716,59812.098339,1.000059
"theta[qwen-plus-2025-04-28, axis1]",0.117969,0.182046,-0.218583,0.467006,0.000491,0.000715,137388.568249,60683.460615,1.000037
"theta[qwen-turbo-2024-11-01, axis1]",-0.791251,0.104292,-0.987551,-0.595986,0.000308,0.000408,114190.779601,58850.667202,0.999982
"theta[qwen2-72b-instruct, axis1]",-0.962863,0.088098,-1.132344,-0.800995,0.000284,0.000338,96330.837464,58876.239529,1.000061
"theta[qwen2.5-32b-instruct, axis1]",-0.762675,0.100593,-0.955418,-0.576863,0.000299,0.00039,114052.120392,61032.716384,1.0
"theta[qwen2.5-72b-instruct, axis1]",-0.699865,0.073516,-0.837492,-0.560678,0.000234,0.000282,98990.26949,54066.859313,1.000102
"theta[qwen2.5-7b-instruct, axis1]",-1.248907,0.110441,-1.452124,-1.035434,0.000344,0.000423,103253.582437,60327.349193,1.000111
"theta[qwen3-1.7b, axis1]",-1.021717,0.179756,-1.358629,-0.682183,0.000508,0.000701,126326.488615,59365.765296,1.000085
"theta[qwen3-1.7b_none, axis1]",-1.234585,0.168506,-1.557199,-0.927192,0.000489,0.000643,122049.78198,59860.343484,1.000114
"theta[qwen3-14b, axis1]",-0.265466,0.114942,-0.479648,-0.047073,0.000316,0.000448,132786.39135,61078.574964,1.000103
"theta[qwen3-14b_none, axis1]",-0.607909,0.144149,-0.881076,-0.340371,0.0004,0.000574,131148.494156,58274.602768,1.000175
"theta[qwen3-235b-a22b, axis1]",-0.126268,0.086376,-0.285369,0.040277,0.000251,0.000319,118007.42825,62029.593246,1.000077
"theta[qwen3-30b-a3b-instruct-2507, axis1]",-0.313885,0.120672,-0.538235,-0.08625,0.000332,0.000467,132461.749572,60927.832727,1.000046
"theta[qwen3-30b-a3b-thinking-2507, axis1]",-0.083654,0.113045,-0.291118,0.132605,0.000306,0.000454,136127.820354,58611.517046,1.000214
"theta[qwen3-4b, axis1]",-0.584741,0.175786,-0.909201,-0.246667,0.000486,0.00071,130853.68622,58103.246313,1.000144
"theta[qwen3-4b-instruct-2507, axis1]",-0.583171,0.164364,-0.894165,-0.274973,0.000452,0.000652,132655.509971,59735.20073,1.000132
"theta[qwen3-4b_none, axis1]",-0.851942,0.171287,-1.181249,-0.536389,0.000477,0.000715,129296.139876,55682.96712,1.000227
"theta[qwen3-8b, axis1]",-0.554163,0.120038,-0.77852,-0.327794,0.000337,0.000459,127235.70545,62285.665598,1.000055
"theta[qwen3-8b_none, axis1]",-0.748912,0.149538,-1.025245,-0.462363,0.000414,0.000609,131745.821495,59887.187932,1.000089
"theta[qwen3-coder-next, axis1]",-0.251703,0.233024,-0.690877,0.177612,0.000669,0.000961,128558.795739,58846.969567,1.000062
"theta[qwen3-max-2025-09-23, axis1]",0.184857,0.08515,0.024781,0.344571,0.000235,0.000329,131653.248224,63100.827232,1.000138
"theta[qwen3.5-122b-a10b_none, axis1]",0.364925,0.153823,0.073276,0.652385,0.000419,0.000602,135575.861453,62120.468011,1.000118
"theta[qwen3.5-27B, axis1]",0.286978,0.153163,-0.00109,0.573942,0.000421,0.000604,132642.862687,60957.185379,1.000078
"theta[qwen3.5-35b-a3b, axis1]",0.219256,0.113045,0.005597,0.431824,0.000302,0.000442,140805.247331,61333.328068,1.000045
"theta[qwen3.5-35b-a3b_none, axis1]",0.287733,0.137825,0.033229,0.550677,0.000385,0.00054,128020.725879,57282.697243,1.000109
"theta[qwen3.5-397b-a17b, axis1]",0.569304,0.097231,0.384628,0.750993,0.000275,0.000377,125294.742084,58605.666436,1.000156
"theta[qwen3.5-397b-a17b_none, axis1]",0.531316,0.110123,0.318558,0.734768,0.000311,0.000446,125252.510631,56180.937147,1.000208
"theta[qwen3.5-9B, axis1]",-0.144413,0.09568,-0.326261,0.033581,0.000295,0.00035,104862.54948,62721.781733,1.000079
"theta[qwen3.5-9B_none, axis1]",0.264868,0.157733,-0.022364,0.57111,0.000431,0.00063,136535.892138,58195.947454,1.000101
"theta[qwen3.5-flash, axis1]",0.259163,0.092774,0.082973,0.431603,0.000272,0.000347,115944.748405,62489.672671,1.000097
"theta[qwen3.5-flash_none, axis1]",0.135757,0.193485,-0.235657,0.483427,0.000612,0.000888,111798.12433,51686.415007,1.000178
"theta[qwen3.5-plus, axis1]",0.563932,0.108591,0.363097,0.771407,0.000297,0.000415,134184.035697,60104.821818,1.000213
"theta[qwen3.5-plus_high, axis1]",0.409702,0.539054,-0.658807,1.362453,0.001987,0.002491,82457.126689,50761.40784,1.000225
"theta[qwen3.5-plus_none, axis1]",0.343513,0.505655,-0.63067,1.244668,0.00161,0.002182,113253.280488,55482.891018,1.000087
"theta[qwen3.6-27b, axis1]",0.559247,0.099994,0.376998,0.752713,0.000279,0.000391,128617.847777,57920.036079,1.000169
"theta[qwen3.6-27b_none, axis1]",0.392494,0.107545,0.18976,0.595512,0.000297,0.000434,131327.863673,56566.467937,1.000145
"theta[qwen3.6-35b-a3b, axis1]",0.194826,0.077624,0.049426,0.34073,0.000229,0.000288,114646.226395,61471.204054,1.000095
"theta[qwen3.6-35b-a3b_none, axis1]",0.256314,0.100717,0.064973,0.443008,0.000284,0.000392,126448.346287,57180.995402,1.000166
"theta[qwen3.6-flash, axis1]",0.30647,0.094304,0.132646,0.487611,0.000262,0.000369,129869.118307,58818.670851,1.000139
"theta[qwen3.6-flash_none, axis1]",0.256579,0.181563,-0.094877,0.584106,0.000548,0.000812,119634.524841,55102.761011,1.000144
"theta[qwen3.6-max-preview, axis1]",0.809161,0.131908,0.559549,1.057446,0.000362,0.000512,134052.80121,60292.214003,1.000122
"theta[qwen3.6-max-preview_none, axis1]",0.441109,0.501449,-0.538214,1.320611,0.00163,0.002286,109559.538723,53275.790926,1.000087
"theta[qwen3.6-plus, axis1]",0.625884,0.090908,0.45149,0.794014,0.000255,0.000349,126753.195294,61619.875999,1.000228
"theta[qwen3.6-plus_none, axis1]",0.424835,0.168417,0.095131,0.725162,0.000496,0.000726,122330.876433,56359.460434,1.000038
"theta[qwen3.7-flash, axis1]",0.385173,0.109735,0.177481,0.591082,0.000311,0.00043,125084.630216,60867.119764,1.000039
"theta[qwen3.7-flash_none, axis1]",0.29162,0.109946,0.082083,0.495709,0.000301,0.000436,133397.636492,59050.175646,1.000085
"theta[qwen3.7-max, axis1]",1.057903,0.076638,0.914341,1.20294,0.00024,0.000285,102215.490055,60721.437057,1.000239
"theta[qwen3.7-max_none, axis1]",0.757946,0.472742,-0.146248,1.619706,0.001489,0.002187,113172.984526,54182.21816,1.000001
"theta[qwen3.7-max_xhigh, axis1]",-0.032357,0.681537,-1.382346,1.174869,0.002334,0.002641,87244.360739,61361.334969,1.000117
"theta[qwen3.7-plus, axis1]",0.608786,0.10889,0.405489,0.813463,0.000311,0.000407,122465.772201,59480.290102,1.000305
"theta[qwen3.7-plus_none, axis1]",0.47224,0.114264,0.261086,0.690663,0.000313,0.00045,133265.660659,57952.807131,1.000288
"theta[qwen3.8-27b, axis1]",0.421195,0.426375,-0.395692,1.160729,0.001586,0.00213,89813.93528,50065.378235,1.000153
"theta[qwen3.8-27b_low, axis1]",-0.552328,0.482873,-1.466311,0.29692,0.001587,0.001969,106520.243967,55680.318129,1.000078
"theta[qwen3.8-27b_medium, axis1]",-0.552596,0.480487,-1.476094,0.284005,0.001599,0.001942,105364.737921,52958.286648,1.000094
"theta[qwen3.8-27b_none, axis1]",-0.404924,0.486889,-1.335927,0.447295,0.001604,0.001972,107478.196449,56400.098467,1.000059
"theta[qwen3.8-27b_xhigh, axis1]",0.427647,0.245188,-0.038335,0.891171,0.000785,0.001041,101624.293091,56050.281388,1.000234
"theta[qwen3.8-max_unknown, axis1]",1.360498,0.202646,0.977865,1.736403,0.000593,0.00085,120391.89326,56139.189266,1.000162
"theta[qwen3.8-max_xhigh, axis1]",1.249427,0.077009,1.100833,1.391038,0.000258,0.000285,89102.316266,60969.905927,1.000061
"theta[seed-oss-36b-instruct, axis1]",0.127614,0.155145,-0.160081,0.422585,0.000417,0.000635,139975.815617,58207.370322,1.000206
"theta[starcoder2-15b, axis1]",-1.526325,0.173739,-1.845186,-1.189518,0.000508,0.000692,117404.17176,58624.797948,1.00017
"theta[starcoder2-3b, axis1]",-2.404114,0.18781,-2.769381,-2.064741,0.000596,0.000716,100146.166451,58851.742009,1.000144
"theta[starcoder2-7b, axis1]",-2.255236,0.184496,-2.605056,-1.913264,0.000575,0.000694,103716.015853,60202.192099,1.000102
"theta[text-davinci-001, axis1]",-2.110666,0.203959,-2.49396,-1.726634,0.000592,0.000804,118798.489266,59996.254381,1.000112
"theta[text-davinci-002, axis1]",-1.334841,0.121398,-1.566428,-1.108861,0.000419,0.000407,84218.257505,55660.045009,1.000003
"theta[trinity-large-thinking, axis1]",-0.411096,0.314357,-1.015539,0.155856,0.001119,0.00136,86432.079445,56525.703109,0.99998
"theta[vicuna-13b-v1.1, axis1]",-2.06998,0.261589,-2.578058,-1.590423,0.000769,0.001103,117482.530746,59041.96671,1.000104
"theta[xgen-7b-8k-base, axis1]",-2.412197,0.211081,-2.803359,-2.009519,0.000747,0.000746,80540.629608,57370.683929,1.000137
"A[AISI CTF Suites - Apprentice, axis1]",1.648703,0.130043,1.409048,1.898842,0.000476,0.000445,74869.585207,60338.951358,1.000028
"A[AISI CTF Suites - Expert, axis1]",1.633851,0.212713,1.238734,2.044922,0.001106,0.000919,37645.345078,37123.098015,1.000227
"A[AISI CTF Suites - Practitioner, axis1]",3.53722,0.77542,1.988691,4.896533,0.013656,0.021403,5666.942359,2155.487841,1.00274
"A[AISI CTF Suites - Technical Non-Expert, axis1]",1.570896,0.221697,1.142715,1.979611,0.000809,0.000842,76775.001416,51181.733518,1.000071
"A[AISI Cyber Ranges - Cooling Tower, axis1]",0.979121,0.520923,0.174236,1.932622,0.002262,0.00223,52007.454569,53543.266363,1.000136
"A[AISI Cyber Ranges - The Last Ones, axis1]",1.550732,0.173372,1.224448,1.87947,0.000804,0.000599,46414.892867,49436.434018,1.000209
"A[APEX-Agents, axis1]",1.293249,0.098665,1.10905,1.479287,0.000428,0.000311,53053.584795,58008.876129,1.000049
"A[ARC AI2, axis1]",1.057844,0.12281,0.827569,1.288469,0.0006,0.000395,41835.429533,50556.578951,1.000085
"A[Aider Polyglot, axis1]",2.091107,0.198484,1.715702,2.460381,0.000759,0.000623,68459.030802,61606.975045,1.000029
"A[AudioMultiChallenge, axis1]",0.518881,0.151018,0.235509,0.803557,0.000709,0.000679,43850.161032,35699.13521,1.000006
"A[Balrog, axis1]",0.805439,0.08081,0.647885,0.953427,0.000282,0.000293,82344.116871,57254.798707,1.000081
"A[BioLP-bench, axis1]",1.907461,0.187949,1.556189,2.2639,0.000673,0.000624,78274.871792,58284.511938,1.000054
"A[BlueprintBench 2, axis1]",0.872848,0.27945,0.347881,1.38466,0.001274,0.000877,46225.025595,41349.80731,1.000144
"A[CL-bench, axis1]",0.479757,0.115092,0.263329,0.69634,0.000529,0.000377,46628.409207,44559.35652,1.000112
"A[CL-bench Life, axis1]",0.550422,0.145327,0.281433,0.822519,0.000773,0.000491,34535.881961,37518.594427,1.000243
"A[CTI-REALM, axis1]",0.709252,0.118357,0.479384,0.930311,0.000504,0.000496,56133.211611,42884.578194,1.000158
"A[CadEval, axis1]",1.309804,0.278122,0.788396,1.840226,0.001044,0.001042,71914.274875,45713.128371,1.000103
"A[Chess Puzzles, axis1]",1.356319,0.074732,1.216721,1.497392,0.000301,0.000232,61817.271431,64435.507065,1.00009
"A[CritPt, axis1]",1.698031,0.096182,1.512377,1.874221,0.000455,0.000298,44649.682643,57944.001582,1.000065
"A[CyScenarioBench, axis1]",1.377919,0.462465,0.478971,2.200232,0.00281,0.00173,26210.188118,21087.661585,1.000193
"A[Cybench, axis1]",2.208427,0.175753,1.880894,2.54284,0.000639,0.000572,75716.519472,63170.13393,1.000059
"A[CyberGym, axis1]",0.70057,0.144569,0.430776,0.977103,0.00056,0.000498,66148.603338,48774.345645,1.000131
"A[DTBench, axis1]",1.000706,0.035664,0.932423,1.066461,0.000154,0.000111,53527.314812,60407.285903,1.00001
"A[DeepResearch Bench, axis1]",0.218757,0.065538,0.098813,0.341143,0.000347,0.000196,34703.599117,48188.230275,1.000257
"A[DeepSWE, axis1]",1.197992,0.187881,0.841878,1.548814,0.001012,0.000664,34435.196366,39794.118212,1.000077
"A[DrugDiscoveryBench, axis1]",0.436294,0.165682,0.161751,0.750702,0.000887,0.000813,35034.913679,45324.440897,1.000415
"A[EBR-bench, axis1]",1.493074,0.304057,0.921609,2.069096,0.001505,0.001404,42751.447557,29442.261056,1.000195
"A[EnigmaEval, axis1]",1.584179,0.131598,1.336941,1.832932,0.000523,0.00043,63142.485635,56927.878091,1.00001
"A[ExploitBench, axis1]",1.085595,0.182047,0.745046,1.43217,0.000826,0.000698,48933.703913,42713.372921,1.000131
"A[Fiction.LiveBench, axis1]",2.219888,0.430835,1.407086,3.034805,0.001823,0.001426,56060.794967,47320.108358,1.000082
"A[FrontierCode, axis1]",0.821474,0.121329,0.592293,1.049848,0.000524,0.000397,53643.400866,52642.639574,0.999993
"A[FrontierMath Erdos, axis1]",0.474893,0.237628,0.107997,0.914638,0.000994,0.001059,55228.460195,56919.760456,1.000042
"A[FrontierMath Tier 4 v2, axis1]",3.28765,0.210962,2.894368,3.687315,0.001003,0.000665,44195.690325,56374.949714,1.000027
"A[FrontierMath Tiers 1-3 v2, axis1]",2.106435,0.103557,1.912649,2.303281,0.00049,0.000321,44631.466588,57917.539725,1.000126
"A[FrontierSWE v2, axis1]",1.461493,0.417266,0.647693,2.224337,0.003031,0.002266,19591.911097,13325.844412,1.000483
"A[GBAEval, axis1]",1.090194,0.417005,0.340781,1.858386,0.002012,0.001325,40571.278443,39235.811942,1.000093
"A[GDP.pdf, axis1]",0.713921,0.101847,0.528236,0.91155,0.000454,0.00033,50026.959753,52122.269793,1.000088
"A[GDPval, axis1]",0.715258,0.30694,0.187013,1.273601,0.001181,0.001069,62493.101088,51220.333871,1.000069
"A[GPQA Diamond, axis1]",1.304102,0.037177,1.233906,1.373511,0.000193,0.00011,37221.773382,56365.501491,1.000078
"A[GPQA Diamond Biology, axis1]",0.674756,0.135163,0.419861,0.927903,0.000502,0.000439,71745.951987,53790.018313,1.000056
"A[GPQA Diamond Chemistry, axis1]",1.022728,0.098465,0.838734,1.209482,0.000359,0.000326,74921.5768,60036.884809,1.000042
"A[GPQA Main Biology, axis1]",0.821067,0.126699,0.583154,1.059752,0.000468,0.000429,73072.697194,54366.57455,1.000085
"A[GPQA Main Chemistry, axis1]",0.972268,0.074966,0.831237,1.114388,0.000288,0.000242,67553.347831,60309.40145,1.000015
"A[GSM8K, axis1]",1.920064,0.210344,1.509812,2.301887,0.001192,0.0007,31115.964372,43608.37637,1.000136
"A[GSO-Bench, axis1]",1.679764,0.172052,1.353784,2.001232,0.000708,0.000565,59201.699802,55948.548675,1.000045
"A[GeoBench, axis1]",0.443222,0.123709,0.216837,0.675057,0.000421,0.00043,82502.612723,54104.009409,1.000054
"A[HLE, axis1]",1.41318,0.100102,1.220088,1.598034,0.000401,0.00032,62221.705278,61824.36952,1.000033
"A[InterCode-CTF, axis1]",2.337311,0.187429,1.982918,2.691685,0.000724,0.000665,67686.746183,48948.867272,1.000018
"A[LAB-Bench Cloning, axis1]",0.896594,0.117249,0.678822,1.120263,0.000416,0.000389,79420.477362,58741.970184,1.000012
"A[LAB-Bench LitQA2, axis1]",0.433384,0.06439,0.314882,0.558538,0.000227,0.000218,79939.386351,56812.615643,1.000052
"A[LAB-Bench Protocol, axis1]",0.905037,0.081541,0.747795,1.056142,0.000303,0.000267,72149.849252,61751.435045,1.000067
"A[LAB-Bench SeqQA, axis1]",0.860554,0.076775,0.718248,1.008027,0.000289,0.00026,70670.866699,58716.321955,1.000069
"A[LMCA, axis1]",0.948771,0.038274,0.876513,1.0206,0.000161,0.00012,56529.73644,61793.982886,1.000037
"A[Lech Mazur Writing, axis1]",0.516354,0.112018,0.306666,0.728654,0.000412,0.000378,72307.310519,46784.032658,1.000186
"A[MATH Level 5, axis1]",2.818046,0.137137,2.553919,3.071699,0.000597,0.000427,52714.759569,55573.153324,1.000088
"A[MCP Atlas, axis1]",0.957903,0.161399,0.649096,1.258202,0.000681,0.000561,56593.492187,47939.672134,1.00009
"A[METR Time Horizons, axis1]",0.887812,0.046769,0.799404,0.975688,0.000168,0.000158,77367.874004,61194.491921,1.000091
"A[MMLU, axis1]",1.100115,0.049884,1.004822,1.19304,0.000253,0.000153,38681.875001,55117.943943,1.00025
"A[MMLU Biology, axis1]",0.461581,0.05905,0.352668,0.575791,0.000209,0.000204,79639.661342,55174.820251,1.000084
"A[MMLU Chemistry, axis1]",0.718376,0.054734,0.615048,0.820044,0.000214,0.000183,65487.834396,59482.165615,1.000023
"A[MMLU Pro Biology, axis1]",1.111268,0.111576,0.898894,1.321064,0.000444,0.000381,63298.239532,52984.564835,1.000008
"A[MMLU Pro Chemistry, axis1]",1.575423,0.12037,1.348275,1.801835,0.000491,0.000397,59825.927791,55652.515059,1.000092
"A[MMLU-Pro, axis1]",1.011314,0.073404,0.871171,1.148102,0.000273,0.000238,71899.573524,59501.603821,1.000134
"A[MirrorCode, axis1]",0.737874,0.378984,0.147598,1.436215,0.00197,0.001762,36111.510034,45773.210735,1.000122
"A[MultiChallenge, axis1]",0.610959,0.121257,0.382634,0.839288,0.000475,0.000386,64763.103525,52759.127227,1.000042
"A[MultiNRC, axis1]",1.456778,0.094741,1.278293,1.635181,0.000393,0.000305,58186.402364,60348.508278,0.999995
"A[Mystery Game Puzzles, axis1]",1.109478,0.10393,0.912783,1.304414,0.000459,0.000324,51298.130378,54565.206406,1.000121
"A[NL2Bash, axis1]",1.267756,0.130683,1.018838,1.511361,0.000455,0.000457,82402.638039,60006.441307,0.999991
"A[OEIS Open Lite, axis1]",0.742205,0.285075,0.234174,1.266351,0.002341,0.001462,13647.264122,14545.137164,1.000283
"A[OSWorld, axis1]",0.625909,0.271912,0.164793,1.123744,0.000991,0.001014,68333.17301,55022.816221,1.000115
"A[OSWorld 2.0, axis1]",1.273575,0.250613,0.803508,1.751616,0.001399,0.00115,32972.292848,25642.293534,1.000132
"A[OTIS Mock AIME 2024-2025, axis1]",2.237528,0.095162,2.056856,2.415324,0.000419,0.00028,51627.19765,64743.809013,1.000068
"A[PRBench, axis1]",0.366779,0.085034,0.213099,0.533486,0.000308,0.000277,74960.650032,56550.14253,1.00001
"A[PostTrainBench v1.1, axis1]",0.640196,0.210304,0.249758,1.026472,0.001307,0.000812,24787.5405,25891.742653,1.000084
"A[ProofBench, axis1]",2.418158,0.290147,1.866755,2.959637,0.001484,0.000962,38281.361365,43404.924342,1.000088
"A[Remote Labor Index, axis1]",1.223306,0.252802,0.733018,1.690849,0.001539,0.001398,28828.674062,21642.834834,1.000069
"A[SEAL Tool Use (Enterprise), axis1]",0.934867,0.130317,0.688283,1.179873,0.000494,0.000439,69680.760256,53864.069726,1.000012
"A[SWE Atlas, axis1]",0.779427,0.156222,0.488824,1.071601,0.0009,0.000558,29649.909568,38786.581947,1.00031
"A[SimpleQA Verified, axis1]",0.79739,0.085074,0.639343,0.959286,0.000293,0.000276,83686.604734,60098.216612,1.000009
"A[Surface Evolver Bench, axis1]",1.656025,0.234246,1.223701,2.106633,0.001184,0.000748,39132.532681,45831.660993,1.00023
"A[Terminal Bench 2.0, axis1]",1.895859,0.153948,1.606079,2.186329,0.000719,0.000489,45894.170921,54065.854021,1.000087
"A[The Agent Company, axis1]",1.878341,0.429965,1.032732,2.662212,0.002054,0.00166,44786.451156,35053.198833,1.000123
"A[TriviaQA, axis1]",0.341967,0.102266,0.157206,0.53684,0.000457,0.000321,48422.749332,48175.961902,1.000081
"A[TutorBench, axis1]",0.400057,0.07025,0.268289,0.532874,0.000264,0.000235,70458.377025,53498.746268,1.000082
"A[Visual Task Assessment (VISTA), axis1]",0.424918,0.045499,0.3396,0.511049,0.000143,0.000159,100853.651781,61689.845292,1.000024
"A[VisualToolBench, axis1]",1.711906,0.206857,1.317982,2.092554,0.001046,0.001051,42270.396779,35094.652043,1.000078
"A[WMDP Biology, axis1]",0.51259,0.109187,0.306371,0.717609,0.000419,0.000359,67103.356983,51675.027069,1.000139
"A[WMDP Chemistry, axis1]",0.641147,0.084218,0.486137,0.80383,0.000302,0.000287,77319.419471,57105.701773,1.000077
"A[WeirdML v2, axis1]",1.239567,0.050819,1.144356,1.335199,0.000228,0.000144,49507.645571,64930.542389,1.000088
D[AISI CTF Suites - Apprentice],0.764826,0.104971,0.564712,0.963003,0.00036,0.000363,85680.913772,65375.715971,1.000071
D[AISI CTF Suites - Expert],1.754649,0.257494,1.261131,2.237975,0.001335,0.001163,38295.451441,38422.82151,1.000201
D[AISI CTF Suites - Practitioner],2.214226,0.780355,0.688775,3.606465,0.013477,0.021551,6059.904086,2201.129196,1.002628
D[AISI CTF Suites - Technical Non-Expert],-1.349879,0.158619,-1.640328,-1.042297,0.0005,0.000558,101130.862753,64309.930114,1.000015
D[AISI Cyber Ranges - Cooling Tower],3.514969,0.576563,2.41218,4.589524,0.002203,0.002218,70156.451164,57903.354498,1.000145
D[AISI Cyber Ranges - The Last Ones],1.989398,0.232845,1.542537,2.425786,0.001041,0.000839,50437.862801,52210.215527,1.000231
D[APEX-Agents],2.409211,0.108196,2.207339,2.613405,0.000435,0.000335,61948.75279,62697.585766,1.000071
D[ARC AI2],-2.29417,0.227024,-2.722703,-1.869358,0.001077,0.000712,44451.941234,55851.774081,1.000085
D[Aider Polyglot],-0.16021,0.077704,-0.307828,-0.014878,0.000256,0.000257,92178.440391,66070.562308,1.000082
D[AudioMultiChallenge],0.272828,0.118824,0.04787,0.503104,0.000586,0.000657,43782.306732,40744.558193,1.000049
D[Balrog],0.726989,0.062356,0.610775,0.846134,0.000193,0.00022,104731.683481,66249.371614,1.000026
D[BioLP-bench],1.045059,0.112589,0.834724,1.258517,0.000388,0.000369,84254.218752,66108.71103,1.000178
D[BlueprintBench 2],2.392591,0.409213,1.642322,3.165936,0.001767,0.001246,53335.690844,60318.453181,1.000122
D[CL-bench],1.776044,0.088062,1.608759,1.939081,0.000383,0.00029,52732.991408,56138.961639,1.000094
D[CL-bench Life],2.270418,0.157884,1.979735,2.569591,0.000783,0.000512,40547.700043,56952.555348,1.000177
D[CTI-REALM],0.293909,0.09337,0.116224,0.470569,0.00038,0.000378,61577.315378,54508.751859,1.000103
D[CadEval],-0.003153,0.132674,-0.251821,0.249056,0.000443,0.000482,90242.126223,63545.498004,1.000029
D[Chess Puzzles],2.248022,0.066069,2.125639,2.374679,0.000216,0.000201,93350.822483,71328.319253,1.000044
D[CritPt],3.892467,0.114597,3.675935,4.105384,0.000484,0.000346,56092.446666,59408.68749,1.000028
D[CyScenarioBench],4.284182,0.848795,2.672061,5.823349,0.004817,0.002732,30863.873337,36224.010444,1.000184
D[Cybench],0.826501,0.098534,0.642085,1.01527,0.000332,0.000328,88056.283228,65805.616164,1.000063
D[CyberGym],-0.225438,0.186068,-0.584739,0.119682,0.000697,0.000643,71639.051461,59105.211133,0.999989
D[DTBench],-1.177036,0.027172,-1.227949,-1.125615,8.9e-05,8.2e-05,92186.807591,70383.944327,1.000029
D[DeepResearch Bench],0.261976,0.058142,0.156773,0.374606,0.000279,0.000172,43511.872298,58051.651923,1.000126
D[DeepSWE],1.344623,0.244801,0.876341,1.799286,0.001272,0.000844,37080.335855,45088.300876,1.000069
D[DrugDiscoveryBench],0.862339,0.193556,0.533928,1.241238,0.000985,0.000961,41518.184094,42697.411665,1.000309
D[EBR-bench],2.868338,0.491246,1.936109,3.789638,0.00244,0.002354,44213.003841,33164.966707,1.000214
D[EnigmaEval],3.236554,0.120117,3.010769,3.461637,0.000421,0.000381,81786.981444,63956.091063,1.000028
D[ExploitBench],1.982839,0.260958,1.481116,2.467553,0.001119,0.00094,55038.699672,50700.895809,1.000135
D[Fiction.LiveBench],-0.387301,0.125542,-0.619512,-0.147046,0.000388,0.000444,105002.615868,64186.462705,1.000078
D[FrontierCode],1.62622,0.1685,1.311021,1.946552,0.000698,0.000542,58333.817817,58479.831648,1.000052
D[FrontierMath Erdos],5.424642,0.722929,4.068317,6.79156,0.0029,0.002552,62583.951769,58416.08037,1.00005
D[FrontierMath Tier 4 v2],4.372226,0.250896,3.89292,4.837943,0.001092,0.000799,52816.579916,58124.766353,1.000066
D[FrontierMath Tiers 1-3 v2],1.731618,0.079502,1.582248,1.881374,0.000313,0.000243,64482.370226,64895.834739,1.000069
D[FrontierSWE v2],3.087054,0.592162,1.916514,4.146509,0.004096,0.002906,21687.45008,16265.494935,1.000438
D[GBAEval],2.364506,0.577217,1.301664,3.438081,0.002665,0.001837,47064.910983,58554.289947,1.000103
D[GDP.pdf],2.341916,0.137743,2.088249,2.607225,0.000596,0.000434,53436.927008,59180.960117,1.000053
D[GDPval],0.646688,0.211208,0.250537,1.046764,0.000723,0.000757,85976.205345,64721.364739,1.000011
D[GPQA Diamond],-0.881708,0.022826,-0.924012,-0.838313,8.7e-05,6.6e-05,68587.432189,68625.993491,1.000056
D[GPQA Diamond Biology],-0.688574,0.115199,-0.90595,-0.472792,0.000411,0.000367,78556.642368,63983.926627,1.00003
D[GPQA Diamond Chemistry],-0.272715,0.081522,-0.42727,-0.121157,0.000291,0.000266,78619.94896,64641.386285,1.0001
D[GPQA Main Biology],-0.926337,0.107515,-1.129313,-0.724812,0.000384,0.000353,78402.100924,63005.457881,1.000068
D[GPQA Main Chemistry],-0.154727,0.062327,-0.272091,-0.03726,0.000226,0.000209,76011.790913,56199.544839,1.00001
D[GSM8K],-3.127803,0.350449,-3.783864,-2.465781,0.001953,0.001155,32226.670707,46399.504938,1.000119
D[GSO-Bench],2.852892,0.172354,2.519915,3.168551,0.000651,0.000551,70167.012509,64433.093545,1.000007
D[GeoBench],-0.624163,0.10655,-0.823989,-0.423457,0.000307,0.000399,120932.62449,63920.197575,1.00001
D[HLE],2.16478,0.072665,2.026477,2.300012,0.000263,0.000234,76231.718495,65452.431351,1.000079
D[InterCode-CTF],-2.045489,0.183707,-2.373545,-1.680832,0.000693,0.000718,73967.776851,49799.387527,1.00001
D[LAB-Bench Cloning],0.03814,0.08927,-0.130961,0.205058,0.000316,0.000294,79899.508124,64619.24759,1.000117
D[LAB-Bench LitQA2],0.146452,0.052511,0.047184,0.245331,0.000182,0.000176,83086.464016,62743.518177,1.00011
D[LAB-Bench Protocol],-0.800443,0.067767,-0.927397,-0.671127,0.000245,0.000223,76957.170933,65675.938955,1.000013
D[LAB-Bench SeqQA],-0.558175,0.061767,-0.675458,-0.442965,0.000221,0.000205,78059.674751,52129.628037,1.000053
D[LMCA],1.14449,0.029667,1.087678,1.199164,9.8e-05,8.9e-05,91522.870629,72249.606914,1.00005
D[Lech Mazur Writing],-1.244904,0.051823,-1.344828,-1.149406,0.000166,0.000168,97722.748072,68665.939839,1.000112
D[MATH Level 5],-2.1107,0.10406,-2.304473,-1.912541,0.000397,0.000327,68860.121722,65163.768365,1.000068
D[MCP Atlas],-0.040055,0.158689,-0.344093,0.254544,0.000652,0.000542,59738.945775,54005.452853,1.000039
D[METR Time Horizons],-0.169356,0.032775,-0.230211,-0.106594,0.000106,0.000109,95554.855579,68013.966131,1.000037
D[MMLU],-2.206493,0.063661,-2.327774,-2.087904,0.000293,0.000192,47197.467824,59953.585508,1.000143
D[MMLU Biology],-1.22904,0.051534,-1.328091,-1.134132,0.000177,0.000167,84688.056735,65433.017524,1.000122
D[MMLU Chemistry],-1.019453,0.051166,-1.117652,-0.92574,0.000187,0.000169,74817.536449,63126.904264,1.000017
D[MMLU Pro Biology],-2.388429,0.102659,-2.584187,-2.1971,0.000382,0.000342,72312.582916,59959.03073,0.999995
D[MMLU Pro Chemistry],-1.955333,0.111942,-2.168143,-1.747904,0.000424,0.000365,69730.559571,59923.171665,1.000083
D[MMLU-Pro],-1.370695,0.055281,-1.476615,-1.267708,0.000185,0.00017,89543.561964,69011.276725,1.000031
D[MirrorCode],2.089085,0.647068,0.986099,3.333274,0.003184,0.002912,44695.223321,45129.371373,1.000081
D[MultiChallenge],0.025208,0.080209,-0.125237,0.177527,0.000287,0.000259,78156.070269,64850.597421,0.999986
D[MultiNRC],1.201602,0.062538,1.085314,1.321145,0.000236,0.000198,70559.715608,64728.36814,1.000062
D[Mystery Game Puzzles],2.120532,0.098227,1.935022,2.303805,0.000389,0.000294,63610.594907,62476.088375,1.000068
D[NL2Bash],-1.476252,0.164573,-1.782658,-1.159378,0.000551,0.000583,90494.907221,60950.512142,1.000015
D[OEIS Open Lite],1.546175,0.421884,0.797961,2.335431,0.003381,0.002082,15032.56325,21217.876573,1.000235
D[OSWorld],0.128291,0.278006,-0.398458,0.650266,0.000838,0.001084,111057.24736,61667.989878,1.000044
D[OSWorld 2.0],3.255751,0.370769,2.540275,3.942272,0.001988,0.001551,35501.495943,31838.254928,1.000112
D[OTIS Mock AIME 2024-2025],-0.151221,0.048885,-0.242779,-0.059091,0.000169,0.000155,83626.489585,66959.92565,1.000028
D[PRBench],0.410769,0.075026,0.269556,0.55234,0.000252,0.000252,88674.336556,64615.034965,1.000058
D[PostTrainBench v1.1],1.739868,0.309341,1.171559,2.322194,0.001888,0.001179,26196.361424,32529.75109,1.000059
D[ProofBench],2.907475,0.336915,2.266207,3.525994,0.001682,0.001091,40245.054108,47760.159512,1.000067
D[Remote Labor Index],4.409169,0.356945,3.737378,5.080972,0.002052,0.001682,32021.416673,26651.783325,1.000088
D[SEAL Tool Use (Enterprise)],-0.723499,0.093162,-0.898648,-0.547818,0.000346,0.000305,72356.653713,62600.5988,0.999992
D[SWE Atlas],1.27932,0.204926,0.905408,1.668749,0.001136,0.000722,32380.995494,46150.893803,1.000317
D[SimpleQA Verified],0.932487,0.07826,0.786694,1.080742,0.000255,0.000248,94420.520565,67198.136636,0.999984
D[Surface Evolver Bench],0.808209,0.22807,0.379481,1.237541,0.001069,0.000726,45549.520793,52782.829556,1.000139
D[Terminal Bench 2.0],1.069692,0.096161,0.887644,1.251323,0.000403,0.000306,56930.943595,61210.076865,1.000209
D[The Agent Company],0.425556,0.209828,0.025892,0.817768,0.000858,0.000718,60224.290071,54011.845359,1.000059
D[TriviaQA],-1.606039,0.173053,-1.937916,-1.290376,0.000744,0.000546,53771.7364,61197.930662,1.000071
D[TutorBench],0.135745,0.047306,0.046731,0.22465,0.000173,0.000158,74627.354191,64033.449315,1.000178
D[Visual Task Assessment (VISTA)],0.30016,0.030573,0.241308,0.356399,9.1e-05,0.000114,113667.974514,63109.840816,1.000128
D[VisualToolBench],2.811311,0.168231,2.489105,3.124603,0.000775,0.000686,49065.780156,44879.388069,1.000081
D[WMDP Biology],-1.746559,0.096288,-1.928234,-1.565684,0.000349,0.000305,75836.545778,61900.469577,1.000127
D[WMDP Chemistry],-1.013802,0.082781,-1.170568,-0.858227,0.00029,0.000272,81513.128124,63946.604039,1.000184
D[WeirdML v2],0.448785,0.035547,0.381305,0.514727,0.000121,0.000113,86777.831599,66752.34457,1.000023
phi_b[AISI CTF Suites - Apprentice],55.972562,21.440252,20.411674,96.210457,0.074369,0.084026,81013.972562,63884.793738,0.999989
phi_b[AISI CTF Suites - Expert],113.972021,87.244583,16.302547,246.121744,0.404596,1.696858,47527.062618,53817.898579,1.000184
phi_b[AISI CTF Suites - Practitioner],81.578439,108.638705,3.666615,212.011696,1.315337,14.846584,7077.517286,2671.788092,1.001837
phi_b[AISI CTF Suites - Technical Non-Expert],22.041621,7.887709,8.602856,36.827305,0.027075,0.028029,81266.904934,60646.524065,1.000097
phi_b[AISI Cyber Ranges - Cooling Tower],12.918685,7.199637,2.357233,25.14792,0.026847,0.075319,80600.244258,60317.773063,0.999998
phi_b[AISI Cyber Ranges - The Last Ones],71.12047,35.607644,17.899656,135.915978,0.143939,0.180161,57645.98763,59933.108911,1.000029
phi_b[APEX-Agents],48.328403,10.825485,29.093166,68.610111,0.041381,0.037225,68150.627193,66840.300926,1.000021
phi_b[ARC AI2],16.063699,3.159939,10.35159,21.915634,0.011386,0.011303,77810.693827,65754.882273,1.000066
phi_b[Aider Polyglot],17.839015,4.032642,10.578936,25.310656,0.015392,0.014038,68199.526643,66838.427363,1.00013
phi_b[AudioMultiChallenge],291.252667,305.362502,10.780562,771.173921,1.275726,3.458382,45852.066011,47371.502659,1.000038
phi_b[Balrog],54.345637,14.567294,28.177655,81.454252,0.049603,0.052228,84940.586237,62946.622068,1.000034
phi_b[BioLP-bench],40.068506,10.246084,21.625141,59.210929,0.032065,0.036539,100068.27032,62817.379889,0.999997
phi_b[BlueprintBench 2],5.293232,1.475338,2.665828,8.056195,0.00487,0.005505,92538.992983,63951.413896,1.000031
phi_b[CL-bench],195.849391,68.883986,78.680058,323.855092,0.245458,0.272857,78077.450312,64374.632077,1.000111
phi_b[CL-bench Life],129.689172,55.56496,40.933185,231.812879,0.235174,0.233391,53629.334164,61017.953094,1.00007
phi_b[CTI-REALM],164.910214,93.930034,32.664805,332.643035,0.379749,0.544886,57992.370625,59294.165858,1.000003
phi_b[CadEval],25.566645,9.612185,9.444516,43.596704,0.032648,0.037105,83530.921515,61867.524283,1.000118
phi_b[Chess Puzzles],16.485231,1.777887,13.230339,19.872254,0.005645,0.00579,99023.397402,64967.42292,1.00003
phi_b[CritPt],38.988933,6.14045,27.652123,50.501004,0.025977,0.019652,55750.371639,62149.665416,1.000046
phi_b[CyScenarioBench],10.460059,5.230263,2.411758,20.183544,0.022562,0.021787,49836.051154,60403.64627,1.000074
phi_b[Cybench],30.147103,8.912498,14.845338,46.874059,0.032305,0.033825,75384.248656,64874.796545,1.00004
phi_b[CyberGym],29.942511,10.007332,12.599248,48.65185,0.03027,0.037428,105807.804222,61035.789054,1.000017
phi_b[DTBench],75.916773,10.025425,57.824574,95.36412,0.033277,0.032697,91358.151749,69561.825182,1.000041
phi_b[DeepResearch Bench],104.630669,26.35324,58.312984,154.018788,0.095327,0.10015,76602.4374,64463.939163,1.000104
phi_b[DeepSWE],14.591772,2.886995,9.317056,19.972381,0.011032,0.010038,68275.556525,65013.059932,1.00009
phi_b[DrugDiscoveryBench],46.783367,18.489319,15.985905,80.901268,0.065601,0.075008,78180.688826,62667.700207,1.000065
phi_b[EBR-bench],8.240303,2.831332,3.117802,13.494794,0.01096,0.009895,58982.374875,38769.788521,1.000085
phi_b[EnigmaEval],69.248121,16.670021,39.538995,100.769067,0.05641,0.057957,86048.387309,65500.716505,0.999978
phi_b[ExploitBench],29.541818,11.525483,10.522155,50.600954,0.043274,0.059394,72060.922887,60936.881362,1.000136
phi_b[Fiction.LiveBench],8.405262,2.160869,4.579684,12.47828,0.008364,0.007348,66519.095573,59981.691391,1.000071
phi_b[FrontierCode],38.274608,12.070431,17.759328,60.73561,0.043746,0.046578,76031.357295,63390.705555,1.000087
phi_b[FrontierMath Erdos],63.002859,43.907409,3.587139,142.099092,0.14654,0.219457,84378.37601,57779.7435,1.000045
phi_b[FrontierMath Tier 4 v2],30.797382,8.410418,15.911872,46.300247,0.036403,0.030404,52873.192498,60093.095248,1.00007
phi_b[FrontierMath Tiers 1-3 v2],37.853282,7.918326,23.992722,52.950992,0.035608,0.028429,50009.148979,60719.187189,1.000107
phi_b[FrontierSWE v2],39.956374,23.00467,6.834539,80.322647,0.109188,0.133017,36663.879296,42337.518049,1.000243
phi_b[GBAEval],2.327552,0.671478,1.150789,3.574349,0.002388,0.002627,83027.26813,65949.421019,0.999984
phi_b[GDP.pdf],78.759578,21.837258,40.769133,119.890706,0.079458,0.077108,74845.794334,64122.541898,1.000073
phi_b[GDPval],12.576898,4.562351,5.054543,21.313166,0.013925,0.018958,108985.367011,62870.632923,1.00004
phi_b[GPQA Diamond],78.386586,8.706913,62.413452,94.866222,0.03469,0.026682,63030.867243,64092.780968,1.00008
phi_b[GPQA Diamond Biology],21.942925,4.790144,13.346661,31.016289,0.013958,0.019287,118283.038663,57322.798462,1.000113
phi_b[GPQA Diamond Chemistry],43.546399,9.823995,25.634702,61.924746,0.029352,0.035407,111440.247535,64076.425768,0.999988
phi_b[GPQA Main Biology],30.557383,6.803813,18.206836,43.304136,0.019513,0.025537,121629.803562,61072.002189,1.000019
phi_b[GPQA Main Chemistry],84.469193,19.831665,48.394169,121.468274,0.059852,0.072174,109420.324296,64894.00531,1.00008
phi_b[GSM8K],13.995038,3.572148,7.787361,20.561199,0.017534,0.014927,41570.878258,55839.580658,1.000066
phi_b[GSO-Bench],34.436352,9.299829,18.176036,51.918887,0.03315,0.032929,78325.938663,65916.354468,1.000129
phi_b[GeoBench],12.275455,2.822942,7.310383,17.756186,0.008043,0.010527,123128.948854,62267.956364,1.000045
phi_b[HLE],96.323699,26.488247,50.602804,145.143543,0.097734,0.098759,73792.502601,66418.541684,1.000122
phi_b[InterCode-CTF],69.130915,32.357716,16.788195,127.91063,0.119755,0.127052,65138.268363,47407.522706,1.000027
phi_b[LAB-Bench Cloning],38.454867,9.027055,22.602589,55.915927,0.026296,0.034074,117741.882319,62339.087049,1.000121
phi_b[LAB-Bench LitQA2],103.141127,24.613431,59.40138,150.194509,0.071527,0.092612,117703.347523,63219.146121,1.000074
phi_b[LAB-Bench Protocol],84.443988,20.121614,47.941158,121.946521,0.059285,0.072636,113163.553713,61807.07011,1.000095
phi_b[LAB-Bench SeqQA],91.945261,22.333275,51.573334,133.651885,0.067173,0.082785,109625.725877,62421.796284,1.000214
phi_b[LMCA],86.890194,12.896434,63.276202,111.254777,0.042134,0.042553,93777.27238,68901.110684,1.000069
phi_b[Lech Mazur Writing],52.067705,10.560922,32.787343,71.900723,0.031192,0.039163,111402.959452,58516.42174,1.000042
phi_b[MATH Level 5],27.791227,5.312854,18.414454,37.924194,0.021521,0.018494,61945.833998,55128.074824,1.000051
phi_b[MCP Atlas],37.598905,10.863245,18.164717,57.481015,0.03715,0.039497,84480.095358,66035.609764,0.99999
phi_b[METR Time Horizons],116.821253,28.844785,67.02246,172.141521,0.102245,0.103058,76901.867068,59571.805953,1.000093
phi_b[MMLU],69.050466,11.116781,49.278345,90.650114,0.054493,0.034343,41055.699132,54494.197988,1.000065
phi_b[MMLU Biology],144.07848,34.631892,83.080375,210.404657,0.100253,0.127639,117753.954325,62770.424854,1.000051
phi_b[MMLU Chemistry],141.529294,34.118564,80.213278,205.914742,0.105835,0.126918,108764.89481,65508.094059,1.000052
phi_b[MMLU Pro Biology],108.828782,27.865271,58.498763,160.666206,0.086977,0.100638,101837.322956,66017.907413,1.000092
phi_b[MMLU Pro Chemistry],62.878929,15.769531,34.738205,92.401546,0.05018,0.056603,96456.046847,64683.536555,0.999999
phi_b[MMLU-Pro],68.361567,15.053552,41.652481,97.152025,0.052514,0.050458,81361.358518,59402.262769,1.000006
phi_b[MirrorCode],10.089394,4.349,2.991492,18.009502,0.014268,0.022489,101358.175177,62042.22302,1.000016
phi_b[MultiChallenge],46.923666,12.43978,25.21319,70.600743,0.038926,0.045902,100631.532998,61971.289009,1.00015
phi_b[MultiNRC],94.414043,27.979653,46.771424,146.747994,0.11335,0.104924,60608.238311,64869.369581,0.999986
phi_b[Mystery Game Puzzles],22.025564,3.23908,16.223233,28.281159,0.011983,0.010549,72389.919024,65306.538415,1.000068
phi_b[NL2Bash],26.52663,10.067669,9.884666,45.675765,0.033302,0.039315,88716.881737,63494.186938,0.999984
phi_b[OEIS Open Lite],222.494906,227.866255,13.568329,562.773129,1.108518,3.081207,41855.742082,54053.879157,1.000112
phi_b[OSWorld],6.236108,2.458644,2.10395,10.753923,0.007623,0.010264,107860.782064,67083.829474,1.000053
phi_b[OSWorld 2.0],56.921138,25.673171,16.470842,103.682962,0.103458,0.115289,55550.801413,54976.661975,1.000027
phi_b[OTIS Mock AIME 2024-2025],11.312915,1.191997,9.143115,13.598874,0.00428,0.003884,77679.2732,65687.912892,1.000006
phi_b[PRBench],37.166185,9.029358,21.27313,54.489218,0.02668,0.033704,113315.506404,61881.750752,0.999985
phi_b[PostTrainBench v1.1],97.349598,44.188491,27.936666,178.304435,0.164331,0.197773,71149.45869,60924.269718,1.000063
phi_b[ProofBench],7.901271,1.938681,4.54145,11.562554,0.008709,0.006691,48548.577528,57695.854401,1.000059
phi_b[Remote Labor Index],128.033735,62.563311,31.760914,244.409822,0.275995,0.256261,44617.811554,48065.573238,1.000044
phi_b[SEAL Tool Use (Enterprise)],44.89617,11.234902,25.055189,66.172388,0.035201,0.04066,102336.270738,64810.253832,1.000054
phi_b[SWE Atlas],67.783301,28.559575,23.154169,119.364602,0.13344,0.148804,45313.653472,58107.002813,1.000179
phi_b[SimpleQA Verified],10.028946,1.263931,7.736034,12.448073,0.003688,0.00446,117213.474457,64414.522499,1.000042
phi_b[Surface Evolver Bench],23.838808,9.096986,9.492521,40.829649,0.04256,0.043741,45068.976698,59109.958219,1.000068
phi_b[Terminal Bench 2.0],41.460718,12.256319,21.100275,64.563621,0.060346,0.052952,41705.208006,56908.210677,1.000174
phi_b[The Agent Company],28.914198,13.435621,8.275885,53.485353,0.053949,0.061035,57316.457899,53239.437431,0.999993
phi_b[TriviaQA],22.991706,5.029268,13.887171,32.458412,0.014096,0.019308,128107.63516,63197.100315,1.000219
phi_b[TutorBench],162.715826,48.085971,79.173934,253.636741,0.150367,0.181401,101307.154766,62785.523972,1.000093
phi_b[Visual Task Assessment (VISTA)],83.357074,15.725501,54.974614,113.237673,0.046538,0.057304,113459.477364,62739.822947,1.000044
phi_b[VisualToolBench],88.326778,45.372109,22.527303,167.363418,0.21651,0.365373,41478.171682,45499.980118,1.000068
phi_b[WMDP Biology],59.410526,13.533444,35.134422,84.855464,0.039073,0.051704,118974.340471,60333.859967,1.000021
phi_b[WMDP Chemistry],47.639586,10.556658,28.939424,67.981572,0.031122,0.039393,113874.40198,62683.48921,0.999999
phi_b[WeirdML v2],40.192462,5.713246,29.807413,51.041337,0.022704,0.018094,63624.894488,64805.973817,1.000073
