kind,name,keep,drop,delta,sd,z,n_obs,vs
D,APEX Agents,3.94230529323309,3.7703026051080775,-0.1720026881250125,0.2740584608367182,-0.6276131289648099,50,keepA_vs_dropA
D,ARC (AI2),-0.6543628198394793,-0.663571542098776,-0.0092087222592966,0.1287407787433293,-0.0715291794036459,77,keepA_vs_dropA
D,ARC-AGI,3.310873220763554,3.1550315012630237,-0.1558417195005303,0.2550604538209265,-0.6109991461473057,161,keepA_vs_dropA
D,ARC-AGI-2,7.346812794486489,7.083278093951341,-0.263534700535148,0.3761966888008917,-0.7005237110809025,154,keepA_vs_dropA
D,Adversarial NLI,1.510699216492121,1.4579295873722589,-0.0527696291198618,0.2973366107963473,-0.1774743748458374,12,keepA_vs_dropA
D,Aider Polyglot,1.533927593298733,1.501496478862877,-0.032431114435856,0.2200630371320727,-0.1473719296911829,70,keepA_vs_dropA
D,AlgoTune,0.8776463297382953,0.8583872718556314,-0.0192590578826639,0.1509251305757332,-0.1276067001512371,18,keepA_vs_dropA
D,AudioMultiChallenge,1.068832081306926,1.079644795564909,0.0108127142579832,0.1275213821117898,0.0847913822679904,24,keepA_vs_dropA
D,BALROG,1.1707721249666097,1.2584801549202176,0.0877080299536079,0.1238584470761517,0.7081311935041664,35,keepA_vs_dropA
D,BIG-Bench Hard (BBH),0.1246376806330125,0.1141591419495032,-0.0104785386835092,0.1204474786678272,-0.0869967457966241,52,keepA_vs_dropA
D,BioLP-bench,2.1211855595933327,2.171827971838236,0.0506424122449034,0.2249063774947037,0.2251710814474168,32,keepA_vs_dropA
D,BlueprintBench 2,4.630401068495598,4.7175361214840486,0.0871350529884509,0.7913757807655121,0.1101057867909018,17,keepA_vs_dropA
D,BoolQ,-0.8692429778626306,-0.8754514597288517,-0.0062084818662211,0.0878161940617036,-0.0706985987329259,78,keepA_vs_dropA
D,CAD-Eval,0.9228273689892452,0.8360487680436927,-0.0867786009455525,0.2422321190443727,-0.35824564177493,15,keepA_vs_dropA
D,CL-Bench,2.2145179024110857,2.2391263004247923,0.0246083980137066,0.1825399972814815,0.1348109914549841,22,keepA_vs_dropA
D,CL-Bench Life,2.840349640056517,2.891677330763283,0.0513276907067661,0.2802295346202409,0.1831630301792562,17,keepA_vs_dropA
D,CSQA2,2.450384353861807,2.4139289910038726,-0.0364553628579344,0.4858565401904857,-0.0750331833418188,8,keepA_vs_dropA
D,Chess Puzzles,3.6476758314670774,3.7265268373312033,0.0788510058641258,0.3348032721086748,0.2355144421603244,85,keepA_vs_dropA
D,CritPt,6.08162555903511,5.937721251891497,-0.1439043071436128,0.2951672416440133,-0.4875348170145814,73,keepA_vs_dropA
D,CursorBench,2.2578743391099225,2.1490394090159346,-0.1088349300939879,0.2645859263001051,-0.4113405864624201,29,keepA_vs_dropA
D,Cybench,2.6373851307492897,2.622008080287614,-0.0153770504616757,0.275294944594661,-0.0558566394465273,22,keepA_vs_dropA
D,DeepResearchBench,0.6219373913568175,0.5924097766533503,-0.0295276147034672,0.1180115633934526,-0.2502095036655147,36,keepA_vs_dropA
D,DeepSWE,4.9993911479985265,4.930032017879456,-0.0693591301190705,0.5297090889664138,-0.1309381537220863,37,keepA_vs_dropA
D,EBR-bench,4.038532836613079,4.241123855306807,0.2025910186937274,0.5333563727678368,0.3798417512898317,18,keepA_vs_dropA
D,EnigmaEval,4.075689037965704,4.129006750650201,0.053317712684497,0.2147116210506613,0.2483224355700649,42,keepA_vs_dropA
D,ExploitBench,3.0957170246566785,3.104755294938432,0.0090382702817533,0.504549202398047,0.0179135557816675,10,keepA_vs_dropA
D,Fiction.LiveBench,0.6365058910580701,0.741720857262896,0.1052149662048259,0.3196229647167981,0.3291846263238678,41,keepA_vs_dropA
D,ForecastBench,1.6877017500123823,1.6909097607048942,0.0032080106925118,0.0624388093665273,0.0513784731813229,68,keepA_vs_dropA
D,FrontierCode,1.9972383791610555,2.045338543912661,0.0481001647516052,0.4024984499272061,0.1195039751340767,14,keepA_vs_dropA
D,FrontierMath,3.4837357063689773,3.4035087924181444,-0.0802269139508329,0.279882696722837,-0.2866447797245581,40,keepA_vs_dropA
D,FrontierMath Tier 4,6.8637132131320735,6.760108726611756,-0.1036044865203171,0.5425928840081039,-0.1909433197040781,41,keepA_vs_dropA
D,FrontierMath Tier 4 v1,6.007447261922365,6.051992823092479,0.0445455611701142,0.306605529748752,0.1452862288772713,72,keepA_vs_dropA
D,FrontierMath v1,3.878283146032289,3.9270494255208614,0.0487662794885723,0.1805239320554113,0.2701374766953541,101,keepA_vs_dropA
D,GDP.pdf,3.3038555098159605,3.429261263440499,0.1254057536245385,0.5788697380938059,0.2166389869290706,9,keepA_vs_dropA
D,GDPval,2.523089338437536,2.3618620804644466,-0.1612272579730893,0.3049156757304007,-0.5287601484800103,11,keepA_vs_dropA
D,GPQA Diamond,0.6042151499476047,0.6232976709772899,0.0190825210296852,0.1187758866152554,0.1606598912748867,201,keepA_vs_dropA
D,GPQA Diamond Biology,0.3062030157365548,0.3246813626334433,0.0184783468968885,0.1767462572443402,0.104547316503248,35,keepA_vs_dropA
D,GPQA Diamond Chemistry,1.7626563101578157,1.7569438527806571,-0.0057124573771585,0.2739937883942721,-0.0208488572337209,38,keepA_vs_dropA
D,GPQA Main Biology,0.1546102017818202,0.1812278236249329,0.0266176218431126,0.1762889667159329,0.1509885861773953,35,keepA_vs_dropA
D,GPQA Main Chemistry,1.8803715798452856,1.855554849161845,-0.0248167306834405,0.2562516589076409,-0.0968451513220647,38,keepA_vs_dropA
D,GSM8K,-0.6765121367187187,-0.6874151418006653,-0.0109030050819466,0.1444095903818165,-0.0755005609608009,94,keepA_vs_dropA
D,GSO-Bench,4.7133506611968645,4.726147317101454,0.0127966559045891,0.2818972039363738,0.0453947599546869,36,keepA_vs_dropA
D,GeoBench,-0.2692870033713363,-0.1998059104534656,0.0694810929178706,0.1893350005702002,0.3669743719260664,32,keepA_vs_dropA
D,HellaSwag,-1.1778598807622034,-1.18273365144233,-0.0048737706801267,0.0735199759229337,-0.0662917883057468,77,keepA_vs_dropA
D,Humanity's Last Exam,3.109371382165733,3.137104392280034,0.0277330101143009,0.1461272626551508,0.1897866942170041,46,keepA_vs_dropA
D,LAB-Bench Cloning,1.8550045616826885,1.8551337205622964,0.0001291588796079,0.2744097707830307,0.0004706788655498,32,keepA_vs_dropA
D,LAB-Bench LitQA2,1.1979288616511632,1.1835934830642494,-0.0143353785869138,0.0930779533452871,-0.154014759367715,33,keepA_vs_dropA
D,LAB-Bench Protocol,0.4621641872839045,0.5187593913451948,0.0565952040612902,0.1410109614574067,0.4013532244327347,34,keepA_vs_dropA
D,LAB-Bench SeqQA,0.4414701844608045,0.455414843796409,0.0139446593356044,0.11067596113984,0.1259953759785763,34,keepA_vs_dropA
D,LAMBADA,-1.2093247948696624,-1.2114740274985225,-0.0021492326288601,0.0741728222209182,-0.0289760125677677,26,keepA_vs_dropA
D,Lech Mazur Writing,-0.6285724680632973,-0.5971738311305264,0.0313986369327708,0.1333174692406362,0.2355177990672533,49,keepA_vs_dropA
D,LiveBench,-0.1106706588247251,-0.1103148083159171,0.000355850508808,0.0928987424733394,0.0038305201914886,52,keepA_vs_dropA
D,MATH Level 5,-0.710862004358626,-0.6821441935282523,0.0287178108303737,0.182602824407261,0.1572692586962624,111,keepA_vs_dropA
D,MCP Atlas,0.950577288859842,0.8350792388919982,-0.1154980499678437,0.268449010291695,-0.4302420405362802,28,keepA_vs_dropA
D,METR Time Horizons,0.4481129253711324,0.4135099373550099,-0.0346029880161224,0.0891027023892719,-0.3883494786156869,50,keepA_vs_dropA
D,MMLU,-0.2645149910585193,-0.2685499181362125,-0.0040349270776931,0.086146792692355,-0.0468378096454799,138,keepA_vs_dropA
D,MMLU Biology,-0.4347954879601799,-0.4357357232140097,-0.0009402352538298,0.0804397569331622,-0.0116886884008245,35,keepA_vs_dropA
D,MMLU Chemistry,-0.095308064149421,-0.0973093019080975,-0.0020012377586764,0.1058556935385347,-0.0189053388795565,38,keepA_vs_dropA
D,MMLU Pro Biology,-1.4079685714080918,-1.385497864655022,0.0224707067530698,0.155635651216726,0.144380201948581,33,keepA_vs_dropA
D,MMLU Pro Chemistry,-0.6819067419668821,-0.6369270822332024,0.0449796597336796,0.1867360238393479,0.2408729649956369,36,keepA_vs_dropA
D,MindCube,2.3946645406278937,2.3538051677311795,-0.0408593728967141,0.591415033847076,-0.0690874775890111,5,keepA_vs_dropA
D,MultiChallenge,0.3416017569269303,0.3662912934016403,0.02468953647471,0.1381037896672826,0.1787752279223592,30,keepA_vs_dropA
D,MultiNRC,1.9319995083611317,2.0392712408712756,0.1072717325101439,0.1662053768409511,0.6454167401142311,44,keepA_vs_dropA
D,OS World (Screenshot),2.047588189948276,1.8611943741315673,-0.1863938158167086,0.5071743322546063,-0.3675142923501444,10,keepA_vs_dropA
D,OS World 2,4.396427978856994,4.417644104612318,0.0212161257553242,0.6836747402047523,0.0310324844661809,7,keepA_vs_dropA
D,OTIS Mock AIME 2024-2025,1.567098384070543,1.59727141928398,0.030173035213437,0.2402449687339127,0.1255927871141214,175,keepA_vs_dropA
D,OpenBookQA,-0.4017463733351633,-0.4201434098605509,-0.0183970365253876,0.123560215482333,-0.1488912628840312,43,keepA_vs_dropA
D,PIQA,-0.6401717248574613,-0.6423879685258839,-0.0022162436684225,0.0378736220539352,-0.0585168132392098,61,keepA_vs_dropA
D,PRBench Finance,0.7984195633931156,0.8213718817218283,0.0229523183287126,0.1202866798139564,0.1908134663307052,32,keepA_vs_dropA
D,PRBench Legal,0.7547548853064727,0.7874164836902202,0.0326615983837474,0.105207622572841,0.3104489730402762,32,keepA_vs_dropA
D,PostTrainBench,3.27755065749166,3.2267088092477714,-0.0508418482438886,0.2673723689478964,-0.1901537112602547,27,keepA_vs_dropA
D,ProofBench,4.15088365747847,4.17530993572424,0.0244262782457695,0.4208498622060916,0.0580403617521156,44,keepA_vs_dropA
D,Remote Labor Index,5.517229589883044,5.522364456208898,0.0051348663258536,0.4895779892020123,0.01048835208916,17,keepA_vs_dropA
D,SEAL Instruction Following,-1.6174130005388931,-1.579496580489642,0.0379164200492512,0.1422850951557411,0.266482023347203,18,keepA_vs_dropA
D,SEAL Tool Use (Enterprise),0.0511327481244395,0.0686887792307213,0.0175560311062818,0.1459928551532029,0.1202526732411583,35,keepA_vs_dropA
D,SWE-Bench Pro,2.062836043809928,2.058290572869426,-0.0045454709405019,0.2136660791225547,-0.0212737134465539,25,keepA_vs_dropA
D,SWE-Bench Pro (Private),3.7913794141032833,3.704102096318888,-0.0872773177843955,0.297792716945251,-0.2930807666476323,14,keepA_vs_dropA
D,SWE-Bench Verified,0.3610231711933219,0.2515557192386669,-0.1094674519546549,0.1746136412341167,-0.6269123716851209,33,keepA_vs_dropA
D,SciCode,0.8860170157871473,0.8699448829816987,-0.0160721328054486,0.0534510763409287,-0.3006886653308007,70,keepA_vs_dropA
D,ScienceQA,0.126577725205776,0.1202873138221822,-0.0062904113835937,0.2032100182926567,-0.0309552227613824,24,keepA_vs_dropA
D,SimpleBench,1.952600536721524,1.8567225214595429,-0.0958780152619811,0.1753646601012451,-0.5467351016255318,91,keepA_vs_dropA
D,SimpleQA Verified,1.9046346654006223,1.940349816352981,0.0357151509523587,0.2599692269135247,0.1373822254902459,68,keepA_vs_dropA
D,SpatialViz-Bench,2.287035790817472,2.3111953918778876,0.0241596010604157,0.3542928098403453,0.0681910566327968,8,keepA_vs_dropA
D,SuperGLUE,-0.4761172967980461,-0.6096958225480033,-0.1335785257499571,0.2152489454467008,-0.6205769114117836,9,keepA_vs_dropA
D,Surface Evolver Bench,1.89209577783075,1.8986205740432305,0.0065247962124803,0.4193983849407761,0.0155575139217613,17,keepA_vs_dropA
D,TerminalBench,2.433446040239937,2.4451175238739453,0.0116714836340081,0.2002016704223984,0.0582986326207114,59,keepA_vs_dropA
D,The Agent Company,1.5650729378579729,1.4909499999779727,-0.0741229378800001,0.335592195013254,-0.2208720553738524,14,keepA_vs_dropA
D,TriviaQA,-1.2278078594093522,-1.2312065860292554,-0.0033987266199031,0.0893126968960087,-0.0380542379529805,40,keepA_vs_dropA
D,TutorBench,0.3063641501175151,0.3366681004680687,0.0303039503505536,0.075916431704806,0.3991751149262086,27,keepA_vs_dropA
D,Video-MME,0.1328976245792009,0.1386486385798405,0.0057510140006395,0.0931687080287474,0.0617268836535232,50,keepA_vs_dropA
D,Visual Task Assessment (VISTA),0.5269017072036954,0.5323601553003388,0.0054584480966433,0.051912398435701,0.1051472916128921,63,keepA_vs_dropA
D,VisualToolBench,3.906077812797751,4.10292028201486,0.1968424692171084,0.2730094402220786,0.7210097535711132,20,keepA_vs_dropA
D,WMDP Biology,-0.9317945552128778,-0.86737889938543,0.0644156558274477,0.1113623836876637,0.5784328037384088,34,keepA_vs_dropA
D,WMDP Chemistry,-0.0499845116438074,0.0169313047553372,0.0669158163991447,0.1389682570167764,0.4815187139539827,37,keepA_vs_dropA
D,WeirdML,1.3318520922492736,1.3176782112477043,-0.0141738810015692,0.0875730687840501,-0.1618520533581069,143,keepA_vs_dropA
D,WinoGrande,-0.2141207114933306,-0.2182062791898308,-0.0040855676965001,0.0720349639472602,-0.0567164536861764,81,keepA_vs_dropA
sigma_b,APEX Agents,0.0736610501653346,0.0778500897789625,0.0041890396136279,0.0090054590097548,0.4651666960107499,50,keepA_vs_dropA
sigma_b,ARC (AI2),0.0507679797264789,0.0519676068256512,0.0011996270991723,0.010600409113587,0.113168000057157,77,keepA_vs_dropA
sigma_b,ARC-AGI,0.0632344903082244,0.0610138951399255,-0.0022205951682988,0.0057182771529941,-0.3883329032304985,161,keepA_vs_dropA
sigma_b,ARC-AGI-2,0.0405000796914211,0.038403710378011,-0.00209636931341,0.0042701066732731,-0.4909407361018312,154,keepA_vs_dropA
sigma_b,Adversarial NLI,0.0487722635239757,0.0500809234518919,0.0013086599279162,0.0142769662160441,0.0916623257429559,12,keepA_vs_dropA
sigma_b,Aider Polyglot,0.0611705068228807,0.0598562770325836,-0.0013142297902971,0.0098187796935564,-0.1338485872291822,70,keepA_vs_dropA
sigma_b,AlgoTune,0.0650984261830813,0.0692337712591747,0.0041353450760934,0.0132259452919358,0.3126691502810636,18,keepA_vs_dropA
sigma_b,AudioMultiChallenge,0.0389200760093615,0.0398397820236518,0.0009197060142903,0.0163797274594844,0.0561490425628395,24,keepA_vs_dropA
sigma_b,BALROG,0.0590873608510073,0.0617069649869834,0.0026196041359761,0.0099156099218748,0.2641899143487903,35,keepA_vs_dropA
sigma_b,BIG-Bench Hard (BBH),0.0557171762198147,0.055481778543102,-0.0002353976767126,0.0079670509997257,-0.0295464001323434,52,keepA_vs_dropA
sigma_b,BioLP-bench,0.0820945099882796,0.0817840062699107,-0.0003105037183689,0.0109137865206861,-0.0284505948307103,32,keepA_vs_dropA
sigma_b,BlueprintBench 2,0.1562800189347011,0.1558079509468011,-0.0004720679878999,0.0260390193818793,-0.0181292536779807,17,keepA_vs_dropA
sigma_b,BoolQ,0.0517996374705482,0.0519930668547575,0.0001934293842092,0.0052954897915314,0.0365271942396369,78,keepA_vs_dropA
sigma_b,CAD-Eval,0.0522804344084669,0.053132586160791,0.000852151752324,0.016838448454581,0.0506074983465742,15,keepA_vs_dropA
sigma_b,CL-Bench,0.0311558051193038,0.0321167850732228,0.000960979953919,0.0067433831160102,0.142507097311055,22,keepA_vs_dropA
sigma_b,CL-Bench Life,0.0370478307491953,0.0348276760406107,-0.0022201547085845,0.0097773688437771,-0.2270707737488683,17,keepA_vs_dropA
sigma_b,CSQA2,0.0424322266645739,0.0428923633815708,0.0004601367169969,0.016173956040549,0.0284492375176078,8,keepA_vs_dropA
sigma_b,Chess Puzzles,0.0877248500344379,0.0840642743917276,-0.0036605756427103,0.0097004913573251,-0.377359816927845,85,keepA_vs_dropA
sigma_b,CritPt,0.0481361280760405,0.0525367907081718,0.0044006626321312,0.0065336972239732,0.6735332968880868,73,keepA_vs_dropA
sigma_b,CursorBench,0.0297249853426281,0.0282935255118116,-0.0014314598308164,0.0058823611704337,-0.2433478308015687,29,keepA_vs_dropA
sigma_b,Cybench,0.0719326853642308,0.0736934796016885,0.0017607942374576,0.0145049862894131,0.1213923406975447,22,keepA_vs_dropA
sigma_b,DeepResearchBench,0.0626374859316435,0.0636690034442961,0.0010315175126525,0.0080535388118807,0.1280825158662948,36,keepA_vs_dropA
sigma_b,DeepSWE,0.0770202288949609,0.0805917329376704,0.0035715040427094,0.0147393732770791,0.2423104412630232,37,keepA_vs_dropA
sigma_b,EBR-bench,0.0821546445747903,0.0814093902185262,-0.000745254356264,0.0152657841458669,-0.0488186095874939,18,keepA_vs_dropA
sigma_b,EnigmaEval,0.0510170295019359,0.0552439955896085,0.0042269660876725,0.006956807205395,0.6076014417065573,42,keepA_vs_dropA
sigma_b,ExploitBench,0.0664030759564689,0.067973056732926,0.001569980776457,0.019622534867106,0.0800090705451557,10,keepA_vs_dropA
sigma_b,Fiction.LiveBench,0.1770616570379981,0.1815117993847906,0.0044501423467924,0.0176713466188059,0.2518281398009938,41,keepA_vs_dropA
sigma_b,ForecastBench,0.0210125244469374,0.0210473111632248,3.478671628744101e-05,0.0019589815290234,0.0177575519585331,68,keepA_vs_dropA
sigma_b,FrontierCode,0.0437875399560161,0.0450325269111321,0.0012449869551159,0.017863060890837,0.0696961714861879,14,keepA_vs_dropA
sigma_b,FrontierMath,0.0235064309556133,0.0261754073053694,0.002668976349756,0.0075825905459858,0.3519874024015393,40,keepA_vs_dropA
sigma_b,FrontierMath Tier 4,0.0745463097034146,0.0738074206166888,-0.0007388890867258,0.010397248342934,-0.0710658303384679,41,keepA_vs_dropA
sigma_b,FrontierMath Tier 4 v1,0.0698992188785723,0.0678807516420832,-0.002018467236489,0.0070505805265571,-0.2862838356197952,72,keepA_vs_dropA
sigma_b,FrontierMath v1,0.0714778606749056,0.0724604561223896,0.000982595447484,0.0057929377416895,0.1696195421560795,101,keepA_vs_dropA
sigma_b,GDP.pdf,0.0357219437083082,0.0347786275001194,-0.0009433162081887,0.0132530349496933,-0.0711773727127002,9,keepA_vs_dropA
sigma_b,GDPval,0.0450033827370442,0.0479463861180387,0.0029430033809945,0.015196485238086,0.193663425120086,11,keepA_vs_dropA
sigma_b,GPQA Diamond,0.0518251267931635,0.0512580263706133,-0.0005671004225502,0.0032185096232387,-0.1761996976661354,201,keepA_vs_dropA
sigma_b,GPQA Diamond Biology,0.1032652626167851,0.1032311076875065,-3.415492927856534e-05,0.0117729633697903,-0.0029011327229818,35,keepA_vs_dropA
sigma_b,GPQA Diamond Chemistry,0.0560401940603531,0.056367596905747,0.0003274028453939,0.0069635398928377,0.0470167257504579,38,keepA_vs_dropA
sigma_b,GPQA Main Biology,0.0880844518752034,0.0879701584382153,-0.000114293436988,0.0104170890449809,-0.0109717250658574,35,keepA_vs_dropA
sigma_b,GPQA Main Chemistry,0.037637189809355,0.0380095224065881,0.0003723325972331,0.0054526572282899,0.0682846145731191,38,keepA_vs_dropA
sigma_b,GSM8K,0.1085476176212332,0.1071111468822453,-0.0014364707389878,0.020788104385157,-0.0691006121757531,94,keepA_vs_dropA
sigma_b,GSO-Bench,0.0496724739786163,0.0465512952338987,-0.0031211787447175,0.0082138781369524,-0.3799884406217388,36,keepA_vs_dropA
sigma_b,GeoBench,0.1408310855038512,0.1399562433245735,-0.0008748421792776,0.0154447929604507,-0.0566431794532879,32,keepA_vs_dropA
sigma_b,HellaSwag,0.0499547370684761,0.0494220848870501,-0.000532652181426,0.0071155008887679,-0.0748580022338083,77,keepA_vs_dropA
sigma_b,Humanity's Last Exam,0.0357461877976108,0.0363644583366637,0.0006182705390529,0.0057987349652061,0.1066216239856977,46,keepA_vs_dropA
sigma_b,LAB-Bench Cloning,0.0663552552784514,0.0685650906313486,0.0022098353528971,0.0097353649512594,0.2269904994790431,32,keepA_vs_dropA
sigma_b,LAB-Bench LitQA2,0.0378524627395977,0.0379224080135618,6.994527396410322e-05,0.005093171704061,0.0137331466575793,33,keepA_vs_dropA
sigma_b,LAB-Bench Protocol,0.0476916158471665,0.046553827956022,-0.0011377878911444,0.0067545484976102,-0.1684476603502066,34,keepA_vs_dropA
sigma_b,LAB-Bench SeqQA,0.0521931640411238,0.0521263913641772,-6.677267694659567e-05,0.0068821430053008,-0.009702308844086,34,keepA_vs_dropA
sigma_b,LAMBADA,0.0422971923215344,0.0423274959542926,3.0303632758237053e-05,0.0091763109705164,0.0033023763967462,26,keepA_vs_dropA
sigma_b,Lech Mazur Writing,0.0486928818093518,0.0449768806049573,-0.0037160012043944,0.0087505473476922,-0.4246592877843798,49,keepA_vs_dropA
sigma_b,LiveBench,0.0425078956883315,0.0424876358995297,-2.025978880187962e-05,0.006019698112847,-0.0033655821973267,52,keepA_vs_dropA
sigma_b,MATH Level 5,0.0733413086538059,0.0741441930593964,0.0008028844055905,0.0065827835509141,0.1219673105428217,111,keepA_vs_dropA
sigma_b,MCP Atlas,0.0608619687364148,0.0566131081584286,-0.0042488605779861,0.0130253628066474,-0.3261990196401864,28,keepA_vs_dropA
sigma_b,METR Time Horizons,0.0361836436749484,0.0363483516508032,0.0001647079758547,0.0045245831339011,0.0364029062966458,50,keepA_vs_dropA
sigma_b,MMLU,0.055860842865597,0.0561329439547197,0.0002721010891226,0.0062471877150557,0.0435557728587108,138,keepA_vs_dropA
sigma_b,MMLU Biology,0.0426763069040875,0.0427351040715676,5.879716748006386e-05,0.0056232314022816,0.0104561173591766,35,keepA_vs_dropA
sigma_b,MMLU Chemistry,0.0490255173299951,0.0489107835926942,-0.0001147337373009,0.006347097588221,-0.0180765673926031,38,keepA_vs_dropA
sigma_b,MMLU Pro Biology,0.0418220918078536,0.042886770861587,0.0010646790537334,0.0070525208160412,0.1509643263032666,33,keepA_vs_dropA
sigma_b,MMLU Pro Chemistry,0.0470767660529771,0.0483653143844084,0.0012885483314312,0.0074939014806299,0.1719462598703618,36,keepA_vs_dropA
sigma_b,MindCube,0.0498652227515193,0.0493744851601597,-0.0004907375913595,0.0204449276791941,-0.0240029017984246,5,keepA_vs_dropA
sigma_b,MultiChallenge,0.0698478155117585,0.0721389468325125,0.0022911313207539,0.0097646998318112,0.234634075825863,30,keepA_vs_dropA
sigma_b,MultiNRC,0.0671550405657501,0.0674516717783167,0.0002966312125666,0.0082365660535403,0.0360139420528506,44,keepA_vs_dropA
sigma_b,OS World (Screenshot),0.0803228471789955,0.1010325382301729,0.0207096910511773,0.0328837576849445,0.6297848089501963,10,keepA_vs_dropA
sigma_b,OS World 2,0.0452671461120335,0.0403883461472933,-0.0048787999647402,0.0165014337753494,-0.2956591549049742,7,keepA_vs_dropA
sigma_b,OTIS Mock AIME 2024-2025,0.0570377784016446,0.0565152683212256,-0.0005225100804189,0.004813245498399,-0.1085567068192936,175,keepA_vs_dropA
sigma_b,OpenBookQA,0.048779441227685,0.0495830902304747,0.0008036490027896,0.0104970935888142,0.0765591919315701,43,keepA_vs_dropA
sigma_b,PIQA,0.0230068944584001,0.0228916669911763,-0.0001152274672238,0.0028328863752219,-0.0406749343114131,61,keepA_vs_dropA
sigma_b,PRBench Finance,0.0510393462966451,0.0501291697591882,-0.0009101765374568,0.0070722662725308,-0.1286965878239155,32,keepA_vs_dropA
sigma_b,PRBench Legal,0.0444576355854449,0.0444654364087999,7.800823354969788e-06,0.0064053034490236,0.0012178694447581,32,keepA_vs_dropA
sigma_b,PostTrainBench,0.0500760538164876,0.0461193869632372,-0.0039566668532504,0.0083808410722931,-0.4721085651332901,27,keepA_vs_dropA
sigma_b,ProofBench,0.0769657860736502,0.0809610658098749,0.0039952797362247,0.0132463749485999,0.3016130640818828,44,keepA_vs_dropA
sigma_b,Remote Labor Index,0.0250619264057766,0.0318642487391514,0.0068023223333747,0.0115806005329997,0.5873894288980182,17,keepA_vs_dropA
sigma_b,SEAL Instruction Following,0.0330731629232198,0.0332075312910829,0.000134368367863,0.0068154064145831,0.019715385949044,18,keepA_vs_dropA
sigma_b,SEAL Tool Use (Enterprise),0.0631862485568614,0.0623259890854157,-0.0008602594714457,0.008330190539234,-0.1032700833665203,35,keepA_vs_dropA
sigma_b,SWE-Bench Pro,0.0803975601486285,0.0788746760141713,-0.0015228841344572,0.0137376834598332,-0.1108545075237696,25,keepA_vs_dropA
sigma_b,SWE-Bench Pro (Private),0.0325047849843902,0.0381292819010802,0.0056244969166899,0.0124014665596671,0.4535348210333671,14,keepA_vs_dropA
sigma_b,SWE-Bench Verified,0.051387650951347,0.0497322142086633,-0.0016554367426837,0.0075027642101308,-0.2206435783292253,33,keepA_vs_dropA
sigma_b,SciCode,0.0337535369146898,0.033062791511173,-0.0006907454035168,0.0034462132634388,-0.200436058570426,70,keepA_vs_dropA
sigma_b,ScienceQA,0.1016574858334071,0.1018433131815475,0.0001858273481404,0.0194654824050134,0.0095465061833027,24,keepA_vs_dropA
sigma_b,SimpleBench,0.077554176348277,0.0779347941674314,0.0003806178191544,0.0068103490590542,0.055888151378729,91,keepA_vs_dropA
sigma_b,SimpleQA Verified,0.128294034475697,0.1335804702028951,0.0052864357271981,0.0118153715797364,0.4474201840815945,68,keepA_vs_dropA
sigma_b,SpatialViz-Bench,0.0413720403717732,0.0405541634741324,-0.0008178768976408,0.0123720709444149,-0.0661067093225876,8,keepA_vs_dropA
sigma_b,SuperGLUE,0.0406848820514978,0.0410171481823126,0.0003322661308148,0.0174226073274613,0.0190709762649096,9,keepA_vs_dropA
sigma_b,Surface Evolver Bench,0.0649241966839818,0.0757138029500663,0.0107896062660845,0.0235377626088812,0.4583955767322358,17,keepA_vs_dropA
sigma_b,TerminalBench,0.0691705750333644,0.0631642223610634,-0.006006352672301,0.0091026112543449,-0.6598494107318968,59,keepA_vs_dropA
sigma_b,The Agent Company,0.0836217677781398,0.0826541824208491,-0.0009675853572906,0.0174864457249298,-0.0553334492618591,14,keepA_vs_dropA
sigma_b,TriviaQA,0.0767088877860466,0.0766182732744136,-9.061451163305811e-05,0.0098268276234007,-0.0092211357628046,40,keepA_vs_dropA
sigma_b,TutorBench,0.0334838237139486,0.034971044557771,0.0014872208438223,0.0056538597171923,0.2630452324984278,27,keepA_vs_dropA
sigma_b,Video-MME,0.0793972895943775,0.0799398628547337,0.0005425732603562,0.0167165412212205,0.0324572681140227,50,keepA_vs_dropA
sigma_b,Visual Task Assessment (VISTA),0.0449283873142556,0.0450451806803063,0.0001167933660507,0.0050615441278699,0.0230746513514823,63,keepA_vs_dropA
sigma_b,VisualToolBench,0.0433227197348317,0.0405438923988786,-0.0027788273359531,0.009460327530494,-0.2937347916333717,20,keepA_vs_dropA
sigma_b,WMDP Biology,0.0281766132702222,0.0267923144499825,-0.0013842988202396,0.0060177295450588,-0.2300367289481028,34,keepA_vs_dropA
sigma_b,WMDP Chemistry,0.0362807640286223,0.0364295058499382,0.0001487418213159,0.0055961469845503,0.026579327120359,37,keepA_vs_dropA
sigma_b,WeirdML,0.0597262891869563,0.060004770096084,0.0002784809091277,0.004766519292548,0.0584243746926786,143,keepA_vs_dropA
sigma_b,WinoGrande,0.0415722820040219,0.0415571406159982,-1.514138802370668e-05,0.0044647551655873,-0.0033913142965623,81,keepA_vs_dropA
A1,APEX Agents,1.0276893849159874,0.9327554678295494,-0.0949339170864379,0.4272031240750693,-0.2222219635963052,50,keepA_vs_dropA
A2,APEX Agents,0.9005091364876837,0.683666573459594,-0.2168425630280896,0.3936558474382761,-0.5508429874449912,50,keepA_vs_dropA
A3,APEX Agents,0.6832360596437923,0.8449526217875505,0.1617165621437581,0.4145034637190147,0.3901452612550019,50,keepA_vs_dropA
A_norm,APEX Agents,1.683983392005209,1.5791950583912684,-0.1047883336139405,0.1925556883332362,-0.5441975488804788,50,keepA_vs_dropA
A1,ARC (AI2),0.4200419860610208,0.3934592301795888,-0.0265827558814319,0.5848097225393374,-0.0454553931935423,77,keepA_vs_dropA
A2,ARC (AI2),0.4480770638235215,0.861637477851582,0.4135604140280604,0.6882999678300145,0.6008432854237691,77,keepA_vs_dropA
A3,ARC (AI2),1.2161607870599325,0.8268454100567886,-0.3893153770031439,0.7745098550897042,-0.5026603269729256,77,keepA_vs_dropA
A_norm,ARC (AI2),1.763259252413217,1.7666271609354076,0.0033679085221907,0.1384789789359097,0.0243207203582099,77,keepA_vs_dropA
A1,ARC-AGI,1.7154304472754072,1.6919089864273018,-0.0235214608481053,0.7996664863085057,-0.0294140885617043,161,keepA_vs_dropA
A2,ARC-AGI,1.476933270158472,1.1017971272628635,-0.3751361428956083,0.710718328436843,-0.5278267463858494,161,keepA_vs_dropA
A3,ARC-AGI,1.1726444739637316,1.526924763627136,0.3542802896634045,0.8054659356598183,0.4398451554294306,161,keepA_vs_dropA
A_norm,ARC-AGI,2.8112590089300986,2.9208124316888577,0.1095534227587591,0.1725442871469527,0.6349292959520274,161,keepA_vs_dropA
A1,ARC-AGI-2,2.3990053605031605,2.34138038988964,-0.0576249706135203,1.1433854923140765,-0.0503985497462402,154,keepA_vs_dropA
A2,ARC-AGI-2,2.0375265447816977,1.5646207095105236,-0.4729058352711741,0.990663925061519,-0.4773625276016862,154,keepA_vs_dropA
A3,ARC-AGI-2,1.8194477955323567,2.2390150212656255,0.4195672257332687,1.0696062454780548,0.3922632534234553,154,keepA_vs_dropA
A_norm,ARC-AGI-2,3.994042644554381,4.11914557690704,0.1251029323526595,0.2305305670484064,0.5426739453878611,154,keepA_vs_dropA
A1,Adversarial NLI,0.4674139949629858,0.4335905329019923,-0.0338234620609934,0.5632604452916771,-0.0600494182464355,12,keepA_vs_dropA
A2,Adversarial NLI,0.4516912515646838,0.8146345899642842,0.3629433383996003,0.6849853760733757,0.5298556014146524,12,keepA_vs_dropA
A3,Adversarial NLI,1.1935608508259026,0.8416095856968971,-0.3519512651290054,0.739612465858815,-0.4758590226306293,12,keepA_vs_dropA
A_norm,Adversarial NLI,1.722886528758303,1.6894090399535748,-0.0334774888047282,0.354663352744499,-0.0943922977823016,12,keepA_vs_dropA
A1,Aider Polyglot,1.4086055765930048,1.3325467918621376,-0.0760587847308671,0.5213274698118189,-0.1458944504848779,70,keepA_vs_dropA
A2,Aider Polyglot,1.2267620497020042,1.108895378961613,-0.1178666707403912,0.4582018419941187,-0.2572374441521868,70,keepA_vs_dropA
A3,Aider Polyglot,1.257792741102865,1.4187244663850842,0.1609317252822191,0.4160656437680459,0.3867940737061615,70,keepA_vs_dropA
A_norm,Aider Polyglot,2.390513197820782,2.3704978827249428,-0.020015315095839,0.1804668924443247,-0.1109085152669427,70,keepA_vs_dropA
A1,AlgoTune,0.2200824982367643,0.1854851878500517,-0.0345973103867126,0.153642728145749,-0.2251802659602137,18,keepA_vs_dropA
A2,AlgoTune,0.1816495873370633,0.1472419509909159,-0.0344076363461473,0.1365932641657316,-0.2518984853045156,18,keepA_vs_dropA
A3,AlgoTune,0.1322202854514262,0.1749393638385576,0.0427190783871313,0.1311530551869437,0.3257192775741303,18,keepA_vs_dropA
A_norm,AlgoTune,0.3886155921822519,0.3469647096954696,-0.0416508824867822,0.1286994279744241,-0.3236291189659314,18,keepA_vs_dropA
A1,AudioMultiChallenge,0.4466058133958418,0.4300330718678239,-0.0165727415280179,0.2193512130559389,-0.0755534528263198,24,keepA_vs_dropA
A2,AudioMultiChallenge,0.4383666058495863,0.3890167361248789,-0.0493498697247073,0.2224403252723976,-0.2218566694877565,24,keepA_vs_dropA
A3,AudioMultiChallenge,0.3736990367241175,0.3655880702917422,-0.0081109664323753,0.2194273379518345,-0.0369642475184917,24,keepA_vs_dropA
A_norm,AudioMultiChallenge,0.8098930421930192,0.7813841384066625,-0.0285089037863566,0.1144294814381921,-0.2491394999614273,24,keepA_vs_dropA
A1,BALROG,0.4164482258407617,0.4215887809301303,0.0051405550893686,0.1955464908206713,0.0262881479887199,35,keepA_vs_dropA
A2,BALROG,0.3499189213295238,0.3639925127228963,0.0140735913933724,0.1951498636458826,0.0721168394916753,35,keepA_vs_dropA
A3,BALROG,0.2995337190487351,0.4070038698846951,0.1074701508359599,0.1706555704735958,0.629748859282551,35,keepA_vs_dropA
A_norm,BALROG,0.7112177352592507,0.7442909075732439,0.0330731723139932,0.0792573306183985,0.4172884962935621,35,keepA_vs_dropA
A1,BIG-Bench Hard (BBH),0.5215414000449596,0.541946379647227,0.0204049796022673,0.4595203599297842,0.0444049521666141,52,keepA_vs_dropA
A2,BIG-Bench Hard (BBH),0.6061507929464971,0.8978577780983705,0.2917069851518734,0.4826388768317355,0.6044000994424088,52,keepA_vs_dropA
A3,BIG-Bench Hard (BBH),1.0899153886304975,0.7756458263187841,-0.3142695623117134,0.5756986008629388,-0.5458925240406032,52,keepA_vs_dropA
A_norm,BIG-Bench Hard (BBH),1.585651411747906,1.5899258253206987,0.0042744135727925,0.1373360983579588,0.0311237440403436,52,keepA_vs_dropA
A1,BioLP-bench,0.946705951296958,0.9849770918226942,0.0382711405257362,0.3431669475727412,0.111523387658492,32,keepA_vs_dropA
A2,BioLP-bench,0.990705737010921,0.8328156580351227,-0.1578900789757983,0.4125920682882698,-0.3826784155857395,32,keepA_vs_dropA
A3,BioLP-bench,0.6116801260923547,0.7357456648168079,0.1240655387244532,0.3911579617774987,0.317175031183502,32,keepA_vs_dropA
A_norm,BioLP-bench,1.6179544325647972,1.6176743690256437,-0.0002800635391535,0.2284073080171873,-0.0012261583991545,32,keepA_vs_dropA
A1,BlueprintBench 2,0.7642128947659783,0.7838300538543536,0.0196171590883752,0.4571466609158666,0.0429121784441636,17,keepA_vs_dropA
A2,BlueprintBench 2,0.8517054737566463,0.913027103280749,0.0613216295241026,0.4486411141675123,0.1366830359225762,17,keepA_vs_dropA
A3,BlueprintBench 2,0.8345292822126512,0.8018518267050716,-0.0326774555075796,0.4058882531618727,-0.0805085026556496,17,keepA_vs_dropA
A_norm,BlueprintBench 2,1.56605836380215,1.5876397166894949,0.0215813528873449,0.3699410758119591,0.0583372712532056,17,keepA_vs_dropA
A1,BoolQ,0.3848359955271453,0.3733807293342551,-0.0114552661928901,0.2484895154645254,-0.0460995956770076,78,keepA_vs_dropA
A2,BoolQ,0.3988224953766126,0.5670081398697502,0.1681856444931375,0.2899666672900726,0.5800171656450789,78,keepA_vs_dropA
A3,BoolQ,0.7148721795123643,0.5511785990978164,-0.1636935804145478,0.3269123429523093,-0.5007262158909301,78,keepA_vs_dropA
A_norm,BoolQ,1.0192355658767982,1.0164473531172638,-0.0027882127595344,0.0902829484032885,-0.0308830494445049,78,keepA_vs_dropA
A1,CAD-Eval,0.8753099699820747,0.817065888301883,-0.0582440816801916,0.6497132063601943,-0.089645833130721,15,keepA_vs_dropA
A2,CAD-Eval,0.6559964112464279,0.5091944645485372,-0.1468019466978907,0.5569258914162686,-0.2635933235651367,15,keepA_vs_dropA
A3,CAD-Eval,0.6537251029627933,0.9008151810416154,0.2470900780788221,0.5394907259131915,0.458006164351713,15,keepA_vs_dropA
A_norm,CAD-Eval,1.598013323193634,1.6578288201716769,0.0598154969780428,0.2311319006586839,0.2587937744966384,15,keepA_vs_dropA
A1,CL-Bench,0.3148175425199768,0.3242709950471833,0.0094534525272065,0.1727475057955099,0.0547241043144036,22,keepA_vs_dropA
A2,CL-Bench,0.3506754764348,0.2918629670823279,-0.0588125093524721,0.1798720179039404,-0.3269686415809299,22,keepA_vs_dropA
A3,CL-Bench,0.2071225689801371,0.2458845492034826,0.0387619802233455,0.1559292921795715,0.2485869055232191,22,keepA_vs_dropA
A_norm,CL-Bench,0.5821454893611513,0.5591332090775155,-0.0230122802836357,0.1365171673475781,-0.1685669336007067,22,keepA_vs_dropA
A1,CL-Bench Life,0.3934753810123154,0.4183242173232914,0.0248488363109759,0.2541585488518879,0.0977690359943656,17,keepA_vs_dropA
A2,CL-Bench Life,0.4444007266579649,0.3878153181178078,-0.056585408540157,0.2595248799071782,-0.218034619880743,17,keepA_vs_dropA
A3,CL-Bench Life,0.2460592842738214,0.301119837358918,0.0550605530850966,0.2201844357320016,0.2500656002412168,17,keepA_vs_dropA
A_norm,CL-Bench Life,0.7481944984889338,0.7498094607668931,0.0016149622779593,0.184094649371649,0.0087724563612875,17,keepA_vs_dropA
A1,CSQA2,0.629995989488511,0.5707425021555343,-0.0592534873329766,0.5428168427622366,-0.1091592645347055,8,keepA_vs_dropA
A2,CSQA2,0.5403618561721313,0.7842128406653808,0.2438509844932495,0.6477729624334898,0.3764451414847172,8,keepA_vs_dropA
A3,CSQA2,1.1540904289813023,0.9213750304737748,-0.2327153985075277,0.673411501837467,-0.3455768098295645,8,keepA_vs_dropA
A_norm,CSQA2,1.7285461898349577,1.6752186426131783,-0.0533275472217793,0.4193661124901256,-0.1271622709453783,8,keepA_vs_dropA
A1,Chess Puzzles,1.028824953720172,1.0898793103316748,0.0610543566115027,0.5362246076504498,0.1138596695124114,85,keepA_vs_dropA
A2,Chess Puzzles,1.0926792220823716,0.8610214536559233,-0.2316577684264482,0.6338661590614298,-0.3654679542594063,85,keepA_vs_dropA
A3,Chess Puzzles,0.4605241781089423,0.6558196466072103,0.1952954684982679,0.577365235570843,0.3382529055549709,85,keepA_vs_dropA
A_norm,Chess Puzzles,1.818769662420748,1.8593221424024704,0.0405524799817222,0.2282006148537642,0.1777053931590375,85,keepA_vs_dropA
A1,CritPt,1.386845677643236,1.332576730128843,-0.0542689475143931,0.4484635160013069,-0.1210108416360785,73,keepA_vs_dropA
A2,CritPt,1.364740528064628,1.0319428734387766,-0.3327976546258515,0.5129226923682285,-0.6488261478338635,73,keepA_vs_dropA
A3,CritPt,0.7980065512713298,1.0295505738692785,0.2315440225979484,0.5551598953873295,0.4170762775225371,73,keepA_vs_dropA
A_norm,CritPt,2.270878390486528,2.15447665669741,-0.1164017337891181,0.1863845964794106,-0.6245244295280413,73,keepA_vs_dropA
A1,CursorBench,0.7228322358414391,0.6625580924464823,-0.0602741433949567,0.2199949272420402,-0.273979696489286,29,keepA_vs_dropA
A2,CursorBench,0.676879014861827,0.5486319348588775,-0.1282470800029495,0.193755434122533,-0.6619018485016767,29,keepA_vs_dropA
A3,CursorBench,0.5514541340008036,0.631663945646762,0.0802098116459584,0.2159844711395862,0.3713684193254825,29,keepA_vs_dropA
A_norm,CursorBench,1.180390895523354,1.1172308368805772,-0.0631600586427767,0.1539186747049507,-0.4103469495423431,29,keepA_vs_dropA
A1,Cybench,1.1777331070032802,1.1366907648948688,-0.0410423421084114,0.4091474874771512,-0.1003118517517559,22,keepA_vs_dropA
A2,Cybench,1.1382675655012795,1.044877742255185,-0.0933898232460945,0.4017242170185082,-0.2324724756182471,22,keepA_vs_dropA
A3,Cybench,1.1428790790223404,1.2201226451308742,0.0772435661085337,0.3299907193488309,0.2340779954689578,22,keepA_vs_dropA
A_norm,Cybench,2.0763557660917344,2.0782378244733937,0.0018820583816592,0.2307006990062172,0.0081580090123979,22,keepA_vs_dropA
A1,DeepResearchBench,0.2180256632006722,0.1863264077369938,-0.0316992554636783,0.155733338551978,-0.203548294529744,36,keepA_vs_dropA
A2,DeepResearchBench,0.175504636596384,0.1339632082825112,-0.0415414283138727,0.1369717980432197,-0.3032845367245955,36,keepA_vs_dropA
A3,DeepResearchBench,0.1565327671421062,0.1919607163658279,0.0354279492237217,0.1295823672477646,0.2734010033632326,36,keepA_vs_dropA
A_norm,DeepResearchBench,0.3950491248583743,0.3622514327487043,-0.0327976921096699,0.1110714254567127,-0.2952846960846114,36,keepA_vs_dropA
A1,DeepSWE,1.454118473911655,1.4378645098947127,-0.0162539640169423,0.4646627960362645,-0.0349801278595883,37,keepA_vs_dropA
A2,DeepSWE,1.4362492546742005,1.1400847445296618,-0.2961645101445387,0.4952184988872714,-0.5980481561371475,37,keepA_vs_dropA
A3,DeepSWE,0.9727721129100888,1.2181233272106753,0.2453512143005866,0.5406916641456094,0.4537728812377491,37,keepA_vs_dropA
A_norm,DeepSWE,2.390458429226794,2.3631095634752284,-0.0273488657515654,0.3025330122665375,-0.0903996081177104,37,keepA_vs_dropA
A1,EBR-bench,0.6210156777364457,0.6375762993907028,0.016560621654257,0.4076646568591336,0.0406231479124262,18,keepA_vs_dropA
A2,EBR-bench,0.7317547870793869,0.7367395134807614,0.0049847264013744,0.3937288020798944,0.0126603041866441,18,keepA_vs_dropA
A3,EBR-bench,0.558802093963859,0.5926416887331665,0.0338395947693074,0.3389873090295864,0.099825550597099,18,keepA_vs_dropA
A_norm,EBR-bench,1.2859918596953577,1.2663927232736043,-0.0195991364217531,0.2726013782076584,-0.0718966886763984,18,keepA_vs_dropA
A1,EnigmaEval,0.8517185440658032,0.8257120014320207,-0.0260065426337824,0.4189617550349188,-0.0620737867388752,42,keepA_vs_dropA
A2,EnigmaEval,0.7203256213713362,0.6004947102362661,-0.11983091113507,0.4219243729022804,-0.284010402885219,42,keepA_vs_dropA
A3,EnigmaEval,0.4117694093892657,0.6531293334778163,0.2413599240885505,0.4258753234660865,0.5667384579228166,42,keepA_vs_dropA
A_norm,EnigmaEval,1.4229603060752325,1.370028616699833,-0.0529316893753992,0.1594726536000772,-0.3319170289104264,42,keepA_vs_dropA
A1,ExploitBench,0.5763101358331665,0.5589197622181855,-0.0173903736149809,0.3262165472759353,-0.0533092933519128,10,keepA_vs_dropA
A2,ExploitBench,0.6027588728844031,0.5925108258207629,-0.0102480470636402,0.307748926999315,-0.0333000253276693,10,keepA_vs_dropA
A3,ExploitBench,0.608381396155061,0.6073995769651522,-0.0009818191899088,0.2910634964405603,-0.0033732130683357,10,keepA_vs_dropA
A_norm,ExploitBench,1.1324922316013182,1.1257748040243345,-0.0067174275769836,0.2446996215583007,-0.0274517285078155,10,keepA_vs_dropA
A1,Fiction.LiveBench,0.9838216036623888,0.997247807909216,0.013426204246827,0.4910890719849162,0.0273396518325283,41,keepA_vs_dropA
A2,Fiction.LiveBench,0.8546001589482245,0.7417127539497165,-0.112887404998508,0.4797100815312452,-0.2353242288303988,41,keepA_vs_dropA
A3,Fiction.LiveBench,0.5412367955426843,0.8379964190236375,0.2967596234809532,0.4938390305467256,0.6009237932295727,41,keepA_vs_dropA
A_norm,Fiction.LiveBench,1.6366413296783973,1.6641507851781872,0.0275094554997898,0.3319671841144689,0.0828679966460301,41,keepA_vs_dropA
A1,ForecastBench,0.1578826830074086,0.1561822646483562,-0.0017004183590524,0.0824270940193842,-0.0206293619747476,68,keepA_vs_dropA
A2,ForecastBench,0.1378916278069511,0.1198415483772676,-0.0180500794296835,0.0801481197569219,-0.2252090190565527,68,keepA_vs_dropA
A3,ForecastBench,0.1108967294479613,0.1404930249841864,0.029596295536225,0.0789783164762534,0.3747395089780607,68,keepA_vs_dropA
A_norm,ForecastBench,0.2704699226586738,0.2759163057813806,0.0054463831227067,0.0466881662650938,0.116654466396954,68,keepA_vs_dropA
A1,FrontierCode,0.3855362853942777,0.4185473869563181,0.0330111015620404,0.2734771578348265,0.1207088073585227,14,keepA_vs_dropA
A2,FrontierCode,0.4570849904956095,0.4576244555267479,0.0005394650311383,0.2661081635144557,0.00202723969086,14,keepA_vs_dropA
A3,FrontierCode,0.3663691082219906,0.3715123927368207,0.00514328451483,0.2220850975829854,0.0231590708733089,14,keepA_vs_dropA
A_norm,FrontierCode,0.8113213704648486,0.8116437843332768,0.0003224138684281,0.2088743140533384,0.0015435783470522,14,keepA_vs_dropA
A1,FrontierMath,1.3092721205041529,1.261363024788858,-0.0479090957152947,0.5491014559672459,-0.0872499884942074,40,keepA_vs_dropA
A2,FrontierMath,1.4409953379445122,1.1721846371926925,-0.2688107007518197,0.5983474240407878,-0.4492552152000165,40,keepA_vs_dropA
A3,FrontierMath,0.7798068919120713,0.9321274944306028,0.1523206025185314,0.5351483130974589,0.2846325005434361,40,keepA_vs_dropA
A_norm,FrontierMath,2.3404396414120145,2.1401368187054297,-0.2003028227065848,0.1825694686732516,-1.0971320898406676,40,keepA_vs_dropA
A1,FrontierMath Tier 4,1.9028847461273972,1.8161791698073273,-0.0867055763200699,0.7876256697516658,-0.1100847517417858,41,keepA_vs_dropA
A2,FrontierMath Tier 4,2.0939517943486603,1.727921060945066,-0.3660307334035941,0.8394353090510135,-0.4360440041739417,41,keepA_vs_dropA
A3,FrontierMath Tier 4,1.1796395601289915,1.393841795838981,0.2142022357099893,0.7512550041336196,0.2851258687548002,41,keepA_vs_dropA
A_norm,FrontierMath Tier 4,3.3994523497126714,3.103788392047874,-0.2956639576647974,0.3264720943732864,-0.9056331697579548,41,keepA_vs_dropA
A1,FrontierMath Tier 4 v1,1.4249000410450114,1.3712573695972143,-0.0536426714477971,0.3573904946737198,-0.1500954061376765,72,keepA_vs_dropA
A2,FrontierMath Tier 4 v1,1.3761964290265922,1.181810289597986,-0.1943861394286061,0.3772974018961572,-0.5152066737053935,72,keepA_vs_dropA
A3,FrontierMath Tier 4 v1,0.9870667598946392,1.1974405980577485,0.210373838163109,0.4051126410434766,0.5192971456561677,72,keepA_vs_dropA
A_norm,FrontierMath Tier 4 v1,2.3143310950523706,2.247923072412235,-0.0664080226401351,0.1851383051316955,-0.358694126495847,72,keepA_vs_dropA
A1,FrontierMath v1,1.158235332622642,1.1575525184864566,-0.0006828141361854,0.3615543785575916,-0.0018885516997733,101,keepA_vs_dropA
A2,FrontierMath v1,1.1304752935116265,0.9231032889537556,-0.2073720045578709,0.4135954640951568,-0.5013884884147579,101,keepA_vs_dropA
A3,FrontierMath v1,0.6900868894902038,0.905337075441867,0.2152501859516632,0.4386459394610651,0.490715099782131,101,keepA_vs_dropA
A_norm,FrontierMath v1,1.8878601838102576,1.8711569969044692,-0.0167031869057885,0.1235467891172717,-0.1351972562389599,101,keepA_vs_dropA
A1,GDP.pdf,0.4768267196742003,0.5120461266610785,0.0352194069868782,0.2703659902107059,0.1302656704692422,9,keepA_vs_dropA
A2,GDP.pdf,0.4889400631099523,0.4959322825131509,0.0069922194031986,0.2478981276127465,0.0282060194263406,9,keepA_vs_dropA
A3,GDP.pdf,0.4434243464557088,0.4826094860161646,0.0391851395604558,0.2259121211744464,0.1734530195048612,9,keepA_vs_dropA
A_norm,GDP.pdf,0.8785837265283568,0.9265109955944064,0.0479272690660497,0.269208396768492,0.1780303647336274,9,keepA_vs_dropA
A1,GDPval,0.7890136003463772,0.6476322269823956,-0.1413813733639816,0.381606741505675,-0.3704897162092694,11,keepA_vs_dropA
A2,GDPval,0.713110166196063,0.5964681354264282,-0.1166420307696348,0.3653458777404754,-0.3192646691158012,11,keepA_vs_dropA
A3,GDPval,0.8791953427546434,0.8369593435435695,-0.0422359992110739,0.3157644805394437,-0.1337579170998556,11,keepA_vs_dropA
A_norm,GDPval,1.4610683628906582,1.3772889461563955,-0.0837794167342627,0.2299207964936029,-0.3643838139565321,11,keepA_vs_dropA
A1,GPQA Diamond,0.8715417834389227,0.904073335228932,0.0325315517900092,0.3093936373365162,0.1051461564305727,201,keepA_vs_dropA
A2,GPQA Diamond,0.9051280718147802,0.7173260449438117,-0.1878020268709684,0.3773290342467537,-0.497714222405042,201,keepA_vs_dropA
A3,GPQA Diamond,0.5091795590364812,0.644613798283758,0.1354342392472768,0.3717771349303195,0.3642887808919734,201,keepA_vs_dropA
A_norm,GPQA Diamond,1.473537296358522,1.4677276727162425,-0.0058096236422795,0.0795014656761872,-0.0730756797106406,201,keepA_vs_dropA
A1,GPQA Diamond Biology,0.5093247099257322,0.5321199734489214,0.0227952635231891,0.2374492526451368,0.0960005696764867,35,keepA_vs_dropA
A2,GPQA Diamond Biology,0.5605169849220772,0.4775896131376404,-0.0829273717844368,0.2679569120132563,-0.3094802487510912,35,keepA_vs_dropA
A3,GPQA Diamond Biology,0.3617778610939746,0.3879245501634034,0.0261466890694287,0.2404225735958746,0.1087530537518438,35,keepA_vs_dropA
A_norm,GPQA Diamond Biology,0.9204981459213138,0.9019997719683188,-0.0184983739529949,0.1965386014410386,-0.0941208180854202,35,keepA_vs_dropA
A1,GPQA Diamond Chemistry,1.2475193909642976,1.2616413282735075,0.01412193730921,0.4108261288544231,0.034374486716774,38,keepA_vs_dropA
A2,GPQA Diamond Chemistry,1.3076389168899982,1.0566766096213818,-0.2509623072686164,0.4917905725359015,-0.5103032088934478,38,keepA_vs_dropA
A3,GPQA Diamond Chemistry,0.8563174348118533,0.958896281967427,0.1025788471555737,0.4720861817946731,0.2172883916356376,38,keepA_vs_dropA
A_norm,GPQA Diamond Chemistry,2.1211492558036245,2.0580522615661914,-0.063096994237433,0.2823470339652345,-0.2234731966237061,38,keepA_vs_dropA
A1,GPQA Main Biology,0.605265047233421,0.6382234004876952,0.0329583532542742,0.2807698296394777,0.1173856653209298,35,keepA_vs_dropA
A2,GPQA Main Biology,0.6729324665684603,0.5670812309096444,-0.1058512356588159,0.3230000968933894,-0.3277127055901583,35,keepA_vs_dropA
A3,GPQA Main Biology,0.4118928251417758,0.4498792626612115,0.0379864375194357,0.2809650016281778,0.135199890731252,35,keepA_vs_dropA
A_norm,GPQA Main Biology,1.0999780679639664,1.0792370359585108,-0.0207410320054555,0.1866025426833229,-0.1111508541480833,35,keepA_vs_dropA
A1,GPQA Main Chemistry,1.207463617920748,1.2186688413314872,0.0112052234107393,0.4156456929969132,0.0269585938204888,38,keepA_vs_dropA
A2,GPQA Main Chemistry,1.2833433165168862,1.0234706741634156,-0.2598726423534705,0.4972590741748051,-0.5226101560534129,38,keepA_vs_dropA
A3,GPQA Main Chemistry,0.8262363961282574,0.9010243357261816,0.0747879395979242,0.467259210679847,0.1600566407008012,38,keepA_vs_dropA
A_norm,GPQA Main Chemistry,2.075576111935133,1.991988152721612,-0.0835879592135211,0.2576635975810402,-0.3244073279976271,38,keepA_vs_dropA
A1,GSM8K,0.6573421583343805,0.7241762116271323,0.0668340532927518,0.6377015691483493,0.1048045928160545,94,keepA_vs_dropA
A2,GSM8K,0.8271635826459798,1.1580111198412335,0.3308475371952537,0.6115115493023155,0.5410323608323074,94,keepA_vs_dropA
A3,GSM8K,1.3218975636665842,0.9141148365035806,-0.4077827271630035,0.7202793901848616,-0.5661452107609868,94,keepA_vs_dropA
A_norm,GSM8K,2.0094032015546532,2.0144350886911684,0.0050318871365151,0.1842722540376899,0.0273068084112432,94,keepA_vs_dropA
A1,GSO-Bench,0.9992908989842444,0.9141972401401371,-0.0850936588441072,0.5277021075380776,-0.1612532101512729,36,keepA_vs_dropA
A2,GSO-Bench,0.845755410179375,0.8382484712601742,-0.0075069389192007,0.5036961088875079,-0.0149037063950741,36,keepA_vs_dropA
A3,GSO-Bench,1.11074908154555,1.181051896152529,0.070302814606979,0.4040088772826171,0.1740130441683339,36,keepA_vs_dropA
A_norm,GSO-Bench,1.8699267907496684,1.9239905832281032,0.0540637924784348,0.1915563353163923,0.2822344266982244,36,keepA_vs_dropA
A1,GeoBench,0.3132447367124121,0.326820513948066,0.0135757772356538,0.1548131339133742,0.0876913792291694,32,keepA_vs_dropA
A2,GeoBench,0.3093955621987639,0.3139542729907462,0.0045587107919822,0.1695156778989686,0.026892561493334,32,keepA_vs_dropA
A3,GeoBench,0.2435128141015727,0.2953433030341474,0.0518304889325746,0.1602133741870436,0.3235091277215365,32,keepA_vs_dropA
A_norm,GeoBench,0.5458758123466226,0.5811222106222315,0.0352463982756088,0.1827724506812041,0.192843057825418,32,keepA_vs_dropA
A1,HellaSwag,0.3640124731766494,0.3201506297619728,-0.0438618434146766,0.2299182549217477,-0.1907714697539129,77,keepA_vs_dropA
A2,HellaSwag,0.3173766792009208,0.4411389471873431,0.1237622679864223,0.2751032619485932,0.4498756834426375,77,keepA_vs_dropA
A3,HellaSwag,0.5977562304791876,0.51683421272975,-0.0809220177494375,0.251992346011071,-0.3211288716915326,77,keepA_vs_dropA
A_norm,HellaSwag,0.8749228331401693,0.8739487944520579,-0.0009740386881114,0.0691931756032897,-0.0140770918463973,77,keepA_vs_dropA
A1,Humanity's Last Exam,0.8732451390479538,0.9025368363835736,0.0292916973356197,0.3694974819226048,0.0792744166569319,46,keepA_vs_dropA
A2,Humanity's Last Exam,0.7949744877543202,0.6200451867889915,-0.1749293009653287,0.3959922366066618,-0.4417493192905335,46,keepA_vs_dropA
A3,Humanity's Last Exam,0.4498222388303259,0.6799470763281793,0.2301248374978533,0.4365688177647267,0.5271215628182381,46,keepA_vs_dropA
A_norm,Humanity's Last Exam,1.424494084895613,1.4749423832434407,0.050448298347828,0.1035882995142106,0.487007688941813,46,keepA_vs_dropA
A1,LAB-Bench Cloning,0.8510425571042833,0.8307870243048913,-0.020255532799392,0.3425942235041681,-0.059123976441318,32,keepA_vs_dropA
A2,LAB-Bench Cloning,0.9588113262585894,0.9169035733301016,-0.0419077529284879,0.3462548398423659,-0.1210315296894235,32,keepA_vs_dropA
A3,LAB-Bench Cloning,0.9186317672482276,0.7640853362273473,-0.1545464310208801,0.3189909811712427,-0.4844852680581449,32,keepA_vs_dropA
A_norm,LAB-Bench Cloning,1.6546037416514388,1.5226274077554192,-0.1319763338960196,0.334777329225058,-0.3942212401345042,32,keepA_vs_dropA
A1,LAB-Bench LitQA2,0.2913683417328205,0.2832681393041644,-0.0081002024286561,0.0990306156242637,-0.0817949315733776,33,keepA_vs_dropA
A2,LAB-Bench LitQA2,0.273429203415986,0.2352968911841711,-0.0381323122318148,0.1033804875347099,-0.3688540569032616,33,keepA_vs_dropA
A3,LAB-Bench LitQA2,0.2455356138626863,0.2673990586241759,0.0218634447614896,0.1089341405718064,0.2007033299820074,33,keepA_vs_dropA
A_norm,LAB-Bench LitQA2,0.492056685236537,0.483158274581481,-0.0088984106550559,0.0900424068648186,-0.0988246645651668,33,keepA_vs_dropA
A1,LAB-Bench Protocol,0.6239579397175419,0.6377642613381327,0.0138063216205908,0.1990655402327646,0.0693556584652836,34,keepA_vs_dropA
A2,LAB-Bench Protocol,0.6837886032497454,0.6830737841521819,-0.0007148190975635,0.1953938139492009,-0.003658350707814,34,keepA_vs_dropA
A3,LAB-Bench Protocol,0.6217059694418496,0.5799018737073801,-0.0418040957344695,0.1765693492520194,-0.2367573755669341,34,keepA_vs_dropA
A_norm,LAB-Bench Protocol,1.154700491448729,1.137200009169843,-0.0175004822788862,0.1490569618203115,-0.1174080168089236,34,keepA_vs_dropA
A1,LAB-Bench SeqQA,0.5380006379430586,0.5529439928279739,0.0149433548849152,0.1907759857566743,0.0783293286397943,34,keepA_vs_dropA
A2,LAB-Bench SeqQA,0.5380248422476143,0.4282197462428242,-0.10980509600479,0.2250804357211036,-0.4878482470188975,34,keepA_vs_dropA
A3,LAB-Bench SeqQA,0.3182062781972386,0.417924791422581,0.0997185132253424,0.2365078098213872,0.4216288388136135,34,keepA_vs_dropA
A_norm,LAB-Bench SeqQA,0.8935262411262627,0.8989357680016858,0.0054095268754231,0.1083087774835012,0.0499454153311555,34,keepA_vs_dropA
A1,LAMBADA,0.2153863553239018,0.2006719463988711,-0.0147144089250307,0.0884023207912088,-0.1664482198355816,26,keepA_vs_dropA
A2,LAMBADA,0.1959698369095656,0.1958357214697496,-0.0001341154398159,0.095032303455454,-0.0014112615914739,26,keepA_vs_dropA
A3,LAMBADA,0.2131757636175543,0.2241597333239679,0.0109839697064136,0.0972526740019968,0.112942598433726,26,keepA_vs_dropA
A_norm,LAMBADA,0.3863395113681269,0.3851897801495719,-0.0011497312185549,0.0839249951410357,-0.0136995089081961,26,keepA_vs_dropA
A1,Lech Mazur Writing,0.3758161363034895,0.3481755613897913,-0.0276405749136982,0.1611220599169344,-0.1715505308704975,49,keepA_vs_dropA
A2,Lech Mazur Writing,0.3881140611540038,0.4525046040837375,0.0643905429297336,0.1835682330066401,0.3507717096530775,49,keepA_vs_dropA
A3,Lech Mazur Writing,0.5030821996849145,0.4462689075847407,-0.0568132921001737,0.1927045837631728,-0.2948206575614999,49,keepA_vs_dropA
A_norm,Lech Mazur Writing,0.7727989204898985,0.791407410087111,0.0186084895972125,0.1416793037672584,0.1313423280776515,49,keepA_vs_dropA
A1,LiveBench,0.6429895283360925,0.6345948114990548,-0.0083947168370376,0.1632917442335196,-0.0514093157400079,52,keepA_vs_dropA
A2,LiveBench,0.6255801932362699,0.5226668181187035,-0.1029133751175663,0.180686966379559,-0.5695672309943042,52,keepA_vs_dropA
A3,LiveBench,0.4665383137374478,0.544151366138956,0.0776130524015081,0.1978702461477297,0.3922421582452691,52,keepA_vs_dropA
A_norm,LiveBench,1.0495112337121282,1.036057582484429,-0.0134536512276992,0.0907636175385386,-0.1482273579717862,52,keepA_vs_dropA
A1,MATH Level 5,1.2636115916621564,1.316037395616538,0.0524258039543814,0.5438522013076831,0.0963971531756689,111,keepA_vs_dropA
A2,MATH Level 5,1.3159004444047544,0.970814225719474,-0.3450862186852803,0.6699331252259135,-0.5151054720109728,111,keepA_vs_dropA
A3,MATH Level 5,0.6006667328202825,0.8576323381546928,0.2569656053344102,0.6676319050037874,0.3848911404750085,111,keepA_vs_dropA
A_norm,MATH Level 5,2.177055004831473,2.169399588764402,-0.0076554160670712,0.1300952395422878,-0.0588447055711273,111,keepA_vs_dropA
A1,MCP Atlas,0.6471728017917604,0.6182370423079117,-0.0289357594838487,0.503567344178434,-0.0574615487250413,28,keepA_vs_dropA
A2,MCP Atlas,0.4894171792217379,0.3321601572565956,-0.1572570219651422,0.4199786960270195,-0.3744404738925734,28,keepA_vs_dropA
A3,MCP Atlas,0.4872245448431406,0.6289122801536262,0.1416877353104856,0.436178742398271,0.3248386992255386,28,keepA_vs_dropA
A_norm,MCP Atlas,1.1702709506611335,1.2585779700371291,0.0883070193759956,0.1880201730765785,0.4696677911259508,28,keepA_vs_dropA
A1,METR Time Horizons,0.5020676705164954,0.4677330919003875,-0.0343345786161078,0.2290816655940871,-0.1498792080416675,50,keepA_vs_dropA
A2,METR Time Horizons,0.4244857050170131,0.3556093977372554,-0.0688763072797576,0.1999869638660139,-0.3444039848812496,50,keepA_vs_dropA
A3,METR Time Horizons,0.4134156526547696,0.4907802300210303,0.0773645773662606,0.1902592103941078,0.4066272387339653,50,keepA_vs_dropA
A_norm,METR Time Horizons,0.8513813491286975,0.8454811347136516,-0.0059002144150458,0.0588432601619503,-0.1002700122122242,50,keepA_vs_dropA
A1,MMLU,0.469393639157236,0.5046706644635879,0.0352770253063519,0.4027361940932748,0.0875933820295815,138,keepA_vs_dropA
A2,MMLU,0.5789996715252318,0.7927127022594679,0.2137130307342361,0.3809497759036616,0.561000541940946,138,keepA_vs_dropA
A3,MMLU,0.8880001512952294,0.627916769256961,-0.2600833820382683,0.4518421672932445,-0.575606707086005,138,keepA_vs_dropA
A_norm,MMLU,1.348557274928181,1.344769289126139,-0.0037879858020417,0.0933555701423837,-0.040575894895874,138,keepA_vs_dropA
A1,MMLU Biology,0.26070380562004,0.2585960125876088,-0.0021077930324311,0.0719062596862606,-0.029313067341116,35,keepA_vs_dropA
A2,MMLU Biology,0.2620305888727839,0.2429242010025358,-0.0191063878702481,0.0808915769913674,-0.2361974952260741,35,keepA_vs_dropA
A3,MMLU Biology,0.2422824767558907,0.2429827495322322,0.0007002727763414,0.0818007531143611,0.0085607130702381,35,keepA_vs_dropA
A_norm,MMLU Biology,0.4542583870798903,0.4441347157563402,-0.0101236713235501,0.0820252927764787,-0.1234213372591966,35,keepA_vs_dropA
A1,MMLU Chemistry,0.4635955793875394,0.4709925282711324,0.007396948883593,0.1493855244504764,0.0495158343541193,38,keepA_vs_dropA
A2,MMLU Chemistry,0.4668777318746264,0.372355549267645,-0.0945221826069813,0.1797512178899834,-0.52585002603339,38,keepA_vs_dropA
A3,MMLU Chemistry,0.2984837625529994,0.3620075505461906,0.0635237879931912,0.1896684961102397,0.3349200805402584,38,keepA_vs_dropA
A_norm,MMLU Chemistry,0.7713813364809551,0.7647315610262934,-0.0066497754546617,0.0862500385364889,-0.0770988114034113,38,keepA_vs_dropA
A1,MMLU Pro Biology,0.5712315075363835,0.5914328363092056,0.0202013287728221,0.2688525414192416,0.0751390656981764,33,keepA_vs_dropA
A2,MMLU Pro Biology,0.6451031193682641,0.5985471391210108,-0.0465559802472533,0.2737236640291266,-0.1700838705794154,33,keepA_vs_dropA
A3,MMLU Pro Biology,0.511754933692202,0.4699434658647362,-0.0418114678274658,0.2259712376042959,-0.1850300430742562,33,keepA_vs_dropA
A_norm,MMLU Pro Biology,1.0935222301742158,1.0426485389430475,-0.0508736912311682,0.1531122856937437,-0.3322639395046727,33,keepA_vs_dropA
A1,MMLU Pro Chemistry,0.8724025325347644,0.9195936493346324,0.0471911167998679,0.411494647938974,0.1146822128458559,36,keepA_vs_dropA
A2,MMLU Pro Chemistry,1.0010154425356927,0.8921166353733383,-0.1088988071623544,0.4357072984699757,-0.2499356966127539,36,keepA_vs_dropA
A3,MMLU Pro Chemistry,0.6979199323486049,0.6717135936004069,-0.026206338748198,0.3450708019026789,-0.0759448165527172,36,keepA_vs_dropA
A_norm,MMLU Pro Chemistry,1.6500002050909386,1.5873938304523558,-0.0626063746385827,0.1689664273006763,-0.3705255276965435,36,keepA_vs_dropA
A1,MindCube,0.5451545227025835,0.5292963949253383,-0.0158581277772451,0.4094243419072718,-0.0387327429125764,5,keepA_vs_dropA
A2,MindCube,0.5567395574617817,0.5217161856854827,-0.0350233717762989,0.4112044421739319,-0.0851726493788332,5,keepA_vs_dropA
A3,MindCube,0.5044955004758517,0.5072794812407608,0.0027839807649091,0.3919324915876767,0.0071032150297913,5,keepA_vs_dropA
A_norm,MindCube,1.0738858199435235,1.038685407564112,-0.0352004123794114,0.4582040039232906,-0.0768225770137626,5,keepA_vs_dropA
A1,MultiChallenge,0.3322135021505253,0.3308006708928983,-0.0014128312576269,0.217676816379218,-0.0064904994529397,30,keepA_vs_dropA
A2,MultiChallenge,0.2650738877360644,0.2107572565192214,-0.054316631216843,0.1991560340303985,-0.2727340473578235,30,keepA_vs_dropA
A3,MultiChallenge,0.175591418986123,0.2923699740514548,0.1167785550653317,0.2043100915913769,0.571575070794303,30,keepA_vs_dropA
A_norm,MultiChallenge,0.5808582670124542,0.5903127715915159,0.0094545045790616,0.1060721620137465,0.0891327601848667,30,keepA_vs_dropA
A1,MultiNRC,0.7324131517290682,0.7332541911727581,0.0008410394436899,0.2922735927406888,0.0028775758897799,44,keepA_vs_dropA
A2,MultiNRC,0.6340141292013717,0.5739055522427728,-0.0601085769585988,0.2780621029809296,-0.2161696121629392,44,keepA_vs_dropA
A3,MultiNRC,0.4728534584447152,0.6606093648946733,0.187755906449958,0.283601013857599,0.6620424373526165,44,keepA_vs_dropA
A_norm,MultiNRC,1.2026224384922162,1.2177394379850668,0.0151169994928506,0.1062570768426013,0.1422681664322785,44,keepA_vs_dropA
A1,OS World (Screenshot),0.6956034679110688,0.6796388906258295,-0.0159645772852392,0.3664310158799233,-0.0435677565309338,10,keepA_vs_dropA
A2,OS World (Screenshot),0.7051326506433435,0.8114021028768674,0.1062694522335239,0.3981184254013278,0.2669292488193626,10,keepA_vs_dropA
A3,OS World (Screenshot),1.016765497186647,0.8216642691295293,-0.195101228057118,0.4226316526168639,-0.4616342075873497,10,keepA_vs_dropA
A_norm,OS World (Screenshot),1.523679980751424,1.4702145428968922,-0.0534654378545318,0.3673869642458019,-0.1455289464728001,10,keepA_vs_dropA
A1,OS World 2,0.5282594078584137,0.485495514756314,-0.0427638931020997,0.3471797553907505,-0.123175076997128,7,keepA_vs_dropA
A2,OS World 2,0.53454367201786,0.5818201301071229,0.0472764580892628,0.3419082003659039,0.1382723726388207,7,keepA_vs_dropA
A3,OS World 2,0.6523765235734567,0.6306613957203436,-0.021715127853113,0.3403728650579053,-0.0637980581954403,7,keepA_vs_dropA
A_norm,OS World 2,1.094340868993266,1.1336717120210944,0.0393308430278283,0.3050641808737065,0.128926453820912,7,keepA_vs_dropA
A1,OTIS Mock AIME 2024-2025,1.639857712437809,1.7285608228046343,0.0887031103668252,0.7407981995608665,0.1197399108413155,175,keepA_vs_dropA
A2,OTIS Mock AIME 2024-2025,1.7231293719874954,1.269037499382584,-0.4540918726049114,0.9142390269472448,-0.4966883486927695,175,keepA_vs_dropA
A3,OTIS Mock AIME 2024-2025,0.7604732317123247,1.0958778488927574,0.3354046171804327,0.8964907037715203,0.3741306137022854,175,keepA_vs_dropA
A_norm,OTIS Mock AIME 2024-2025,2.854553350715873,2.8654466861526804,0.0108933354368074,0.1632730853966339,0.0667185005437036,175,keepA_vs_dropA
A1,OpenBookQA,0.3063160886987374,0.2791785129101221,-0.0271375757886152,0.5102325450410379,-0.0531866813521912,43,keepA_vs_dropA
A2,OpenBookQA,0.3129543149099384,0.6734765673929206,0.3605222524829821,0.613739508853485,0.5874190064062632,43,keepA_vs_dropA
A3,OpenBookQA,1.0041230079711243,0.6710440149137888,-0.3330789930573357,0.6796597450682642,-0.4900672659727429,43,keepA_vs_dropA
A_norm,OpenBookQA,1.4751720960180197,1.4722196306477895,-0.0029524653702299,0.1345039354335852,-0.0219507731183659,43,keepA_vs_dropA
A1,PIQA,0.18292771850883,0.1715869208167155,-0.0113407976921144,0.0968098696010998,-0.1171450569951562,61,keepA_vs_dropA
A2,PIQA,0.1778259891031717,0.2403990491448501,0.0625730600416783,0.1165128510068961,0.5370485701871188,61,keepA_vs_dropA
A3,PIQA,0.3040354216431095,0.2509295615759613,-0.0531058600671482,0.1217471682469615,-0.4361979077774041,61,keepA_vs_dropA
A_norm,PIQA,0.4365310756744576,0.4360324690585602,-0.0004986066158974,0.0358986891422471,-0.0138892708288524,61,keepA_vs_dropA
A1,PRBench Finance,0.2398504268148354,0.2268497338096172,-0.0130006930052182,0.1063667193161324,-0.1222251949557539,32,keepA_vs_dropA
A2,PRBench Finance,0.2093269342434119,0.1958897640583004,-0.0134371701851114,0.1039663671526207,-0.1292453564851983,32,keepA_vs_dropA
A3,PRBench Finance,0.1972410707558893,0.2426248488930952,0.0453837781372058,0.0969488068240738,0.4681210591849841,32,keepA_vs_dropA
A_norm,PRBench Finance,0.4102954590954246,0.4170086022108435,0.0067131431154189,0.0698420521594246,0.0961189270340339,32,keepA_vs_dropA
A1,PRBench Legal,0.2321428004349664,0.2267208324676595,-0.0054219679673068,0.113831642387106,-0.0476314656769024,32,keepA_vs_dropA
A2,PRBench Legal,0.1967680153666806,0.1791458390183933,-0.0176221763482873,0.1060640273280681,-0.1661465889257621,32,keepA_vs_dropA
A3,PRBench Legal,0.1651244002130745,0.2288170185231572,0.0636926183100826,0.1034202332794562,0.6158622572236534,32,keepA_vs_dropA
A_norm,PRBench Legal,0.3925192295085966,0.4053702801657151,0.0128510506571185,0.059734059881319,0.2151377402214291,32,keepA_vs_dropA
A1,PostTrainBench,0.5785497283729609,0.5014831675809892,-0.0770665607919717,0.2680170806976905,-0.2875434677198758,27,keepA_vs_dropA
A2,PostTrainBench,0.4958919069018771,0.4734468559637844,-0.0224450509380927,0.2475689696976027,-0.0906618101836778,27,keepA_vs_dropA
A3,PostTrainBench,0.5583932666914071,0.5906929330131739,0.0322996663217668,0.2072419291660805,0.1558548815470752,27,keepA_vs_dropA
A_norm,PostTrainBench,1.0281497409113778,0.9786948187099456,-0.0494549222014321,0.1646164372520089,-0.3004251764100705,27,keepA_vs_dropA
A1,ProofBench,0.9202936117088696,0.831361302221499,-0.0889323094873706,0.3048459066609922,-0.2917287309560923,44,keepA_vs_dropA
A2,ProofBench,0.9394155317449912,0.9581756342021444,0.0187601024571532,0.3274427021960486,0.0572927792598078,44,keepA_vs_dropA
A3,ProofBench,1.0603278344499627,1.0297649149633057,-0.0305629194866572,0.2997876421570531,-0.1019485635456777,44,keepA_vs_dropA
A_norm,ProofBench,1.7304946056375718,1.7395531639814503,0.0090585583438786,0.2034734636569423,0.0445196055597278,44,keepA_vs_dropA
A1,Remote Labor Index,0.5310358377877623,0.5404165517038132,0.0093807139160508,0.3641202544404909,0.0257626808771331,17,keepA_vs_dropA
A2,Remote Labor Index,0.6121456988434992,0.5782850132406397,-0.0338606856028594,0.3524886057847127,-0.0960617876639688,17,keepA_vs_dropA
A3,Remote Labor Index,0.7092232832927354,0.7144205776715652,0.0051972943788297,0.3361869679067636,0.0154595355411609,17,keepA_vs_dropA
A_norm,Remote Labor Index,1.188702039747326,1.2253633045198975,0.0366612647725717,0.2467373017075463,0.1485842007627436,17,keepA_vs_dropA
A1,SEAL Instruction Following,0.3033788578119927,0.3238190782977479,0.0204402204857552,0.2124869582104853,0.0961951766729492,18,keepA_vs_dropA
A2,SEAL Instruction Following,0.3404840808144729,0.3034935288651595,-0.0369905519493133,0.2296202286134424,-0.1610944827146987,18,keepA_vs_dropA
A3,SEAL Instruction Following,0.2032869949113017,0.2232644103876161,0.0199774154763143,0.1882473067439681,0.1061232472424439,18,keepA_vs_dropA
A_norm,SEAL Instruction Following,0.5930705589477453,0.5942506019151326,0.0011800429673872,0.1700996799754615,0.0069373614786195,18,keepA_vs_dropA
A1,SEAL Tool Use (Enterprise),0.5554750968425376,0.5391968101630549,-0.0162782866794827,0.153159956675026,-0.1062829151487807,35,keepA_vs_dropA
A2,SEAL Tool Use (Enterprise),0.5604792122386411,0.5352318708427334,-0.0252473413959076,0.1639000271313295,-0.15404110565325,35,keepA_vs_dropA
A3,SEAL Tool Use (Enterprise),0.5268713570812098,0.5261089422609743,-0.0007624148202355,0.1519726728908421,-0.0050167889116693,35,keepA_vs_dropA
A_norm,SEAL Tool Use (Enterprise),0.976712611040841,0.9511569671584976,-0.0255556438823433,0.1456821893279258,-0.1754205095368138,35,keepA_vs_dropA
A1,SWE-Bench Pro,0.5386282318598874,0.4855550845478285,-0.0530731473120589,0.3011336551510133,-0.1762444894624735,25,keepA_vs_dropA
A2,SWE-Bench Pro,0.4596251557473637,0.4985812598020087,0.038956104054645,0.3151129415185615,0.1236258462344059,25,keepA_vs_dropA
A3,SWE-Bench Pro,0.6812955281763473,0.6673662259743052,-0.0139293022020421,0.2656497517859286,-0.0524348398912374,25,keepA_vs_dropA
A_norm,SWE-Bench Pro,1.0857872367323105,1.0953279727190883,0.009540735986778,0.1372616540096264,0.0695076571502552,25,keepA_vs_dropA
A1,SWE-Bench Pro (Private),0.8744254585545829,0.7900892025206493,-0.0843362560339335,0.4237645514448607,-0.1990167788843641,14,keepA_vs_dropA
A2,SWE-Bench Pro (Private),0.7482407781606265,0.6887963546275434,-0.0594444235330831,0.3965337044322939,-0.1499101409757539,14,keepA_vs_dropA
A3,SWE-Bench Pro (Private),0.9410267958114824,0.973210634854134,0.0321838390426514,0.3309592842760305,0.0972441039478713,14,keepA_vs_dropA
A_norm,SWE-Bench Pro (Private),1.5973272772638234,1.5944170921670968,-0.0029101850967265,0.1657021874065364,-0.0175627439943607,14,keepA_vs_dropA
A1,SWE-Bench Verified,0.506608257367392,0.453015436816442,-0.0535928205509499,0.3244891340642317,-0.165160601465137,33,keepA_vs_dropA
A2,SWE-Bench Verified,0.4030211459819979,0.31310051186416,-0.0899206341178378,0.2802010254554179,-0.3209147217490997,33,keepA_vs_dropA
A3,SWE-Bench Verified,0.4621527036477002,0.5203181524121365,0.0581654487644363,0.2622905024507549,0.2217596452062036,33,keepA_vs_dropA
A_norm,SWE-Bench Verified,0.9177950638753388,0.9191689520388536,0.0013738881635148,0.1109817272193062,0.0123794087363582,33,keepA_vs_dropA
A1,SciCode,0.30931067934485,0.3035689383557569,-0.0057417409890931,0.1161260982684992,-0.0494440188269948,70,keepA_vs_dropA
A2,SciCode,0.2791656477352329,0.216100130221092,-0.0630655175141408,0.1093712229480914,-0.57661892968018,70,keepA_vs_dropA
A3,SciCode,0.2122439628284144,0.2682118364702943,0.0559678736418798,0.1250786958122679,0.4474612825023588,70,keepA_vs_dropA
A_norm,SciCode,0.5017343036731539,0.5073799562285248,0.0056456525553709,0.0350521744824782,0.161064260312669,70,keepA_vs_dropA
A1,ScienceQA,0.2946074342297828,0.2837507429541133,-0.0108566912756695,0.3248726516567347,-0.0334182985865515,24,keepA_vs_dropA
A2,ScienceQA,0.3094094972393333,0.4975900959679523,0.1881805987286189,0.391161936512118,0.4810810591811997,24,keepA_vs_dropA
A3,ScienceQA,0.6853214271147658,0.4894390529888598,-0.195882374125906,0.4396206938412162,-0.4455713228928561,24,keepA_vs_dropA
A_norm,ScienceQA,0.9908021757588076,0.9738556313246822,-0.0169465444341252,0.3109686299029782,-0.0544959935007352,24,keepA_vs_dropA
A1,SimpleBench,0.7725821394339499,0.7232086828182382,-0.0493734566157116,0.479475854051033,-0.1029738123381216,91,keepA_vs_dropA
A2,SimpleBench,0.6087804371154119,0.4596354111537557,-0.1491450259616561,0.4100091105650083,-0.3637602729269322,91,keepA_vs_dropA
A3,SimpleBench,0.5764234797814763,0.7369020977572412,0.1604786179757649,0.4077476217767616,0.393573400321696,91,keepA_vs_dropA
A_norm,SimpleBench,1.348034936847814,1.3628945166285364,0.0148595797807224,0.1243518094735566,0.1194962891463382,91,keepA_vs_dropA
A1,SimpleQA Verified,0.6770645714725979,0.6660128238446196,-0.0110517476279783,0.3828002889126249,-0.028870792285376,68,keepA_vs_dropA
A2,SimpleQA Verified,0.5760100439540397,0.4315459637777527,-0.1444640801762869,0.3738157611417955,-0.3864579699235554,68,keepA_vs_dropA
A3,SimpleQA Verified,0.3115471885436146,0.5112803618601027,0.1997331733164881,0.3917433167015233,0.5098572580592833,68,keepA_vs_dropA
A_norm,SimpleQA Verified,1.1491474704341642,1.1245977150855144,-0.0245497553486497,0.1906469982584691,-0.1287707415952415,68,keepA_vs_dropA
A1,SpatialViz-Bench,0.5313222521960506,0.5185890111389079,-0.0127332410571426,0.3377411786319311,-0.0377011802609338,8,keepA_vs_dropA
A2,SpatialViz-Bench,0.5282321512651426,0.5061725528009392,-0.0220595984642033,0.3375600329849387,-0.06535014903612,8,keepA_vs_dropA
A3,SpatialViz-Bench,0.4609074209433552,0.487043107314105,0.0261356863707497,0.3203404549852571,0.0815872174869471,8,keepA_vs_dropA
A_norm,SpatialViz-Bench,0.9800758388952964,0.9703661914637748,-0.0097096474315215,0.3842089105928041,-0.0252717913713671,8,keepA_vs_dropA
A1,SuperGLUE,0.4103603890745791,0.3803746206778781,-0.029985768396701,0.2987456477338091,-0.1003722351243061,9,keepA_vs_dropA
A2,SuperGLUE,0.4119775665488241,0.5400270739337276,0.1280495073849034,0.3410652567831184,0.3754399043533462,9,keepA_vs_dropA
A3,SuperGLUE,0.7227734795149473,0.5400326827642995,-0.1827407967506478,0.3777610012570395,-0.4837471209112602,9,keepA_vs_dropA
A_norm,SuperGLUE,1.0632380810859887,1.006899836535119,-0.0563382445508697,0.2652406936599066,-0.2124042271700097,9,keepA_vs_dropA
A1,Surface Evolver Bench,0.7526519141285457,0.7242248977717558,-0.0284270163567899,0.3989539474166549,-0.0712538791528778,17,keepA_vs_dropA
A2,Surface Evolver Bench,0.6714106153895915,0.7060118676133591,0.0346012522237676,0.3878135054825564,0.089221369897145,17,keepA_vs_dropA
A3,Surface Evolver Bench,0.918130019378194,0.8952728298778333,-0.0228571895003606,0.3554991389371679,-0.0642960474354355,17,keepA_vs_dropA
A_norm,Surface Evolver Bench,1.4854392710024478,1.4932803666551735,0.0078410956527257,0.245130658167758,0.0319874132078557,17,keepA_vs_dropA
A1,TerminalBench,1.0253799382281816,0.9884693697520496,-0.036910568476132,0.3351284834310915,-0.1101385596898138,59,keepA_vs_dropA
A2,TerminalBench,0.9197040632168432,0.8356364559939448,-0.0840676072228984,0.2909823556353328,-0.2889096386595147,59,keepA_vs_dropA
A3,TerminalBench,0.901236155075095,1.0379500786149214,0.1367139235398263,0.2770889033226641,0.493393715520343,59,keepA_vs_dropA
A_norm,TerminalBench,1.7166424844510282,1.7385361620399953,0.021893677588967,0.142016396933203,0.1541630266768753,59,keepA_vs_dropA
A1,The Agent Company,0.9265446147023332,0.8479589928664838,-0.0785856218358493,0.508103315663478,-0.1546646506985155,14,keepA_vs_dropA
A2,The Agent Company,0.7947833477806596,0.6082819026552224,-0.1865014451254372,0.4739955330614998,-0.3934666723984487,14,keepA_vs_dropA
A3,The Agent Company,0.6834668854883141,0.8554426302713479,0.1719757447830338,0.4784084007994847,0.3594747594223663,14,keepA_vs_dropA
A_norm,The Agent Company,1.5985214487521762,1.57718574251405,-0.0213357062381263,0.2817453582320612,-0.0757269130253178,14,keepA_vs_dropA
A1,TriviaQA,0.341883928687574,0.325326240377831,-0.016557688309743,0.1186557513435981,-0.1395439169383032,40,keepA_vs_dropA
A2,TriviaQA,0.3278048695214953,0.3690102731944149,0.0412054036729195,0.1353593363864126,0.3044149356294844,40,keepA_vs_dropA
A3,TriviaQA,0.4260888419121831,0.3940368778574212,-0.0320519640547619,0.1338621918642617,-0.2394400062361378,40,keepA_vs_dropA
A_norm,TriviaQA,0.6629820719761299,0.6588450990769829,-0.004136972899147,0.1228452581941819,-0.0336762929229854,40,keepA_vs_dropA
A1,TutorBench,0.2063137845080408,0.2153942926365536,0.0090805081285127,0.1333679755368566,0.0680861210643733,27,keepA_vs_dropA
A2,TutorBench,0.1643079759343138,0.1324689294791879,-0.0318390464551259,0.124143170885508,-0.2564703819631747,27,keepA_vs_dropA
A3,TutorBench,0.1028813700577353,0.1820636472539496,0.0791822771962142,0.1296439317146452,0.6107673236144956,27,keepA_vs_dropA
A_norm,TutorBench,0.3599492434882265,0.3764088408984622,0.0164595974102357,0.0547816912252669,0.3004580005124792,27,keepA_vs_dropA
A1,Video-MME,0.1924944068052348,0.1979776782322152,0.0054832714269803,0.1803402133712018,0.0304051510446752,50,keepA_vs_dropA
A2,Video-MME,0.2305121496698643,0.2645709064931394,0.0340587568232751,0.1856787458072545,0.1834284084330801,50,keepA_vs_dropA
A3,Video-MME,0.2599324493775737,0.2069346850143217,-0.052997764363252,0.1682348494282682,-0.3150225089710037,50,keepA_vs_dropA
A_norm,Video-MME,0.4801793734165318,0.4719557969236834,-0.0082235764928484,0.1533941298833434,-0.0536107639784031,50,keepA_vs_dropA
A1,Visual Task Assessment (VISTA),0.2604097952985019,0.2645859524806159,0.004176157182114,0.1437943486866839,0.0290425682250806,63,keepA_vs_dropA
A2,Visual Task Assessment (VISTA),0.2220459106117882,0.1594071266400994,-0.0626387839716888,0.136545307100156,-0.4587399252450564,63,keepA_vs_dropA
A3,Visual Task Assessment (VISTA),0.1206525922127036,0.213153226879275,0.0925006346665713,0.1570230695924095,0.5890894561332842,63,keepA_vs_dropA
A_norm,Visual Task Assessment (VISTA),0.4354729241800528,0.4553084765239417,0.0198355523438888,0.0420608832992117,0.4715914357476325,63,keepA_vs_dropA
A1,VisualToolBench,0.9735521880159512,1.0164548140187322,0.0429026260027809,0.3670064265369527,0.1168988412753617,20,keepA_vs_dropA
A2,VisualToolBench,0.8977505349383507,0.8334521853087078,-0.0642983496296428,0.3919314852766964,-0.1640550760657808,20,keepA_vs_dropA
A3,VisualToolBench,0.5670881106145291,0.8143946192933147,0.2473065086787855,0.3923357713487841,0.6303440235097288,20,keepA_vs_dropA
A_norm,VisualToolBench,1.593384243175742,1.6605791707452615,0.0671949275695198,0.1650402069677202,0.407142773291979,20,keepA_vs_dropA
A1,WMDP Biology,0.3857865141953599,0.4201191147631646,0.0343326005678046,0.3323911723685386,0.1032897484104614,34,keepA_vs_dropA
A2,WMDP Biology,0.5065689757316278,0.5167316501541299,0.010162674422502,0.3060795245104204,0.033202725464101,34,keepA_vs_dropA
A3,WMDP Biology,0.4038425565999913,0.3161823150143829,-0.0876602415856084,0.2497491614766245,-0.3509931367429758,34,keepA_vs_dropA
A_norm,WMDP Biology,0.9167035776930522,0.8826079625296147,-0.0340956151634375,0.1134884431231045,-0.3004324865612341,34,keepA_vs_dropA
A1,WMDP Chemistry,0.4959441793484291,0.5441725729867924,0.0482283936383633,0.3732652963543297,0.1292067441291985,37,keepA_vs_dropA
A2,WMDP Chemistry,0.6258636624768867,0.5824049987202417,-0.043458663756645,0.3715512737980621,-0.1169654548951024,37,keepA_vs_dropA
A3,WMDP Chemistry,0.4031928609461733,0.3577401082484177,-0.0454527526977556,0.2877472102712612,-0.1579607067429326,37,keepA_vs_dropA
A_norm,WMDP Chemistry,1.0801788376421009,1.0419516788809584,-0.0382271587611422,0.1253589757526474,-0.3049415371466524,37,keepA_vs_dropA
A1,WeirdML,0.6557159659331618,0.6394353904708826,-0.0162805754622792,0.1359170469789566,-0.1197831752833761,143,keepA_vs_dropA
A2,WeirdML,0.6299063201269722,0.5468766717069975,-0.0830296484199747,0.1270991885153553,-0.6532665502419288,143,keepA_vs_dropA
A3,WeirdML,0.5431967680044709,0.6094785176026573,0.0662817495981863,0.1456286495595995,0.4551422388289062,143,keepA_vs_dropA
A_norm,WeirdML,1.0796454122724866,1.0678240941016537,-0.011821318170833,0.0592118850853276,-0.1996443476474008,143,keepA_vs_dropA
A1,WinoGrande,0.4359387528521324,0.4053075282231472,-0.0306312246289852,0.2092045278920136,-0.1464175987854159,81,keepA_vs_dropA
A2,WinoGrande,0.4148436223163689,0.546311080242861,0.1314674579264921,0.2540503023991942,0.5174859336318157,81,keepA_vs_dropA
A3,WinoGrande,0.6862410686872621,0.5828797280040504,-0.1033613406832116,0.2555994356263849,-0.4043879847774669,81,keepA_vs_dropA
A_norm,WinoGrande,0.992375919655821,0.9921999894614312,-0.0001759301943897,0.0823132339929796,-0.0021373257477014,81,keepA_vs_dropA
D,APEX Agents,3.94230529323309,3.7887688489090863,-0.1535364443240037,0.3096928484784804,-0.4957700672725495,50,keepA_vs_dropB
D,ARC (AI2),-0.6543628198394793,-0.5468655973313152,0.107497222508164,0.1233416282007364,0.8715404853681206,77,keepA_vs_dropB
D,ARC-AGI,3.310873220763554,3.1047547625080303,-0.2061184582555237,0.2279784477793305,-0.9041137891027056,161,keepA_vs_dropB
D,ARC-AGI-2,7.346812794486489,6.792645512902397,-0.5541672815840917,0.3450608325122149,-1.6059987960658344,154,keepA_vs_dropB
D,Adversarial NLI,1.510699216492121,1.5344252388715227,0.023726022379402,0.2965761035858122,0.0799997777721732,12,keepA_vs_dropB
D,Aider Polyglot,1.533927593298733,1.12649774244438,-0.407429850854353,0.2400742763623069,-1.6970991520952547,70,keepA_vs_dropB
D,AlgoTune,0.8776463297382953,0.8640782637510983,-0.0135680659871969,0.1495913683507802,-0.0907008615322034,18,keepA_vs_dropB
D,AudioMultiChallenge,1.068832081306926,1.203113801515726,0.1342817202088002,0.1343477168444534,0.9995087625067,24,keepA_vs_dropB
D,BALROG,1.1707721249666097,1.5613738018146024,0.3906016768479927,0.1264190005440053,3.089738687753885,35,keepA_vs_dropB
D,BIG-Bench Hard (BBH),0.1246376806330125,0.2335335026472563,0.1088958220142438,0.1168017828160037,0.9323130126000382,52,keepA_vs_dropB
D,BioLP-bench,2.1211855595933327,2.515934776346582,0.3947492167532487,0.3112928483421817,1.2680960030258372,32,keepA_vs_dropB
D,BlueprintBench 2,4.630401068495598,4.359573970948456,-0.2708270975471416,0.7563059699254501,-0.3580919737733094,17,keepA_vs_dropB
D,BoolQ,-0.8692429778626306,-0.8200816445030225,0.0491613333596081,0.0852696095929934,0.5765399137425826,78,keepA_vs_dropB
D,CAD-Eval,0.9228273689892452,1.0409367447912208,0.1181093758019755,0.2878915286468131,0.4102565169497321,15,keepA_vs_dropB
D,CL-Bench,2.2145179024110857,2.1762161685956136,-0.038301733815472,0.1886736902179221,-0.2030051660686381,22,keepA_vs_dropB
D,CL-Bench Life,2.840349640056517,2.930419471250616,0.090069831194099,0.2971071206411083,0.3031560839058423,17,keepA_vs_dropB
D,CSQA2,2.450384353861807,2.500816966619764,0.050432612757957,0.4974112201215169,0.1013901792276347,8,keepA_vs_dropB
D,Chess Puzzles,3.6476758314670774,3.7999389811568633,0.1522631496897859,0.3659320050968638,0.4160968364860057,85,keepA_vs_dropB
D,CritPt,6.08162555903511,5.690480312106252,-0.3911452469288576,0.3105205075700999,-1.2596438476468634,73,keepA_vs_dropB
D,CursorBench,2.2578743391099225,1.903054426496867,-0.3548199126130555,0.2694151516146199,-1.317000586220189,29,keepA_vs_dropB
D,Cybench,2.6373851307492897,1.3422281908662048,-1.295156939883085,0.2561066180567976,-5.057100631409117,22,keepA_vs_dropB
D,DeepResearchBench,0.6219373913568175,0.7371569649437246,0.1152195735869071,0.1536181874400306,0.7500386217737823,36,keepA_vs_dropB
D,DeepSWE,4.9993911479985265,4.3640269607167985,-0.6353641872817279,0.5036655332323786,-1.2614803780678534,37,keepA_vs_dropB
D,EBR-bench,4.038532836613079,3.79450139474669,-0.2440314418663893,0.527031017082957,-0.4630305123540343,18,keepA_vs_dropB
D,EnigmaEval,4.075689037965704,4.378773719494144,0.30308468152844,0.2588362637630113,1.1709513849494533,42,keepA_vs_dropB
D,ExploitBench,3.0957170246566785,3.016972251728927,-0.0787447729277515,0.4940334759007553,-0.1593915731807013,10,keepA_vs_dropB
D,Fiction.LiveBench,0.6365058910580701,1.014103604903765,0.3775977138456949,0.3683036829547552,1.02523469441407,41,keepA_vs_dropB
D,ForecastBench,1.6877017500123823,1.8005343098948643,0.1128325598824822,0.0724475685906724,1.5574374969018536,68,keepA_vs_dropB
D,FrontierCode,1.9972383791610555,2.179703731719054,0.1824653525579991,0.409163579538302,0.4459471998067179,14,keepA_vs_dropB
D,FrontierMath,3.4837357063689773,3.06950751546038,-0.4142281909085974,0.2737066612747672,-1.51340193541276,40,keepA_vs_dropB
D,FrontierMath Tier 4,6.8637132131320735,6.128249979699302,-0.7354632334327711,0.5334316999784289,-1.3787392715178195,41,keepA_vs_dropB
D,FrontierMath Tier 4 v1,6.007447261922365,5.288415419814599,-0.7190318421077659,0.321734648203215,-2.2348598328570715,72,keepA_vs_dropB
D,FrontierMath v1,3.878283146032289,3.566815581503256,-0.3114675645290332,0.1944508151515976,-1.6017807088450984,101,keepA_vs_dropB
D,GDP.pdf,3.3038555098159605,3.410951830238332,0.1070963204223716,0.5485009416179242,0.1952527558229297,9,keepA_vs_dropB
D,GDPval,2.523089338437536,1.6902235729491324,-0.8328657654884035,0.2996554340243839,-2.7794115204352696,11,keepA_vs_dropB
D,GPQA Diamond,0.6042151499476047,0.8121791634654081,0.2079640135178033,0.1271029733590913,1.6361852757784308,201,keepA_vs_dropB
D,GPQA Diamond Biology,0.3062030157365548,0.3352596640348939,0.0290566482983391,0.2303557686400539,0.1261381404506612,35,keepA_vs_dropB
D,GPQA Diamond Chemistry,1.7626563101578157,1.9914551962982752,0.2287988861404597,0.3660210764685987,0.6250975718336498,38,keepA_vs_dropB
D,GPQA Main Biology,0.1546102017818202,0.2447720105478596,0.0901618087660393,0.2327468519326926,0.3873814318748034,35,keepA_vs_dropB
D,GPQA Main Chemistry,1.8803715798452856,2.244619828086519,0.3642482482412335,0.3825297805456067,0.9522088652070484,38,keepA_vs_dropB
D,GSM8K,-0.6765121367187187,-0.5798140462733959,0.0966980904453227,0.1391080815804372,0.6951292070648567,94,keepA_vs_dropB
D,GSO-Bench,4.7133506611968645,3.883243009611655,-0.8301076515852097,0.290831325064753,-2.854258052843475,36,keepA_vs_dropB
D,GeoBench,-0.2692870033713363,-0.0372302694026725,0.2320567339686637,0.231662323723357,1.0017025221838731,32,keepA_vs_dropB
D,HellaSwag,-1.1778598807622034,-1.1454440662796257,0.0324158144825776,0.0727207719775409,0.4457572932887589,77,keepA_vs_dropB
D,Humanity's Last Exam,3.109371382165733,3.4245047528815835,0.3151333707158503,0.1538581971190291,2.0482065734336805,46,keepA_vs_dropB
D,LAB-Bench Cloning,1.8550045616826885,2.254642045151263,0.3996374834685747,0.3498233084900888,1.142398101468694,32,keepA_vs_dropB
D,LAB-Bench LitQA2,1.1979288616511632,1.204356375814389,0.0064275141632257,0.1265697265387272,0.0507823974894903,33,keepA_vs_dropB
D,LAB-Bench Protocol,0.4621641872839045,0.799521574612179,0.3373573873282744,0.1725555211315904,1.9550657383544776,34,keepA_vs_dropB
D,LAB-Bench SeqQA,0.4414701844608045,0.4266739124469301,-0.0147962720138744,0.1455602791223791,-0.1016504784346734,34,keepA_vs_dropB
D,LAMBADA,-1.2093247948696624,-1.1945812047065691,0.0147435901630932,0.0723548875977529,0.2037677156663998,26,keepA_vs_dropB
D,Lech Mazur Writing,-0.6285724680632973,-0.9376464557387634,-0.3090739876754661,0.1357006076012519,-2.277616829717236,49,keepA_vs_dropB
D,LiveBench,-0.1106706588247251,0.1757815342348992,0.2864521930596243,0.1112903376032262,2.573917909036158,52,keepA_vs_dropB
D,MATH Level 5,-0.710862004358626,-0.6514540119247707,0.0594079924338553,0.1956767491358361,0.3036027156839931,111,keepA_vs_dropB
D,MCP Atlas,0.950577288859842,1.066833876192557,0.1162565873327151,0.2910574305158168,0.3994283434945581,28,keepA_vs_dropB
D,METR Time Horizons,0.4481129253711324,0.2590609789154644,-0.1890519464556679,0.0917366798611712,-2.060810863678169,50,keepA_vs_dropB
D,MMLU,-0.2645149910585193,-0.1815967678833292,0.0829182231751901,0.0836233501781752,0.991567821649304,138,keepA_vs_dropB
D,MMLU Biology,-0.4347954879601799,-0.3774231110535699,0.0573723769066099,0.1103314017187955,0.5200004351692766,35,keepA_vs_dropB
D,MMLU Chemistry,-0.095308064149421,-0.0358151051503304,0.0594929589990906,0.1530010187721335,0.3888402801271167,38,keepA_vs_dropB
D,MMLU Pro Biology,-1.4079685714080918,-1.0701668569185103,0.3378017144895813,0.216021801090733,1.5637389966381148,33,keepA_vs_dropB
D,MMLU Pro Chemistry,-0.6819067419668821,-0.276869878063239,0.4050368639036431,0.2395922087412201,1.6905260234948507,36,keepA_vs_dropB
D,MindCube,2.3946645406278937,2.31831890134356,-0.0763456392843338,0.5945756368265066,-0.1284035782088578,5,keepA_vs_dropB
D,MultiChallenge,0.3416017569269303,0.6124470538936212,0.2708452969666908,0.1643137157745451,1.6483425969035823,30,keepA_vs_dropB
D,MultiNRC,1.9319995083611317,2.317054815161299,0.3850553068001674,0.1825636760035999,2.1091561871956093,44,keepA_vs_dropB
D,OS World (Screenshot),2.047588189948276,1.1726285125422182,-0.8749596774060577,0.487253545414369,-1.7956968925941352,10,keepA_vs_dropB
D,OS World 2,4.396427978856994,4.368316711964752,-0.0281112668922416,0.6668842805927923,-0.0421531406727019,7,keepA_vs_dropB
D,OTIS Mock AIME 2024-2025,1.567098384070543,1.692798958075962,0.1257005740054189,0.2567057858060395,0.4896678647531345,175,keepA_vs_dropB
D,OpenBookQA,-0.4017463733351633,-0.3288142748742177,0.0729320984609455,0.1180811369430601,0.6176439383041685,43,keepA_vs_dropB
D,PIQA,-0.6401717248574613,-0.6188075584489672,0.0213641664084941,0.0372256861345031,0.573909271445032,61,keepA_vs_dropB
D,PRBench Finance,0.7984195633931156,0.6804723220353582,-0.1179472413577573,0.1101967262260063,-1.0703334427182096,32,keepA_vs_dropB
D,PRBench Legal,0.7547548853064727,0.7111756838666863,-0.0435792014397864,0.1019284164386564,-0.4275471253496193,32,keepA_vs_dropB
D,PostTrainBench,3.27755065749166,2.874972826472527,-0.402577831019133,0.2858401696807858,-1.4084018753162473,27,keepA_vs_dropB
D,ProofBench,4.15088365747847,3.68861072142361,-0.4622729360548603,0.4007678338848168,-1.1534681602908292,44,keepA_vs_dropB
D,Remote Labor Index,5.517229589883044,5.050951754716677,-0.466277835166367,0.3970278186281048,-1.1744210689758456,17,keepA_vs_dropB
D,SEAL Instruction Following,-1.6174130005388931,-1.6233583025461953,-0.0059453020073021,0.1752131772168366,-0.0339318200933282,18,keepA_vs_dropB
D,SEAL Tool Use (Enterprise),0.0511327481244395,0.1294894689947547,0.0783567208703152,0.1961803356820642,0.3994116973951075,35,keepA_vs_dropB
D,SWE-Bench Pro,2.062836043809928,1.5773921170175649,-0.4854439267923633,0.2074327352090054,-2.340247436371308,25,keepA_vs_dropB
D,SWE-Bench Pro (Private),3.7913794141032833,2.7756803485947703,-1.015699065508513,0.2738113191399839,-3.709485307980436,14,keepA_vs_dropB
D,SWE-Bench Verified,0.3610231711933219,0.1843652208175169,-0.1766579503758049,0.1762739508048061,-1.0021784249416643,33,keepA_vs_dropB
D,SciCode,0.8860170157871473,0.822307707000345,-0.0637093087868023,0.0565489347058501,-1.1266226166451805,70,keepA_vs_dropB
D,ScienceQA,0.126577725205776,0.0921494284710679,-0.0344282967347081,0.2061048465836923,-0.1670426353643651,24,keepA_vs_dropB
D,SimpleBench,1.952600536721524,2.726905878845659,0.7743053421241348,0.2017915731803016,3.837153999648388,91,keepA_vs_dropB
D,SimpleQA Verified,1.9046346654006223,2.7667966682543694,0.8621620028537469,0.3083938135404603,2.7956527174000327,68,keepA_vs_dropB
D,SpatialViz-Bench,2.287035790817472,2.3012685687704058,0.0142327779529338,0.4119603317991869,0.034548903994649,8,keepA_vs_dropB
D,SuperGLUE,-0.4761172967980461,-0.5599884740994625,-0.0838711773014163,0.213427751106296,-0.3929722206539344,9,keepA_vs_dropB
D,Surface Evolver Bench,1.89209577783075,1.5112799237028844,-0.3808158541278656,0.3943105118465432,-0.9657765712217956,17,keepA_vs_dropB
D,TerminalBench,2.433446040239937,1.967516247944485,-0.4659297922954521,0.2029822450649113,-2.2954214155353996,59,keepA_vs_dropB
D,The Agent Company,1.5650729378579729,1.3044631262707889,-0.260609811587184,0.433464695925157,-0.601224999491496,14,keepA_vs_dropB
D,TriviaQA,-1.2278078594093522,-1.2133730527765612,0.014434806632791,0.0902650583605678,0.1599157735558158,40,keepA_vs_dropB
D,TutorBench,0.3063641501175151,0.4346205649958591,0.128256414878344,0.0973142621605893,1.3179611295484477,27,keepA_vs_dropB
D,Video-MME,0.1328976245792009,0.1298702528935747,-0.0030273716856262,0.0936280647345792,-0.0323340196575497,50,keepA_vs_dropB
D,Visual Task Assessment (VISTA),0.5269017072036954,0.8411078465258807,0.3142061393221852,0.0668714363534229,4.698659942962359,63,keepA_vs_dropB
D,VisualToolBench,3.906077812797751,3.843943195562895,-0.0621346172348555,0.2836582409455916,-0.219047460168004,20,keepA_vs_dropB
D,WMDP Biology,-0.9317945552128778,-0.6936093022146171,0.2381852529982606,0.1204441741274724,1.9775572768357943,34,keepA_vs_dropB
D,WMDP Chemistry,-0.0499845116438074,0.3213913170656049,0.3713758287094123,0.1590184581543642,2.3354259185993755,37,keepA_vs_dropB
D,WeirdML,1.3318520922492736,0.9713290882750096,-0.3605230039742638,0.0883940848349877,-4.078587437692022,143,keepA_vs_dropB
D,WinoGrande,-0.2141207114933306,-0.1685017650715189,0.0456189464218116,0.0707340699302872,0.6449359759274689,81,keepA_vs_dropB
sigma_b,APEX Agents,0.0736610501653346,0.0762529196112525,0.0025918694459179,0.0089613103243331,0.2892288462413875,50,keepA_vs_dropB
sigma_b,ARC (AI2),0.0507679797264789,0.0521335569164504,0.0013655771899714,0.0105904308726032,0.1289444411090166,77,keepA_vs_dropB
sigma_b,ARC-AGI,0.0632344903082244,0.06983679468903,0.0066023043808056,0.0055120002255612,1.197805535309705,161,keepA_vs_dropB
sigma_b,ARC-AGI-2,0.0405000796914211,0.0427188076840273,0.0022187279926062,0.0044167137432274,0.5023481533093331,154,keepA_vs_dropB
sigma_b,Adversarial NLI,0.0487722635239757,0.049922309770492,0.0011500462465163,0.0140900899779269,0.0816209299101703,12,keepA_vs_dropB
sigma_b,Aider Polyglot,0.0611705068228807,0.0710433667016152,0.0098728598787344,0.0103403898889157,0.9547860365804528,70,keepA_vs_dropB
sigma_b,AlgoTune,0.0650984261830813,0.0614331807017801,-0.0036652454813011,0.0130268159697742,-0.2813615767510284,18,keepA_vs_dropB
sigma_b,AudioMultiChallenge,0.0389200760093615,0.035933398081429,-0.0029866779279325,0.0159749382396445,-0.1869602175062277,24,keepA_vs_dropB
sigma_b,BALROG,0.0590873608510073,0.0476947831067852,-0.0113925777442221,0.0096486248878305,-1.180746259354653,35,keepA_vs_dropB
sigma_b,BIG-Bench Hard (BBH),0.0557171762198147,0.0539515248907568,-0.0017656513290578,0.0079168014076008,-0.2230258456859481,52,keepA_vs_dropB
sigma_b,BioLP-bench,0.0820945099882796,0.0803848249818446,-0.0017096850064349,0.0110188948178124,-0.1551593907286595,32,keepA_vs_dropB
sigma_b,BlueprintBench 2,0.1562800189347011,0.1651234321663054,0.0088434132316043,0.0265893097086925,0.3325928099860841,17,keepA_vs_dropB
sigma_b,BoolQ,0.0517996374705482,0.0524585954844937,0.0006589580139455,0.0053081836662736,0.1241400176358427,78,keepA_vs_dropB
sigma_b,CAD-Eval,0.0522804344084669,0.0663096573598436,0.0140292229513766,0.0167168523948404,0.8392263459661058,15,keepA_vs_dropB
sigma_b,CL-Bench,0.0311558051193038,0.0337727149924628,0.002616909873159,0.0068086182315996,0.3843525637865262,22,keepA_vs_dropB
sigma_b,CL-Bench Life,0.0370478307491953,0.0384918792724479,0.0014440485232525,0.010287081210656,0.1403749512307489,17,keepA_vs_dropB
sigma_b,CSQA2,0.0424322266645739,0.0433197740255809,0.000887547361007,0.0161599050079374,0.0549228080592752,8,keepA_vs_dropB
sigma_b,Chess Puzzles,0.0877248500344379,0.0826840970815812,-0.0050407529528567,0.0097114465118226,-0.5190527432468608,85,keepA_vs_dropB
sigma_b,CritPt,0.0481361280760405,0.0533577457985578,0.0052216177225173,0.0065117980152152,0.8018703452282628,73,keepA_vs_dropB
sigma_b,CursorBench,0.0297249853426281,0.028404869413889,-0.001320115928739,0.0057706221443539,-0.2287649226922067,29,keepA_vs_dropB
sigma_b,Cybench,0.0719326853642308,0.0654892875887535,-0.0064433977754773,0.0142894460823074,-0.4509200523493511,22,keepA_vs_dropB
sigma_b,DeepResearchBench,0.0626374859316435,0.0597769373775036,-0.0028605485541398,0.0080572534052156,-0.3550277508075158,36,keepA_vs_dropB
sigma_b,DeepSWE,0.0770202288949609,0.078300825534494,0.0012805966395331,0.013936272208961,0.0918894680250055,37,keepA_vs_dropB
sigma_b,EBR-bench,0.0821546445747903,0.0927307377776521,0.0105760932028618,0.0155634130929189,0.6795484473565613,18,keepA_vs_dropB
sigma_b,EnigmaEval,0.0510170295019359,0.0541388949682665,0.0031218654663306,0.0068266575969638,0.4573051192312711,42,keepA_vs_dropB
sigma_b,ExploitBench,0.0664030759564689,0.0686729312458913,0.0022698552894223,0.0199451072305603,0.1138051183773239,10,keepA_vs_dropB
sigma_b,Fiction.LiveBench,0.1770616570379981,0.1751866821069147,-0.0018749749310834,0.0177406111477294,-0.1056882942459076,41,keepA_vs_dropB
sigma_b,ForecastBench,0.0210125244469374,0.0203498651931723,-0.0006626592537651,0.001918845847632,-0.3453426207128094,68,keepA_vs_dropB
sigma_b,FrontierCode,0.0437875399560161,0.0486858397722456,0.0048982998162294,0.0176943647377905,0.2768282381886241,14,keepA_vs_dropB
sigma_b,FrontierMath,0.0235064309556133,0.0276890443504178,0.0041826133948044,0.0077866411970337,0.5371524498133754,40,keepA_vs_dropB
sigma_b,FrontierMath Tier 4,0.0745463097034146,0.0744513417645547,-9.496793885999112e-05,0.010599573559905,-0.0089595999615706,41,keepA_vs_dropB
sigma_b,FrontierMath Tier 4 v1,0.0698992188785723,0.067537203572798,-0.0023620153057742,0.0069763306045199,-0.3385755979287908,72,keepA_vs_dropB
sigma_b,FrontierMath v1,0.0714778606749056,0.0715304853986073,5.2624723701710785e-05,0.0058132918655502,0.0090524826413012,101,keepA_vs_dropB
sigma_b,GDP.pdf,0.0357219437083082,0.0308387335079183,-0.0048832102003898,0.0126200189521472,-0.3869415900963459,9,keepA_vs_dropB
sigma_b,GDPval,0.0450033827370442,0.0421020678847991,-0.002901314852245,0.0145285604247902,-0.1996973387187425,11,keepA_vs_dropB
sigma_b,GPQA Diamond,0.0518251267931635,0.0472094106383027,-0.0046157161548608,0.0031608455080496,-1.4602789484984755,201,keepA_vs_dropB
sigma_b,GPQA Diamond Biology,0.1032652626167851,0.1020718901402463,-0.0011933724765387,0.0117717762109317,-0.1013757359259473,35,keepA_vs_dropB
sigma_b,GPQA Diamond Chemistry,0.0560401940603531,0.057172600986227,0.0011324069258739,0.0070097506420426,0.161547390727721,38,keepA_vs_dropB
sigma_b,GPQA Main Biology,0.0880844518752034,0.0876423020629799,-0.0004421498122234,0.0105259091273941,-0.0420058549691217,35,keepA_vs_dropB
sigma_b,GPQA Main Chemistry,0.037637189809355,0.0380968395430975,0.0004596497337424,0.0055408770659363,0.0829561328057996,38,keepA_vs_dropB
sigma_b,GSM8K,0.1085476176212332,0.1149596687998396,0.0064120511786064,0.0203147420427771,0.3156353728294691,94,keepA_vs_dropB
sigma_b,GSO-Bench,0.0496724739786163,0.0443648628703578,-0.0053076111082584,0.0080913870917041,-0.6559581253627322,36,keepA_vs_dropB
sigma_b,GeoBench,0.1408310855038512,0.1384926711739982,-0.0023384143298529,0.0155656509841481,-0.1502291380061396,32,keepA_vs_dropB
sigma_b,HellaSwag,0.0499547370684761,0.0488148199964606,-0.0011399170720155,0.007064661984177,-0.1613547929920239,77,keepA_vs_dropB
sigma_b,Humanity's Last Exam,0.0357461877976108,0.0319009268466475,-0.0038452609509633,0.0055006699453607,-0.6990532042749378,46,keepA_vs_dropB
sigma_b,LAB-Bench Cloning,0.0663552552784514,0.0689992170264044,0.0026439617479529,0.009843097064724,0.2686107564080081,32,keepA_vs_dropB
sigma_b,LAB-Bench LitQA2,0.0378524627395977,0.0380241538866846,0.0001716911470868,0.0050544157494307,0.0339685446544883,33,keepA_vs_dropB
sigma_b,LAB-Bench Protocol,0.0476916158471665,0.0483467555139697,0.0006551396668031,0.0069654360648599,0.0940558007715128,34,keepA_vs_dropB
sigma_b,LAB-Bench SeqQA,0.0521931640411238,0.0506629953339748,-0.0015301687071489,0.0068578706451713,-0.2231259214879457,34,keepA_vs_dropB
sigma_b,LAMBADA,0.0422971923215344,0.0415221137590022,-0.0007750785625321,0.0091749595283661,-0.084477600161162,26,keepA_vs_dropB
sigma_b,Lech Mazur Writing,0.0486928818093518,0.0627862571069444,0.0140933752975926,0.0076169760434424,1.850258582567802,49,keepA_vs_dropB
sigma_b,LiveBench,0.0425078956883315,0.032926300609077,-0.0095815950792545,0.006166808928335,-1.5537363311565195,52,keepA_vs_dropB
sigma_b,MATH Level 5,0.0733413086538059,0.074640475210546,0.0012991665567401,0.0067286406080626,0.1930800933524918,111,keepA_vs_dropB
sigma_b,MCP Atlas,0.0608619687364148,0.0577565642097378,-0.0031054045266769,0.0126485006295247,-0.2455156241545506,28,keepA_vs_dropB
sigma_b,METR Time Horizons,0.0361836436749484,0.034129028573629,-0.0020546151013194,0.0044172988855551,-0.4651292915763786,50,keepA_vs_dropB
sigma_b,MMLU,0.055860842865597,0.0592311018790394,0.0033702590134423,0.0059070480142353,0.5705487758556276,138,keepA_vs_dropB
sigma_b,MMLU Biology,0.0426763069040875,0.0429549834889667,0.0002786765848791,0.0056323257678502,0.0494780657876524,35,keepA_vs_dropB
sigma_b,MMLU Chemistry,0.0490255173299951,0.0489463129124562,-7.920441753896806e-05,0.0062963650008182,-0.0125793878735865,38,keepA_vs_dropB
sigma_b,MMLU Pro Biology,0.0418220918078536,0.0419484536932738,0.0001263618854202,0.0074994251892681,0.0168495427624286,33,keepA_vs_dropB
sigma_b,MMLU Pro Chemistry,0.0470767660529771,0.0493605670172631,0.0022838009642859,0.0077020619913886,0.2965181229181726,36,keepA_vs_dropB
sigma_b,MindCube,0.0498652227515193,0.0499082319677651,4.300921624585119e-05,0.0205934444520319,0.002088490652743,5,keepA_vs_dropB
sigma_b,MultiChallenge,0.0698478155117585,0.0696588397717166,-0.0001889757400418,0.009705104478947,-0.0194717883204488,30,keepA_vs_dropB
sigma_b,MultiNRC,0.0671550405657501,0.0563804627602142,-0.0107745778055358,0.0085568117772813,-1.2591813500143574,44,keepA_vs_dropB
sigma_b,OS World (Screenshot),0.0803228471789955,0.1392383609178019,0.0589155137388064,0.0298600625836289,1.973053926923358,10,keepA_vs_dropB
sigma_b,OS World 2,0.0452671461120335,0.0447462546265083,-0.0005208914855252,0.0176320751161546,-0.0295422678325571,7,keepA_vs_dropB
sigma_b,OTIS Mock AIME 2024-2025,0.0570377784016446,0.0552997519639583,-0.0017380264376863,0.0047212934426229,-0.3681250612376221,175,keepA_vs_dropB
sigma_b,OpenBookQA,0.048779441227685,0.0496462105050259,0.0008667692773408,0.0102880396558481,0.0842501882123079,43,keepA_vs_dropB
sigma_b,PIQA,0.0230068944584001,0.0231058287708808,9.893431248068908e-05,0.0028139363640941,0.0351586886409698,61,keepA_vs_dropB
sigma_b,PRBench Finance,0.0510393462966451,0.0484112336067208,-0.0026281126899243,0.0071917423150331,-0.365434768766768,32,keepA_vs_dropB
sigma_b,PRBench Legal,0.0444576355854449,0.0440454493520525,-0.0004121862333924,0.006479547942431,-0.0636134244324696,32,keepA_vs_dropB
sigma_b,PostTrainBench,0.0500760538164876,0.0464665863340023,-0.0036094674824852,0.0082951578899916,-0.4351294490536715,27,keepA_vs_dropB
sigma_b,ProofBench,0.0769657860736502,0.0906923309473728,0.0137265448737225,0.0125618474702124,1.0927170470961316,44,keepA_vs_dropB
sigma_b,Remote Labor Index,0.0250619264057766,0.0266603660956038,0.0015984396898271,0.0100796657556391,0.1585806244550263,17,keepA_vs_dropB
sigma_b,SEAL Instruction Following,0.0330731629232198,0.0336623164389386,0.0005891535157187,0.0066649941551498,0.0883952036572354,18,keepA_vs_dropB
sigma_b,SEAL Tool Use (Enterprise),0.0631862485568614,0.0634212880195738,0.0002350394627123,0.0084402190655293,0.0278475547716848,35,keepA_vs_dropB
sigma_b,SWE-Bench Pro,0.0803975601486285,0.0868590321715587,0.0064614720229301,0.0140918775267791,0.4585245657046986,25,keepA_vs_dropB
sigma_b,SWE-Bench Pro (Private),0.0325047849843902,0.0368092493085519,0.0043044643241617,0.0119827306097089,0.3592223228880799,14,keepA_vs_dropB
sigma_b,SWE-Bench Verified,0.051387650951347,0.0490159367258565,-0.0023717142254904,0.0074944450109654,-0.3164629564991557,33,keepA_vs_dropB
sigma_b,SciCode,0.0337535369146898,0.0347128807634813,0.0009593438487914,0.0034703885590336,0.2764370134560988,70,keepA_vs_dropB
sigma_b,ScienceQA,0.1016574858334071,0.1206038391249295,0.0189463532915224,0.0205553302347053,0.9217245879870932,24,keepA_vs_dropB
sigma_b,SimpleBench,0.077554176348277,0.0556841620725297,-0.0218700142757472,0.0064545254685541,-3.388322562564219,91,keepA_vs_dropB
sigma_b,SimpleQA Verified,0.128294034475697,0.1045360106320094,-0.0237580238436875,0.0136938712308628,-1.7349384584647225,68,keepA_vs_dropB
sigma_b,SpatialViz-Bench,0.0413720403717732,0.0407188291821453,-0.0006532111896279,0.0123894202898146,-0.0527233053966999,8,keepA_vs_dropB
sigma_b,SuperGLUE,0.0406848820514978,0.0409655193811101,0.0002806373296123,0.0173248598966452,0.0161985338575033,9,keepA_vs_dropB
sigma_b,Surface Evolver Bench,0.0649241966839818,0.0752955394130232,0.0103713427290414,0.0240498930972326,0.431242778797835,17,keepA_vs_dropB
sigma_b,TerminalBench,0.0691705750333644,0.0692902012516958,0.0001196262183314,0.0091281751702438,0.0131051624339308,59,keepA_vs_dropB
sigma_b,The Agent Company,0.0836217677781398,0.0765061271210364,-0.0071156406571033,0.0173589008955882,-0.4099130872342122,14,keepA_vs_dropB
sigma_b,TriviaQA,0.0767088877860466,0.0775630904464856,0.0008542026604389,0.0098370971874918,0.0868348298444266,40,keepA_vs_dropB
sigma_b,TutorBench,0.0334838237139486,0.0375717428741512,0.0040879191602025,0.0056547528657943,0.7229173859976095,27,keepA_vs_dropB
sigma_b,Video-MME,0.0793972895943775,0.0705537181538321,-0.0088435714405454,0.0170878322246499,-0.5175361815519325,50,keepA_vs_dropB
sigma_b,Visual Task Assessment (VISTA),0.0449283873142556,0.041045973075018,-0.0038824142392375,0.0049414131936677,-0.7856890502928974,63,keepA_vs_dropB
sigma_b,VisualToolBench,0.0433227197348317,0.0434260992334407,0.0001033794986089,0.0094708564424796,0.010915538551012,20,keepA_vs_dropB
sigma_b,WMDP Biology,0.0281766132702222,0.0318178445645176,0.0036412312942953,0.0061949852849933,0.587770773744351,34,keepA_vs_dropB
sigma_b,WMDP Chemistry,0.0362807640286223,0.0365938443017635,0.0003130802731412,0.0056082019926164,0.055825427392487,37,keepA_vs_dropB
sigma_b,WeirdML,0.0597262891869563,0.0623638230335957,0.0026375338466394,0.0047466724843879,0.5556595394593628,143,keepA_vs_dropB
sigma_b,WinoGrande,0.0415722820040219,0.0428013982330128,0.0012291162289908,0.0044322783839513,0.2773102505116376,81,keepA_vs_dropB
A1,APEX Agents,1.0276893849159874,0.9833833952041224,-0.0443059897118649,0.4031075605057146,-0.1099110859054127,50,keepA_vs_dropB
A2,APEX Agents,0.9005091364876837,0.947764535194905,0.0472553987072212,0.3523833514614992,0.1341022454983499,50,keepA_vs_dropB
A3,APEX Agents,0.6832360596437923,0.793074238815005,0.1098381791712127,0.3417114037525439,0.3214355095118625,50,keepA_vs_dropB
A_norm,APEX Agents,1.683983392005209,1.650545714520692,-0.0334376774845168,0.1935362555931858,-0.1727721629315958,50,keepA_vs_dropB
A1,ARC (AI2),0.4200419860610208,0.7135573150685685,0.2935153290075476,0.6988849106523055,0.4199766292472884,77,keepA_vs_dropB
A2,ARC (AI2),0.4480770638235215,0.1552174067196389,-0.2928596571038826,0.4247500987480835,-0.6894869664940931,77,keepA_vs_dropB
A3,ARC (AI2),1.2161607870599325,1.0499494923688943,-0.1662112946910381,0.752314293318936,-0.2209333202454184,77,keepA_vs_dropB
A_norm,ARC (AI2),1.763259252413217,1.6782464652254807,-0.0850127871877362,0.1341091700306888,-0.6339073395822397,77,keepA_vs_dropB
A1,ARC-AGI,1.7154304472754072,1.6942939541407425,-0.0211364931346647,0.6652638202761562,-0.0317715957045293,161,keepA_vs_dropB
A2,ARC-AGI,1.476933270158472,1.570336477152862,0.0934032069943899,0.5516697195759493,0.169310012277248,161,keepA_vs_dropB
A3,ARC-AGI,1.1726444739637316,1.3338461147035503,0.1612016407398189,0.5339208873385893,0.3019204615563052,161,keepA_vs_dropB
A_norm,ARC-AGI,2.8112590089300986,2.7794722640719467,-0.0317867448581519,0.1584191977799894,-0.20064957595794,161,keepA_vs_dropB
A1,ARC-AGI-2,2.3990053605031605,2.465727681331669,0.0667223208285086,0.9995017546300587,0.0667555814879026,154,keepA_vs_dropB
A2,ARC-AGI-2,2.0375265447816977,2.10446133583109,0.0669347910493924,0.8383510026821952,0.0798410103110073,154,keepA_vs_dropB
A3,ARC-AGI-2,1.8194477955323567,1.824108247180016,0.0046604516476593,0.7620075248379446,0.0061160178813857,154,keepA_vs_dropB
A_norm,ARC-AGI-2,3.994042644554381,3.945699413428771,-0.0483432311256089,0.2203810127775133,-0.219362051731807,154,keepA_vs_dropB
A1,Adversarial NLI,0.4674139949629858,0.8121558744707296,0.3447418795077437,0.6405013901486767,0.5382375195590449,12,keepA_vs_dropB
A2,Adversarial NLI,0.4516912515646838,0.1734171322336928,-0.278274119330991,0.4250318212842993,-0.6547136129481853,12,keepA_vs_dropB
A3,Adversarial NLI,1.1935608508259026,1.055671920288337,-0.1378889305375659,0.7453184105201497,-0.1850067415365933,12,keepA_vs_dropB
A_norm,Adversarial NLI,1.722886528758303,1.653886306611282,-0.0690002221470211,0.3466349111435643,-0.1990573364909677,12,keepA_vs_dropB
A1,Aider Polyglot,1.4086055765930048,1.4961520857013362,0.0875465091083314,0.4940332675693687,0.1772077203202489,70,keepA_vs_dropB
A2,Aider Polyglot,1.2267620497020042,0.9713224097956684,-0.2554396399063356,0.4956745083587207,-0.515337455525297,70,keepA_vs_dropB
A3,Aider Polyglot,1.257792741102865,1.120374106392967,-0.137418634709898,0.3993488515958871,-0.3441067481745408,70,keepA_vs_dropB
A_norm,Aider Polyglot,2.390513197820782,2.2419580980592553,-0.1485550997615266,0.1815041675851327,-0.81846660458553,70,keepA_vs_dropB
A1,AlgoTune,0.2200824982367643,0.1935337884481705,-0.0265487097885938,0.1481039114588459,-0.1792573168870762,18,keepA_vs_dropB
A2,AlgoTune,0.1816495873370633,0.1590059400138692,-0.0226436473231941,0.1348754842252479,-0.1678855683318861,18,keepA_vs_dropB
A3,AlgoTune,0.1322202854514262,0.2244431152084929,0.0922228297570667,0.1264629355537738,0.7292478966523139,18,keepA_vs_dropB
A_norm,AlgoTune,0.3886155921822519,0.3782418275723355,-0.0103737646099163,0.1228355198713881,-0.0844524826432772,18,keepA_vs_dropB
A1,AudioMultiChallenge,0.4466058133958418,0.3406305856674408,-0.1059752277284009,0.2010550977193136,-0.5270954525925498,24,keepA_vs_dropB
A2,AudioMultiChallenge,0.4383666058495863,0.3800404360496744,-0.0583261697999119,0.218659367126194,-0.2667444370963095,24,keepA_vs_dropB
A3,AudioMultiChallenge,0.3736990367241175,0.3994368920376851,0.0257378553135675,0.2050139607545976,0.125541964161045,24,keepA_vs_dropB
A_norm,AudioMultiChallenge,0.8098930421930192,0.7286643340309013,-0.0812287081621179,0.1116599803116434,-0.7274648261213038,24,keepA_vs_dropB
A1,BALROG,0.4164482258407617,0.5415903493883794,0.1251421235476176,0.1928547245144003,0.648893221893941,35,keepA_vs_dropB
A2,BALROG,0.3499189213295238,0.2511363886628464,-0.0987825326666774,0.1837487584067486,-0.5375956470302302,35,keepA_vs_dropB
A3,BALROG,0.2995337190487351,0.5489165670981211,0.2493828480493859,0.2029412958707379,1.2288422963861856,35,keepA_vs_dropB
A_norm,BALROG,0.7112177352592507,0.8650014147105296,0.1537836794512789,0.0822105277975355,1.87060810301584,35,keepA_vs_dropB
A1,BIG-Bench Hard (BBH),0.5215414000449596,0.6271129330868129,0.1055715330418533,0.5591491068475094,0.1888074786295682,52,keepA_vs_dropB
A2,BIG-Bench Hard (BBH),0.6061507929464971,0.4462482426530139,-0.1599025502934831,0.3448306573526393,-0.4637132658711363,52,keepA_vs_dropB
A3,BIG-Bench Hard (BBH),1.0899153886304975,0.963982101144517,-0.1259332874859805,0.5387078269075785,-0.2337691809842329,52,keepA_vs_dropB
A_norm,BIG-Bench Hard (BBH),1.585651411747906,1.4980118916562002,-0.0876395200917059,0.130773500116493,-0.6701626859695323,52,keepA_vs_dropB
A1,BioLP-bench,0.946705951296958,0.7345892114556068,-0.2121167398413511,0.290473654533725,-0.7302443320783975,32,keepA_vs_dropB
A2,BioLP-bench,0.990705737010921,1.1772215903486614,0.1865158533377403,0.3310272695883832,0.5634455843159508,32,keepA_vs_dropB
A3,BioLP-bench,0.6116801260923547,0.8765742521854357,0.264894126093081,0.3750039478577971,0.7063768997800788,32,keepA_vs_dropB
A_norm,BioLP-bench,1.6179544325647972,1.6998231095857903,0.0818686770209931,0.2321053216179759,0.3527221024072056,32,keepA_vs_dropB
A1,BlueprintBench 2,0.7642128947659783,0.9712720620274656,0.2070591672614873,0.6090581474482921,0.3399661725715052,17,keepA_vs_dropB
A2,BlueprintBench 2,0.8517054737566463,0.8347583880890325,-0.0169470856676138,0.5142107317503272,-0.0329574717546782,17,keepA_vs_dropB
A3,BlueprintBench 2,0.8345292822126512,0.54754733790116,-0.2869819443114912,0.5012112579514537,-0.5725768121898167,17,keepA_vs_dropB
A_norm,BlueprintBench 2,1.56605836380215,1.7219723900009702,0.1559140261988203,0.3881291694150702,0.4017065412367497,17,keepA_vs_dropB
A1,BoolQ,0.3848359955271453,0.4995697743316609,0.1147337788045156,0.3046217962856137,0.3766433663103382,78,keepA_vs_dropB
A2,BoolQ,0.3988224953766126,0.2711673998503659,-0.1276550955262467,0.186017150165695,-0.6862544416605553,78,keepA_vs_dropB
A3,BoolQ,0.7148721795123643,0.6496396427835052,-0.065232536728859,0.3242321191195636,-0.2011908533491217,78,keepA_vs_dropB
A_norm,BoolQ,1.0192355658767982,0.9866839549847432,-0.032551610892055,0.0894258049360076,-0.3640069095866534,78,keepA_vs_dropB
A1,CAD-Eval,0.8753099699820747,1.088725042737409,0.2134150727553344,0.507831935775484,0.420247443535506,15,keepA_vs_dropB
A2,CAD-Eval,0.6559964112464279,0.6181314341995181,-0.0378649770469098,0.519196992103481,-0.0729298852320064,15,keepA_vs_dropB
A3,CAD-Eval,0.6537251029627933,0.8452373319364745,0.1915122289736812,0.4106924735541796,0.4663154094749108,15,keepA_vs_dropB
A_norm,CAD-Eval,1.598013323193634,1.6238466602350057,0.0258333370413716,0.2317539892893503,0.111468791197886,15,keepA_vs_dropB
A1,CL-Bench,0.3148175425199768,0.231991778895666,-0.0828257636243108,0.1646434549746176,-0.5030613797376863,22,keepA_vs_dropB
A2,CL-Bench,0.3506754764348,0.4285144837421932,0.0778390073073931,0.1774602399626962,0.4386278713685703,22,keepA_vs_dropB
A3,CL-Bench,0.2071225689801371,0.212289310287819,0.0051667413076819,0.1751254924488046,0.0295030793942944,22,keepA_vs_dropB
A_norm,CL-Bench,0.5821454893611513,0.5904816548060887,0.0083361654449374,0.1386900533176582,0.0601064405523308,22,keepA_vs_dropB
A1,CL-Bench Life,0.3934753810123154,0.3121809367625417,-0.0812944442497736,0.2270984093956747,-0.3579701172989457,17,keepA_vs_dropB
A2,CL-Bench Life,0.4444007266579649,0.6142977821593966,0.1698970555014317,0.2573769188882659,0.6601099128674722,17,keepA_vs_dropB
A3,CL-Bench Life,0.2460592842738214,0.3103081621178076,0.0642488778439862,0.2440915758268524,0.263216285225515,17,keepA_vs_dropB
A_norm,CL-Bench Life,0.7481944984889338,0.8383576534348431,0.0901631549459093,0.1950972508845216,0.4621446716298273,17,keepA_vs_dropB
A1,CSQA2,0.629995989488511,0.9320040730353898,0.3020080835468788,0.5339402196184732,0.5656215292466236,8,keepA_vs_dropB
A2,CSQA2,0.5403618561721313,0.2643036318093792,-0.276058224362752,0.4453990775249592,-0.6197997218512028,8,keepA_vs_dropB
A3,CSQA2,1.1540904289813023,0.9597383767676572,-0.1943520522136452,0.6788255821656503,-0.2863063168503548,8,keepA_vs_dropB
A_norm,CSQA2,1.7285461898349577,1.5593250715650306,-0.169221118269927,0.4180807816677855,-0.4047569888165612,8,keepA_vs_dropB
A1,Chess Puzzles,1.028824953720172,0.55741599621391,-0.4714089575062621,0.4008030341358452,-1.1761611498841251,85,keepA_vs_dropB
A2,Chess Puzzles,1.0926792220823716,1.5988109361974012,0.5061317141150297,0.5193252300306878,0.9745948874564048,85,keepA_vs_dropB
A3,Chess Puzzles,0.4605241781089423,0.7043707718279233,0.2438465937189809,0.6028716128000511,0.4044751627737618,85,keepA_vs_dropB
A_norm,Chess Puzzles,1.818769662420748,1.9973542127232329,0.1785845503024847,0.2426966559190528,0.7358344087033837,85,keepA_vs_dropB
A1,CritPt,1.386845677643236,1.006101985298422,-0.380743692344814,0.4567514112890526,-0.8335906204871306,73,keepA_vs_dropB
A2,CritPt,1.364740528064628,1.5515313856284003,0.1867908575637722,0.3654041095199634,0.511189810670608,73,keepA_vs_dropB
A3,CritPt,0.7980065512713298,0.8949909375491901,0.0969843862778603,0.5418239343430186,0.1789961279496769,73,keepA_vs_dropB
A_norm,CritPt,2.270878390486528,2.1651626572047404,-0.1057157332817877,0.1867941476290821,-0.5659477806109209,73,keepA_vs_dropB
A1,CursorBench,0.7228322358414391,0.64422747702538,-0.0786047588160591,0.2965574643424152,-0.2650574282133037,29,keepA_vs_dropB
A2,CursorBench,0.676879014861827,0.6857656596279876,0.0088866447661606,0.1903920920764513,0.0466754930272641,29,keepA_vs_dropB
A3,CursorBench,0.5514541340008036,0.4465544248168685,-0.104899709183935,0.2600196686748615,-0.4034299009707056,29,keepA_vs_dropB
A_norm,CursorBench,1.180390895523354,1.1482294811873826,-0.0321614143359714,0.1437455138424279,-0.2237385604341459,29,keepA_vs_dropB
A1,Cybench,1.1777331070032802,1.1737581471900005,-0.0039749598132798,0.6471350108008451,-0.0061423964813165,22,keepA_vs_dropB
A2,Cybench,1.1382675655012795,0.6002353837359183,-0.5380321817653612,0.5419565104057169,-0.9927589602394148,22,keepA_vs_dropB
A3,Cybench,1.1428790790223404,0.5319008948576125,-0.6109781841647279,0.5247361933775168,-1.1643530442070444,22,keepA_vs_dropB
A_norm,Cybench,2.0763557660917344,1.8929902855849663,-0.1833654805067679,0.2130985646766632,-0.860472621131871,22,keepA_vs_dropB
A1,DeepResearchBench,0.2180256632006722,0.3200921612829228,0.1020664980822505,0.1442495632512072,0.7075688534633838,36,keepA_vs_dropB
A2,DeepResearchBench,0.175504636596384,0.1579279218951202,-0.0175767147012637,0.1459552663373114,-0.1204253545784565,36,keepA_vs_dropB
A3,DeepResearchBench,0.1565327671421062,0.2535496141841609,0.0970168470420546,0.1281809497495911,0.7568741473017844,36,keepA_vs_dropB
A_norm,DeepResearchBench,0.3950491248583743,0.4735186842760473,0.0784695594176729,0.1251517287914043,0.6269954092960353,36,keepA_vs_dropB
A1,DeepSWE,1.454118473911655,1.1189555014177146,-0.3351629724939404,0.5869587487159774,-0.5710162310846174,37,keepA_vs_dropB
A2,DeepSWE,1.4362492546742005,1.529210177289346,0.0929609226151455,0.386824062948289,0.2403183553438159,37,keepA_vs_dropB
A3,DeepSWE,0.9727721129100888,0.8189859772099586,-0.1537861357001301,0.5987202938880462,-0.2568580642247051,37,keepA_vs_dropB
A_norm,DeepSWE,2.390458429226794,2.284963037780261,-0.1054953914465328,0.2781478960977312,-0.3792780492916817,37,keepA_vs_dropB
A1,EBR-bench,0.6210156777364457,0.6629743567498925,0.0419586790134467,0.4538305499798455,0.0924545053551598,18,keepA_vs_dropB
A2,EBR-bench,0.7317547870793869,0.7124322827974807,-0.0193225042819061,0.3999902542484525,-0.0483074376854794,18,keepA_vs_dropB
A3,EBR-bench,0.558802093963859,0.4282907422601426,-0.1305113517037164,0.3769540678760415,-0.3462261395376003,18,keepA_vs_dropB
A_norm,EBR-bench,1.2859918596953577,1.253278101475264,-0.0327137582200933,0.2788632771862251,-0.1173111015196421,18,keepA_vs_dropB
A1,EnigmaEval,0.8517185440658032,0.7731531712187026,-0.0785653728471005,0.3734701621788212,-0.2103658626669154,42,keepA_vs_dropB
A2,EnigmaEval,0.7203256213713362,0.9362779558862344,0.2159523345148983,0.3509237929668543,0.6153824244550316,42,keepA_vs_dropB
A3,EnigmaEval,0.4117694093892657,0.7499188116674222,0.3381494022781565,0.3508162903669177,0.9638931017840906,42,keepA_vs_dropB
A_norm,EnigmaEval,1.4229603060752325,1.4634701036405464,0.0405097975653141,0.1665026874100487,0.2432981605008575,42,keepA_vs_dropB
A1,ExploitBench,0.5763101358331665,0.8029412009394665,0.2266310651063,0.4140633706198149,0.5473342516800125,10,keepA_vs_dropB
A2,ExploitBench,0.6027588728844031,0.5470506209903838,-0.0557082518940192,0.3688880822082803,-0.1510166757368038,10,keepA_vs_dropB
A3,ExploitBench,0.608381396155061,0.4823869676488347,-0.1259944285062263,0.3495933547094844,-0.3604028131796983,10,keepA_vs_dropB
A_norm,ExploitBench,1.1324922316013182,1.3007548576620038,0.1682626260606856,0.2522287180875074,0.6671033629180525,10,keepA_vs_dropB
A1,Fiction.LiveBench,0.9838216036623888,0.9076528365065512,-0.0761687671558376,0.444244715155405,-0.171456777216117,41,keepA_vs_dropB
A2,Fiction.LiveBench,0.8546001589482245,1.040298201427819,0.1856980424795945,0.4407391058563274,0.4213332559151866,41,keepA_vs_dropB
A3,Fiction.LiveBench,0.5412367955426843,0.9132255871670912,0.371988791624407,0.4159960704281174,0.8942122728264696,41,keepA_vs_dropB
A_norm,Fiction.LiveBench,1.6366413296783973,1.718823327991,0.0821819983126028,0.3373309058182532,0.2436242778089262,41,keepA_vs_dropB
A1,ForecastBench,0.1578826830074086,0.177075759710032,0.0191930767026233,0.0784336803905558,0.2447045275327206,68,keepA_vs_dropB
A2,ForecastBench,0.1378916278069511,0.1465761039876612,0.0086844761807101,0.0757281466584629,0.1146796345073312,68,keepA_vs_dropB
A3,ForecastBench,0.1108967294479613,0.1923015616366817,0.0814048321887203,0.0754482425540947,1.0789493490236686,68,keepA_vs_dropB
A_norm,ForecastBench,0.2704699226586738,0.320611377450207,0.0501414547915331,0.0513411423104226,0.9766330185714246,68,keepA_vs_dropB
A1,FrontierCode,0.3855362853942777,0.5075089062442985,0.1219726208500207,0.30688913178098,0.3974484861753588,14,keepA_vs_dropB
A2,FrontierCode,0.4570849904956095,0.6124628376197752,0.1553778471241656,0.2763361215470008,0.5622784536973321,14,keepA_vs_dropB
A3,FrontierCode,0.3663691082219906,0.3663895542092832,2.0445987292672108e-05,0.2684885192101468,7.615218465512474e-05,14,keepA_vs_dropB
A_norm,FrontierCode,0.8113213704648486,0.9946937023747864,0.1833723319099378,0.2194401819400157,0.8356369844792734,14,keepA_vs_dropB
A1,FrontierMath,1.3092721205041529,0.8136666987473659,-0.495605421756787,0.5746588336171036,-0.8624341831435415,40,keepA_vs_dropB
A2,FrontierMath,1.4409953379445122,1.7595943622756125,0.3185990243311001,0.4879525278693024,0.6529303695224149,40,keepA_vs_dropB
A3,FrontierMath,0.7798068919120713,0.7183897066066322,-0.0614171853054391,0.6881336284650172,-0.0892518295355499,40,keepA_vs_dropB
A_norm,FrontierMath,2.3404396414120145,2.284119960046434,-0.0563196813655806,0.1759607746512101,-0.3200695238880235,40,keepA_vs_dropB
A1,FrontierMath Tier 4,1.9028847461273972,1.2390035553856544,-0.6638811907417428,0.867907497161392,-0.7649215992638102,41,keepA_vs_dropB
A2,FrontierMath Tier 4,2.0939517943486603,2.454671472008349,0.3607196776596888,0.6927912667373154,0.5206758441954528,41,keepA_vs_dropB
A3,FrontierMath Tier 4,1.1796395601289915,1.018309648283589,-0.1613299118454028,0.9832706252063104,-0.1640747803399012,41,keepA_vs_dropB
A_norm,FrontierMath Tier 4,3.3994523497126714,3.260531163939849,-0.1389211857728223,0.3220242017684068,-0.4313998296088676,41,keepA_vs_dropB
A1,FrontierMath Tier 4 v1,1.4249000410450114,1.1309283792456049,-0.2939716617994066,0.5717414449570833,-0.5141688859401701,72,keepA_vs_dropB
A2,FrontierMath Tier 4 v1,1.3761964290265922,1.4278511708616295,0.0516547418350374,0.3221113387771064,0.1603630037711319,72,keepA_vs_dropB
A3,FrontierMath Tier 4 v1,0.9870667598946392,0.7893666087173468,-0.1977001511772924,0.5478701924306631,-0.360852176133515,72,keepA_vs_dropB
A_norm,FrontierMath Tier 4 v1,2.3143310950523706,2.2078574457580964,-0.1064736492942741,0.1874349232260425,-0.5680566217954441,72,keepA_vs_dropB
A1,FrontierMath v1,1.158235332622642,0.8592837063426058,-0.2989516262800362,0.4241191581427236,-0.7048764964761005,101,keepA_vs_dropB
A2,FrontierMath v1,1.1304752935116265,1.3153953002655814,0.1849200067539549,0.2832781240435442,0.6527860468517148,101,keepA_vs_dropB
A3,FrontierMath v1,0.6900868894902038,0.7056581916799887,0.0155713021897848,0.4712167320029245,0.0330448838766791,101,keepA_vs_dropB
A_norm,FrontierMath v1,1.8878601838102576,1.852357642522669,-0.0355025412875884,0.1252652721130571,-0.283418865330416,101,keepA_vs_dropB
A1,GDP.pdf,0.4768267196742003,0.6015639412217575,0.1247372215475571,0.3261944990244113,0.3824013645865384,9,keepA_vs_dropB
A2,GDP.pdf,0.4889400631099523,0.589819332018235,0.1008792689082826,0.2802097472524659,0.3600134181534788,9,keepA_vs_dropB
A3,GDP.pdf,0.4434243464557088,0.3910339399138982,-0.0523904065418106,0.2714253429655451,-0.193019583099361,9,keepA_vs_dropB
A_norm,GDP.pdf,0.8785837265283568,1.0647638960377943,0.1861801695094377,0.2619899244095249,0.7106386626472454,9,keepA_vs_dropB
A1,GDPval,0.7890136003463772,0.8915736744200574,0.1025600740736801,0.4218163771043,0.2431391468907352,11,keepA_vs_dropB
A2,GDPval,0.713110166196063,0.3378097451466242,-0.3753004210494388,0.4193682103369502,-0.8949186223435863,11,keepA_vs_dropB
A3,GDPval,0.8791953427546434,0.4627296756424753,-0.416465667112168,0.3740781757653572,-1.1133118532244946,11,keepA_vs_dropB
A_norm,GDPval,1.4610683628906582,1.3356629631550885,-0.1254053997355697,0.2190216537162107,-0.5725707828782042,11,keepA_vs_dropB
A1,GPQA Diamond,0.8715417834389227,0.6807779338949511,-0.1907638495439716,0.2324733286189657,-0.8205838092362078,201,keepA_vs_dropB
A2,GPQA Diamond,0.9051280718147802,1.1898189256003875,0.2846908537856075,0.2853498594968436,0.9976905343062088,201,keepA_vs_dropB
A3,GPQA Diamond,0.5091795590364812,0.7707491052387704,0.2615695462022892,0.3355411835100661,0.7795452810472734,201,keepA_vs_dropB
A_norm,GPQA Diamond,1.473537296358522,1.619050918653908,0.1455136222953859,0.0859130275518678,1.6937317475808382,201,keepA_vs_dropB
A1,GPQA Diamond Biology,0.5093247099257322,0.3374628193255007,-0.1718618906002314,0.2057167639848099,-0.8354296814280125,35,keepA_vs_dropB
A2,GPQA Diamond Biology,0.5605169849220772,0.6756037220222263,0.115086737100149,0.2366903893509553,0.4862332493335962,35,keepA_vs_dropB
A3,GPQA Diamond Biology,0.3617778610939746,0.394681015569256,0.0329031544752814,0.2545267117850222,0.1292719111661333,35,keepA_vs_dropB
A_norm,GPQA Diamond Biology,0.9204981459213138,0.913652445319671,-0.0068457006016428,0.1933162439177804,-0.0354119264005271,35,keepA_vs_dropB
A1,GPQA Diamond Chemistry,1.2475193909642976,0.9362417688643114,-0.3112776220999862,0.3410344888113225,-0.9127452862170804,38,keepA_vs_dropB
A2,GPQA Diamond Chemistry,1.3076389168899982,1.4988097959285966,0.1911708790385984,0.3796662198122237,0.5035235400535455,38,keepA_vs_dropB
A3,GPQA Diamond Chemistry,0.8563174348118533,1.038554228643145,0.1822367938312917,0.4489096530496468,0.4059542774214691,38,keepA_vs_dropB
A_norm,GPQA Diamond Chemistry,2.1211492558036245,2.1136447967223124,-0.007504459081312,0.2812927657046377,-0.0266784645616938,38,keepA_vs_dropB
A1,GPQA Main Biology,0.605265047233421,0.3933178261449555,-0.2119472210884654,0.2303297720315703,-0.9201902959354068,35,keepA_vs_dropB
A2,GPQA Main Biology,0.6729324665684603,0.806615664990798,0.1336831984223376,0.274991339979954,0.4861360304367503,35,keepA_vs_dropB
A3,GPQA Main Biology,0.4118928251417758,0.4817985708104473,0.0699057456686715,0.2909127344127369,0.2402979911133476,35,keepA_vs_dropB
A_norm,GPQA Main Biology,1.0999780679639664,1.085253685438793,-0.0147243825251732,0.1805192452309875,-0.0815668296548235,35,keepA_vs_dropB
A1,GPQA Main Chemistry,1.207463617920748,0.912039856695996,-0.295423761224752,0.3510693898671557,-0.841496780270533,38,keepA_vs_dropB
A2,GPQA Main Chemistry,1.2833433165168862,1.4779337371106342,0.1945904205937481,0.3937222202005352,0.4942327626178603,38,keepA_vs_dropB
A3,GPQA Main Chemistry,0.8262363961282574,1.0632072175840417,0.2369708214557843,0.4421811516595333,0.535913438567922,38,keepA_vs_dropB
A_norm,GPQA Main Chemistry,2.075576111935133,2.1044548377725003,0.0288787258373672,0.2692166835666196,0.1072694509670721,38,keepA_vs_dropB
A1,GSM8K,0.6573421583343805,0.7180030652879861,0.0606609069536056,0.7392314632633306,0.082059422478879,94,keepA_vs_dropB
A2,GSM8K,0.8271635826459798,0.728446204376193,-0.0987173782697867,0.5034432500924914,-0.1960844211371404,94,keepA_vs_dropB
A3,GSM8K,1.3218975636665842,1.2117113241330757,-0.1101862395335087,0.6525831306433006,-0.1688462884795838,94,keepA_vs_dropB
A_norm,GSM8K,2.0094032015546532,1.930885572314467,-0.0785176292401863,0.178414925898704,-0.440084420317867,94,keepA_vs_dropB
A1,GSO-Bench,0.9992908989842444,1.332971906013565,0.3336810070293204,0.6026512478702912,0.5536884030498825,36,keepA_vs_dropB
A2,GSO-Bench,0.845755410179375,0.4927322104410029,-0.353023199738372,0.6123095677562941,-0.5765436608021111,36,keepA_vs_dropB
A3,GSO-Bench,1.11074908154555,0.7043938228674842,-0.4063552586780656,0.5222031107906695,-0.7781555687456587,36,keepA_vs_dropB
A_norm,GSO-Bench,1.8699267907496684,1.9782002533500769,0.1082734626004082,0.1938177330488194,0.5586354813732961,36,keepA_vs_dropB
A1,GeoBench,0.3132447367124121,0.2927233443946668,-0.0205213923177452,0.1787806421026349,-0.1147853149893279,32,keepA_vs_dropB
A2,GeoBench,0.3093955621987639,0.3033317018513234,-0.0060638603474404,0.1588579404183325,-0.0381715911176493,32,keepA_vs_dropB
A3,GeoBench,0.2435128141015727,0.3586222994055975,0.1151094853040247,0.1888651281449197,0.6094798252840994,32,keepA_vs_dropB
A_norm,GeoBench,0.5458758123466226,0.6166405101881763,0.0707646978415537,0.1829812549797189,0.3867319515837675,32,keepA_vs_dropB
A1,HellaSwag,0.3640124731766494,0.534214321638633,0.1702018484619836,0.2083132752968109,0.8170475367903219,77,keepA_vs_dropB
A2,HellaSwag,0.3173766792009208,0.1526318589588726,-0.1647448202420481,0.1974860561325348,-0.8342098853373543,77,keepA_vs_dropB
A3,HellaSwag,0.5977562304791876,0.547875985221896,-0.0498802452572916,0.2671768829156811,-0.1866937165856277,77,keepA_vs_dropB
A_norm,HellaSwag,0.8749228331401693,0.8556425939071193,-0.01928023923305,0.0683306532081053,-0.2821609091651852,77,keepA_vs_dropB
A1,Humanity's Last Exam,0.8732451390479538,0.766377089477176,-0.1068680495707777,0.2998240627891376,-0.3564358663431783,46,keepA_vs_dropB
A2,Humanity's Last Exam,0.7949744877543202,1.0918752164515768,0.2969007286972566,0.2792941799733606,1.0630394400827663,46,keepA_vs_dropB
A3,Humanity's Last Exam,0.4498222388303259,0.7673060960367459,0.31748385720642,0.3317008498110959,0.9571391131111888,46,keepA_vs_dropB
A_norm,Humanity's Last Exam,1.424494084895613,1.571636325227019,0.1471422403314062,0.1043832319703953,1.409634838411,46,keepA_vs_dropB
A1,LAB-Bench Cloning,0.8510425571042833,0.6340559708194349,-0.2169865862848484,0.3882740006956884,-0.5588491268950885,32,keepA_vs_dropB
A2,LAB-Bench Cloning,0.9588113262585894,0.7582700759986531,-0.2005412502599363,0.3272754645405175,-0.6127598063041135,32,keepA_vs_dropB
A3,LAB-Bench Cloning,0.9186317672482276,0.8810625968587771,-0.0375691703894504,0.357686752778286,-0.1050337204205542,32,keepA_vs_dropB
A_norm,LAB-Bench Cloning,1.6546037416514388,1.437622890564055,-0.2169808510873838,0.3224027500740487,-0.6730117873918513,32,keepA_vs_dropB
A1,LAB-Bench LitQA2,0.2913683417328205,0.2797442696781488,-0.0116240720546717,0.0981619849558644,-0.1184172473681962,33,keepA_vs_dropB
A2,LAB-Bench LitQA2,0.273429203415986,0.271738478067082,-0.0016907253489039,0.0894910092769234,-0.0188926838859541,33,keepA_vs_dropB
A3,LAB-Bench LitQA2,0.2455356138626863,0.2526526851601056,0.0071170712974193,0.1072309599926083,0.0663714220026561,33,keepA_vs_dropB
A_norm,LAB-Bench LitQA2,0.492056685236537,0.4860271889076007,-0.0060294963289362,0.0889449085124663,-0.067789111594748,33,keepA_vs_dropB
A1,LAB-Bench Protocol,0.6239579397175419,0.4974886124403563,-0.1264693272771855,0.229540429845216,-0.5509675457280727,34,keepA_vs_dropB
A2,LAB-Bench Protocol,0.6837886032497454,0.5928130429423356,-0.0909755603074098,0.1914795981785311,-0.4751188177373672,34,keepA_vs_dropB
A3,LAB-Bench Protocol,0.6217059694418496,0.6602848043462061,0.0385788349043564,0.2023268753211035,0.1906757806798023,34,keepA_vs_dropB
A_norm,LAB-Bench Protocol,1.154700491448729,1.078749678431796,-0.0759508130169333,0.1446576118656687,-0.5250384825062809,34,keepA_vs_dropB
A1,LAB-Bench SeqQA,0.5380006379430586,0.4191587734194598,-0.1188418645235988,0.1877981325969836,-0.6328170726736377,34,keepA_vs_dropB
A2,LAB-Bench SeqQA,0.5380248422476143,0.6767338919453246,0.1387090496977103,0.1610991720905486,0.8610165272590384,34,keepA_vs_dropB
A3,LAB-Bench SeqQA,0.3182062781972386,0.398174968907105,0.0799686907098664,0.2313974859588266,0.3455901449339666,34,keepA_vs_dropB
A_norm,LAB-Bench SeqQA,0.8935262411262627,0.9386775803369808,0.0451513392107181,0.1058390518923789,0.4266037762378076,34,keepA_vs_dropB
A1,LAMBADA,0.2153863553239018,0.2419914660927723,0.0266051107688705,0.0847685179694763,0.3138560329490552,26,keepA_vs_dropB
A2,LAMBADA,0.1959698369095656,0.1654420775929677,-0.0305277593165978,0.0873731734725017,-0.3493951072545811,26,keepA_vs_dropB
A3,LAMBADA,0.2131757636175543,0.2111399928810146,-0.0020357707365397,0.1011484655500634,-0.0201265607487852,26,keepA_vs_dropB
A_norm,LAMBADA,0.3863395113681269,0.3843080912284945,-0.0020314201396323,0.083369826157347,-0.0243663713031905,26,keepA_vs_dropB
A1,Lech Mazur Writing,0.3758161363034895,0.3317964031319624,-0.044019733171527,0.1356317444372804,-0.3245533216000396,49,keepA_vs_dropB
A2,Lech Mazur Writing,0.3881140611540038,0.1515139622607807,-0.236600098893223,0.1451942259920036,-1.6295420653039845,49,keepA_vs_dropB
A3,Lech Mazur Writing,0.5030821996849145,0.2588664357150159,-0.2442157639698985,0.155177827911881,-1.573780012622541,49,keepA_vs_dropB
A_norm,Lech Mazur Writing,0.7727989204898985,0.4976649908981586,-0.2751339295917399,0.1167165935896221,-2.3572820378832864,49,keepA_vs_dropB
A1,LiveBench,0.6429895283360925,0.6041613767379979,-0.0388281515980946,0.1383332859340121,-0.2806855294149264,52,keepA_vs_dropB
A2,LiveBench,0.6255801932362699,0.715710322174329,0.090130128938059,0.1386481807669845,0.650063552507291,52,keepA_vs_dropB
A3,LiveBench,0.4665383137374478,0.66468830047867,0.1981499867412222,0.156614605938315,1.2652075810813357,52,keepA_vs_dropB
A_norm,LiveBench,1.0495112337121282,1.1616241128845557,0.1121128791724273,0.0906575243007251,1.2366638074136167,52,keepA_vs_dropB
A1,MATH Level 5,1.2636115916621564,0.8566390533325972,-0.4069725383295592,0.4649848802201823,-0.8752382187929363,111,keepA_vs_dropB
A2,MATH Level 5,1.3159004444047544,1.753856852429578,0.4379564080248237,0.4683522375561982,0.9351004925481384,111,keepA_vs_dropB
A3,MATH Level 5,0.6006667328202825,0.8813510545388752,0.2806843217185927,0.6348177401700106,0.4421494611089832,111,keepA_vs_dropB
A_norm,MATH Level 5,2.177055004831473,2.275137337511597,0.0980823326801236,0.136071687563352,0.7208136713558335,111,keepA_vs_dropB
A1,MCP Atlas,0.6471728017917604,0.8653118776127414,0.218139075820981,0.3693441281237486,0.5906120043903706,28,keepA_vs_dropB
A2,MCP Atlas,0.4894171792217379,0.435669631026251,-0.0537475481954868,0.3924374936334343,-0.1369582393819154,28,keepA_vs_dropB
A3,MCP Atlas,0.4872245448431406,0.6460249035417506,0.1588003586986099,0.3056013328854509,0.5196324152098296,28,keepA_vs_dropB
A_norm,MCP Atlas,1.1702709506611335,1.2583281231480483,0.0880571724869148,0.1821751154247256,0.4833655369539196,28,keepA_vs_dropB
A1,METR Time Horizons,0.5020676705164954,0.5500041263364592,0.0479364558199638,0.2255297591880495,0.2125504678076379,50,keepA_vs_dropB
A2,METR Time Horizons,0.4244857050170131,0.3705735555874129,-0.0539121494296002,0.2084951067592755,-0.2585775285932544,50,keepA_vs_dropB
A3,METR Time Horizons,0.4134156526547696,0.3753764918186439,-0.0380391608361256,0.1749653018381924,-0.2174097403112774,50,keepA_vs_dropB
A_norm,METR Time Horizons,0.8513813491286975,0.8379771503490796,-0.0134041987796178,0.0580815903999664,-0.2307822269898724,50,keepA_vs_dropB
A1,MMLU,0.469393639157236,0.4823556748738085,0.0129620357165725,0.4650170809845362,0.0278743217112137,138,keepA_vs_dropB
A2,MMLU,0.5789996715252318,0.5001556157040469,-0.0788440558211849,0.3187742543810651,-0.2473350803510441,138,keepA_vs_dropB
A3,MMLU,0.8880001512952294,0.7928756533939101,-0.0951244979013192,0.407728699381036,-0.2333034148582763,138,keepA_vs_dropB
A_norm,MMLU,1.348557274928181,1.2605179646770657,-0.0880393102511152,0.0902182322088138,-0.975848319077507,138,keepA_vs_dropB
A1,MMLU Biology,0.26070380562004,0.2387051216074235,-0.0219986840126164,0.0773867552247696,-0.2842693681718704,35,keepA_vs_dropB
A2,MMLU Biology,0.2620305888727839,0.248415549213049,-0.0136150396597349,0.0738158421275205,-0.1844460385104629,35,keepA_vs_dropB
A3,MMLU Biology,0.2422824767558907,0.2502188512315451,0.0079363744756543,0.0888842219434527,0.0892889007984275,35,keepA_vs_dropB
A_norm,MMLU Biology,0.4542583870798903,0.4425574899771287,-0.0117008971027616,0.080917144403893,-0.1446034358844559,35,keepA_vs_dropB
A1,MMLU Chemistry,0.4635955793875394,0.3760278327438328,-0.0875677466437066,0.1398742148024296,-0.626046385800234,38,keepA_vs_dropB
A2,MMLU Chemistry,0.4668777318746264,0.5507408030233897,0.0838630711487632,0.128413378089619,0.6530711394433973,38,keepA_vs_dropB
A3,MMLU Chemistry,0.2984837625529994,0.3741116234545023,0.0756278609015028,0.1790637074158177,0.4223516981354658,38,keepA_vs_dropB
A_norm,MMLU Chemistry,0.7713813364809551,0.7955054628158802,0.0241241263349251,0.0867156342201472,0.2781981190805866,38,keepA_vs_dropB
A1,MMLU Pro Biology,0.5712315075363835,0.4318858005474772,-0.1393457069889062,0.2729508291815633,-0.5105157855967358,33,keepA_vs_dropB
A2,MMLU Pro Biology,0.6451031193682641,0.6125339523158354,-0.0325691670524287,0.2576309694051457,-0.1264179035914392,33,keepA_vs_dropB
A3,MMLU Pro Biology,0.511754933692202,0.5989281784140484,0.0871732447218464,0.2407714692498454,0.3620580336758582,33,keepA_vs_dropB
A_norm,MMLU Pro Biology,1.0935222301742158,1.0395987143719776,-0.0539235158022382,0.1515452431244595,-0.3558245358975236,33,keepA_vs_dropB
A1,MMLU Pro Chemistry,0.8724025325347644,0.5957906024375919,-0.2766119300971725,0.3505437390094418,-0.7890939113013856,36,keepA_vs_dropB
A2,MMLU Pro Chemistry,1.0010154425356927,1.0873160169669884,0.0863005744312956,0.4030602406460858,0.214113340211776,36,keepA_vs_dropB
A3,MMLU Pro Chemistry,0.6979199323486049,0.8384064155303793,0.1404864831817743,0.3420800209926045,0.4106830991594554,36,keepA_vs_dropB
A_norm,MMLU Pro Chemistry,1.6500002050909386,1.587123903487757,-0.0628763016031817,0.1637218190177061,-0.3840435073371727,36,keepA_vs_dropB
A1,MindCube,0.5451545227025835,0.502178461956095,-0.0429760607464885,0.4028917755265561,-0.106668994894029,5,keepA_vs_dropB
A2,MindCube,0.5567395574617817,0.5813912070355893,0.0246516495738076,0.4320886923841979,0.0570522904401493,5,keepA_vs_dropB
A3,MindCube,0.5044955004758517,0.4980997171725905,-0.0063957833032611,0.3872536529723083,-0.0165157468604138,5,keepA_vs_dropB
A_norm,MindCube,1.0738858199435235,1.0532459043907805,-0.020639915552743,0.4665770599911799,-0.0442368845847954,5,keepA_vs_dropB
A1,MultiChallenge,0.3322135021505253,0.3766797464998416,0.0444662443493163,0.1869589052798638,0.2378396700748414,30,keepA_vs_dropB
A2,MultiChallenge,0.2650738877360644,0.3329444659604415,0.067870578224377,0.1821666198577655,0.3725741756495782,30,keepA_vs_dropB
A3,MultiChallenge,0.175591418986123,0.3892520201411132,0.2136606011549902,0.1634953194732461,1.3068300783372149,30,keepA_vs_dropB
A_norm,MultiChallenge,0.5808582670124542,0.6647931177527109,0.0839348507402566,0.1142605573501397,0.7345916446306742,30,keepA_vs_dropB
A1,MultiNRC,0.7324131517290682,0.8284847148975306,0.0960715631684624,0.2542096887122379,0.3779225082062635,44,keepA_vs_dropB
A2,MultiNRC,0.6340141292013717,0.7783127640997718,0.1442986348984001,0.2432576964362569,0.593192474533738,44,keepA_vs_dropB
A3,MultiNRC,0.4728534584447152,0.787474896217889,0.3146214377731738,0.2242943308171183,1.4027168525704066,44,keepA_vs_dropB
A_norm,MultiNRC,1.2026224384922162,1.3960692629656002,0.193446824473384,0.1165488101635229,1.6597923582571965,44,keepA_vs_dropB
A1,OS World (Screenshot),0.6956034679110688,0.6821439103916058,-0.0134595575194629,0.3806952589651002,-0.0353552013125984,10,keepA_vs_dropB
A2,OS World (Screenshot),0.7051326506433435,0.5910472364205817,-0.1140854142227618,0.3368673947039632,-0.3386656471250931,10,keepA_vs_dropB
A3,OS World (Screenshot),1.016765497186647,0.5548994432553391,-0.4618660539313082,0.3960153932546015,-1.1662830834314837,10,keepA_vs_dropB
A_norm,OS World (Screenshot),1.523679980751424,1.1820936599104748,-0.3415863208409493,0.3528357837610429,-0.9681170010587352,10,keepA_vs_dropB
A1,OS World 2,0.5282594078584137,0.8481866774786229,0.3199272696202091,0.4821416771263745,0.6635544795194146,7,keepA_vs_dropB
A2,OS World 2,0.53454367201786,0.5250042259973061,-0.0095394460205538,0.3930411238593707,-0.0242708598196637,7,keepA_vs_dropB
A3,OS World 2,0.6523765235734567,0.4748448823987237,-0.1775316411747329,0.3993983996155987,-0.4444976277962015,7,keepA_vs_dropB
A_norm,OS World 2,1.094340868993266,1.3741976330295411,0.2798567640362752,0.3300293487664202,0.847975384862954,7,keepA_vs_dropB
A1,OTIS Mock AIME 2024-2025,1.639857712437809,1.021247172351032,-0.6186105400867774,0.6017813991387606,-1.0279655386027249,175,keepA_vs_dropB
A2,OTIS Mock AIME 2024-2025,1.7231293719874954,2.368956857181214,0.6458274851937185,0.6706116741902788,0.963042413440706,175,keepA_vs_dropB
A3,OTIS Mock AIME 2024-2025,0.7604732317123247,1.132030311634766,0.3715570799224411,0.8640740925258138,0.4300060413063953,175,keepA_vs_dropB
A_norm,OTIS Mock AIME 2024-2025,2.854553350715873,3.0136091246927164,0.1590557739768434,0.1727392782969953,0.9207852177278092,175,keepA_vs_dropB
A1,OpenBookQA,0.3063160886987374,0.6051270414999869,0.2988109528012495,0.6017736873013471,0.4965503794977587,43,keepA_vs_dropB
A2,OpenBookQA,0.3129543149099384,0.0562752162178551,-0.2566790986920833,0.372516886862725,-0.6890401690344613,43,keepA_vs_dropB
A3,OpenBookQA,1.0041230079711243,0.8725712132316709,-0.1315517947394536,0.6670993646333142,-0.1971997002452011,43,keepA_vs_dropB
A_norm,OpenBookQA,1.4751720960180197,1.4183670115290583,-0.0568050844889609,0.1317295692042761,-0.4312250076584701,43,keepA_vs_dropB
A1,PIQA,0.18292771850883,0.2433933921443873,0.0604656736355572,0.1072343782862189,0.5638646355944598,61,keepA_vs_dropB
A2,PIQA,0.1778259891031717,0.1128934120775314,-0.0649325770256403,0.0763744966834084,-0.8501866440416919,61,keepA_vs_dropB
A3,PIQA,0.3040354216431095,0.2794859705644851,-0.0245494510786244,0.1247491431679577,-0.1967905386377841,61,keepA_vs_dropB
A_norm,PIQA,0.4365310756744576,0.4247295485992017,-0.0118015270752558,0.0350322922826336,-0.3368756740222279,61,keepA_vs_dropB
A1,PRBench Finance,0.2398504268148354,0.2494741223954784,0.0096236955806429,0.131556494332638,0.0731525693920486,32,keepA_vs_dropB
A2,PRBench Finance,0.2093269342434119,0.200458519008634,-0.0088684152347778,0.1094507028243371,-0.0810265718349131,32,keepA_vs_dropB
A3,PRBench Finance,0.1972410707558893,0.1558900296735787,-0.0413510410823106,0.1134118247168514,-0.3646096091439261,32,keepA_vs_dropB
A_norm,PRBench Finance,0.4102954590954246,0.4163800638511818,0.0060846047557572,0.0691215860622937,0.0880275627685056,32,keepA_vs_dropB
A1,PRBench Legal,0.2321428004349664,0.2492488696633475,0.0171060692283811,0.1219757197258151,0.1402415928910543,32,keepA_vs_dropB
A2,PRBench Legal,0.1967680153666806,0.1993680768018307,0.00260006143515,0.1066144800896039,0.0243875075221004,32,keepA_vs_dropB
A3,PRBench Legal,0.1651244002130745,0.1749923030569308,0.0098679028438562,0.1062286562913077,0.0928930402432634,32,keepA_vs_dropB
A_norm,PRBench Legal,0.3925192295085966,0.4075160836069327,0.0149968540983361,0.0603603034018109,0.2484555784702399,32,keepA_vs_dropB
A1,PostTrainBench,0.5785497283729609,0.6712792818931673,0.0927295535202064,0.3414813954214489,0.2715508216948732,27,keepA_vs_dropB
A2,PostTrainBench,0.4958919069018771,0.3743916628537383,-0.1215002440481387,0.3022084971962385,-0.4020411245063132,27,keepA_vs_dropB
A3,PostTrainBench,0.5583932666914071,0.3697503566623005,-0.1886429100291066,0.2763001684164695,-0.6827462723249722,27,keepA_vs_dropB
A_norm,PostTrainBench,1.0281497409113778,1.036727859033945,0.0085781181225672,0.1682230523392617,0.0509925245278955,27,keepA_vs_dropB
A1,ProofBench,0.9202936117088696,1.1470186300575165,0.2267250183486469,0.636251868249465,0.356344758519045,44,keepA_vs_dropB
A2,ProofBench,0.9394155317449912,0.9224541592781692,-0.0169613724668219,0.4186839800110667,-0.0405111570458788,44,keepA_vs_dropB
A3,ProofBench,1.0603278344499627,0.575959525991998,-0.4843683084579647,0.5172250756918929,-0.9364749143494724,44,keepA_vs_dropB
A_norm,ProofBench,1.7304946056375718,1.9922830379005945,0.2617884322630224,0.2043348762867793,1.2811735178071528,44,keepA_vs_dropB
A1,Remote Labor Index,0.5310358377877623,0.8183166473824502,0.2872808095946879,0.4739255841781341,0.6061728237205862,17,keepA_vs_dropB
A2,Remote Labor Index,0.6121456988434992,0.4155673393812379,-0.1965783594622612,0.4026948569924382,-0.488157114621289,17,keepA_vs_dropB
A3,Remote Labor Index,0.7092232832927354,0.3835722777283616,-0.3256510055643737,0.3904866881158225,-0.8339618621461999,17,keepA_vs_dropB
A_norm,Remote Labor Index,1.188702039747326,1.3134568011588137,0.1247547614114876,0.2115428303352244,0.5897376016657865,17,keepA_vs_dropB
A1,SEAL Instruction Following,0.3033788578119927,0.217931187426187,-0.0854476703858056,0.1777789299842142,-0.4806400308146356,18,keepA_vs_dropB
A2,SEAL Instruction Following,0.3404840808144729,0.3790107899726713,0.0385267091581983,0.197703473600829,0.1948711798356427,18,keepA_vs_dropB
A3,SEAL Instruction Following,0.2032869949113017,0.2356489091075837,0.0323619141962819,0.1805122866030646,0.1792781799249143,18,keepA_vs_dropB
A_norm,SEAL Instruction Following,0.5930705589477453,0.5504531904584438,-0.0426173684893015,0.1545789830166748,-0.2756996304258535,18,keepA_vs_dropB
A1,SEAL Tool Use (Enterprise),0.5554750968425376,0.5064464606040108,-0.0490286362385268,0.1580704363355496,-0.3101695508352337,35,keepA_vs_dropB
A2,SEAL Tool Use (Enterprise),0.5604792122386411,0.4540676400251532,-0.1064115722134878,0.1569889871869324,-0.6778282612064996,35,keepA_vs_dropB
A3,SEAL Tool Use (Enterprise),0.5268713570812098,0.5198485408537658,-0.007022816227444,0.1593206405525803,-0.0440797639470092,35,keepA_vs_dropB
A_norm,SEAL Tool Use (Enterprise),0.976712611040841,0.8911186277260112,-0.0855939833148297,0.1325909343221543,-0.6455492885121634,35,keepA_vs_dropB
A1,SWE-Bench Pro,0.5386282318598874,0.7109665511667076,0.1723383193068202,0.3338128715521858,0.5162722411076294,25,keepA_vs_dropB
A2,SWE-Bench Pro,0.4596251557473637,0.2909010265462304,-0.1687241292011332,0.335682595159911,-0.5026299594733445,25,keepA_vs_dropB
A3,SWE-Bench Pro,0.6812955281763473,0.401117185139355,-0.2801783430369923,0.3081409374841541,-0.909253880138533,25,keepA_vs_dropB
A_norm,SWE-Bench Pro,1.0857872367323105,1.0668640633018005,-0.0189231734305099,0.1369810032615273,-0.1381445089461157,25,keepA_vs_dropB
A1,SWE-Bench Pro (Private),0.8744254585545829,0.9490780495998576,0.0746525910452747,0.4933552686085001,0.1513160916591224,14,keepA_vs_dropB
A2,SWE-Bench Pro (Private),0.7482407781606265,0.4671045431834855,-0.2811362349771409,0.4484679525323267,-0.626881437992776,14,keepA_vs_dropB
A3,SWE-Bench Pro (Private),0.9410267958114824,0.4796205641758281,-0.4614062316356544,0.4092919388840815,-1.1273279236665654,14,keepA_vs_dropB
A_norm,SWE-Bench Pro (Private),1.5973272772638234,1.4763079254314215,-0.1210193518324018,0.1614518059580005,-0.7495695146567971,14,keepA_vs_dropB
A1,SWE-Bench Verified,0.506608257367392,0.6428429715674643,0.1362347142000722,0.2770560941630725,0.4917224961667359,33,keepA_vs_dropB
A2,SWE-Bench Verified,0.4030211459819979,0.3002124169628441,-0.1028087290191537,0.2910064005852201,-0.3532868308477175,33,keepA_vs_dropB
A3,SWE-Bench Verified,0.4621527036477002,0.4198867202860424,-0.0422659833616578,0.2291725928224067,-0.1844286126937138,33,keepA_vs_dropB
A_norm,SWE-Bench Verified,0.9177950638753388,0.9335009740755472,0.0157059102002083,0.1151096151764917,0.136443077983775,33,keepA_vs_dropB
A1,SciCode,0.30931067934485,0.3008855567978316,-0.0084251225470183,0.1159335452504153,-0.0726719995392204,70,keepA_vs_dropB
A2,SciCode,0.2791656477352329,0.2898839285054628,0.0107182807702299,0.0906276776717992,0.1182671899532203,70,keepA_vs_dropB
A3,SciCode,0.2122439628284144,0.2294212442533794,0.0171772814249649,0.1010038918982817,0.1700655400711067,70,keepA_vs_dropB
A_norm,SciCode,0.5017343036731539,0.5052853500279136,0.0035510463547597,0.0354533092277395,0.1001612101129717,70,keepA_vs_dropB
A1,ScienceQA,0.2946074342297828,0.3424056675780047,0.0477982333482218,0.3352972310404764,0.1425548108461765,24,keepA_vs_dropB
A2,ScienceQA,0.3094094972393333,0.141249241453816,-0.1681602557855173,0.2581090437621411,-0.6515085768962221,24,keepA_vs_dropB
A3,ScienceQA,0.6853214271147658,0.4333291701183878,-0.251992256996378,0.4052649120366413,-0.6217963843205716,24,keepA_vs_dropB
A_norm,ScienceQA,0.9908021757588076,0.6936845787068718,-0.2971175970519356,0.3168923079586593,-0.9375980091340576,24,keepA_vs_dropB
A1,SimpleBench,0.7725821394339499,1.2153158673497992,0.4427337279158493,0.3442343163950115,1.2861405932806795,91,keepA_vs_dropB
A2,SimpleBench,0.6087804371154119,0.7043736525940906,0.0955932154786787,0.3789648825440163,0.2522482158160807,91,keepA_vs_dropB
A3,SimpleBench,0.5764234797814763,1.0914378751100025,0.5150143953285261,0.3097021873337392,1.662934316875004,91,keepA_vs_dropB
A_norm,SimpleBench,1.348034936847814,1.8230437400753632,0.4750088032275492,0.1405344442034729,3.380016948299218,91,keepA_vs_dropB
A1,SimpleQA Verified,0.6770645714725979,0.7599849563948207,0.0829203849222227,0.3360162868729534,0.2467748980083655,68,keepA_vs_dropB
A2,SimpleQA Verified,0.5760100439540397,0.9741231335085904,0.3981130895545506,0.3344165117028816,1.1904707920291369,68,keepA_vs_dropB
A3,SimpleQA Verified,0.3115471885436146,0.9181639978759292,0.6066168093323144,0.3152225662690101,1.924407939800316,68,keepA_vs_dropB
A_norm,SimpleQA Verified,1.1491474704341642,1.580082050539657,0.4309345801054927,0.2095206786473541,2.0567639570832146,68,keepA_vs_dropB
A1,SpatialViz-Bench,0.5313222521960506,0.4579958655295383,-0.0733263866665122,0.326080377935158,-0.2248721224222003,8,keepA_vs_dropB
A2,SpatialViz-Bench,0.5282321512651426,0.4949664802652651,-0.0332656709998774,0.330017222118129,-0.1007998030720048,8,keepA_vs_dropB
A3,SpatialViz-Bench,0.4609074209433552,0.4394591530878157,-0.0214482678555395,0.3104318692343663,-0.0690917073315909,8,keepA_vs_dropB
A_norm,SpatialViz-Bench,0.9800758388952964,0.901098484748772,-0.0789773541465245,0.369007377878934,-0.2140264907452225,8,keepA_vs_dropB
A1,SuperGLUE,0.4103603890745791,0.5033472776934044,0.0929868886188252,0.3334978909799933,0.2788230184772098,9,keepA_vs_dropB
A2,SuperGLUE,0.4119775665488241,0.287156151179649,-0.1248214153691751,0.2505209631539952,-0.498247387355155,9,keepA_vs_dropB
A3,SuperGLUE,0.7227734795149473,0.6225745180601758,-0.1001989614547714,0.3748871084071954,-0.2672776929580017,9,keepA_vs_dropB
A_norm,SuperGLUE,1.0632380810859887,0.9735762730429524,-0.0896618080430363,0.2594771076051013,-0.3455480480362562,9,keepA_vs_dropB
A1,Surface Evolver Bench,0.7526519141285457,1.0281222510859933,0.2754703369574476,0.5542299623606716,0.497032559885642,17,keepA_vs_dropB
A2,Surface Evolver Bench,0.6714106153895915,0.6254846375441727,-0.0459259778454187,0.4698933008024554,-0.0977370346991309,17,keepA_vs_dropB
A3,Surface Evolver Bench,0.918130019378194,0.5375365707711928,-0.3805934486070012,0.465769007016191,-0.8171291839385334,17,keepA_vs_dropB
A_norm,Surface Evolver Bench,1.4854392710024478,1.660616849615782,0.1751775786133342,0.2480890243896229,0.7061077330781813,17,keepA_vs_dropB
A1,TerminalBench,1.0253799382281816,1.1325294730534832,0.1071495348253015,0.4615552020828949,0.2321489051401864,59,keepA_vs_dropB
A2,TerminalBench,0.9197040632168432,0.8291922741000726,-0.0905117891167706,0.3604547877527171,-0.2511044163987202,59,keepA_vs_dropB
A3,TerminalBench,0.901236155075095,0.7232220316820384,-0.1780141233930566,0.3642647563663208,-0.4886943364184202,59,keepA_vs_dropB
A_norm,TerminalBench,1.7166424844510282,1.779149311658863,0.0625068272078348,0.144542002088301,0.4324474983378829,59,keepA_vs_dropB
A1,The Agent Company,0.9265446147023332,1.0366564982158823,0.1101118835135491,0.5122011303606536,0.2149778221614166,14,keepA_vs_dropB
A2,The Agent Company,0.7947833477806596,0.7105281308843527,-0.0842552168963068,0.4701048725331905,-0.179226427589002,14,keepA_vs_dropB
A3,The Agent Company,0.6834668854883141,0.7235101109952428,0.0400432255069286,0.4465426950935882,0.0896739011675831,14,keepA_vs_dropB
A_norm,The Agent Company,1.5985214487521762,1.6515776485345586,0.0530561997823824,0.2671934330719517,0.1985685021236845,14,keepA_vs_dropB
A1,TriviaQA,0.341883928687574,0.3834974816581349,0.0416135529705609,0.1196741017603272,0.3477239633174843,40,keepA_vs_dropB
A2,TriviaQA,0.3278048695214953,0.2685773848804411,-0.0592274846410542,0.1110131613150471,-0.5335176833039739,40,keepA_vs_dropB
A3,TriviaQA,0.4260888419121831,0.4018958299480812,-0.0241930119641018,0.1408781115014703,-0.1717300984961698,40,keepA_vs_dropB
A_norm,TriviaQA,0.6629820719761299,0.6404013243337462,-0.0225807476423837,0.1223571993811404,-0.1845477647134198,40,keepA_vs_dropB
A1,TutorBench,0.2063137845080408,0.2131410913402455,0.0068273068322046,0.1121169789141555,0.0608944951810744,27,keepA_vs_dropB
A2,TutorBench,0.1643079759343138,0.2357876164489991,0.0714796405146852,0.1062201000956635,0.6729389301112454,27,keepA_vs_dropB
A3,TutorBench,0.1028813700577353,0.2039305790665286,0.1010492090087932,0.0990404962759627,1.0202817312953831,27,keepA_vs_dropB
A_norm,TutorBench,0.3599492434882265,0.3912834621908088,0.0313342187025823,0.0608989256439891,0.5145282674732228,27,keepA_vs_dropB
A1,Video-MME,0.1924944068052348,0.1691663623050351,-0.0233280445001997,0.1716056857105249,-0.1359398111059732,50,keepA_vs_dropB
A2,Video-MME,0.2305121496698643,0.3245130390058574,0.0940008893359931,0.2091688549781806,0.4494019405795322,50,keepA_vs_dropB
A3,Video-MME,0.2599324493775737,0.2846885142226831,0.0247560648451093,0.1677591169540077,0.147569117521621,50,keepA_vs_dropB
A_norm,Video-MME,0.4801793734165318,0.5443658125377892,0.0641864391212573,0.1557377016600062,0.4121445124532779,50,keepA_vs_dropB
A1,Visual Task Assessment (VISTA),0.2604097952985019,0.3036269692398698,0.0432171739413679,0.1217346737960249,0.3550112108057348,63,keepA_vs_dropB
A2,Visual Task Assessment (VISTA),0.2220459106117882,0.2939214248757417,0.0718755142639534,0.1032245116980454,0.6963027781057013,63,keepA_vs_dropB
A3,Visual Task Assessment (VISTA),0.1206525922127036,0.3437235627772788,0.2230709705645751,0.1134442888626358,1.966348176722063,63,keepA_vs_dropB
A_norm,Visual Task Assessment (VISTA),0.4354729241800528,0.5570291799295479,0.1215562557494951,0.0508430112050252,2.390815431039631,63,keepA_vs_dropB
A1,VisualToolBench,0.9735521880159512,0.7942849354601664,-0.1792672525557848,0.3816169076504889,-0.4697571018524423,20,keepA_vs_dropB
A2,VisualToolBench,0.8977505349383507,1.125046315227989,0.2272957802896383,0.3073912246096217,0.739434837732592,20,keepA_vs_dropB
A3,VisualToolBench,0.5670881106145291,0.6950317006310807,0.1279435900165515,0.3962975209774099,0.3228473135562326,20,keepA_vs_dropB
A_norm,VisualToolBench,1.593384243175742,1.6302302348248112,0.0368459916490693,0.16256812361854,0.2266495474569605,20,keepA_vs_dropB
A1,WMDP Biology,0.3857865141953599,0.201480825943284,-0.1843056882520758,0.2861098346809119,-0.6441780949530288,34,keepA_vs_dropB
A2,WMDP Biology,0.5065689757316278,0.5195053326529375,0.0129363569213096,0.303303682651203,0.0426514996726445,34,keepA_vs_dropB
A3,WMDP Biology,0.4038425565999913,0.4167855577088828,0.0129430011088915,0.2320879528618633,0.0557676559653017,34,keepA_vs_dropB
A_norm,WMDP Biology,0.9167035776930522,0.803171578231938,-0.1135319994611142,0.1065978713121995,-1.0650494054295538,34,keepA_vs_dropB
A1,WMDP Chemistry,0.4959441793484291,0.264890227131324,-0.2310539522171051,0.3192053096495632,-0.7238411932143789,37,keepA_vs_dropB
A2,WMDP Chemistry,0.6258636624768867,0.6961565226488322,0.0702928601719454,0.3591084647149277,0.1957426991528765,37,keepA_vs_dropB
A3,WMDP Chemistry,0.4031928609461733,0.5146036752012231,0.1114108142550497,0.2866433415490945,0.3886740004249077,37,keepA_vs_dropB
A_norm,WMDP Chemistry,1.0801788376421009,1.0246566913658672,-0.0555221462762334,0.1207706658884562,-0.459732053870711,37,keepA_vs_dropB
A1,WeirdML,0.6557159659331618,0.6113209133951013,-0.0443950525380605,0.2430880676846456,-0.1826295011553324,143,keepA_vs_dropB
A2,WeirdML,0.6299063201269722,0.588103931691101,-0.0418023884358712,0.1412253959935039,-0.2959976719611681,143,keepA_vs_dropB
A3,WeirdML,0.5431967680044709,0.4172584945052495,-0.1259382734992214,0.2052080544071826,-0.6137101872684261,143,keepA_vs_dropB
A_norm,WeirdML,1.0796454122724866,1.0415835543706196,-0.038061857901867,0.060229935276247,-0.6319425336802162,143,keepA_vs_dropB
A1,WinoGrande,0.4359387528521324,0.5656461367566834,0.129707383904551,0.2232284975988417,0.581052084746119,81,keepA_vs_dropB
A2,WinoGrande,0.4148436223163689,0.2632931105594859,-0.1515505117568829,0.169106189426985,-0.8961854812671886,81,keepA_vs_dropB
A3,WinoGrande,0.6862410686872621,0.6300012008808084,-0.0562398678064537,0.2670536091752624,-0.2105939252427198,81,keepA_vs_dropB
A_norm,WinoGrande,0.992375919655821,0.9596297250830134,-0.0327461945728075,0.080736530864038,-0.4055932825247698,81,keepA_vs_dropB
