arm1_seed1001,arm1_seed1002,arm2_basinA,arm2_basinB
0.0010227780695696099,0.0028967999360483615,0.007512012692949839,0.03460333043476084
0.0012142108326094272,5.46040063462145e-05,3.849412889516281e-05,0.001490870818027229
0.00025247178637271335,0.03277287510807568,0.0026126547150211034,0.04706938232098851
0.0007663263086499152,0.0002612036233307471,2.029932267392335e-05,1.7643546758106645e-05
1.936618674586666e-09,1.544099790118801e-17,0.0010309420424824492,0.0016667196318028389
0.022077551849377302,0.002167935204281965,0.004458674943572933,0.0019181621291621729
0.0003232639975879237,1.383714721706698e-06,0.0028307817575995713,0.04093838258198418
0.01159870725423769,0.002389018828547463,0.02036651649258275,0.010003238272674764
0.009336178156444585,0.006104358924937612,0.0022367171499764154,0.024438943867043587
0.006731800489421381,0.00574760021273292,0.0140303157150557,0.0007399012083147183
0.003818821025216272,0.012917825930091522,0.0318131633770572,0.024020633087971727
0.007398867799090326,0.01095584039373754,0.0016090488909708237,0.005726999033360539
0.0007712525713623891,6.965391317959274e-06,0.00018959390146710154,2.519927497654149e-10
0.0009803893019526087,0.004520794859866571,0.008408359728099774,0.02880757406742923
0.043485944433534075,0.027181450821303778,0.0031708876575020626,0.03216711648113226
7.745408778322194e-06,0.01883461772756616,5.048101283576223e-07,0.0026295926321286095
0.00931959686646597,0.001883691447437336,0.0034632126661060776,0.001072224429703318
0.0015169570494408052,0.001089077960114242,0.0070542513953887566,0.004461392237508786
0.003932211263855348,0.009273650080252438,0.037854374638437556,0.00952186666730256
0.01647720777270381,0.007201874510750186,0.019740332146933347,0.013677041536871016
0.003437518235341197,0.009472722954947214,0.015223880743082587,8.04206511060857e-05
0.012903913619846349,0.0040989270210666845,4.825851083056259e-05,0.00019625372497949513
0.00016222320119933548,1.5695510170614743e-06,0.00010140436961604703,4.4482728110058504e-06
1.0014337834917436e-06,0.013667507479851036,5.451823519417608e-05,2.373897659279107e-08
0.000918565359569922,1.0249019572506882e-07,0.00033291220749022334,0.0009958546715541897
0.00104039522925177,3.21132075348242e-05,0.01946745540884979,8.740342699905672e-05
0.00811749677725017,0.0008033456335067498,0.0025836649240850596,0.02904976099422367
4.0807595528508215e-06,1.559376842811935e-07,4.353263211715271e-05,0.000580130566453202
0.0023523772839526987,0.0004773639669188244,0.01628096223926776,0.00428674178434267
0.046523766766804434,0.006526678149825281,0.011288846655404696,0.02879701077833391
0.004198983524291203,0.008293724273369418,0.003558123743818646,6.39424957820701e-05
0.0019303757946885422,0.01963333376611053,0.00045341412725781504,2.7855411999833796e-05
0.0090852663743297,0.011445459353516407,0.013326502381615996,0.05610378945772455
0.002011510160226767,0.00042237199448642886,0.009064328268128316,1.9384682998755242e-06
0.008843506660726488,0.008517720944326575,0.006315055222393036,0.014272631698872879
0.00586501834827581,0.009555548677505517,0.0022515195260387915,0.006115284571243618
0.0028717277323955744,0.0015030483563205246,0.0002945514104174493,0.0002067840417107235
0.004796224925279683,0.007830729388129332,0.00014148272011663693,0.007385862864444415
0.0016394540291388786,2.686718678723378e-07,0.00224491984059857,3.1702438107352726e-05
0.0005212041139658778,1.1229836893058863e-05,0.0014556937869260086,0.0025079730359187967
1.5592738428418738e-19,3.8127083062008764e-05,7.377319036016492e-11,1.0702514627989416e-07
0.0007606123927502058,1.592385647297618e-07,1.6302914903643944e-12,4.503980548838102e-05
2.719326326400892e-09,0.00012195677247205593,6.263881640694165e-11,4.0982464822115766e-09
3.231822236312947e-05,0.002603779848966945,0.0007577252741734199,0.005251877805373621
0.000921508992266956,0.005892572423442061,0.005507950681983971,0.0044714033636888886
0.015328335240613458,0.0116162239767571,0.011442610271732259,0.0008220348269585935
0.00355835464164809,0.003647694024288172,0.00014701742612517138,0.004201947502304123
0.0007954687882158977,0.0036525219712125645,0.00466353307013852,2.3597511948191184e-05
0.001705849978712177,0.003100086917789337,0.00821575502388747,0.0010582145401224633
3.406617984766323e-06,0.00034178443778233467,1.43102533043638e-06,0.0003714406901321478
0.003687546180448857,0.004189376555464919,9.208592261298693e-05,0.019347251892152244
0.0003684048224734626,0.0011182470470771214,0.0017708632055232073,0.003095099572242273
0.011815987178863736,0.0012626042368800699,0.011296284056615568,0.007905056677865674
0.01199412850754123,0.00536398482558321,0.024924892143624904,0.014421465619659036
0.030827970028919106,0.009288447566857594,0.0011641884605185738,0.016733263932041213
0.003297888565636275,0.01937842431003528,0.0010369236756151625,0.0017601908878950437
0.043649298556000415,0.06253254921275411,0.03392805127398415,0.00036529878454063337
0.018003599226877907,0.0008249542619755558,0.013658206260162316,0.005859057268554532
0.026480823642649393,0.005333789733574821,0.011941653271523304,0.01109637064737112
0.048150618574737486,0.08220557558576504,0.013499542636849967,0.1062747072354523
0.003609480296357918,0.0010361538667605723,0.0007476299505968075,0.020148398997188687
0.004285764645017645,0.0016786053787584444,0.018518264745072805,0.0044539442677384525
0.008211602423505191,0.0043086685310010486,0.0018037913550440837,0.006727367982780742
0.003943578974000679,0.0011007612565829715,0.0005387450178913464,0.009601255040958838
0.016042717399015353,0.02356115226599208,0.024080842721424876,0.004049940265164982
0.003351848051694216,0.011511880353720784,0.0045129696908550575,0.01592488410556906
0.0023352765146940884,0.025740406444600603,0.030326478136170273,0.010752198537905606
0.01218517864387526,0.028717076879961913,0.006578498440440226,0.01150777557076365
0.02259885613570302,0.03867323986742,0.05269055239488738,0.029930680739034442
0.001422543229928326,0.03702180293353097,0.015504773788952873,0.00856096042783186
0.019012189095338323,0.010666981583451854,0.015653245005055202,0.012839583256948478
0.0108626222919855,0.009712047471279742,0.033673396277917496,0.009661890362991227
0.04253889982864956,0.022636785499036322,0.021019232710130124,0.06808041201864198
0.06425362066777461,0.01674983785892806,0.04592875306773942,0.0024762312216633406
0.0076164292103082475,0.02838805748212922,0.005863592558531993,0.017590708475411818
0.004834210296332535,0.0027901899197034443,0.00662162582878272,0.011658944029942208
0.005258994115183646,0.006040787126744382,0.02754593629152988,0.008145691026079623
0.04308262168516028,0.0012330057478863415,0.002233507493190044,0.0037579079627379003
0.022457635551587866,0.017198564301552657,0.03439953729700805,0.010049623563077155
0.004908936227944146,0.05670699333704263,0.008068956521208813,0.046990182603014186
0.0290544996858205,0.0005954755179728323,0.012833788711610377,0.017548747671791022
2.2206530781956286e-09,0.00041324796791612637,6.181052500304721e-05,0.0003582564655342521
0.0031160982608470175,0.00023776247294845742,0.0020870238374639362,0.001461748176536877
0.008928881431056758,0.014896251381292396,0.003566382603504432,0.0032657047098212477
0.00023743309912864244,0.007909945384786092,0.01862480715202378,0.007608525961919916
0.004380227511381421,0.010379407374822729,0.010042415025291362,0.009568573391044034
0.0068389354577125016,0.003194249044412286,0.006490218810673506,0.022712596756170645
0.0014668556542516166,0.0011649055409183474,0.0029533998863686827,0.0044582872200758334
0.002441481283997379,0.008537706191021639,0.0036243712719229277,0.0034748269199772162
0.0013470824404722946,0.009190289242859542,0.020504964453858746,0.005710765891010247
0.006142833251239115,0.005610999886809205,0.030627627452782392,0.01877340416847891
0.031148846597545993,0.019607206451280623,0.009189779903392863,0.005140027421524308
0.009490756261866474,0.003771414170566897,0.003415024668020625,0.007224683857172706
0.014928326434537495,0.016942422352234233,0.03036192854717598,0.029479403661293393
0.0020744578431656775,0.0005223963569040386,0.05293467307829303,0.03647148502298521
0.007310292551145011,0.020236601283126644,0.03962168070923172,0.009489048870453645
0.02691594826712442,0.005203616054402225,0.0036179030944361074,0.05143353186661588
0.033926518089163915,0.04206805562618855,0.01269089061963342,0.04900880790235963
0.05348620926940928,0.02328243555822788,0.0684141927766513,0.02053354364806917
0.008535180162362632,0.015856990142626665,0.027632231680029647,0.0272203296081738
0.008977688685122533,0.023444792589753717,0.007599115478050306,0.014549110746325677
0.07448094884136942,0.022450735915857074,0.036591801501211864,0.07928223546966194
0.103718708795006,0.031232322087547806,0.0040604224443679775,0.07816547194638097
0.017189380299060076,0.022554820255358946,0.010383529271822615,0.004699610865498145
0.04013483329970029,0.014467748604407056,0.021839575955291016,0.006338181426607801
0.014228848054451284,0.009629396420273094,0.014788099287866313,0.019926862702502768
0.02510795737952432,0.006995875533713756,0.0320561358181329,0.00638015679111714
0.026983071372304452,0.03682759919898636,0.008080456234467171,0.014470357470738219
0.012400583898546562,0.019754077066429215,0.01659373100105576,0.017121067944419338
0.012926764938142623,0.006575866639551042,0.0036254517374380126,0.00994715041779883
0.016881878138404683,0.022780202388984813,0.048591672549833466,0.04098840621800248
0.017609855891006058,0.014592546201850565,0.011426085990528806,0.017663463308198627
0.02259660386400512,0.014566354857790377,0.00878413841125769,0.005316471055034822
0.0019822986120550798,0.00433839260974786,0.014153491614600486,0.022441278048706048
0.021479065997806784,0.008728747640846314,0.010793503439901701,0.016095726482134955
0.013828374073407711,0.0012800275876342856,0.007270284774019112,0.0037456889261385296
0.005982582767600824,0.022790693053544767,0.018787001504496977,0.024562449436235187
0.019452430284646185,0.004912985938068833,0.03384188913274431,0.021525899710032673
0.021937502665813884,0.008109482892185181,0.015298506315777224,0.018675736991309453
0.02812017642328519,0.010056375747769958,0.010435219309140303,0.004179505210693631
0.024667051200388916,0.004814756527352307,0.007576678596065778,0.01275161010400901
0.0013472447597348098,0.000948956282250108,0.013558155632060663,0.0018003271282165361
0.001690132858324106,0.0005620226571127714,0.0008960375893051058,0.0023627446929377727
0.06133016817090279,0.015438409598401431,0.005822726659361959,0.021075931613481237
0.03871841653826366,0.008032147310328494,0.01586303259779954,0.06528530855271467
0.05270776877234813,0.1121377596522109,0.0018000403482216092,0.05763736301073154
0.024952199292045358,0.01110448844057749,0.03999968981685589,0.023100927507475076
0.03087760465110786,0.05051573370626986,0.013466815002463446,0.03736674448086815
0.037798229399047874,0.018533698964932274,0.007052273185126884,0.00013571762550178705
0.0030420864562078296,0.020835159537243488,0.0009505644392195354,0.007175614484319212
0.0654245354167982,0.04513754196700675,0.018269354220155683,0.021862122638226567
0.03644644910926451,0.041118752641097565,0.04486436351219429,0.04826334297991607
0.000468789927299231,0.0035098518262848513,0.012562749513084498,0.007285973202352835
0.006979421337996995,0.021879473760134712,0.03181736670394597,0.010012119240837641
0.021889668423777132,0.04510613064841378,0.08593356129469673,0.04144040060060239
0.04279187693873402,0.11015232895917469,0.018250872593949384,0.07904164264889102
0.011262471333897597,0.03362675735826022,0.023523388818148486,0.019205116711746004
0.008141196977433951,0.006832014799250726,0.0022691602801762096,0.007494946637182019
0.0033943310774890902,0.02392561748868226,0.04664315027028857,0.02583065135687529
0.0035036112535401422,0.01810338804201112,0.029553213769788676,0.05568081412873287
0.0324746823115323,0.018280286176574075,0.004268344997057759,0.019777073159365673
0.008201501551994244,0.0006716853909718248,0.00993128667188441,0.007139552732729065
0.006435281206307972,0.010362418519905043,0.017372003445780864,0.02787179531950207
0.0199350194962582,0.014483337986693573,0.019660177062612683,0.014876121702516667
0.009482062176506743,0.0022991394325633644,0.018156518846232803,0.012090892782909219
0.006317056021704393,0.046965085089265196,0.03776419469401497,0.007121992487716295
0.014049015036703015,0.013902684154998157,0.00714903676877323,0.02149997849554102
0.032571123253054286,0.02545596098829589,0.0263819082978187,0.022659174937118238
0.05893828368396693,0.029184453904363646,0.028075664701804594,0.01472282975115023
0.08759036931264572,0.10734590313668896,0.13988542377521476,0.06774044904400721
0.009112045347238952,0.05921712996777971,0.009789701465042272,0.0732508157884915
0.08369619561783757,0.05416897020278614,0.041458992241928984,0.05676085041534645
0.01567130490354909,0.032954231302881054,0.023780225897490584,0.022996226563276476
0.005125189829373164,0.14749480748666355,0.028664711013734925,0.018567040966556612
0.009126258451632643,0.013770470555916977,0.018143223932363246,0.024482017302941625
0.04469195634896271,0.05479780190199869,0.02239535450364953,0.017089933243024102
0.02041155150185944,0.0377394376419022,0.02441237028954772,0.018091981387419416
0.01127800965588434,0.03919154356730698,0.03437391851741255,0.026392007538843236
0.03296599972674869,0.023182575573802017,0.04034083628510447,0.023752476400888685
0.06167680198703105,0.013431511028720353,0.014491760058143866,0.03743144637981908
0.06148374320860183,0.04701257562938827,0.008007919556612212,0.02347534941069227
0.013699831319125942,0.01327169722256696,0.024979618502073565,0.021232661032608326
0.014746220573637652,0.05312330672666037,0.020306422943541756,0.037471803297351274
0.0042521124468159885,0.025067034112020076,0.035779137843025076,0.00903431032487088
0.05827537723370947,0.0023189444597080983,0.028093190861577636,0.021294695675439127
0.013000648265634742,0.008683397487439595,0.03336024343708777,0.02135473298512866
0.017436069356089254,0.013636576724851034,0.013438677366853318,0.0031729453511976486
0.06305792366253024,0.07863240131848225,0.07141971640762548,0.10216296286211221
0.020097278568216154,0.02253346565196939,0.02252154975748561,0.02370973326752777
2.0468835626860914e-08,0.004813899591919125,0.006091542135016944,0.020976169356502747
0.01354516460043706,0.013318668317489141,0.029356705798737087,0.02316120806680297
0.048851564923073555,0.0259611836966487,0.003976494341606391,0.013242376798033436
0.01757086797525911,0.014612753894916243,0.01742771704968257,0.023145075138163825
0.019989788591757793,0.004786119706291824,0.024347236030890087,0.05780614182513345
0.020611134865226276,0.04897357473547619,0.05754935818120286,0.003256982102553562
0.0036012388548449545,0.034497799128994124,0.005122664638888811,0.09638827991661857
0.034217952211688794,0.05723969890713929,0.015771360198602966,0.08470129829742869
0.13187373897132643,0.1038114544632397,0.08108176009785398,0.100432113176329
0.02076674000507162,0.04539989928796316,0.03141629971996643,0.03165757760563997
0.002828803645543774,0.013713486247768459,0.01839622557438752,0.026568245387339918
0.0998363513023726,0.054601056259395535,0.05672150623885462,0.02185767011092583
0.013910549174246393,0.015117511737782544,0.08395456082561246,0.05240055530984363
0.040970965897570495,0.04870506989101775,0.02730483073118845,0.034087774286976034
0.02652283751129682,0.003381851202328495,0.004256414510761072,0.021025457267888653
0.024346583704525165,0.09651175230426708,0.017583303011581713,0.04223178818470014
0.024914261627564372,0.054404801573438015,0.03581647532879668,0.03248147859025491
0.02511776305939993,0.007646475536735939,0.008296466070313015,0.015130954137012822
0.0036840696587153335,0.012052320877606488,0.019627342662409373,0.008089429678551875
0.0002817420883692964,0.036857087685985834,0.005135819703336164,0.00029843859734274237
0.007526168095256767,0.011021741207426501,0.019704879816693714,0.012093300167488419
0.009133272288757703,0.031059467941878204,0.03238274809450062,0.024657787136834516
0.0045460448285051845,0.01065505950260697,0.03831485382937901,0.033443128044631634
0.007620329481965378,0.024746500771790914,0.047001550563032776,0.0583284558211831
0.040697162900831654,0.08185409083647877,0.02452867961504768,0.028615366541161466
0.06138325686762148,0.09397679316462257,0.0846352954664877,0.05849068375116714
0.012161524137805597,0.027245470627941585,0.008454186380963994,0.02156667795151361
0.06849592007737043,0.037502507100159455,0.02736544208729833,0.018759579262683828
0.11913689860714598,0.08543188567924198,0.1016456329952404,0.05727602938326599
0.02524109001807396,0.004988664026185195,0.016649395256897084,0.07260723559094193
0.0007159854423442441,0.005929465372829962,0.014974128504721998,0.005286794092272835
0.020871932771449258,0.005207856649021988,0.006476784012514794,0.004800690912617563
0.07267821200514063,0.039752163579888374,0.009665117619542418,0.051444369890744315
0.029634567959028465,0.02264351218126293,0.018045308122636564,0.008690892737500336
0.10607773776953311,0.09186671032061917,0.06647774065068812,0.0035550854636026345
0.00924165023976018,0.010419243803597966,0.03862095779960358,0.019167401612794115
0.02166394252475571,0.023034314137690096,0.023051431737918775,0.03516162855329089
0.029935237302587316,0.011843615526366263,0.005969689462210543,0.039459040400027956
0.029513816811611148,0.0498000594858691,0.021429216687176216,0.00771050108331733
0.03706125196177963,0.008267140045783479,0.05405404558610363,0.050354478238205824
0.09538378864953857,0.11950213406880257,0.06500044896909125,0.03456382253765691
0.000286158314656729,0.021988753665989208,0.0069256575482129915,0.005198966891411031
0.05262037723120999,0.015922452221784587,0.04493402924494194,0.04887740578191521
0.03183745008387862,0.016461830340416178,0.02831198578333393,0.06956640675324903
0.01773608614880174,0.02873456092632051,0.025302250614593073,0.03937241796856436
0.05163978334901544,0.03262603243259865,0.062401848848984184,0.035994986618366795
0.029965967594050902,0.05514255408411684,0.03093158249277986,0.02760984005104448
0.039780605063250096,0.06536067416626451,0.03763548701404958,0.02210414141316869
0.04715964943930985,0.026000807380997647,0.03010323958793513,0.029778256213240904
0.02268993717113207,0.015896746527962555,0.011976410443762419,0.057498298664744214
0.02072558953818174,0.045102969256059715,0.021822464178764628,0.01829960147331833
0.05573181965869005,0.04006270331855691,0.05669487084512611,0.03921355801107204
0.04839614876053841,0.03937102545877428,0.010358005205195244,0.027716838723103293
0.0689782511449187,0.05561916877072216,0.09812790141058478,0.038259093841110446
0.048745072458424965,0.009419323980079723,0.03624009903178711,0.03429940993705862
0.059063822321578835,0.06054998491577895,0.09278655551467041,0.06704750380687856
0.03013552899976361,0.10191344632777824,0.035680592411530564,0.03987929342105635
0.10999358948869167,0.08392544580342426,0.08085565859568412,0.10313243225998196
0.02473184193567354,0.05399294664011736,0.041650023878717066,0.021985872866993297
0.022547702732847834,0.008408236241015886,0.005637728704488112,0.0313641682521771
0.10645390418765938,0.09640079902929119,0.07221554750266747,0.06050837602846512
0.09883685967885486,0.09387865124403248,0.12077348617093078,0.10005834623285877
0.02498632660444734,0.02840899325298124,0.03966455611303429,0.0210632035677609
0.015892755682572424,0.04504138909867893,0.02800417799286765,0.0498773310696208
0.17496394940713242,0.0314625258025393,0.11777017035784357,0.05269463924335409
0.024159282193471198,0.04058386399256232,0.020607282114601656,0.018489010056848016
0.0765246364937179,0.026907948269064088,0.08717237893127537,0.07686641422484797
0.02639536323360757,0.026893917422369715,0.021988379792279262,0.045014763346898266
0.04630429197509302,0.07602702494071956,0.021346009847569788,0.10980718796234942
0.024220912369626972,0.04580142686716415,0.10954140556078615,0.12672352395077907
0.09696706802727147,0.11489303160755052,0.08921033270204679,0.08459009707550087
0.09754494266958996,0.10962340535306388,0.08070405374340703,0.16037936376394185
0.06606143242475408,0.11504961474990699,0.1019385440080521,0.030718317929081623
0.040875433390063845,0.01555250007480472,0.052935298939451515,0.020005568582847764
0.0236698197088783,0.10392178551388279,0.09858400838789269,0.0074754483278909305
0.02636367918237831,0.05230256878262906,0.07570504656472275,0.07732165044038035
0.10792433207767928,0.03421729740912425,0.04169032368068788,0.09924066435091912
0.008894513967188593,0.016501043070323122,0.021954305887671877,0.03762110814218013
0.024975716745086918,0.010277874261561444,0.08094020537862967,0.08777305688938498
0.04857915697863611,0.049514828071537106,0.04536411028129109,0.07048055475588
0.026685933291506675,0.01867156246406972,0.01727788529489306,0.009769466673307413
0.004335585156242734,0.05939719770226484,0.03648214797428167,0.16969275554828087
0.04019497950841099,0.020713063308906227,0.09624180276668534,0.04088957906007625
0.03911468025156526,0.014110798833052891,0.024623220610188703,0.018180635576115073
0.019343965907379097,0.01600079879323638,0.055403087488942564,0.042915260737427234
0.04650052746573212,0.033035929821057256,0.030799735148393455,0.030277633503273563
0.03211983873396512,0.05369305828229201,0.02647486261030145,0.03500520454950949
0.01508013949242484,0.005196782363097103,0.019717862644379188,0.0192557381894552
0.059895966741863704,0.09266182741542958,0.044147951021851796,0.015384024068512785
0.07156536085470225,0.029132021434535006,0.038086014625831444,0.0432022539573534
0.032958392646566935,0.10332876130905912,0.025410133949907855,0.05921036744617698
0.05751806589024645,0.05290891429005352,0.051463315981442735,0.017274855021555416
0.08977352372222021,0.07590425293566971,0.0556231392679055,0.12189179108212704
0.06727239602428962,0.05596650209542054,0.06614361883675106,0.027912887092732937
0.051268533056770725,0.024129106464969585,0.07673461060097732,0.06367614177054064
0.010041152075615048,0.03771479555088446,0.06391743532145813,0.02610425050138779
0.05400015246390687,0.05772518272007853,0.09068578617297446,0.06219579396577617
0.09284961301888324,0.05437337712098499,0.11417252908499625,0.056119937251256
0.06900695929615716,0.030388303190376265,0.1060437946474331,0.20966666066328044
0.04362642007821569,0.05509629318046614,0.030113819433402092,0.03828058983019225
0.03683597546486141,0.023653283909258294,0.033667171275808615,0.026886913236082933
0.05493206578072554,0.042331448687420246,0.04521021720368573,0.04381988490069993
0.06381566387174181,0.06553414522920951,0.06999172246623685,0.014662025598181617
0.14143637740680912,0.10335153943923493,0.05412877970871172,0.08121696159573238
0.03108206492988388,0.025786476458518563,0.04227626090868103,0.03438181132613359
0.10887677351376751,0.07336453857208693,0.11809470023688003,0.10480697812651847
0.07296819610103344,0.007704393906594997,0.015927560972306656,0.1137164394801842
0.12172996537680661,0.04318337969857272,0.02179786572166364,0.02994363456975567
0.05517191302502611,0.04387762876601973,0.03775431080537151,0.07001881397428925
0.09245481869948298,0.06540888369472599,0.09719564510847614,0.03433631361813237
0.0924361273986493,0.10292852087990335,0.033744462796354666,0.13430595648023103
0.009820934087896669,0.030844565890587747,0.013597935092883966,0.006052988883898737
0.23247788137731015,0.0968573493912003,0.044238506733615804,0.023221948117936445
0.04799298057601227,0.03751808241360136,0.020929907358259208,0.1530093636581466
0.016552933231140675,0.013220489991984512,0.007798032036475505,0.04920988726245165
0.002774025047321389,0.004317822346795147,0.025564032469366643,0.03558744075309871
0.03300140739029611,0.05148192570337582,0.05958559042959243,0.045199236668622855
0.02484159075215532,0.008691498841189787,0.04172595154518408,0.09104439644876007
0.116552040721717,0.024244794580658858,0.10286396408849074,0.14956366812070954
0.0027590404158021574,0.0036505290415860705,0.0002885640347989929,0.022249527459684348
0.009380631710691962,0.03623388845141949,0.030977757743748502,0.02462196198696609
0.016872366228581587,0.03252840691006642,0.004304047744870546,0.01261712287961277
0.031439221267719385,0.03469788699087558,0.019315776948321563,0.08326246177115115
0.08262141388572941,0.054384890393130325,0.07182624371882286,0.049398735238669035
0.036888118773101095,0.051214403649495185,0.05596003991950527,0.05412058879772681
0.055584508517398504,0.0676167292336385,0.05342510094441721,0.09965943585821095
0.20437221659251584,0.08817479094496006,0.10286144613699488,0.1336645343515984
0.04328535089840926,0.02532580036410623,0.04998817726085866,0.059780297148659636
0.031508023036291896,0.029050145287163803,0.006821235408239412,0.01943383955680486
0.06540978920501207,0.1351027325045722,0.10471441032337364,0.08057311855895286
0.045109054104151856,0.04813705505889154,0.10384471137665828,0.03282156727748615
0.027676469524973032,0.011224988331118627,0.03519374909912352,0.02186404880305222
0.049978330765212624,0.04953661232043931,0.026974276130548328,0.059048285666597346
0.06809915782585325,0.07282821983419101,0.07191444912888668,0.0534387285348228
0.02146408171885161,0.04252458999832875,0.07416919759856533,0.06722512260155412
0.044045443907288054,0.09757692342416384,0.09278895703039677,0.04591579112078549
0.05259211305693634,0.053495260005257464,0.04125345839876546,0.054074576628658506
0.04086153750960528,0.04259113980008768,0.021012372874529638,0.05761026204191977
0.06826059465467049,0.08734055476666362,0.050397504612212485,0.035895648416912826
0.025587236758943043,0.030825644413945877,0.10194229945714407,0.04393772740460751
0.0268183576701769,0.07685708529402958,0.05394757921058723,0.09922807857916412
0.023928254827014793,0.02088807314543576,0.03758639329338801,0.028711008871855077
0.04340836412192844,0.044802485128273055,0.07097310225768522,0.04124579295932354
0.0324712647562388,0.04347142862490129,0.054271536488014444,0.13582206198256344
0.0162320810563548,0.023256936853580372,0.05408041670712942,0.053169162053100204
0.03584770457498209,0.07656681543196343,0.048171921213733176,0.08889528492176492
0.04698176231513174,0.04843522636354802,0.0437656282188832,0.048439190250419706
0.05001181966453043,0.05335343749634095,0.08158464057944399,0.09884831451881108
0.08998941414865749,0.02443242590777147,0.07504144058330327,0.07073524659053276
0.047058960966579896,0.014358901437486598,0.04827760151901522,0.03461469255105866
0.02684841083788706,0.04633595772172775,0.04903946785086064,0.07121699786201031
0.01758778303545059,0.032447442998533,0.07563034517938375,0.039322235625675155
0.05601161248682533,0.08173167939802456,0.035576828567237324,0.06302295992350508
0.08844688169405295,0.1777451534894368,0.13481390825981956,0.10530455733881333
0.0443463037195221,0.035234246193922264,0.03557376214391132,0.05578012915269705
0.10310289865882045,0.025885181960349935,0.08623373038059368,0.09046708797509634
0.07102869570041395,0.041589077076275724,0.053779264468853054,0.0795416022882975
0.057500778181324715,0.04996888573310935,0.140925634499289,0.11930387354149972
0.11312810649952901,0.035869798829782445,0.08705146801635325,0.055677555883239964
0.02860334487809002,0.06547556235764727,0.07079350536147011,0.04159065931811851
0.07985576337774544,0.09983245494340233,0.08603973866747779,0.06666445187800976
0.04400814823788132,0.040789264195748465,0.02854926520322711,0.028351657529685777
0.04361632729613958,0.08736402018741861,0.0307855401510213,0.0482594990955543
0.08079481297818296,0.041064898092348805,0.04886171016088506,0.11855901272734823
0.028149919827364752,0.06874555245875012,0.021494906614731413,0.06314615604055683
0.024883778559432013,0.03233069275654296,0.08066918873317729,0.01756725257523982
0.015181290226021498,0.024897727350313877,0.080227672170788,0.11295999212967961
0.027162513890743156,0.05556588198938933,0.05427176752206477,0.04604605231838478
0.09024648862881075,0.1515597788519467,0.0929406650993563,0.25101510937635446
0.02170137505616126,0.0030736947591181707,0.07186674028607029,0.025424721382279886
0.07763785717067324,0.08075637420835435,0.1082292203225746,0.05423708244069794
0.1296469330423368,0.10189020229303565,0.08133027298714013,0.04234524827136168
0.14208207038547058,0.02625380592080439,0.10217608817729922,0.04795285756298753
0.06466034942843417,0.10373101206736039,0.11872754369348988,0.1180112940927817
0.06216860598956616,0.05553422633989583,0.0725151451936707,0.06912934624277364
0.1810542603760186,0.07482135040315292,0.11380863946481726,0.052011289791352305
0.06244432282430728,0.06409526631611567,0.05529150559018439,0.10772553520582603
0.053271111583336805,0.03993363577115808,0.058293084064881324,0.07258096371032043
0.09037401554535722,0.1111407029212675,0.12351358906798393,0.28051758692872375
0.07266561729593995,0.05381272499108985,0.06986425312047603,0.07309737198580588
0.1401268722162266,0.07945372518915356,0.04859269660948903,0.14046767554111472
0.07057683597392171,0.08597341613455929,0.06143180653977487,0.07731168016372678
0.11980529976767243,0.1320737225725878,0.053886560072304836,0.06848113458721616
0.10367362515079519,0.11005157293861471,0.04991153643095904,0.07275904372889845
0.05780259138327892,0.19862658409831974,0.152814778117409,0.16826056068274367
0.055048659922672695,0.04132054409917905,0.015829049207834008,0.040697092957327444
0.042111860875075104,0.054796845374924595,0.03471040680408692,0.07721279057122189
0.05278208736104437,0.04310779768557288,0.08504597100519523,0.06241617531912214
0.038218502698103896,0.09183735263181529,0.04351450801614337,0.07257082894908048
0.041593161157088505,0.07195332349182733,0.08873197068192525,0.06700624889378383
0.04684728421939163,0.02076069593685448,0.03995010610448388,0.05507864852674829
0.06463314325847508,0.06378813639430658,0.0566174235514654,0.08613825004035432
0.07291759455642688,0.028482904806321423,0.09022431874197448,0.0393245902656358
0.09559940293897397,0.09097879983879621,0.14677606143399083,0.07959551756919861
0.17204070872604144,0.24036749030797944,0.16051479894478016,0.048790132309729485
0.06037305275043752,0.07394585593417073,0.035101222757689156,0.09323347385818037
0.060683057992030186,0.12089631155697947,0.08975973039240423,0.08885491065478027
0.0847661739817003,0.09778588225813943,0.10917345149097284,0.04595356049901355
0.1476262028794831,0.04122388935857758,0.16559839433943285,0.1499278996755004
0.23285984666861317,0.15363846033439774,0.06755909040580849,0.18266747915644377
0.13112345293772149,0.11058289848712148,0.12291570933149153,0.06736594268312246
0.11351699316134406,0.05922408720682157,0.14509242748870504,0.11184904276108419
0.08397819032471578,0.06348646447692456,0.04283688455390176,0.02987680864616534
0.0602916123993543,0.04764376038685552,0.08058480590073125,0.06094971852552889
0.1816547956048647,0.21272953582004425,0.08868258800202834,0.2848488067359463
0.08363458900152017,0.02630971990093845,0.07086420298501203,0.05845769997514001
0.13345964915644773,0.16811137624794703,0.09873903497615086,0.04493600925065095
0.1276048625365824,0.18678933087895813,0.12024028332368902,0.11351224089481361
0.16483854367892223,0.0670660662313938,0.11235857292965482,0.11457017124845814
0.04711377563469732,0.040496797871078294,0.05190469498940149,0.07003376913610128
0.08760838002743764,0.12579379239664745,0.05047374547827002,0.09049940275104436
0.06791983264921304,0.08502296696070587,0.04457519965234931,0.1612221450901473
0.05955793232873864,0.04337707230597304,0.058734705189096785,0.010090432625960667
0.07270562942539442,0.07025672684653053,0.07037661515594272,0.02773464679227864
0.07640419344408525,0.08478168670351323,0.07691442547107953,0.07597940623938733
0.12899293894650568,0.09691838345578699,0.031411793608759044,0.1377869640861955
0.017207037975244102,0.09084749025496179,0.06013137932664736,0.10851673409677592
0.09270233223532752,0.02618572696911642,0.05260498149332065,0.03886921799433243
0.07054401291530825,0.1424094087446182,0.0817489506029919,0.08813063709194784
0.06189180374321113,0.053202715580297655,0.07551707541700552,0.09673966587071504
0.0650370456585805,0.010909466461458489,0.029916334443366957,0.04276755481444474
0.09914042228008976,0.10743577576119577,0.048675226396014425,0.06834646478004566
0.0706270931508252,0.061595516533420124,0.05449126261479863,0.03656723259692966
0.06405452388463534,0.11755458687222042,0.10949060703312959,0.0869759278632456
0.13115372444274384,0.06332387947822893,0.04921659812734195,0.12926654747853633
0.044158832361272486,0.07479312025087166,0.10351583189823475,0.07019356184773741
0.03607535731990827,0.04094098640059798,0.09113810405438458,0.07463082317267687
0.08701302935859527,0.10174610089053424,0.12459748607216302,0.0993688690939746
0.05861530132092063,0.06543522228185461,0.1367795222480155,0.0664663269369617
0.15002943796953366,0.10713011234398788,0.1406257351391047,0.05548768214223547
0.047325812553789204,0.12303486844044914,0.08315046053350295,0.05567960101410191
0.14087950783174577,0.10022145915949457,0.06533315344003515,0.0722670393851942
0.09206913629889844,0.06502767013104774,0.08865165948183842,0.0648544238445931
0.08530722590175666,0.09203776303083598,0.089910538176471,0.06271611607311106
0.023800344980202948,0.023863188822843155,0.07071757870864814,0.07732121602915117
0.05141441491025717,0.08437911511247298,0.08982557402806501,0.12478533640419755
0.24587046548678815,0.03190171885781768,0.007969772350147829,0.059433504587887924
0.07981076151791988,0.08885714876171745,0.057365336318748426,0.06892816165320666
0.07786594231666512,0.06486613411579129,0.10270788962699923,0.0705208140164245
0.08971154026862788,0.1510687391804977,0.10158074772651657,0.10354424237604885
0.09598907649758605,0.09731962472044087,0.12766864572870648,0.08291134266549
0.02997261397240349,0.05937473721857305,0.09492559911122767,0.10882378062548129
0.07949906495225507,0.08806029895581663,0.10474907790170206,0.13167121214909355
0.030923174476275992,0.05197989939165647,0.05056014044755039,0.08772457106137867
0.13644811058525633,0.07915467023686393,0.05234389696902402,0.06465458821780473
0.09675434260794467,0.07059653847538237,0.07518727904140986,0.1044603009926741
0.11744156096616999,0.12001254404755934,0.09410259560177381,0.05878871645384801
0.0662245227042605,0.0962450224679603,0.06935616339028058,0.12443203893626222
0.06587805582686661,0.1124596619051531,0.05448766032588125,0.08293475839829019
0.08363932404225825,0.06050565011496314,0.08838364924494094,0.04400785124479636
0.17341444611237003,0.05572875296255678,0.06702838523973438,0.11948327119482152
0.12094758924553616,0.11976997904540233,0.10105875931741985,0.07850831731125935
0.1381883557403271,0.08658739353226738,0.012358017539130172,0.12469853238213384
0.012368166485565709,0.005932537578346654,0.02682839743449144,0.05378056149843281
0.04098514917644048,0.0797664040649401,0.05787748002665433,0.12041077947375343
0.1395885040917191,0.20032679686507993,0.14724211161329537,0.09998566057258773
0.09123180796098498,0.12238796722965821,0.16634412429081316,0.17913107025087321
0.08005853816113943,0.051545451123289,0.06653112412729605,0.08605902268178328
0.03295292579217786,0.06294495852233067,0.1515441178732939,0.12274409805685899
0.10544502777749522,0.09341673400924635,0.09354346336877493,0.06924305272067945
0.03164912300517345,0.07580563879470109,0.07117703823079818,0.04893625572081332
0.08555026920644625,0.06439119173624237,0.13249221954229404,0.04988281023078984
0.08284132158279052,0.09210444633224121,0.06786248138633133,0.0854210198225098
0.03586240842625197,0.05427362227112227,0.07586493374549723,0.1302827941681334
0.1146254861852127,0.05929382642144351,0.07970082583235752,0.06843449904626567
0.05908032664432855,0.04736641696756948,0.018255141271940705,0.08050360996902696
0.10361326272056318,0.10221993191802388,0.0857010042839812,0.09639150934595477
0.11257706780689503,0.132789316034979,0.07128513590340198,0.12855278296645212
0.15891030905666464,0.11001469050996672,0.05275448280811859,0.03654554192512048
0.0499828204076332,0.0728330756236921,0.10798027702713651,0.14989026879624753
0.06850929242080019,0.06604024694279231,0.11295658915201116,0.1246798492458197
0.07558953293548408,0.1296018907390556,0.051512091547696995,0.06522769823704398
0.07418834865762562,0.10784668775761284,0.08406697592331946,0.10029646393268128
0.0383242155977023,0.14141210159197884,0.05242107130322974,0.05956835668437045
0.048846312358509725,0.04582318451037961,0.10023732741293365,0.1005015191515214
0.09723789123050121,0.12656635165551763,0.07609319683406743,0.07141711357348553
0.2196270206891277,0.3105689122961082,0.25733933801520686,0.2198674121296447
0.0780162580016841,0.10753339076132348,0.07984648754118427,0.09098305823317132
0.10549885128605746,0.08099762606715581,0.05836960730924712,0.15704697040617113
0.12181588780790287,0.05194187165207046,0.1133013779421694,0.0797407582351616
0.0975823210456414,0.0831130543605507,0.09910110567606187,0.07068328090544299
0.0829623299360593,0.07133581166517299,0.08391170458566397,0.07443488539763567
0.024035275903346105,0.09888593738409115,0.024670276673196274,0.0479488388605706
0.1289037999138527,0.05860945290534156,0.23576738488337753,0.13074600036124917
0.15407081430441347,0.10959135328003614,0.15139146052167854,0.144919368251354
0.0669853715339433,0.06351457921454555,0.08863324387529688,0.09920755839304449
0.0863008799323403,0.06397492249636841,0.093129622202269,0.12608256593563447
0.07108008657981582,0.07129656237834797,0.09436006103845404,0.07943931832697655
0.095584131255758,0.09546496076328426,0.03948864398218865,0.061690670995910336
0.0696174084862833,0.06089355581834172,0.06765861272724405,0.06710565520079774
0.14295891093896437,0.06365570704645944,0.08030847264593877,0.039591273878044606
0.09465862822442414,0.11022062299152809,0.1503298330477109,0.06461842235054123
0.04483924359285793,0.13245763798426533,0.2218814898283548,0.05540793999329247
0.022115940116514472,0.03531428299275276,0.04181630173458452,0.0851827788595789
0.10622405250657355,0.09870628005011874,0.08004774823285839,0.11445473866369563
0.07035748304435575,0.054273028937192956,0.07040278915048961,0.032534768697627246
0.06776018049407775,0.09940042671334734,0.0764632807270799,0.0792183599268443
0.17048822797198138,0.09719736287056184,0.08612777134487651,0.07936442652088184
0.08055459270462381,0.14825452884808593,0.1047629961429098,0.23087012073156565
0.01815290797727228,0.08725158117729861,0.03349063420973318,0.06134841112077425
0.16474488368792858,0.14250556218320795,0.18572214847904134,0.10079929656101116
0.0949562768075952,0.11854192903005396,0.15163217401584153,0.0956553500123038
0.12276796888548143,0.12879414524222332,0.0806303484007783,0.08071602539892589
0.12336531963757795,0.19523729450448998,0.009849275046764075,0.08198860251813572
0.06729519207770877,0.07595573868847956,0.11791073865344355,0.0974812061889613
0.10588685129396086,0.2532740101396686,0.2468665119110584,0.15883157549169144
0.0764048033238966,0.043501646770094576,0.052284663203881816,0.015637576258519
0.05429181428040094,0.02965322408643239,0.021921481438060907,0.028748289764306743
0.1208326176177392,0.08650788531458894,0.04091443372142329,0.13276761588799763
0.0946856803170553,0.0956344753662865,0.04903119215931315,0.057327049761090314
0.08342903868614802,0.08126432252533221,0.056207441516090216,0.10668368685513327
0.04806247436703525,0.07570024434598455,0.08169179569624788,0.11505335139175199
0.10698407907806322,0.08309582335818474,0.05611911627806151,0.059019765647515494
0.01592671650890854,0.06364810869640276,0.05252881822780598,0.08647787646775437
0.05491106081144857,0.09080983745002187,0.17203047327862092,0.12323679828149982
0.0687831333532427,0.0896874449167061,0.11612959683264572,0.09970879650292507
0.13342919113934942,0.20430715232396685,0.06752575324777978,0.11389206553844729
0.09693638393222195,0.09861283257960211,0.1541456168564586,0.18745026656871913
0.06056827642872147,0.039814658838916356,0.12526209090299806,0.10989826132583326
0.10302665242272188,0.10171622518298004,0.12051648613953306,0.08004203656067412
0.0942874324192173,0.09514912469523519,0.19395300999181103,0.09404376218935621
0.09309024255546157,0.18262395160795755,0.20205129145133924,0.051039636432606034
0.0834362713490629,0.12407827420951095,0.1159269557609722,0.09834406679583452
0.05948177215446557,0.08422974495493746,0.06667057103402614,0.11663393346731421
0.16365522061910376,0.16039240279458358,0.05793964125839487,0.1287810478445609
0.044104865293637205,0.15468594088808843,0.11226068595275462,0.060708573181086876
0.05711202494404379,0.2032703534979218,0.16239576339175238,0.19264714232326385
0.13924531088755146,0.13099042330848598,0.10494533712119256,0.1131217457275935
0.06644318276471783,0.03497367518963851,0.15104530350225054,0.0657358498950346
0.10364548110917933,0.05576316770326962,0.17202686741685308,0.1541987937099161
0.16373381067165804,0.07121069286460163,0.16251322294938933,0.1252109611665451
0.07411609388864743,0.16998640538043863,0.1207549233958754,0.07776452474520708
0.24131931037912002,0.15911639905018737,0.12479529992770068,0.04444969560253603
0.12755755063227428,0.11380100708440737,0.08069966500240866,0.13009254620227279
0.08043024641964405,0.037163773178453874,0.09236547940872651,0.06659047308905
0.1745567740538602,0.23913609039294823,0.1471282000648451,0.23135071556454645
0.04781906913755218,0.03690217755839281,0.11448530098515197,0.09845312927670637
0.07556060138491322,0.10467239798629256,0.053192312270408416,0.24388120271232874
0.1286692645358728,0.12095574100924258,0.08785994428410035,0.11564124899933972
0.12097292730744637,0.11059267870545976,0.11355894332418823,0.12789988996456553
0.12553359017247,0.12592763258262088,0.1343256380806701,0.10500263039857416
0.17743822604926054,0.11108134794204677,0.206285172056303,0.1878474480958092
0.06845913974404778,0.0486682694190089,0.05369620199543746,0.09485673771759388
0.1162126023407798,0.07903780837827311,0.0968241604001859,0.1292579186575833
0.14551711299568554,0.10736174041176595,0.08648954915390375,0.1012075758162297
0.11777156815355311,0.09906422878032972,0.0975681506223282,0.09296691750733506
0.048548964973577406,0.08975895237439752,0.05552929325303952,0.13450186360944
0.09123286508139745,0.09133913513451974,0.0739312024145071,0.10211812151336426
0.18165161187424175,0.2056507632722121,0.06776985797124875,0.29394382958557785
0.056442918552683664,0.06546236714131168,0.018914100191970224,0.055658298323877656
0.10722894911559368,0.1307291158641339,0.04046501140081595,0.0703198904769805
0.063083357866521,0.07278132752747161,0.10691303996702135,0.0837728656652012
0.0959523098980692,0.07722559177025189,0.10807294525655109,0.06829204856833833
0.1307928424079327,0.14157130387818428,0.1333497866729877,0.05330895635712182
0.13572356935896462,0.2175790847736891,0.0766485212587921,0.13433991234404985
0.13261444800629085,0.08320312920901932,0.11037813228397778,0.1710625383360162
0.10532797319380843,0.10218456015301688,0.15493593833122193,0.10669847343058655
0.09735800629787984,0.08766289740485662,0.08874636300277901,0.1757167586888212
0.08512351470266756,0.1249441814204368,0.12651590036992597,0.12251603110621087
0.07363033012701356,0.0556045182396909,0.013626000102330182,0.21606632569327605
0.10448980385389939,0.20537159798746696,0.11908658759363161,0.15424584444317782
0.15399845986750746,0.10468760696444236,0.078169286911737,0.021966842505757086
0.1230788735230851,0.08436768908584999,0.07201122381582903,0.09240909651495557
0.26238766096267174,0.09884730003625258,0.08764461733529516,0.24049503723935042
0.12324852603762709,0.09297870410099189,0.10332307994944136,0.1326536029878278
0.11904472065377812,0.11432823096175156,0.14284711908825223,0.13685238135854702
0.17185118249422984,0.14620632898997615,0.15986437469147086,0.09837057014102137
0.13762345318427427,0.19017951884242287,0.08747300486781645,0.10743687057450671
0.09386664745730328,0.028141760226322362,0.1198798717492818,0.11742340135961701
0.10601431849556617,0.14912600394483497,0.17048677124011447,0.08175016316415021
0.10766744035855172,0.1976859532895795,0.20099105103323034,0.25113946399397136
0.1137974157452193,0.2681101052696285,0.09638796480869238,0.17710826516270278
0.1502261973391587,0.14187416971421218,0.16450034736768368,0.10440740471117452
0.0890734216070517,0.1049851196921131,0.12295272677526685,0.14225505681609904
0.11092596189867389,0.08621484077545809,0.08588318171081233,0.09731494542612616
0.14108898378612922,0.1764355035555306,0.25256662086200626,0.13719548444324695
0.1577384412305293,0.07292208382107873,0.07982651549833006,0.18653905638251111
0.25584749011996816,0.19163359951549022,0.1594949889514037,0.0823556758470237
0.12208824344481616,0.09685609052548559,0.23894116722927897,0.09577465494252241
0.1064942147374807,0.1518493612820265,0.09958908639527332,0.07796277278006242
0.12122357370303972,0.17047624860728589,0.1621185579696455,0.15157053725592137
0.08468880024389736,0.03232812151716685,0.1703145076729151,0.1801994573766275
0.08058594603472984,0.1629199344848152,0.15028013933465237,0.1133146695957412
0.13298598981694584,0.13851782842743451,0.12811363674377874,0.16030909925642664
0.05043105133185219,0.08373834148943303,0.09717734974913378,0.07640455140536281
0.12226168639653953,0.15067424878134034,0.09509724591706661,0.1139362194977569
0.07289528628532597,0.08880179563446076,0.15606276177677836,0.09624582366854988
0.1322986092984248,0.13333063791702263,0.0866314420786471,0.1809970068195066
0.13117362090605827,0.15851008286034404,0.10040498554032701,0.05280734922138765
0.09410910235653368,0.11431107563247637,0.0858754892216642,0.05939917911570173
0.02401812724335008,0.11480978653308486,0.1587761866556948,0.11772091476880679
0.20504162407399107,0.10148790458933907,0.1811679594796144,0.17604427901436828
0.19395536281659415,0.167245343011037,0.3104426736355853,0.12211294568693447
0.16805299861545978,0.1173025075609242,0.08400155729596644,0.13404743608863504
0.2055893573767921,0.18784192033941133,0.11242942698736216,0.15853390915134263
0.10352718641617956,0.10170949762606353,0.10599121495597079,0.09499055920754888
0.11076821409118222,0.12406641200873543,0.12606715196976206,0.09990483869893502
0.21334243614795828,0.09939917477376682,0.1923917936752773,0.21754721212800213
0.17873742146548768,0.23215729014079262,0.1933516660890779,0.09215466054922036
0.16621081735184956,0.13260963713644608,0.14229331197959147,0.11324565848027161
0.1155843452057139,0.10945793110355678,0.13928196117862693,0.1956155978367163
0.16321120929704863,0.17941228175251855,0.15881773085935524,0.0750870115223699
0.14711482057345798,0.07989382130977529,0.05073670817192857,0.13438189533717632
0.17874375063777284,0.20649513775734826,0.17233757519672874,0.15877720141371054
0.23481592294797984,0.22617508086622684,0.15656311103158205,0.18477383315570672
0.07165458198123026,0.01827443789865131,0.037826073096980085,0.0350652753124124
0.025522898863295812,0.13082403944373172,0.0347776658528802,0.1304117389781811
0.07001087796571287,0.12475606776605856,0.07847493797165707,0.10034587650159782
0.09771072104105515,0.07388450853601343,0.10434678438375782,0.06359714442328175
0.08215168324809428,0.050649891631095914,0.017602086292116074,0.0840146696280102
0.16491900913563282,0.12516316468631145,0.09386898395032894,0.09906134846723688
0.15550749132685318,0.13284373351278284,0.17148001352036926,0.06721674659258109
0.11801805426084958,0.10066858606804943,0.14858842364816044,0.1255733331205705
0.18905015526554284,0.13244495542893828,0.048667387280254264,0.23857792227261787
0.11185977881388434,0.10484896738974214,0.0895370469269068,0.09026190583246965
0.0772149327041408,0.05871177748754653,0.12076657232760614,0.042379983982391435
0.210422425581191,0.25869614535547103,0.11843036211636575,0.1012883468760783
0.2368654597426575,0.15343407173453158,0.33771696059039924,0.16291631701535986
0.24572447164539052,0.4280821724126245,0.0982808551687237,0.3394330146260872
0.13240190009989036,0.08864599621937237,0.163337615457359,0.08469004765030558
0.09858410905432295,0.2010187836035104,0.11977951524094552,0.054172972518949564
0.13067004714350666,0.17032701336629402,0.14900939445691153,0.2117727664688406
0.26150763540289296,0.25640832808062497,0.18200921785182142,0.20219692131240816
0.19081840917484988,0.12714278310702487,0.13159393884821893,0.1428952155451453
0.14720846478105412,0.06862427392013708,0.08833274001058154,0.0490968813256373
0.1639357533569883,0.14346690089852776,0.12845371589440036,0.19418052700257185
0.13354811176371048,0.09934749895512625,0.07388004807237362,0.16087079123105275
0.18716913804079455,0.23981660606737176,0.23732615711722424,0.21417521617791832
0.11563320973861406,0.13013747482974986,0.09069932811977743,0.11508672291555375
0.12622013195597878,0.17573061708035803,0.15302120233682254,0.15541009297785446
0.12493304098465903,0.1258276567087199,0.23363394448056574,0.31711902675527404
0.09084263278430449,0.07436263126086502,0.12679866524880895,0.13659155805318926
0.07055624543124189,0.13080947824334677,0.09895067612319003,0.13243090337188154
0.12977770070560823,0.15734504393289606,0.1582653958343628,0.2283248987907018
0.10045300506642359,0.11948145473289479,0.0984774771446675,0.08261623433696554
0.163411218637042,0.17018277861052872,0.16399112854262018,0.12209633995008408
0.13360519356051748,0.112532183393066,0.11876070085853839,0.18578947071839275
0.1980016567651924,0.05132760946566614,0.16739840360867997,0.10180893627626597
0.15977865661345086,0.21178444621524378,0.14902400633586854,0.1819423066746182
0.09699881271939405,0.1004617571006617,0.15754980660618623,0.13061228733225083
0.13828164951778793,0.13091480732725938,0.14506846333723786,0.11019599905279531
0.13454833046630046,0.14271197247796433,0.17030048400866885,0.16224220479824092
0.13648881406399627,0.14670794091754213,0.10045823691308296,0.10841932197284065
0.22286088796503606,0.1751496208344753,0.056522332274332295,0.11428177572941503
0.1260272575273978,0.17341164523606228,0.049005420595405656,0.14576886103420472
0.1910856843139776,0.29369362695504786,0.13453760275289262,0.16188047727043506
0.19938111279652257,0.22110950562747844,0.1996386903133719,0.17361003044461557
0.10860835333134165,0.11703553105947546,0.14526913006433728,0.11047269022050117
0.15249806948173295,0.1689377859372979,0.1982543893275926,0.11705371114356848
0.1276062305608492,0.13649468152692162,0.16819723955350532,0.14061492406846723
0.3642477225252404,0.0965505562350332,0.08455170176943702,0.14185058021343802
0.1457968369906192,0.13870355767406672,0.21077517587523137,0.19674897873663053
0.1280033386974957,0.1913491469520803,0.16404369401933136,0.29572609545368844
0.057210621709694515,0.02929645705924388,0.12209797232221695,0.09161453060469171
0.10378928925897868,0.08647709013247494,0.14358375930207762,0.20250645298660358
0.1157586934334582,0.14879168967154804,0.2772043622077917,0.1116289825806123
0.2035114161356344,0.12287479853681547,0.194566978702645,0.27485206245165156
0.17097620397831642,0.14550305646147552,0.15458867938187051,0.17778774775367825
0.17249496932070305,0.18355941677304416,0.23006110736126187,0.27347049544238794
0.1561162092887125,0.15316415349119344,0.27534700794074085,0.09835695599886653
0.18561177550391642,0.1349742345527758,0.1928054908422097,0.1404229361318866
0.057773549121617467,0.15132921832701518,0.05110622738464103,0.1358444594955797
0.10594364744961626,0.16899595367418585,0.14038216619445518,0.11381208996811758
0.08933274162296978,0.16859039772542864,0.14642933950512124,0.1286629869009437
0.1341790422206037,0.02805080567467058,0.18228534592459444,0.09041078572939476
0.2400329797348191,0.2412815455192378,0.18125076237782403,0.245798840292156
0.30537766656500476,0.10143899046915346,0.08520033379996249,0.18643075372777493
0.1613601517326318,0.11669434581847905,0.11314791494492508,0.25779698415844854
0.1105493420084043,0.06457502795246393,0.04188170975921693,0.09762153822463915
0.11097770266611855,0.13880824190324678,0.12888207970138843,0.16280460640273828
0.067597314819258,0.0566302859610257,0.13955601693545558,0.15938038079010805
0.10570516676490109,0.1795073792592453,0.1957480404886737,0.21679170908382125
0.15269824591930184,0.08225830638674435,0.2777101137615675,0.1696166483036602
0.1451198780973159,0.17336100956160783,0.15891705436783024,0.21013072604821964
0.11444633556267958,0.13868459192176133,0.10969912851723183,0.09459803498720085
0.18762294642037905,0.19511590562492376,0.2526792049969183,0.19926018635525297
0.3139821577987299,0.17844579443867267,0.13054377775195192,0.17113967220467063
0.06915759949049757,0.06094903220278892,0.07839583283209321,0.08226897238366646
0.21600647734427225,0.19645001130300718,0.20405534776737697,0.2680524170566904
0.20474406046059968,0.2193748868655466,0.20013632813603568,0.15672088212761126
0.16525967120287807,0.20925282477312612,0.17281960839971905,0.12115117086389098
0.16221941341955332,0.15048479487512653,0.12905960608069164,0.11928816450761869
0.15642899357639273,0.3215649238392712,0.18994147970175349,0.4384620587388734
0.18125775784295733,0.14339429219780053,0.12511366394246995,0.22170084707922422
0.21048734875406908,0.15534110540398793,0.10456953367730208,0.23328395280244682
0.21548178352348352,0.14182114258995668,0.168127029135048,0.26253604576245443
0.1381462128138981,0.29324389970699744,0.15583032430498867,0.1464854920422168
0.11321238788596036,0.15797526152051952,0.141465031603622,0.1561795143105724
0.15900849649391596,0.17846148837060008,0.3003056395466861,0.34170109578151875
0.10759779393518501,0.08296806501819969,0.1277239621128012,0.07322458683543256
0.1769510124098466,0.15102866761959352,0.17698762626801173,0.17245331352501644
0.260388811081542,0.24564154151601553,0.19891360730788477,0.1733511176050171
0.09812313405478791,0.16523292000920492,0.10971936785516918,0.20127777936285812
0.22222400291714062,0.2149180281227171,0.16956568009079737,0.2003948591800863
0.16280038490115453,0.08899138499334541,0.08575918676528664,0.2260973518774352
0.04866281598653267,0.07739637663280607,0.09519240081508815,0.059099698780505736
0.13689729651320406,0.17347140732229854,0.12024996456816525,0.10127172206661704
0.1262222458733603,0.11437117723876979,0.14499445598826993,0.17864475734873903
0.19729558495341917,0.12374230308276024,0.08966852949593786,0.26322073904401494
0.09181584224602002,0.08038263359210704,0.13315285008923983,0.1270957607472275
0.34548715731946844,0.19200857062745527,0.30270780016769694,0.3704848687484844
0.24376165185337106,0.2937274457162807,0.24731079529889838,0.24550694054545724
0.18903693175338274,0.2223854953813426,0.11716539639016156,0.1157106442291776
0.1573711094425518,0.1753203665733616,0.1842646908427467,0.1639662604669424
0.2430797831478799,0.14977623177293964,0.33930827220154663,0.2094689685252705
0.1754177110080882,0.16034171204822745,0.19440509698636876,0.16782873376820917
0.19242917393173756,0.2565739946699064,0.24477106806590174,0.18842742245730423
0.10058173590165058,0.17085100321606614,0.1628337918586212,0.24374082496472482
0.0685939339614025,0.07311195691213071,0.03565938226454924,0.14350287665225694
0.0929176427021043,0.12041100796419532,0.0960295201522931,0.0652770785549537
0.14099749326418148,0.170983262118324,0.23599778022765838,0.24968820326125435
0.1707909199675652,0.18765867299804387,0.27282810605492663,0.18900536988201982
0.27281740748537336,0.15407730548769347,0.10470111284770026,0.13980322749711832
0.1678429356804075,0.15871987933873702,0.1771414083231434,0.1415702742674723
0.06687106107011065,0.10330898849796495,0.10307140590132062,0.15587588928668855
0.14932673449874773,0.146386757995022,0.14670461744275964,0.17259025652641533
0.1682310780156186,0.2136165853479804,0.1752081913510655,0.10843617526198053
0.2639744421135454,0.19704820996843808,0.1439075919975836,0.08669404989295307
0.1828429605723043,0.07706209398213947,0.10859057203581557,0.20178458828260015
0.31628941941113115,0.37683274706818304,0.13727880160918363,0.26849912381370705
0.11416632949681418,0.2083881428074259,0.1970690659473991,0.1708970327088324
0.17225434890551516,0.17212808222533216,0.1558342871770235,0.11318203171448767
0.18128426813480814,0.22273372195096017,0.15867310172517712,0.13687434106207783
0.16952956312654557,0.19497221439539517,0.08636257227227633,0.12019513986742493
0.07233357290708661,0.06649323074230215,0.19678375953152616,0.12381838954532773
0.08489604685122361,0.12584095859404476,0.2727910536338827,0.11396702653280745
0.14416396200905965,0.1387244185974491,0.220600688237612,0.20866922662398868
0.18164571817962932,0.17441745090472655,0.12687085461629882,0.14862840485572743
0.21183471357286962,0.13571588062942508,0.27814007806387697,0.22722079713080484
0.10274349292174145,0.17728087000254075,0.22030110779032736,0.15907760020574763
0.13026026480635383,0.25519738953420035,0.18341157778105918,0.163310217636797
0.2006975839117077,0.2911470235301256,0.19016063465925415,0.18885550439594628
0.17836005255381598,0.11419188490272446,0.16365574322962925,0.14825240174515394
0.25868447548596807,0.2938811978374137,0.304834608886524,0.24724786550049851
0.08144560622841095,0.09379040250381504,0.12094153034632012,0.11421117080779034
0.2156561129403623,0.12843010263961316,0.2682449076439728,0.35441405973487167
0.08071536536909975,0.20292135287203594,0.17096375052066667,0.2306601875313403
0.22241587424209616,0.23596247140680177,0.17711246097691702,0.16665824800441525
0.19360293358334718,0.15119548618185866,0.09552800633529593,0.13619651206814137
0.10531497331746446,0.11578769392341133,0.06456267245518732,0.09872926088347873
0.17199424350836104,0.1445137620104693,0.15388468471384664,0.15736581149491918
0.09427182463521287,0.17543769949967092,0.16443339956796257,0.13485079830412858
0.19301670957464315,0.16213011216015927,0.18860718440167729,0.1557954176839852
0.18863034329471803,0.04673071717775667,0.16015379922740855,0.06432302332059443
0.13364427075392052,0.11892139143325217,0.08371892430864769,0.15299796963526902
0.14357132219785537,0.23292614347009533,0.20078529815215104,0.18135953105493627
0.30457186547855664,0.4323600905966909,0.27411317484501835,0.38508201421726657
0.22522256860707948,0.1666418722541152,0.08728384420280541,0.21261575767480131
0.1785191067115255,0.17449460925023016,0.13367674429536117,0.15605296832367963
0.23169034550976247,0.09886833512686975,0.11430826082558503,0.1880151402817867
0.15679424755651714,0.17352427458869554,0.16263980962187352,0.20826131433904327
0.12936765527283178,0.14290571377086383,0.2779281710008687,0.1100686075706836
0.20133902249453628,0.14261739794193398,0.14593086820606724,0.16204175246344704
0.21268796387608993,0.15329502744184603,0.141065293421646,0.16365621685230147
0.1397038945067159,0.164579354109133,0.2720337443591515,0.20078754606164773
0.1845215394893754,0.15908677861739592,0.19239961925727386,0.2179028056592729
0.28955435591521106,0.22224338743767316,0.15745059024393512,0.16947955198653672
0.15766051567966316,0.18931030141055213,0.19298022181282917,0.2576913177679656
0.13465263838748934,0.1822539546872279,0.20915008867724716,0.1807197270021202
0.17086461050155324,0.1588189492608284,0.15211775321444107,0.18695563268573817
0.21557612897843137,0.2382380614648124,0.18431894379088704,0.18826969620452857
0.12802762650777647,0.1828066128795522,0.20697827475467218,0.13169876745862655
0.14864490668359842,0.19540448784759742,0.14004250957793704,0.18142957239576835
0.1854408114686585,0.2627006163364837,0.23326776222374038,0.14984105056669123
0.20787182902866289,0.19144941594839288,0.16488943576425216,0.25771302037474875
0.1452066317468899,0.24418711058144857,0.13339331482621514,0.165256497694059
0.10061242413570232,0.14601877882915518,0.04142863933767687,0.2117967031950087
0.17832944214686125,0.2680007320502799,0.2819660839798623,0.20516637978416033
0.23652150424764576,0.11776103459810515,0.22532001664062226,0.1882798425437785
0.15201930228991423,0.25424641872741455,0.305768536340652,0.2583390813267731
0.1810251826064338,0.19375378520812633,0.19105374188531182,0.2409317287309625
0.1837279192252646,0.22368950989479466,0.24502226342587943,0.1246434861573266
0.16576290682472236,0.1654844285191636,0.19046904890387864,0.12962261097965638
0.15766217060467966,0.1695470760651545,0.21098596467646188,0.1386222161708382
0.24974768713788895,0.22486836048602477,0.1724571323714719,0.24915880138992996
0.11887923709392804,0.19862653430495178,0.1260987029033518,0.14810035232231988
0.15081602841370859,0.13834179233592458,0.16652964800487535,0.190781406029626
0.08441832799319061,0.21522212857152767,0.25905549322444493,0.3543063982175631
0.24636490014050602,0.19695686933920756,0.24993382256612073,0.23767844529555868
0.2776085168832455,0.19392725586459864,0.23330529284199933,0.1583836026808215
0.16072345510471756,0.1578964922384933,0.18081425729714554,0.175989510966696
0.1282999749380626,0.14594301082187472,0.1464409494645581,0.1759022160951966
0.1732173059053413,0.2545879480658387,0.19618541791964503,0.15048397354835838
0.2635884417479755,0.2034699982241712,0.15257437411794036,0.16569946949289158
0.08437090652906225,0.1447672414646221,0.1163786212526905,0.08855397550026961
0.17694688717599946,0.19144190432078284,0.1627121200969547,0.2545300901401727
0.22804028998848172,0.25907616625330837,0.29893919877580377,0.31901921162093216
0.254436004742534,0.21408825624145808,0.23541569028088657,0.2469037587737364
0.23012563068638828,0.19328632842838542,0.18841422651103615,0.28176952585625675
0.19056703882829587,0.22542847803687374,0.1708894583540132,0.19217642380707592
0.19157739030400694,0.21437849015030486,0.12709893437497546,0.21058946066244574
0.2624187577916013,0.18106013010121466,0.16300366659706636,0.21432374366035592
0.1934924461888031,0.17733779225502905,0.21067204264359174,0.23153765204747342
0.14721802208244267,0.10038366425754028,0.08926988951200297,0.12423697154721186
0.15375360944862984,0.25432228304505283,0.1734760201612916,0.20935053425149708
0.07924206659140819,0.14307730854155704,0.11034800253171728,0.17683018480613544
0.19009137622633893,0.1697604375908154,0.20413847808509566,0.16205062163897055
0.2474982434644256,0.32767872979533436,0.086519319622999,0.17575609942710368
0.08348797037224102,0.11425821036220059,0.22079625669562755,0.2502667430546892
0.20140962154315561,0.12198010142838549,0.12831756930789845,0.22007172010183443
0.07970821513515046,0.07831006280451429,0.16006674473473792,0.16722055621797716
0.08443794899275084,0.1328565046199082,0.1350304861530443,0.25125014512144705
0.05223684655892528,0.010325508756491658,0.3783171581359583,0.35950043245393676
0.2704553096139359,0.20721045227599516,0.20530904835285307,0.25956677285894675
0.26400615915020276,0.18868586757106234,0.26905477571891395,0.23384982947635935
0.27807386029509845,0.3886601934193166,0.2127608418412269,0.2489173165110323
0.17702331439005897,0.19113868619287067,0.19019007969690008,0.18910263744197747
0.38543272872895146,0.19545446951412979,0.3353592085346669,0.15126882008591624
0.12212389202766659,0.10276746713986006,0.11713386627554528,0.0942186425056172
0.20851411064388845,0.21906819416877696,0.19036058675569026,0.27597810065085765
0.14381875114989276,0.2555510114710666,0.19355519241905608,0.2012521149803572
0.21782223477971516,0.2414489605166443,0.2774699876702057,0.2549020647124161
0.14970261182399147,0.18256237965697164,0.17508235236520775,0.22248467404999644
0.09542844170437498,0.22983604655536022,0.22058594790875466,0.16620153293963152
0.20882904441178315,0.17513615308403935,0.17386167254519125,0.16330822917974053
0.18291195146935857,0.18905755788155973,0.23175784975209507,0.21402068526060167
0.14191226582421826,0.2020998231500953,0.1712000996598525,0.2575495738153405
0.13201036092309676,0.12527285379623082,0.12175559340226276,0.13891443555203503
0.12052712265181842,0.19369459645596493,0.28426609900059074,0.313995568152753
0.1644489000767536,0.19532295577610073,0.18517041879351986,0.19040937620428552
0.1658328229851454,0.14548170138941807,0.21159806812873622,0.27477368927715623
0.16697221837344942,0.1820659287991704,0.22717383917580827,0.15189781070128405
0.40517186664505384,0.30943973242925166,0.19474404326948927,0.23406816084133772
0.25751937065964026,0.19567133472968654,0.17783489576755804,0.22571666376100055
0.20893035119883652,0.21624637332723554,0.2585733519372179,0.16393165333027476
0.20686529223761282,0.34807665541008415,0.4793279711174765,0.387184389691021
0.24668319008490666,0.22342930121354437,0.26928128675457597,0.21417458069968517
0.20625176150324415,0.09380112364789239,0.17428407703543003,0.10683191307784265
0.14935959799510412,0.23040675761804458,0.20325090739936827,0.2115928836873049
0.22034123139291498,0.2660834725529928,0.2644515538186659,0.3107342191005954
0.12013599408317528,0.26591525729277043,0.06422884863924948,0.17252956072987813
0.2601102609319846,0.21728095923087457,0.24673151921470035,0.11474738906012401
0.31669350762325194,0.2544448425340696,0.19523080709642252,0.1260005767647115
0.1570063279223481,0.1386036545199763,0.18709978219049514,0.2259438951419599
0.27020903701746724,0.3641567111755493,0.3462104319296709,0.19466861748240086
0.2696585092968516,0.23718377966631854,0.21064086021883852,0.20440674809731307
0.150702052851809,0.14341378063345642,0.19635819630421267,0.1730694617936517
0.19248219157941604,0.20932351049342948,0.21788609854244642,0.22681538016366407
0.10954896971403819,0.10118045667037757,0.10616007166670453,0.1387381335009489
0.2636079021100624,0.1966833514862577,0.1194014172664584,0.24915776974773762
0.27543528114409166,0.25355451328511697,0.22478669861034825,0.18875010640400863
0.22437940290105068,0.16791493352621256,0.17632396072071918,0.2807712363029956
0.211272207711427,0.19023284247637573,0.2196993787504669,0.19043831326962332
0.14404806444716015,0.1654921504983549,0.23692497599681514,0.18008597657440228
0.2175876514555029,0.31100674619932556,0.22696562844352502,0.325686641404293
0.14612939996511187,0.24299128096740688,0.10776521621231488,0.12160736655747259
0.23319003442380506,0.26876308678544064,0.19894884021365072,0.20942004792127397
0.24249837622872733,0.19149849625451645,0.2740688843570291,0.22251054672706397
0.06520597042605855,0.04801394164945929,0.10066763633168503,0.17282173400768525
0.21293080814087506,0.16121029509397233,0.22239113588686907,0.2027169361753253
0.2549075955031219,0.22830556914825315,0.23827572996954205,0.21229376314940274
0.1717184762293961,0.16544529054829307,0.24940959400302562,0.10994030881050386
0.18072625567495737,0.09528515708018469,0.22001238605604287,0.12141797163580513
0.12005619859090641,0.09628009506832284,0.10898849105417535,0.1273828117031631
0.21798118283597726,0.1269317162355615,0.24948763690683987,0.17875375553206144
0.31978600423312825,0.263513162128234,0.23130578750363215,0.17531300352212986
0.2402560246519687,0.24535235983327916,0.16045081826572447,0.21135165248720605
0.29694595592359674,0.34123042794333536,0.32603144717925436,0.20646330110464528
0.3220312310088357,0.23272265392768476,0.3240246662753226,0.3828075718744838
0.19524974220382468,0.19921788924364256,0.13292179535656823,0.23391876482379592
0.15457651374978235,0.1279896427674913,0.11984987794467498,0.15925808156634702
0.17095745030890686,0.14148704672151538,0.31056029856174583,0.07810010968765763
0.14742579630579966,0.12801570470352355,0.10325935209417827,0.23090876227734322
0.16776094580460954,0.16986125476260489,0.24344387524764002,0.16815163533704297
0.21907331498938118,0.15460460976128376,0.23880685601015328,0.23437999365014783
0.24189784127816694,0.4045928042251701,0.23498204574734805,0.10527153780536384
0.2902805766064791,0.20868593412961878,0.28110199691589843,0.26380092155420676
0.3799192119188367,0.2761336155343928,0.30678185273468683,0.3635113067909787
0.15019188769610067,0.1430241182220037,0.13707767143128627,0.12001303981664815
0.2304009142883648,0.20161534748876497,0.13327228376686712,0.3247960300760259
0.3547678728442811,0.24919325605216858,0.2871068367760282,0.21462446164489524
0.1585635997941601,0.2806122783392879,0.21852830307474724,0.18847983545264466
0.25070284343572463,0.33667564441564385,0.22562441664361654,0.28506605438588295
0.18280554267941715,0.15644927875325287,0.15219890073299305,0.2013808139709504
0.11553935281011334,0.1454708015800068,0.20937911935262898,0.1554813550936471
0.13637309843699771,0.26665693338429863,0.19207695801589686,0.2505589660035063
0.2138986010510845,0.24247008014167842,0.2619783305501451,0.2436314069037622
0.11662036284138479,0.1583940976025301,0.11072762222802204,0.1356001607296446
0.4488744512746761,0.5317354814258822,0.06869149157314902,0.38432453808794065
0.2140862647752478,0.20441201884187402,0.2937873584951056,0.2521428064908205
0.2245532626971677,0.17852964680633976,0.17655223798701808,0.22121770100156465
0.24732672288478363,0.44200073366570797,0.4246692243203232,0.38262059658353886
0.32588817581184504,0.21314997060546131,0.21012162511622068,0.22311112772142197
0.15564186244161507,0.24552580116879527,0.17871764189066666,0.20811409021264984
0.1199334461616445,0.17027684888213726,0.21527167394504282,0.12408111891687634
0.2552591824419633,0.2502857515141609,0.18786521843938206,0.19481770478034563
0.18231455435707214,0.11883156673266808,0.13008375676538972,0.24212488065965346
0.28746522217707,0.24313472256510155,0.28574495761514557,0.23189354359268988
0.22905827655290215,0.29116665961433824,0.24203888925874983,0.26967424183167504
0.17555246421287202,0.31655571963527335,0.5243777703603647,0.214839198685586
0.3043410169199086,0.14887670810349676,0.38280745697601914,0.3928608451213142
0.20613612422181424,0.14520823580099343,0.35555248652854576,0.15720945518863735
0.2784537755144314,0.18501641106327504,0.23831147534396402,0.31357109009736156
0.21512425831064677,0.16654347750807882,0.14159124580447496,0.2325904142773403
0.2085753665297259,0.25790347817012427,0.4186176911343201,0.4000299746388355
0.21538391401678336,0.2363725336052924,0.2108273000162206,0.22546975324841087
0.3185500659011689,0.23166684666827467,0.3278670495542459,0.27523203596280005
0.2908303859171302,0.24337329978059696,0.21917089992466718,0.19843036048362803
0.40046189584336994,0.3127826344332337,0.22352247485059776,0.25910261113969474
0.21022589050130067,0.17942645181247074,0.21740672529258528,0.21742615431264176
0.20558268481017203,0.20738391916498217,0.13947156003215572,0.21665711662804255
0.16601996623355672,0.1974688464849073,0.304505733565414,0.2507528874724515
0.32668788889707423,0.226433901853561,0.20709871994133372,0.31400974977347945
0.2647551674208032,0.18708958556317173,0.37873904723120344,0.2917246887358847
0.20173359944399114,0.23588158023016226,0.23853422052660364,0.2774380946027536
0.20734134409296626,0.20524921594218629,0.21755969618504267,0.29362660100779014
0.10675726448003287,0.20787986374428233,0.11252129057828487,0.18324788714918208
0.27334562004305274,0.3320161001540802,0.2327885252832342,0.25187746865941235
0.1737275221234086,0.16231380249177732,0.27848292623357407,0.3792664721615115
0.2221956892157406,0.29664795450076054,0.24798767305301964,0.33060283546467695
0.20855161351450616,0.2674990805636836,0.2253850671976466,0.26223575790628373
0.2280700709505423,0.12838588837130535,0.18760372237638231,0.1766118889159175
0.3261448289484519,0.31983956213427567,0.1931034806742144,0.27870218244883294
0.1978486885557712,0.3014983158395296,0.1504137341136321,0.08508850259892503
0.23946615802590943,0.31558901992208954,0.30864833585520834,0.20539996159924978
0.21112085335659633,0.18216094731626162,0.22607998959299466,0.27414277391252895
0.3964271440990618,0.5091360723120765,0.41379003327869474,0.2991563451114962
0.1798265747806235,0.1442141540739467,0.25769696490245586,0.12625473353253977
0.24701579537526602,0.2217211660580718,0.26542431046155823,0.25776050681929946
0.16600096066631573,0.3021065437771179,0.28865917708532185,0.2152131416503956
0.3065804268709316,0.3913707168668911,0.4384230357662697,0.36929132761888755
0.15194546071354112,0.23272642129171828,0.27397022585566977,0.21454433129091274
0.3625284388014612,0.27112475744608167,0.42759867117884176,0.07518687844025342
0.19327676267467445,0.3164270963568173,0.1888377011649493,0.20395334192671466
0.20914745344665683,0.21627450924492825,0.3224394510324572,0.31587986347938996
0.2812959029341432,0.3064606813572,0.2967920958882143,0.3430967032476254
0.2843446247762012,0.22180128303122856,0.14963090351952407,0.23620914050804875
0.2855515848661287,0.2194873013650794,0.3377826194696196,0.206816859939642
0.09831136447974942,0.13429875232398691,0.150941116194234,0.13490448027097923
0.27156376976429397,0.19740351974693,0.21948624862973068,0.2181647599031477
0.1034576869412938,0.09495695742358702,0.23158861979829706,0.2514925705366142
0.36430443353686415,0.2483659194591098,0.21605292141366955,0.19127422534100735
0.233948344385345,0.23733621664935128,0.22551977809901347,0.22109690532467616
0.1737754725628679,0.12151626220230653,0.16324551931426748,0.2802190343963783
0.32630488874398716,0.27414170981160224,0.33566126559170445,0.3085553508178304
0.18600667911714686,0.23599019361727164,0.23394888179374954,0.17317423479479926
0.08737679227551662,0.14634938713243079,0.23812646330489268,0.12948516027714646
0.2696417763116471,0.1962296013904165,0.2542738464674495,0.12797947760680575
0.21218975852523744,0.15471939881622004,0.15542936004345984,0.12586484696561812
0.25386280713842574,0.2506024027050624,0.2531808088602232,0.25877045008060306
0.2088120337313017,0.21766835501022747,0.19899839311356327,0.27882171738720135
0.12770749036517592,0.18026557357817466,0.37313729715335336,0.2661932779039446
0.14557422508580586,0.3076746113243074,0.25771117725376536,0.3417074904925887
0.1877364274877905,0.2014199631751939,0.2021412560432539,0.15859221495205036
0.23764094636305538,0.1845459819759187,0.19687227222035772,0.18111712937828248
0.19231908091201672,0.2186987031648441,0.24046624883587295,0.20440825788511155
0.3425820576378019,0.2845281310190039,0.19263217224269671,0.30211976821031755
0.18562474838018234,0.09025419800636758,0.28004994198508565,0.19905829232896388
0.20106763499757713,0.16785372912768665,0.23901265042845476,0.20543356806406582
0.17152559547027219,0.1481973752419225,0.1443414948270835,0.1579713940833373
0.2785052974528598,0.2920007484860017,0.28960040411192606,0.2999342521709368
0.31274871809537846,0.207766343272552,0.24192537074223688,0.32327238302012357
0.05636395849964751,0.061299962098941,0.11358509488024567,0.0812470206528801
0.27516763827878277,0.1310049955580535,0.26733003874120853,0.15113935674947016
0.24826426572840718,0.28809687503970566,0.24217026053831692,0.2058071004613131
0.2902725903627146,0.2541003188125635,0.24543452428294665,0.23011998963681174
0.30304321021512465,0.3175281661617884,0.29638770500369677,0.1894460043740687
0.22670300609996316,0.1989297214055365,0.06533420698356536,0.33402860142397756
0.3262918611654364,0.44549383989169616,0.23633486304586274,0.29499080558692936
0.2107912016453462,0.18736835036595711,0.259561575628794,0.2756930126413943
0.33190736990833364,0.2894564071206765,0.29147951109417736,0.26481475536542337
0.2289717874262874,0.2632317182709344,0.12284847862924474,0.2790584072356426
0.19817431306627228,0.24085220484671205,0.22488043722594317,0.21933890094834615
0.2498989489719709,0.26062008431083244,0.3842566995918292,0.2640473705404079
0.19311758125057676,0.23760509905949473,0.3264856765454112,0.27852798448049043
0.2749314635423149,0.19053382285196488,0.1285505582268195,0.1181076203038461
0.3363230684597583,0.21985548058336218,0.16009501891595462,0.26729552222439557
0.264470835582741,0.1083762600844962,0.24787966663261338,0.21935108825200564
0.37009125281510136,0.30267522068844716,0.29209289638039654,0.2907869629262921
0.18988053705836655,0.2429981025030297,0.21300080736165267,0.3901581799873686
0.2939399804840425,0.23539173076437372,0.25051055392759985,0.2924094178876426
0.1302300453756886,0.25568280226253653,0.16580479505169335,0.2668176672109472
0.38049490817456083,0.3970279274431108,0.2912390118443977,0.21203862158221762
0.3127218909454309,0.41288918253790147,0.3045780294776405,0.3640890597503342
0.234824314481238,0.2305540046906285,0.26386465498045875,0.22278637270542367
0.208481627368836,0.21549614084908597,0.12247730774424573,0.1361122387680096
0.3593020943265291,0.35844115346213457,0.32120831411612033,0.3280906863223568
0.2950749590463178,0.2513146613192075,0.26409708279700367,0.15259291790580712
0.25322858865248465,0.17899357872676536,0.1715467010665424,0.38661881122626646
0.19925900822284304,0.2557983080155114,0.14100877072960577,0.3461932619662335
0.2842268853828773,0.2564467434348193,0.2398967604719292,0.1846169009722361
0.18267403188002226,0.16864699082726334,0.266368642011477,0.33010834803786465
0.3034680847518193,0.3369536955622733,0.21866728987139297,0.2466222286755381
0.1954338979756749,0.1990071198486437,0.18494407599597026,0.30024498280176787
0.2713474719893457,0.360346361847371,0.2062567345856731,0.32323924486204164
0.1508054571855575,0.12990691443266408,0.16879503227266582,0.18694868301194556
0.4490327482136394,0.3654050365359564,0.4398277378558584,0.5010949444352142
0.23020757689415744,0.16594577423600396,0.2300057267887068,0.2526077060518805
0.2529372831589438,0.24465732657342137,0.24373869150157718,0.2625439025066965
0.25024538263354706,0.2834581104686587,0.2267675180814176,0.23574401110044443
0.234134488196335,0.27141191120291813,0.2771057692013367,0.20750497531867634
0.18149159254588418,0.21311066981386026,0.20879725025677484,0.16549180030689623
0.34797277710668967,0.23689945534169735,0.20198751870433776,0.34361107181029193
0.2687253079045736,0.2783476476727799,0.2055017496128592,0.3035251692118706
0.263552104636909,0.21177579608386407,0.0982727962696173,0.11094656879149285
0.2875482145231413,0.27927190097607146,0.2816999346749371,0.20092117547803873
0.1342550970538226,0.28822784180874766,0.17403514442195625,0.19952856097271346
0.3487628784119345,0.2939014447946766,0.4627789521013607,0.41965534652368336
0.24162764072596624,0.24671995658747378,0.2610000950233741,0.32339432709031074
0.21980467263135958,0.4417819777472143,0.3385112787892192,0.26614555470912404
0.24868142967449958,0.2960758903209956,0.2569764514706224,0.3209630256947302
0.2552770859600006,0.2271320859384419,0.33356369442087924,0.203301215558171
0.2652258789224031,0.23677994042587544,0.25366792741063987,0.40713566981800947
0.2341284095267886,0.40587052189445844,0.35412683367125114,0.2422039219599432
0.18864630950511582,0.1768648139827594,0.29244597436565745,0.19749427908811218
0.28786193859798925,0.2819222701557349,0.23007057980349968,0.25859297265039294
0.21752912162835694,0.3186252856288252,0.38572771902226094,0.2165250004675434
0.17975233390282952,0.1697322428710216,0.18900590226600042,0.3011253455398213
0.31207079715375163,0.35952844200928225,0.28704429019884153,0.27935304931419636
0.2501539693979441,0.10835422978855203,0.12676758979963357,0.183418469765454
0.258956648197874,0.31028354477647446,0.3618393208561216,0.19040518123434308
0.2559116335561097,0.2528975169769306,0.2373886580656455,0.20744070984885382
0.27007738026530814,0.32402921228076653,0.3084068445824191,0.29780681665281167
0.33616379070154045,0.2833858413172285,0.27530173274804937,0.21248160983463
0.20897156259496313,0.20624292122256102,0.22132630103061698,0.4010653564600427
0.2391476713491071,0.3307741673209818,0.23615214271194943,0.3048361746550113
0.3282549208211835,0.3354126334217226,0.23861220305147215,0.2387418329018078
0.27402234003874054,0.2901369979264697,0.28039743240118803,0.48143657123378036
0.2667930188996911,0.2248624816664176,0.17174150945372352,0.16612415013972004
0.27629010974078005,0.22055497190848286,0.2517533415454729,0.12813068170966316
0.21937958549389208,0.1489358098558942,0.2124802621716153,0.23229768667484438
0.44015757362037866,0.36184414457189273,0.21965459967364714,0.42212462565401565
0.2123261326958347,0.15694735789519942,0.36629918154085955,0.3549235639714181
0.23533532988063985,0.22067159407251152,0.12151836050965077,0.29676536904372786
0.21226036704863546,0.27427755386833474,0.33494281209779525,0.4346630328325864
0.18917281920126056,0.16505738336018547,0.15795499109424735,0.08879304603273279
0.29324183904827417,0.3164795187276788,0.34866111500188723,0.360617121071547
0.22879968077288715,0.36294135723589016,0.39978521709609127,0.3460346384654518
0.4964679896658604,0.343538599907489,0.25458761043950323,0.33986619802334833
0.20701237502196418,0.1565012457244445,0.24750429557125392,0.16702371060159238
0.17032468531537337,0.18154606017108804,0.1949894297314173,0.12837480166253226
0.26627262289510534,0.280761263250961,0.23615684039943047,0.28411461763731577
0.22931749566953316,0.20814938890046047,0.2777237093991662,0.24389954875791667
0.19902986188583283,0.24456471573978708,0.18113931162111682,0.10889232746065992
0.280287941040677,0.2633624669365467,0.29950132301743965,0.20674386967237615
0.125990151576451,0.12447019824367343,0.13274796568480887,0.24455802204606222
0.2661744606566648,0.2618168110824229,0.31082521956304204,0.26115754492249493
0.2252898493184103,0.29514324817524096,0.12986151565724025,0.2703700444495295
0.2083136812817173,0.1754368925128336,0.39677941352208257,0.16802875647629878
0.3336017777044445,0.2698408794304024,0.2614145156760724,0.2733639783047202
0.24675319663428305,0.13721802540074862,0.14070747690639596,0.1590889302675953
0.2958277517985682,0.19874055020604772,0.27815066231842556,0.2503996862499346
0.35447558561098214,0.4269955276278228,0.34279912121762074,0.44619487094776794
0.3055470650713737,0.32619140975307725,0.24935055263515843,0.358457309694022
0.2384332456178575,0.2618103886755176,0.32643744409852526,0.2861173392473051
0.4635517686629901,0.3553409277098979,0.44150364386352225,0.4085195612473652
0.3648252260509247,0.2659272246680733,0.30985584738525823,0.34872924890886836
0.17788173448847966,0.18568721402101673,0.19720606056374193,0.24059998644287056
0.5925491476940226,0.48795412762885865,0.30322651607823,0.304888480465661
0.3174401310823439,0.46273893115426584,0.21571693963390678,0.3063679048968346
0.22326221626150344,0.21468213422140947,0.30601502996382024,0.23336511918996503
0.3309341390022934,0.3114941651827239,0.32717358561016613,0.2744577003252587
0.30142468794216276,0.264410399907074,0.19251130847307582,0.25571701604309127
0.2609379506850046,0.33469067604505415,0.29708816594265164,0.2809229919330045
0.2550957165357483,0.18752457507948544,0.2454768091010591,0.2618619691022653
0.31990560786130046,0.41861025917805644,0.41832069497813645,0.3288838574751016
0.43586762719959793,0.29171244688550124,0.4207786920421738,0.31813927549747634
0.09865427887893319,0.23419215718433373,0.27085485524076924,0.2643232802129177
0.48495031203066546,0.4618679982973823,0.4224681516385627,0.36693879258448436
0.33746109322240464,0.381277322624609,0.32788536837942467,0.3689530989976488
0.2076525640463528,0.1405042008417393,0.13353558223921116,0.17822089384510517
0.25741050619238764,0.21244080430343104,0.15746668609917872,0.14222442666512092
0.22989550161335032,0.17856679228281952,0.12635058087688636,0.2764218546286985
0.3389911903874872,0.20181814273451584,0.34682715462255687,0.29672320468019775
0.2127763777900615,0.263620018992959,0.30247808889875144,0.22835534044529027
0.3302009190271089,0.29175974111327435,0.2910375175956127,0.3684309885469634
0.1902554980979149,0.21243283545195282,0.23950593927067498,0.2256736035410576
0.30536488142723195,0.2750816510830967,0.2921731740005292,0.3449603989194846
0.2688456679038481,0.2965974480033797,0.28883937749002914,0.235618755171128
0.28989573265867324,0.26583453282960273,0.3238664118737891,0.2905333209178262
0.5707959086879217,0.5913509360143077,0.4808676396032626,0.3475576212715994
0.34479490117826134,0.42582192074774405,0.307115096097604,0.2676379477483188
0.32054637359065685,0.218824031920594,0.3129165746958537,0.30317180654783715
0.23669097169737,0.27536726947395046,0.34103126139421536,0.23336808290228878
0.25684028918388707,0.2637865776694305,0.2962020797539593,0.2566249666581877
0.35316691905949,0.3044637050951988,0.3846806001776885,0.3226873792398784
0.39062790110823686,0.21984794742870303,0.241251830857753,0.40027725487412624
0.31990752181535537,0.33578620454427777,0.3094635694556832,0.3219657146549272
0.18454594385143722,0.4161182854249701,0.31676159857193625,0.3089750722853989
0.19645477938826533,0.2628549550922247,0.31366082701059045,0.1645075970418421
0.26200970888975195,0.26968939375101675,0.2603395879458034,0.22842796999928563
0.3208618006645877,0.28980651450211414,0.26274646995962103,0.2197846521227386
0.26653786197950735,0.28788377031954143,0.25654153724119705,0.26873701167055464
0.2315766330804983,0.12331677383398193,0.2855481352002473,0.26429688113907013
0.32009598664229144,0.2993890807078914,0.28996891354564763,0.39216250985707396
0.12552996600656785,0.2314538038902909,0.1704560501367843,0.3384349255468773
0.3831201166678242,0.29402217098365574,0.34356510128540335,0.2975450790393016
0.21918843043608452,0.2607333127202035,0.20596890841003473,0.2759194841011259
0.19729365835415974,0.2488995561335048,0.24634931733235296,0.20057514043979444
0.1076879082630985,0.15996485038659,0.14741973645006445,0.1492827506302578
0.15103782671296948,0.1656412380261593,0.17819519601718736,0.16214085682648247
0.31433894724133576,0.25771923894987026,0.298274733131951,0.2717556942254632
0.21067397297649593,0.18991506168747746,0.3473245116648391,0.46935146041388087
0.29667099185616125,0.23599316849571703,0.28503086591856547,0.23744357761895946
0.28510094065161184,0.3030877769372952,0.09626469935710649,0.19708347990196873
0.16513238227255453,0.23486512537170384,0.2581244790757581,0.3265634677278561
0.20259944610971872,0.2524180490491449,0.3741059816918688,0.32102502506600505
0.3385950553095969,0.2775848408670219,0.3095634347697633,0.24583875847424183
0.3960129533302326,0.3200682390690756,0.26307354969170965,0.44933671718791207
0.2854606953887511,0.12478094831644027,0.17070323101516532,0.29091612181466603
0.1576664672844018,0.1527260681174374,0.16768416173871734,0.28368565721143674
0.2848561490855937,0.25786927652302033,0.3089547394879034,0.24741600177173861
0.2877628738247186,0.27483883895675015,0.31960890700834005,0.24026447245685595
0.22295995472815666,0.17138482972199767,0.26519530260868696,0.24947500713887508
0.4514334301394238,0.28948169506159727,0.38935077119749223,0.32523243657948187
0.2239370683488376,0.18989833412766793,0.2719600880598782,0.36976073861754705
0.2976628663979037,0.22219949428348076,0.1477236204812133,0.25962288062491246
0.2794612914318414,0.3193936391123436,0.4223881616373187,0.3877657539955155
0.3725617525786083,0.2769289104412927,0.3493080296178426,0.3231820383673363
0.6265472692729007,0.44656388525811225,0.5127107227740594,0.6504430952457596
0.5905299145393461,0.4128615449747835,0.47088203381296295,0.5075781869355181
0.2737254995322341,0.27793340560641255,0.2789002145805234,0.22768624435305354
0.24401448898994046,0.23537146006206858,0.3213932699505829,0.334523526686388
0.34540412678932164,0.25849969236026227,0.23807475062708836,0.23211855832959302
0.27281026240620837,0.32449924273136255,0.36424186360834143,0.24069815874561237
0.25198541003471836,0.24172393706822845,0.2509205695753084,0.33805003263437744
0.194443365591725,0.1901333324810946,0.14461967598354925,0.2861691602567477
0.2900721863788718,0.3224513786431052,0.3004467909115321,0.18923931851709497
0.3838581867882156,0.293050879296907,0.35394478732645435,0.38687443378635594
0.32354956930883977,0.26945918183638734,0.23568105691562827,0.34602482185927663
0.2996809560739727,0.2381416218589076,0.33521895863773965,0.242160571202189
0.24564788891379727,0.19875906004398994,0.22307128416074445,0.24941966247983458
0.1954004761823141,0.29452762484179845,0.3882655250861728,0.22392095992381705
0.35971174960007685,0.3612985511085329,0.35917305477918965,0.2761796613852133
0.3243803930847877,0.3998407010474707,0.19172676244045528,0.35128525051606924
0.2589331748181942,0.32486502943714307,0.2743686457307886,0.25748122160271164
0.27306064348045206,0.2946556360999686,0.26349835564786284,0.3164966667565759
0.20574285277664134,0.250442551868952,0.3874937414409754,0.26845186891891887
0.5104977937969857,0.5537393632133202,0.2625103439377834,0.12905651071658655
0.3201422076063347,0.25100834731718685,0.15740044935576153,0.4003139223604725
0.36227620159539314,0.1829462976676284,0.1543649281640426,0.22444177927447023
0.29733338880699584,0.3857248598193872,0.3643273507752166,0.39786022796784554
0.3218971669871856,0.34974772331611903,0.2601023835936082,0.33066446836784646
0.2760859884862054,0.28299207814887967,0.26785262978743923,0.2554902925129838
0.2691234355441493,0.254539532847824,0.3207491130346158,0.3403174054230537
0.3464763383063535,0.34172288949200247,0.3090963757094715,0.25433300923916735
0.3833989766799947,0.3319403858721737,0.3895922335576278,0.36940208802785623
0.38683282599044766,0.43398063312252216,0.4262687375477413,0.35076809139429016
0.37860657595071306,0.29592679465797983,0.2970709992304351,0.33537663339005513
0.18308863332826583,0.2872702569187267,0.22567793647855747,0.22616726964776435
0.17239489659789833,0.31436736710146146,0.28368186092676595,0.4391738150028677
0.238163310895848,0.25075469922809246,0.2681332796020693,0.22230022649431908
0.36812701511474033,0.3284211841613961,0.30737096743887865,0.2502467543956077
0.24631128771474065,0.2687678318154706,0.36498593861724876,0.12353113949330859
0.247983450320093,0.3266054617252063,0.36255546743418143,0.2612920311113655
0.27573538623335175,0.2853465026919487,0.29238718216443477,0.2687528833545398
0.27768891813590507,0.23187398822254235,0.19815498105527354,0.2276201210902936
0.3162929331583409,0.36060605975599586,0.4141469673945823,0.23816441561759724
0.3138267961485353,0.2843215018764941,0.3055285932452143,0.2785064413421118
0.3931595694816483,0.28901386933930207,0.3507993796194404,0.4220695631469788
0.4551650549268621,0.5100231031554291,0.5056950106066214,0.3299127239346976
0.3079820464756217,0.31595969686727854,0.245895980680811,0.45479803930603824
0.3231469788109653,0.31932807280125747,0.3438251456864611,0.2799989477288399
0.3314174119118609,0.3312186706565383,0.20271669802833697,0.3034815037810905
0.3732387412770874,0.3268196994503592,0.35923473837895104,0.33249187186315454
0.38687363876615843,0.2650831499970865,0.3706541079093825,0.36517410174534415
0.21361065837909535,0.3193405514100384,0.36399719071378317,0.37369297501707416
0.2403865666354859,0.24301341629608947,0.19185573261483754,0.3044007388013486
0.26576987368409705,0.2079566915980999,0.2646570072266616,0.4813698185347545
0.23350648438016045,0.2162565847208522,0.23145409143176587,0.276430509295471
0.3861087546128108,0.38675742561425963,0.42250597010579677,0.34797634607592215
0.5346068114947236,0.5810736072814989,0.6444361953319347,0.4732632589270717
0.18417608176468403,0.2145780955433668,0.2645794003708845,0.18699129868170805
0.3214922894469007,0.28268950597045484,0.26444679633952184,0.36294750210289084
0.36462802343685863,0.2984332383337205,0.4353857701480484,0.3746907235059463
0.3917833942956825,0.2877182896135276,0.3654824896765786,0.34907870251623613
0.377222075817029,0.25659787205303636,0.28681897080566504,0.4413637325147627
0.3539803110557148,0.4550106723565962,0.22517363904623414,0.27902844306978725
0.29024509922156866,0.2988113910098734,0.33998048845406714,0.3679513413583814
0.24171336889275935,0.2961461049490617,0.3243651674646998,0.29412709366485906
0.3870680852089705,0.22457314315941176,0.2680967461812016,0.29824633995086586
0.2547244225166124,0.29598175247733255,0.25954925800663164,0.20078186650435328
0.2964140414233309,0.370893152538255,0.29408372332312344,0.30956099279688476
0.2785596122252059,0.16379045584358617,0.18351515141896704,0.3082087063970635
0.43193922427695597,0.35607163332506986,0.3715565287089298,0.4015233049675031
0.2114961924686817,0.3140836571814987,0.4050049262268408,0.18191574142137326
0.18978247897651132,0.20176664169208489,0.31227191991607184,0.28291851285678776
0.17640995552497882,0.26817029572518647,0.2585868432020187,0.29235493486214326
0.17746133981478734,0.2750748228546772,0.26828767121451985,0.33244188776710354
0.19894394815723604,0.208866167185956,0.31181441665803267,0.2374902472066436
0.45705805622369594,0.47372427164645364,0.2356536850055095,0.4373860603424929
0.28982578037989165,0.3696165487538326,0.3700197236919543,0.42690528413426365
0.21080056139684153,0.1759064331493261,0.22107399333695818,0.25754800574944636
0.38726896374427766,0.37132803228275335,0.39454884001887486,0.33906243430675076
0.3707772464838495,0.30781535344351474,0.4901217957084309,0.6129391047893692
0.49642527654797947,0.4243131507487378,0.41617259233737347,0.44265866250375063
0.3321122470586448,0.4221344378308737,0.3135869920023497,0.3744957274422764
0.31918567631273653,0.26469175389299376,0.3021393353615366,0.235327857468291
0.28111007445612113,0.3158365650037677,0.43090588074821556,0.2481030448331143
0.23915395781786644,0.13285986727862167,0.2801978786435096,0.18087269589927593
0.3082828178275158,0.3487098522288057,0.28295040042139463,0.3357250719493434
0.4411680623513261,0.2944398024506201,0.2187336313039182,0.36576207429847585
0.3705717281567486,0.4222838859882139,0.26438949096567066,0.3254983777383754
0.3588879614329025,0.23324313335217056,0.2403853473536072,0.2799176498250746
0.2827264988185288,0.2872053387247236,0.3544074756079738,0.27087423333338967
0.3600787780170344,0.2729066549385522,0.3615328836131376,0.26999693345403364
0.3692464522376356,0.41610799675900895,0.42535588724946194,0.2961395446227135
0.40550904022020146,0.35862660243719413,0.3441322830626939,0.17617160739355542
0.29638196357221835,0.25184708919523324,0.2122412392562704,0.2988099209904284
0.09524795733456366,0.14432377009235645,0.3081071302101346,0.34755743170096454
0.26087775727176143,0.29473136246282533,0.3272418915053072,0.34107718679733995
0.6235761807887771,0.10474277396986859,0.2897217874587406,0.4135193973663485
0.38959084886488643,0.3061172395707217,0.5198342799466876,0.26009065246439755
0.4160077743111404,0.33161669560436313,0.34637194886482847,0.397088827338191
0.37756473173132205,0.37316416714230666,0.3038887659288634,0.26866489921632125
0.4763761172608863,0.4703756021636147,0.29242147157252885,0.3501455105272038
0.32468803896272647,0.3544936433991302,0.29934913626063564,0.34268503225366953
0.32088302576541994,0.35897757608998976,0.3338865718440986,0.2995842898946594
0.21290055856887996,0.24415339711238737,0.20738422354018152,0.21279747059596235
0.15701979087281961,0.20669232920710878,0.34659250316374496,0.3621996205019156
0.3783361948305219,0.38037614800868685,0.4342332105333829,0.34010558439173416
0.32453924900808423,0.30793471138999057,0.3476316135085918,0.30143390222417854
0.29767452376696113,0.35074851930460244,0.2795271731700285,0.23799585958884767
0.3512591371638459,0.31354446611593334,0.3933411916522621,0.43202037563305834
0.42057554749544573,0.42259620491879063,0.3561118359380449,0.5377049064320394
0.3839127899772575,0.3607258713308377,0.3252399925697378,0.358041800784394
0.30447658739471783,0.383007435328946,0.30229577346506536,0.29927901045158434
0.19769698016596418,0.23038855269519257,0.27011323149700844,0.33052753216530656
0.8845942596239296,0.7086405349320993,0.625425471750639,0.4539128864397183
0.1513800901332578,0.20940952071722882,0.17471003153221262,0.21123209439296775
0.23179080578419095,0.28429191446226476,0.27924748722105425,0.3230443469975337
0.2679753112157304,0.27813916011902906,0.40110027997235453,0.2798627839320692
0.38595217660307835,0.35047177360173254,0.3438808508539075,0.38354232154686524
0.3539867407434607,0.3351409124605159,0.47602881579288636,0.3380573857711367
0.299490398264494,0.374738206402912,0.2951666818035732,0.2931928522370649
0.3040659895451386,0.28060725938677783,0.3759526901343283,0.277559075254941
0.33606246216605196,0.20610422348618954,0.15610249460307804,0.2742596441819174
0.23848028150687872,0.2235838019340709,0.38285956775345814,0.1970405377317282
0.295951276798751,0.38369205578357113,0.2474053390587985,0.34243138682806235
0.17720975711326645,0.2884591773308501,0.28524884687224195,0.17873002252927328
0.3417491307004511,0.29866636858447027,0.27594114398008207,0.3060328049020384
0.25444733297493705,0.25289095898493175,0.2703554993446532,0.1804193258074889
0.3236185555975722,0.31388455621802225,0.3083565693482576,0.36914802091915927
0.23081811122000243,0.2057370612210482,0.21629215064392993,0.14869347446833878
0.18256315874624018,0.2232427861593499,0.24706199572158447,0.28502911493352956
0.19950823252601152,0.36027288334552615,0.3275727031558294,0.3061036181136499
0.29719674105314686,0.272605834409039,0.2798767753368945,0.4334130225950974
0.4326691887567739,0.2602613994077756,0.35502574035163087,0.4220484616875524
0.27981054066534233,0.26705599620020304,0.315572584226387,0.3532844064401896
0.36183536955770357,0.5401824704524161,0.30000885820733403,0.3708931343163153
0.309766065061113,0.4555696278966413,0.4590101835787776,0.4356003817943898
0.31665762657381813,0.3311140336846211,0.31505003759036393,0.32318029548567784
0.3782915507349473,0.30362071467636864,0.32502521464815803,0.34226574352382433
0.3246823320377175,0.20779586439772033,0.3470629327861853,0.33520263368973624
0.3311290540036115,0.41223814527507613,0.29066326642145396,0.33607170461534847
0.3496581083803443,0.41369054134031463,0.28972604512251937,0.33531479412916415
0.34790197094823205,0.4822088935146001,0.33879361817383175,0.3304880789248142
0.36468211784595317,0.38344836476074357,0.18872645374777722,0.28180382718199726
0.39534648529145144,0.39330245767193506,0.2660680416143073,0.3951611396906499
0.5128187611662895,0.4835611185700642,0.4457447626997806,0.33093879188350017
0.17495692709933158,0.2967037498379729,0.33365516841848153,0.34590028071939133
0.5983224990529048,0.3975175522159984,0.40777238339922905,0.548814989468601
0.37049484506888275,0.36967183840882506,0.34555208122733383,0.3695901399209447
0.16189136609989793,0.3917047591045012,0.07441028159361707,0.20239097600603861
0.39557636313980094,0.1700356599313981,0.31436101396668453,0.4531770121481787
0.21285607408771592,0.2793895772123425,0.3103394123025985,0.3332531538850058
0.2861847474960124,0.5559570636841211,0.3874347447412868,0.607680352721892
0.4107347766952571,0.3283769374608608,0.5258535640779938,0.37649916816637957
0.33752706888402995,0.2083300463984079,0.3355856074458413,0.22930875409616924
0.24127855412267496,0.3519760786244805,0.36440013970505875,0.3102191967246807
0.35519894404156155,0.3979928854655596,0.3483435968776711,0.18631102175667844
0.32304428960541304,0.3114727924477888,0.3648105096697022,0.5143573059634755
0.1342087343518503,0.32538686207472234,0.29967254658653825,0.3776090990840311
0.4419982227536019,0.45341546784963727,0.4108917041139247,0.43964472316590825
0.3109745743047953,0.29344024361808063,0.3015611956896131,0.44014283440673146
0.22163430227105854,0.2309214375163548,0.21985181295328338,0.2189879769182157
0.2927117296142393,0.383478371665675,0.269723938256393,0.31844188991019734
0.2399936691021652,0.17638849141369836,0.13281438122092504,0.24214923832581237
0.281971964068191,0.3858585220294736,0.3950504661275837,0.22154794728267102
0.7051252596007845,0.5076306213878682,0.36097874830628357,0.5794644037323214
0.2272214534703666,0.223869282673297,0.31635952426331315,0.2771943435727868
0.3691142969098971,0.3657914775477626,0.4302334555529759,0.30563600743303904
0.3236233798635171,0.23466657316268466,0.42905653031485547,0.3056809521034267
0.3684459799771952,0.31036416729712757,0.38634794171183223,0.3574963101452817
0.15880629133389493,0.26596602667999864,0.1829662200233935,0.29044232470041664
0.3274727799741803,0.3317333682247656,0.3184304076372089,0.3046932721005529
0.40809109800919807,0.30877214605526226,0.3760138422415146,0.34770612626599184
0.4797011719193594,0.37200240214865915,0.38951095047497364,0.5508941516451293
0.25347735063204696,0.24396613942458503,0.3257024591692166,0.30039470449702566
0.37818652478895376,0.36331035908281445,0.4060071694146337,0.30123063697709485
0.33981336941399276,0.29713396812222326,0.3175720964460624,0.5575879592480762
0.3711060682740144,0.3508808043557172,0.2492395500896561,0.3620321013195328
0.30713652754143494,0.3240053731270254,0.38299240791700584,0.4074423412191872
0.3915322737061112,0.368588282269077,0.3156252202421729,0.42070009511542344
0.3449795396791296,0.31263194445051506,0.33612759156627386,0.3162481538113901
0.3848200625077863,0.19789103623625082,0.4034859018753215,0.38531114193911514
0.4111534439012268,0.4145261838208203,0.45987655725311904,0.40493997229151174
0.3870224344044212,0.3143535490682998,0.2816430496278599,0.32252471863096027
0.3105082524248293,0.29025309779954794,0.30054477295179954,0.23743772806556784
0.2563539620559886,0.25333737223253733,0.3149611492188114,0.27139049600558
0.49044414274261,0.4243742608075286,0.47543266409048207,0.43575377821863276
0.49684990917608884,0.5782652045627823,0.46126587209737674,0.4381943166435611
0.14381341559477942,0.0835317233699081,0.2890594230634908,0.2426470354808702
0.3785039977072336,0.37396171262450867,0.1881933508248965,0.31404175350548447
0.32635966612598427,0.373387181674789,0.3469962894717335,0.3007655128135109
0.38667712415886774,0.33938148345066793,0.3093974239327343,0.2806319387302835
0.6371606759713927,0.3807216930226622,0.41227846930842427,0.8091040908853379
0.3060296517305742,0.29773172891190774,0.3213003507733717,0.28567181809012426
0.32179816242168746,0.34664889223006196,0.40115104685468045,0.30782044038568573
0.25513684017309207,0.47054023005722684,0.3136675461936978,0.3098839998181829
0.34334815234044624,0.2834341002088938,0.35701176566892007,0.39388980489147685
0.38146602686238745,0.28457503750970137,0.41778244565363415,0.36168901768181083
0.3080242189643353,0.33853919902706814,0.3561954044612492,0.4241400096835792
0.29081914606869075,0.2781774057192921,0.2843090803916675,0.2565285886942143
0.22339456712538505,0.2893434518464174,0.313227855604877,0.3575988144224514
0.3098768755831399,0.3087690816021415,0.36306151702165806,0.44370188233583757
0.511793377267563,0.44478121198133586,0.39295719520669403,0.37332505788091747
0.33791894423035646,0.3043291992484227,0.36754152915342964,0.3240868903892996
0.36356634465251775,0.2953477969226047,0.3620568562232821,0.4435553179282895
0.5457021807758821,0.49315937877595223,0.2370255652783355,0.7956457578967939
0.3484777998613729,0.3096607672471997,0.34463310646831646,0.30643092093161933
0.29669729389935634,0.2085814599295949,0.37872005689098354,0.37879254533829193
0.2755801906705799,0.33890898447043555,0.23870281543466015,0.34892311760790623
0.3499072509678736,0.20143859612952258,0.47583351999729506,0.4596671679566357
0.31894246366994344,0.3453177012865064,0.3836787745328948,0.3861130337087205
0.36587737870075454,0.4260256888706287,0.35777362749301883,0.1790835713812479
0.28519793305011815,0.2568263663022989,0.18929978480256549,0.26842707378377645
0.24132338369990203,0.2887372224225026,0.18373220372485685,0.42151183448703317
0.34659705040283845,0.315168928011072,0.43164424131639495,0.44783930539792377
0.3367760193656504,0.349053260474836,0.39287529822588846,0.3741309931220627
0.3819111101159593,0.3990173541988799,0.3219937281888248,0.436762167368432
0.32529169245856965,0.2876300185897,0.4030678713939801,0.21599821265640226
0.220147618318688,0.3302117493974471,0.4316440302971429,0.28372367228657136
0.371373612800761,0.3579229896445966,0.4171530815734599,0.36504204117303946
0.27904607716872015,0.32519328302480865,0.40178017183089587,0.36834834965353097
0.3135955781838175,0.2943748030144021,0.3833180679647948,0.35390446902506906
0.267737435065321,0.34627060767655454,0.49865677983811185,0.36955432053485676
0.39971246153664614,0.33610585966899187,0.29590511252360596,0.2526794604303466
0.35500769812232863,0.44691609372570207,0.40546628743934554,0.4384778191187645
0.38063934475251965,0.3685492280763539,0.4396031883158046,0.44539459237861423
0.30035885129728657,0.23594694076593314,0.3229432122623936,0.43492871843206504
0.3304782939167155,0.3552341605200422,0.32543827839783757,0.3668044347590406
0.3410718641729097,0.5018370620209577,0.577675702532676,0.44035002413473384
0.27339929375927735,0.4171149690454039,0.3892511042241753,0.3080006633440672
0.3916391758802212,0.3084637780030494,0.5005855386214431,0.3011857926587827
0.3844471335940567,0.25485262242405843,0.43544498435476653,0.3298214790584698
0.3132390106434802,0.35365697429015397,0.32457843897824407,0.48069270882298876
0.3632922914262861,0.36095566103547855,0.42184567666103356,0.38460450304943145
0.4358472256917048,0.4597161259221678,0.4023515463251759,0.3598388319763026
0.4028298590334638,0.357322811790364,0.4332652360270967,0.3824747608104103
0.4299534850965572,0.42812868075120547,0.43594203445648294,0.4083579018519538
0.33378263639837064,0.3450022117969817,0.3335133249654493,0.5671605563426734
0.3805819645661937,0.3407163750080769,0.39838306422355885,0.38917771286311253
0.34526086844102183,0.37452286495551407,0.43276390908461976,0.37480391262269624
0.454143743849628,0.3845600287322677,0.43470177167540847,0.26077111503777095
0.3705397086514701,0.2699691930525372,0.4049116465702831,0.36175196112118485
0.25622518866646615,0.2700598836272267,0.4115484817465053,0.20662219826850642
0.24896619262944544,0.28221099134627714,0.3193560617748078,0.3907415422892437
0.43755179584037,0.4236263534083825,0.45948440986137107,0.5043037950967433
0.44246859844433334,0.4224622335889518,0.3510492690689829,0.445696900517955
0.3980681730490055,0.3190963477829579,0.36726734876467004,0.387431313881016
0.26379096411336056,0.3948724239185244,0.3114953856754182,0.3943989548491454
0.2812760806180387,0.45225851687510776,0.31078326840227344,0.551071714195089
0.3471237129431511,0.39827630731669833,0.39094944822293604,0.38058105565903155
0.3438247409947904,0.34897886918557297,0.3281331980739553,0.36445230422033265
0.31587938198574256,0.38102994838978427,0.38649612663394545,0.35155547938698567
0.2512088054820417,0.2852798223546834,0.17332679556112196,0.2058061463042671
0.21262146376104513,0.3737673358179557,0.34535878054029184,0.250225054026317
0.35755504308106006,0.3270125220595851,0.316758238224983,0.3202558105832523
0.28175142296656847,0.20051751477288524,0.26622930034160897,0.3662535605878545
0.36823513103703426,0.3982549659654781,0.4204497252037638,0.3682501489852442
0.2697506866386207,0.30240759942548634,0.3377645182497067,0.4203082350989694
0.22134715350195827,0.19535460040800592,0.25784777952169036,0.1748903235817524
0.3693661725653407,0.32259562069504555,0.19835449100704824,0.395987575298392
0.3973142600685342,0.38184849649294894,0.42412128161121,0.37419724452611103
0.2955272542615074,0.2651004182985955,0.3087807009128474,0.33772151729973293
0.3414434864792439,0.5172140884019556,0.38780011873315234,0.24902811403797476
0.47236189766066566,0.4101568922185812,0.4379062760663578,0.4241246530246554
0.5069190363240447,0.6342019186816142,0.3626620019238692,0.5345669206326916
0.2526483439130866,0.28105365195963944,0.34928706765814943,0.3243612504825869
0.35279224360879785,0.32347848591596223,0.3572619514290708,0.39130344815955703
0.4447771830645791,0.39904185422318267,0.4008283246776756,0.4471104482195092
0.36210981725338176,0.3383602632864344,0.32861265172404147,0.31592150822592885
0.35150144758020435,0.3186783608039359,0.41455646848683325,0.299829013994888
0.3230937867315244,0.3908843029605163,0.29521576940972183,0.3263399737261277
0.40232646130982197,0.25574295468966746,0.3914606811630088,0.1051645313301727
0.4269432800941885,0.4385023704524029,0.3352211944443054,0.43460583781217066
0.4772172756257943,0.4633863974159064,0.3562241912187973,0.336739890688816
0.4215302710734825,0.32285328657392276,0.41308240662591106,0.38791538279286386
0.480396866437281,0.3869403954805452,0.4233964793980292,0.372174631072074
0.3162163160275376,0.4032109765786695,0.4503565385568621,0.34996487766667667
0.31018554656136427,0.28838587340336347,0.4037671453399632,0.2881513035707574
0.316444801183875,0.3184172896175019,0.37430427863493565,0.3558943624448098
0.3629641427805275,0.24912176914754472,0.4510333901875989,0.3198301786477691
0.22760718953002199,0.21835378737196423,0.26504864887239504,0.40078663758592165
0.3631091034481898,0.3407469493513396,0.4329252274339252,0.34941293858722167
0.4303292910267816,0.42709317132250485,0.28309868294226176,0.24139420007178458
0.3480650902473379,0.3184620176214327,0.3574426261284714,0.3143150503936783
0.4418268419532094,0.34827288056736283,0.4197233559623268,0.3751901917653585
0.5742567853856981,0.6430370730324136,0.6013626090559145,0.4901203054995772
0.464352842960982,0.3773260971412336,0.4163981268269989,0.376974186569159
0.3771089408795745,0.3577789740433962,0.44054818967929166,0.47229311371734084
0.28688235433338805,0.24645416626606415,0.28481637545247407,0.38074405714488496
0.3698862208774345,0.4426627612219982,0.2585047586725193,0.3450210465824787
0.4692631583129815,0.4558873697606563,0.3506269860079331,0.3925935069751181
0.2305099881302589,0.3512637626439492,0.3181137339681634,0.3533559813362755
0.27670010818541035,0.22710922920683427,0.31262830568214894,0.20504312859170068
0.3993104650070208,0.4638942720566351,0.4099847132053778,0.4455726779921895
0.3253118739949724,0.5293099627187047,0.3777604443481008,0.42058145952878234
0.3690580439743677,0.32768275882060494,0.34038582171193255,0.3606353225425893
0.25677687494777274,0.33792579983628335,0.4551841743137823,0.5624650694815888
0.25028087916296965,0.47378753819066904,0.315809677573348,0.2755686240029872
0.5127612077972146,0.4085357045280792,0.4978760167678667,0.5213264505005447
0.41884825652777635,0.3746315405386134,0.37281019490135847,0.5265769366231533
0.27630765813930336,0.073849254327974,0.6223143996043133,0.14889518303971905
0.3162380404449097,0.39073319875731916,0.4139172458767088,0.35322270961951746
0.41763859823891253,0.3780040180994707,0.36495699546416277,0.36420674952345644
0.3393459042642075,0.37836517229097083,0.30244895877402317,0.38779723336582694
0.39688362304014085,0.412706871735556,0.23489111542411387,0.3455985220320249
0.38403920779507494,0.3258674323455595,0.4302143736677997,0.41226278777117603
0.4705981834149839,0.39882506786390126,0.5684187766801617,0.38242948847117847
0.3794344899306759,0.33939891177714154,0.44530284215606464,0.38364883861075155
0.40946859850861483,0.2694433952601131,0.3929524292060528,0.47233118280734987
0.44364823093123623,0.39337503978831057,0.38058252571859635,0.3298448928255868
0.31046110821870737,0.28440026088304576,0.42388539597689423,0.25918238407048294
0.4100118386288949,0.39092329029801937,0.40217835988071254,0.3867356688231769
0.44633605980511226,0.46694385146373324,0.3642196009479181,0.5636992507059196
0.3158431348908024,0.35490491431201054,0.4410932198871704,0.5289697781742372
0.3683748393743816,0.3487928466538309,0.3270067101064359,0.4003034410254134
0.39376802083828627,0.44446365852856895,0.4069320711408401,0.46306991542129944
0.3934359639260822,0.37369105349489967,0.35014171960642604,0.35127132037009495
0.4791390584969602,0.3946338566836729,0.4914553951476677,0.44478640277958015
0.3544716484217691,0.3337444244451467,0.38080631865710307,0.5374721101515108
0.5528452815551167,0.4489728100757652,0.4456993321787119,0.6151856627966971
0.6029560387468464,0.5175418546960984,0.5159700284170713,0.6157406211732335
0.3348506108872841,0.3153612047150406,0.39629420475571625,0.43347377748064725
0.2790027295937132,0.34053398981200456,0.4344658631256374,0.43531181328338925
0.29208078154789824,0.3924412804678024,0.3151880016831832,0.3415928916128706
0.2643930526438991,0.34325050606679974,0.2879052987960885,0.39895284115843926
0.42071329408554053,0.45048407868083595,0.436571646493667,0.6330411608006358
0.3668672806212335,0.48262994370651713,0.48913512548744414,0.49307080714208945
0.1865766744121427,0.2202539706341476,0.3953576660837788,0.16966939826132418
0.5765063823830249,0.4324455420810806,0.36733948386656523,0.42170553174192266
0.8683906919584587,0.795921323784057,0.6505324853635888,0.6069554623978963
0.2454947603760352,0.5525216781299183,0.6742474273256108,0.5627732076461786
0.3407638058073383,0.44182164213713015,0.44077715702049375,0.42802401172961557
0.5068432427133929,0.5429260605192828,0.31131661720092935,0.3311700576498363
0.29388163680408047,0.31741077250618005,0.3575248248659938,0.417591060125775
0.47131544438294143,0.43557798965029804,0.45204534523053796,0.39869028605929263
0.5389556188814995,0.5615837437629552,0.5771468968306135,0.49250738236133135
0.38771312412288755,0.3755527172708317,0.373754345599747,0.331170446885961
0.46259094098740716,0.5097721231140607,0.43983228206292674,0.5535198258343085
0.36478637085661747,0.45268886984743734,0.4014480604778502,0.3729085323893931
0.4259337234799529,0.4978564746587921,0.46307336685820916,0.38315904732183
0.26772113479581366,0.3226685773828474,0.3405574516541555,0.31025859233792186
0.352261575577203,0.281583672279961,0.20180536993960235,0.40038173209927047
0.30040351470199966,0.42722949844959507,0.26475589984916137,0.3080657312330058
0.40361336617804616,0.3283606719070597,0.33528795198077566,0.40631775521335817
0.41065019061144536,0.32863388609335575,0.48831666045773736,0.3897321245944604
0.44028503461382845,0.14628052365226873,0.21533932843496228,0.2793924950513859
0.467644268920413,0.3792286667984228,0.3226249374267962,0.31907474116428225
0.44763405304415377,0.43110467457933055,0.3770940150498298,0.5280764918554647
0.2706496975864465,0.2933359450754656,0.40792409376729033,0.280199782362163
0.3187897736556379,0.42042592321721023,0.3691360665207638,0.15476558675358534
0.17502139214980936,0.08273155527197162,0.264756126170956,0.12541744440680277
0.3037017740824307,0.45670543871137126,0.2568231101574284,0.27719685043507175
0.49840252226727255,0.8207101768670324,0.5977665456307908,0.9479730711196054
0.32607975091982777,0.3488530755767394,0.3624344017853872,0.3022514636709454
0.4152193445394438,0.2876279893007813,0.2929818319288122,0.3724472151490648
0.26142629687184676,0.3298213614691956,0.2965173555175176,0.39141823174958257
0.4473902010811164,0.47175850174069567,0.41721527347604165,0.2836996455495468
0.2047696432983517,0.2533633247894328,0.2720595326708393,0.23675949468753105
0.24783513514545827,0.2724804312430408,0.3124771256433643,0.4159838177483939
0.3343583361841952,0.4139233357494953,0.3566110267486772,0.40632644040665533
0.32962443724418317,0.3250184653156464,0.3751941461988478,0.42024942299822454
0.2955034421997122,0.2759677545521638,0.3015521499115403,0.30740111746220444
0.37501957928142415,0.4088036303329143,0.3030136438951675,0.39153581684398064
0.34980145278695796,0.33494087258718935,0.3903495172354493,0.48392736911806056
0.4081636940247981,0.4288647117459623,0.6171231484088019,0.38581847589719753
0.3848528142564449,0.3590724701885163,0.3852152912638692,0.38880281332689226
0.40850725207908,0.37926635162888556,0.4089259467090039,0.396065360530376
0.36555068877720914,0.4305797511148981,0.31332389511222036,0.3834932444584694
0.3936726730986689,0.3257484045361209,0.4083814260377286,0.37999663335297307
0.3101062021199243,0.33799342408753075,0.3238752799011601,0.29649977715903286
0.2675835161750066,0.27114690387427376,0.3404325612428219,0.2392425935487089
0.3755929775221893,0.33242888887778477,0.2796965877614839,0.44152142168163067
0.42264445292165503,0.4180342587373877,0.6050570887021366,0.39438311964403633
0.3450620995782223,0.44147636041155613,0.393072117359694,0.4061052411246371
0.542768545236067,0.6279734848088543,0.5866894533089253,0.37755504764681064
0.29251300823004817,0.2888923499503417,0.3972624611203001,0.43263352658213317
0.3516157199949717,0.3830560414477757,0.4573722241977741,0.3561155589264553
0.4923266176802218,0.3797925705089375,0.3210433727010705,0.3566145272628874
0.4752769501201661,0.35902900593922044,0.40714085787863696,0.3594287831789091
0.5927293684200409,0.34757236242135975,0.4066752733521509,0.26899864106856003
0.2932069096252009,0.3267120654288511,0.42875206005135374,0.3453084180511795
0.3815211052123189,0.3485797851089265,0.4988839365670295,0.35200012196963637
0.45933009062079405,0.4725921632999403,0.4816781040990984,0.49056744800579566
0.49321249187366395,0.39703779531748684,0.43391025018563356,0.4206359541945786
0.22014805028792575,0.4778562758880528,0.25016708951090444,0.5028255823106849
0.4348482413460676,0.27122883595422076,0.5125893752633368,0.29598022537014684
0.42785997852008856,0.5435776474985488,0.5096006432934961,0.40833772619211517
0.31174375631408807,0.3214117497803019,0.3098379363063408,0.3662440666624158
0.6070317056039959,0.47288304880590504,0.31944926753741315,0.3505102499553813
0.36420239930837994,0.43680509524893546,0.3845701428603027,0.4208636341054259
0.494608849399899,0.5231425509100771,0.41883053473950027,0.5595638873854164
0.1918627763380444,0.2989356725850921,0.40659026283122585,0.22277771079069875
0.33581290810257225,0.37203010511428675,0.3910188516233421,0.3918279745644788
0.4730257122619787,0.37760254183613845,0.3595410973416119,0.4192524296635569
0.35162742290391147,0.35349803442311123,0.34293529013905305,0.36806010792631805
0.37418807029794604,0.2955654322491992,0.3974869048573808,0.35209572969094144
0.6369671072223179,0.3607860017501753,0.4105617973419329,0.5039659260266557
0.29861197625727254,0.3549711100618879,0.3986452799991163,0.41482885950871856
0.32833274974392856,0.29439382207539916,0.48099908396064917,0.29775831000053293
0.3370289489049471,0.45117593052746613,0.45593635159627754,0.42417315198403865
0.38925267728125357,0.3682333267703918,0.3601983280989013,0.3686128006320749
0.3402809718900593,0.2274786075874312,0.3321577250711444,0.21377789513413106
0.33842728229911073,0.39615506192877936,0.3452881684431309,0.41725619104260914
0.3747673508824061,0.37810806371585,0.38033438292935734,0.40128422458288954
0.4082176671507859,0.36559974179776006,0.45434958576935375,0.38715017382074335
0.37246189388357315,0.4385715522836624,0.37589879320186925,0.40917298258040974
0.38514448422335534,0.42658356562859673,0.3317454573525094,0.38815544099795507
0.35055097218007253,0.33642309804446174,0.4853898468747721,0.40266905175770706
0.4062402768967449,0.3803037246363545,0.32774004815022173,0.3034808670302755
0.3332933509709418,0.34943236835139346,0.44405492621058923,0.3600499301880366
0.4824885752167322,0.3879239677486607,0.34212093650073305,0.49627624130697673
0.2701288091854223,0.27923109165021737,0.3075291046189274,0.303007596245016
0.43475981866193103,0.4104460291902321,0.4563066375835835,0.34171545782442475
0.523559037995657,0.41698735330438214,0.5089522177492061,0.5663414744529053
0.3951788342408001,0.38160682608790525,0.3103773048492139,0.43788766912896454
0.6370501507354723,0.39262392085238546,0.5563106803663495,0.5211797262759574
0.3179087772483347,0.48331882071497073,0.5036436464711226,0.3931379697213331
0.42492626375974424,0.38095579425269704,0.43866255441880553,0.3659487827265035
0.4263238044405255,0.41078045033287197,0.29472535643212205,0.21833338103852876
0.460426308652602,0.38421116738955496,0.39094525275300124,0.31801758013353737
0.20499110784424454,0.25755127888374146,0.2529875105011684,0.218943811400664
0.43152776871129717,0.3979407026727845,0.521125464186245,0.4473741100414509
0.41692426113729153,0.4335359533549805,0.3803159345580242,0.3941552949009984
0.255633541441051,0.3125839624719145,0.3459261426923688,0.4402383071880148
0.4149056448942848,0.39085420109006525,0.4785619155318416,0.5724466053492105
0.35120862393537977,0.32248620457773136,0.3719359559871878,0.30361414051062136
0.493206063185877,0.3851099375262173,0.3639375344754727,0.3566406003562316
0.3044275867948613,0.4633190028581586,0.2721359210947086,0.31097502499061247
0.38867202996618816,0.34430598503073656,0.4555941581663406,0.3587633703010398
0.4199998595603038,0.4465285615884553,0.4399064855035153,0.4820268189922899
0.3372997751263006,0.21346671699929007,0.34161608267705995,0.4268852119287162
0.35809141279070383,0.49563330833701846,0.5121361258492287,0.4959586078167669
0.373965849866294,0.404622907006231,0.22728764625202388,0.5633505820700139
0.44188165858739165,0.3980874820492364,0.3756248875215451,0.3488280627182663
0.37062216598887754,0.2928694786304854,0.42875292295329576,0.43004616562307796
0.4922088961353138,0.40930181380829617,0.3468681296619371,0.48373000033288677
0.5012263075586586,0.4165295985504312,0.3272439309997394,0.5752794371541912
0.28842364367490514,0.18299203687723456,0.3663241665720027,0.31099444145082994
0.2654178422877778,0.2410801739833663,0.2594696770506729,0.26075736287659484
0.4126972048306212,0.39476089674112524,0.40084202534959135,0.35693557815279553
0.23477599586175638,0.28691684815024415,0.41613876201270705,0.3185115605531025
0.36460969959534484,0.2858906709647173,0.3542148899712903,0.494010307581779
0.34451824333279263,0.4095005605355731,0.4341443029141827,0.4635016754694599
0.42947482135226883,0.47464788621462234,0.3911279168523523,0.4438060619508598
0.7492595433944425,0.31678335635417865,0.5770745465699536,0.4218627959090651
0.3848030602780549,0.4378018165162872,0.4257710469566198,0.2894380024324962
0.43738113194688577,0.4362504529266572,0.3279368142833442,0.38899182669345594
0.4702388485728594,0.31847632330244985,0.6771576271155447,0.4463552756420109
0.3301019860457476,0.31404121146773284,0.37410738064558136,0.327219416787325
0.18456472386834494,0.2915010046598418,0.3457086644936485,0.3654698056971067
0.3559542619290851,0.3667538662707168,0.4090784037669952,0.39320122042994105
0.35507735562849885,0.4210710489017707,0.3016232834116927,0.3260562812171336
0.40919072903653975,0.41360471982140257,0.48746870189206437,0.1940984532037418
0.4125283125142314,0.2875063426963151,0.3543897440142658,0.3312578503854196
0.5185876725657198,0.3861554236367039,0.5364752864338282,0.3738043520312736
0.5368839067830166,0.5608955807277642,0.4670457433017372,0.4561963250684726
0.328686643744234,0.1415360492561534,0.4454104793753943,0.41200859154054
0.2565468615070482,0.260968354523512,0.41630030767840953,0.2055690339259144
0.35952681629150496,0.5150143371568366,0.48049803787763773,0.5070349639605318
0.4697760854076836,0.4521676565676842,0.4231230143549146,0.4410963479030311
0.4614504365708179,0.6050033240184953,0.48635874824989833,0.437730657168518
0.5948146701695978,0.4771286883339181,0.33816273029123023,0.5256640249274275
0.36765466710948347,0.3231306596474032,0.40847041812409274,0.35969762381688997
0.3742408575602452,0.4116929331079006,0.3828410311576905,0.36048730505586
0.40163373795326257,0.33235264060038494,0.37288784779277745,0.30323435487157196
0.4388316245042479,0.3952759016888447,0.32877692461723573,0.4623822913891465
0.34041500165591354,0.3860491848262633,0.36773803799314486,0.3741815542234284
0.4439979265397668,0.3202369173157248,0.3510065967929643,0.49712451929718926
0.32167939173816934,0.38426488145142906,0.5267362854303622,0.38804439640348176
0.45637504561683595,0.3592691487469467,0.40469838033153105,0.3263574972596265
0.3658306041623825,0.431077480124308,0.4305443409546848,0.5933521637320776
0.4270681403001598,0.3597487220099864,0.38381720368772,0.35342321708328717
0.3122672192428883,0.25790809288418576,0.4616559132869437,0.33833927547214265
0.48787100456173005,0.3991723333752455,0.3619108446921789,0.4129861549857967
0.33736546477839097,0.5442362060280209,0.42323098774053053,0.44920452486121915
0.40862628258382105,0.5478008515731396,0.5724766282816548,0.4144564875395489
0.46710911841560976,0.5212042194564341,0.504963570904722,0.41350323966600777
0.4142096684628359,0.4596039233552852,0.43957152407669553,0.47336388892952735
0.4062511131147304,0.46171368852735845,0.7160976839863579,0.5665885291717178
0.36601061450163114,0.41943536003021553,0.37744279585142804,0.4047014327724269
0.3026342220644841,0.37658786128560545,0.4084907152274492,0.43619267395684636
0.4116266485863915,0.45845137879039544,0.5548896357404902,0.3974276667696677
0.5065009275605875,0.410190482148677,0.37444115331257133,0.43917410092125897
0.30439731588347185,0.4582267811451447,0.34410024412633466,0.33980783215141835
0.342165636046752,0.3820133855708681,0.35844064825080013,0.3739408861145995
0.3621872123222707,0.2656534115517337,0.36844578743952117,0.21422219279514523
0.5227062821499838,0.6847158036371781,0.423504641666435,0.6414942713155493
0.15242462445294336,0.29827902634590736,0.4379146756769929,0.4069582681045953
0.6237119697414915,0.3473365873630041,0.6299664905556301,0.5490906262362044
0.2838631848875622,0.30761017424360315,0.31923070045008267,0.38995323621275196
0.3924109482658649,0.46938613503182025,0.3455943171206565,0.2936840018778458
0.43887264109697977,0.3823515984536373,0.34593183769687597,0.33788421253609296
0.3814630660176168,0.438741905331191,0.38761000277481983,0.4418622441031561
0.29401881775884836,0.2906517513638242,0.35149308780299443,0.48840804343964345
0.2592769582567604,0.20470173442642997,0.6130053976302073,0.18755397246020436
0.41546412020345475,0.44171859753240417,0.41743945776521435,0.3860643471506662
0.4165533481495474,0.35396524650278893,0.4273260733993879,0.30478953305684403
0.2430664503116093,0.36107584774917134,0.4039635270210439,0.35207767699588727
0.3707276482459821,0.444580137430113,0.3568288648737334,0.4142766994932154
0.2697722010292361,0.23647980708736865,0.2800526790285716,0.18702975512265166
0.365787802686939,0.27041806596263335,0.34793715579946716,0.4843589612279954
0.34214021681172974,0.49301772786793663,0.3881394740759165,0.331500192712236
0.40329875217806965,0.4287542408164377,0.28501296905358553,0.45663438865964906
0.5369515865457113,0.558665616817995,0.3932860179513162,0.4207092161767521
0.30660715021883744,0.37012792219379287,0.40485789760082314,0.3947769882051502
0.37432072605673083,0.3911295207801733,0.4326976082524223,0.4143166607942218
0.22262081864650107,0.31194204678294624,0.3329738266368307,0.5895000746528003
0.38187021923523606,0.3565637633767124,0.36083541375300127,0.3431768509186938
0.41464256494884133,0.4423229596060122,0.4147920740758175,0.39280544606646983
0.43046262326594825,0.38704758783941584,0.4221002662079496,0.43175642371651096
0.45214119051152585,0.416490675973299,0.4145084144691903,0.4787585735328394
0.478537588640387,0.4802296434686202,0.33785781193388775,0.4514710747631194
0.4136935256609772,0.45450131798957033,0.3945454135570141,0.3916882645811948
0.3523054152931503,0.3595639045467345,0.4362934030858079,0.30803198883551897
0.355534660412871,0.4737515386343061,0.3435407924292453,0.35937982158482623
0.4993293273130903,0.472172932545492,0.48373986713358785,0.40670840115128076
0.40881039464471197,0.40357260460990324,0.3415768142172166,0.2704215369684614
0.31284100003804766,0.3997570387907969,0.29790247249737434,0.3714632239896788
0.5810905802985589,0.5767264640005692,0.6228545651304174,0.4925673663212798
0.35148848096961327,0.38004710537133785,0.3504373403840404,0.3325218210757741
0.4340207091862803,0.41187379218409625,0.44032843648381925,0.48534691272366504
0.37525434969302185,0.4564074256571064,0.4107954461727461,0.3724934570501377
0.6417931360569984,0.6221080566663999,0.31485732591954607,0.5601946843358296
0.36954402558238997,0.4059089200699641,0.37848866772003137,0.4652700982507894
0.45065646996894637,0.29588402497926797,0.37001471730977764,0.45566635271793476
0.5096064483665661,0.46789828356490804,0.327357455130468,0.3576153265023908
0.3108603622035793,0.33669010958503576,0.3430445991894262,0.35473448786462
0.532671464965042,0.6372650060442496,0.47659094167827737,0.44454302447792293
0.4384872574169266,0.3803398412509577,0.5167750717184774,0.4442630839235338
0.9014943105610035,0.7941089272708838,0.4514998687923322,0.3273030763837289
0.354233189311921,0.5285487006311681,0.46473134691499945,0.5127625780472372
0.39413860327269035,0.4505219480478683,0.4329768225185608,0.39482223931620863
0.3910735758057061,0.43505335464410627,0.4647071590623799,0.48916166944324496
0.44411061112767947,0.378483419829255,0.4088744211393639,0.4034569489735149
0.3639726174744095,0.4036323265118693,0.3973480675670373,0.3727064427694333
0.4757566822557299,0.5515251649418521,0.38201578765754296,0.4895915165327874
0.3897475183073783,0.35268441166453024,0.424774673970225,0.5074110875426637
0.5057724990074722,0.7053700967864324,0.6424625426743239,0.556507461592045
0.34994705949121685,0.42338121390806827,0.32305458107304247,0.3743011535438231
0.33402800584284836,0.3001425953821382,0.351105414028477,0.4057181583416616
0.1933172929806001,0.3280377085528458,0.21695461986007322,0.6722090061016456
0.39514611722804643,0.5034171208490318,0.5945281730960705,0.40550884988047387
0.33238296183957716,0.3875534417209137,0.43223566219595805,0.4101183876756346
0.3185387917550494,0.4699121985927003,0.37203864467888986,0.38256874181629325
0.47549061338045784,0.42365245808725316,0.46710919143993107,0.4383859586349152
0.3349707878926138,0.2677244881697638,0.47424618630156484,0.32459530335788067
0.38683745604477815,0.3724992846908744,0.5087805152290505,0.35265206244983394
0.4497877805118639,0.4975158477774603,0.34224891286634107,0.42077193397143176
0.4323816492001151,0.38495399413016845,0.4584637922997722,0.5378424558146678
0.3878920051802239,0.3381091803756969,0.32668604847824717,0.4698159158171283
0.5208031545754789,0.614235890293313,0.5608810195519015,0.5906729875076565
0.39320581264082105,0.3309887846920461,0.39189853557427884,0.3585049107810388
0.4003012822383822,0.4054669125113514,0.2938980623453124,0.3460059147719932
0.40900548706535106,0.363896282018663,0.37508207341595307,0.3165286994476119
0.46739357142819055,0.3360559471285055,0.4364409703608967,0.45562313261148535
0.4418070874253779,0.453511787685938,0.4752611520451394,0.47227638338238165
0.3159479422241032,0.33343093749438457,0.46163228924238736,0.3710747549471432
0.42484658843983325,0.5309068470416825,0.44219523917243997,0.3765901530339113
0.3320740341111828,0.46722651748429683,0.5309145264030585,0.4743641939254988
0.4059935561589831,0.38379518839119636,0.3448339758927445,0.3131808041898733
0.4888460451391341,0.47402246588053354,0.4980960439778625,0.4281664764017139
0.23300210755657624,0.30812918845064513,0.47195678363208005,0.5173322701796828
0.3789010855231969,0.34060667813399187,0.3995850729824093,0.2432343676163002
0.4479832745999172,0.5204726471203858,0.3921610431660576,0.36361735543190643
0.3341785006635621,0.3598545177144264,0.339663778109128,0.36440132372709316
0.4046227343605722,0.4649568497845454,0.5388970386345495,0.4295506500643
0.31778570590939453,0.4806126099155439,0.43536192924473033,0.4293009357737375
0.37346277420155977,0.3969950933874926,0.40170600877396256,0.2881701646443014
0.4378202321111732,0.41712034853930724,0.38998549705745156,0.4024245285630564
0.314953651909709,0.322949654637179,0.42608022930878997,0.2972055686935629
0.42455210167874874,0.41609824390832184,0.4204143531461371,0.4247208886431126
0.3600591858551574,0.5785770247457922,0.5819718038560328,0.39594432927465156
0.3284907564602532,0.4546250307526897,0.3655297367155403,0.5289787240965388
0.43307948518973555,0.4012110653981098,0.3769749236099282,0.43624042745851904
0.4592078018572867,0.5710901487192748,0.45106504189608476,0.5771703046312697
0.2930004977689117,0.3870419914415027,0.3352010117183233,0.39743754150679067
0.4541431041347356,0.48230014406491173,0.49019607438741214,0.4370076371857286
0.39755891417138906,0.31708387916487824,0.44167429113923584,0.48760699515237715
0.45391864668500376,0.34546819541630036,0.5220294691423566,0.446966587457942
0.3739672517446908,0.3258507366589937,0.45161903485936306,0.5711838967969293
0.36793151724114487,0.33907484645554287,0.43069783643328396,0.4018521042353473
0.537158507684979,0.5411350401202564,0.5875420155701635,0.439828949717164
0.445719916420645,0.36156602843021884,0.36327604807419556,0.35881730230210673
0.41931986152282985,0.4702040116963709,0.4304050168455336,0.3757303907471799
0.4122104073502197,0.5096946426417032,0.5102871256475976,0.46793018073915277
0.44141772358707404,0.3498997864974815,0.1314415124113749,0.24442641838609336
0.3837109994996204,0.46490920340241704,0.4809451033264442,0.37088230615439793
0.5103931238876324,0.5337606809764701,0.5158674650323604,0.540050159558946
0.5803725379364204,0.5659898948774916,0.47246349412064836,0.5265613754869641
0.3520427605348775,0.43257949460016565,0.4770949413916626,0.3907501592573792
0.4567000762790712,0.41780611752618957,0.4084338394098984,0.4199675276070321
0.2858737777189976,0.4945208414660122,0.5311569237465378,0.4530822914312476
0.3933102331057786,0.47368616564210486,0.45326745238791133,0.48917855739124355
0.4075373030925022,0.5906301056016472,0.3940157361022846,0.5225839771468908
0.43617938172713905,0.44541297979326183,0.3933581637354061,0.4718371235725419
0.5021150589737096,0.48171474510312184,0.42566598619730356,0.41462124626061203
0.5086515898265169,0.31152626707494313,0.45427302693223703,0.35333897826381216
0.38537255082724164,0.45689590094529053,0.46943951655140925,0.400758806855316
0.4881651323492503,0.45932613706006487,0.4409991133184247,0.5312837848604989
0.387903246098617,0.3546025357103665,0.421856931145204,0.31097625596170875
0.3950090155115663,0.32889712940434535,0.5954458798768684,0.42451424413375066
0.3666900980453344,0.40436192214962635,0.35434515608600825,0.4083494109526253
0.3406406090027928,0.40769869452386304,0.30527550503703355,0.37374475368104526
0.3692917253984298,0.46320263412337376,0.42277591246389123,0.45838135726055784
0.33757217856665445,0.3543083704107846,0.44523139301172954,0.40331573351389716
0.3441123845847696,0.45423780486270965,0.3089826622672588,0.3883727761190219
0.40526976289102823,0.29276389435499167,0.27399062291861354,0.33070442819345164
0.2486681870705924,0.34074164510125377,0.2622558559651981,0.30122138881531224
0.4242457453290857,0.35800090993933825,0.4009891018633588,0.44404079969215055
0.32579103546341254,0.2258637675520363,0.3002013239642897,0.5419509370716153
0.3605810403799527,0.3026143990160739,0.2551014572017018,0.5533699703031904
0.5006558880594293,0.4966213667519426,0.40439238618625906,0.4598384401675227
0.5113333527126426,0.46085017490944724,0.42328599012177104,0.4785741952203705
0.36780267151318835,0.37332185591895417,0.387599273600414,0.47529182656663077
0.4227756886789761,0.32563184256960037,0.5186797658533867,0.44550876725574534
0.40792953763421297,0.44525967998235044,0.35567955615769126,0.44360162038144
0.5158341325726322,0.4993226257412506,0.49206911081743815,0.5241319627572598
0.569298526903469,0.5851594872191728,0.45032318808649696,0.4793814117040179
0.49149151206085845,0.3751111789977072,0.4416669031012151,0.39476592640406416
0.5076370296319125,0.46474858739113445,0.5057329634662329,0.36076971624845255
0.5195725207848515,0.34002724180262606,0.4816536421683191,0.48006468286382975
0.28176085237052384,0.36084641164663156,0.49223869080011756,0.19094163079312246
0.4325595182564287,0.520394633172305,0.37727961622721107,0.41289661315706355
0.5398393819097504,0.3634224831691682,0.49428812786122306,0.37412023891196
0.43703656742349956,0.505633312490037,0.4846603677878204,0.4037784612252924
0.5169204908143734,0.400907489288644,0.33764338094623286,0.43379510916489034
0.36881502275041755,0.4410847814681118,0.43456805854716707,0.31063206159343504
0.5193379636582797,0.5188822487305407,0.5270347864493011,0.36043280025249874
0.4152693392858244,0.5232508829606096,0.5657405751598881,0.3955755528154964
0.40450855551840964,0.40899597427704204,0.4492134753645788,0.3576129116478524
0.6126487858001654,0.5527312986594931,0.40621953017972806,0.4372659733409337
0.4759359237454766,0.41855501383860594,0.5072928996966541,0.4560247218775197
0.4796229641966336,0.4975652900438025,0.368725492301867,0.4551978143007115
0.4212895444637595,0.4691268927278459,0.4512073590014106,0.4003399573491428
0.29597435968875124,0.42931261469834986,0.3427895749842189,0.3343921359187142
0.5113915979159742,0.2864321412958486,0.4749130226350807,0.3886376985191979
0.3834979445915241,0.3867337840818122,0.33367705692082955,0.37005386072082647
0.38054501545689357,0.4270824444482602,0.4691584206976011,0.5084797085778525
0.35778577758910013,0.3360808616504965,0.40679541337221586,0.2778363047056563
0.5495045887783491,0.7017766306131493,0.608208155269897,0.42235550626990814
0.36263431339469443,0.5133652209927189,0.43051969977094534,0.2717501600048493
0.43027063279386313,0.40291445859108166,0.37448952734629837,0.4534115507919235
0.2537049530877584,0.3685479740273434,0.49671432513355257,0.4038177389372604
0.523878946005297,0.5256165579354051,0.48121642456579644,0.48812282275468355
0.33749103111071826,0.4129840923242888,0.35005862829999035,0.4187913784129392
0.43491241298892075,0.43320155744515065,0.5145759913954487,0.5572058880864904
0.39235012157952437,0.3614437552604111,0.4055720993247968,0.3857395038948918
0.3750632433988302,0.41063262950045903,0.37981153455337735,0.3875797930241676
0.4528011541040384,0.3359941440298743,0.37599441380146975,0.3644420511219413
0.3455698223836136,0.37669057412140283,0.3537865362367576,0.47291366787873973
0.5296167291962203,0.3410789606443519,0.4954300981389681,0.501467568350132
0.17816518229481174,0.4773396019888348,0.3267169129471003,0.4367479326078099
0.49658337027210525,0.401274150242452,0.4031168078098469,0.4050585826630273
0.4316023885450914,0.41397099568468754,0.49011931432904093,0.4840294240134623
0.6026851868442092,0.6414862309942129,0.4775232179058994,0.49315885294412914
0.3779138252444703,0.3729513089778589,0.26555935754487975,0.3482956903146059
0.4196893405740673,0.644943807467071,0.4829984476454855,0.3832925026644086
0.4544828657330539,0.4037536021698424,0.3881893951183915,0.4678942373375996
0.4316580917804414,0.4093504687345408,0.41493706729607766,0.43360499491753296
0.34334463313115765,0.35377604229928344,0.46088620481223347,0.3279648730198843
0.3371103202376961,0.39321690873216225,0.43313119323526617,0.3692391345138846
0.38692397251885224,0.32370992938523935,0.4226838622757822,0.44907437519801874
0.5078803751954042,0.5060394941873888,0.4631128838948739,0.4307336374609926
0.38594537420652064,0.3934374025473644,0.3468950360021604,0.2533515944366257
0.5217624744003451,0.4661075535311345,0.39058222400484127,0.45781078703422906
0.46542833883623785,0.47809022205716856,0.3987049107285507,0.3357651257292651
0.49254059167035175,0.5509380762172507,0.42166230309796526,0.6004216836743728
0.403950190624723,0.4279050640033741,0.4974997107076287,0.4126230794870413
0.44652717939403247,0.42583145395058064,0.46691324423058983,0.4478841416846728
0.457858747052492,0.30081736882149007,0.346215676286742,0.3184024605476364
0.37698656188601853,0.2111021080811017,0.35577951282301923,0.4564153528209786
0.5085069009245196,0.5008119617131261,0.3948636366490283,0.26926740858588205
0.46100339211172103,0.4287656855122472,0.3741929144417598,0.42146356171128724
0.46989238099100644,0.3329720600584037,0.4211308953624723,0.4126722726811485
0.4994065773209034,0.49598231724014874,0.5571273093931396,0.4111364394883125
0.34816427282485235,0.3196021619769612,0.46948114223543347,0.4976987684565064
0.483268792211293,0.3312544192234937,0.3543191994486591,0.4340170210799326
0.3250641933883372,0.4253426986066335,0.5444437949473503,0.4381741063768427
0.7322991418113304,0.7518311557156324,0.6838162766362798,0.7540478868450765
0.3616073320695494,0.4528388370648817,0.3723284950961527,0.3637342451885641
0.3907037073312231,0.4234068476657147,0.353963837572858,0.4199472784445151
0.5109997827156912,0.4835677191351554,0.458968386436367,0.5723025371660069
0.4574754945167323,0.4197262377536114,0.4082408986151057,0.5011558233944949
0.301931064976618,0.3158058781611015,0.41228754621297664,0.33503231800261263
0.503673840453417,0.39623015048128607,0.35652370884528956,0.42392039480731075
0.4291610229447943,0.5367130029306015,0.2968443367235598,0.5501726646317565
0.4199490107424579,0.37956574911766533,0.47080710255858227,0.4590650708005257
0.39859646140622995,0.4418084001174102,0.3210336048167818,0.45715290429877103
0.3591778213241659,0.34682094149829873,0.4024390949449951,0.435790544071631
0.4533009727059878,0.3688093870288306,0.42755846254982943,0.5224474309657985
0.5184428606933412,0.5016981488467227,0.49697432692122384,0.4454288952809575
0.36382375015474105,0.39912313541100275,0.3488324628068549,0.23558356668811176
0.2996854832939708,0.2904657230901055,0.35762790838612846,0.3354025728013687
0.5131152978216864,0.560227364283092,0.5687358661427313,0.537734918668183
0.5334335294850681,0.44912887606169927,0.29632034535336776,0.41689618556986735
0.43979968227735566,0.44281910061527024,0.44105409825213293,0.46347103676788587
0.4247262567744126,0.34603887053235866,0.34767717367600287,0.4391378903715063
0.27291750692258976,0.34226248821452726,0.49101864451741145,0.5585552089300319
0.37097729778386357,0.37935986163716773,0.505709534947864,0.43826457285011
0.45906035797822753,0.5162895744252155,0.39795459335036615,0.42774547332442714
0.38521335925450323,0.4268340237609195,0.5929641284878394,0.5166770351812213
0.3877433752241953,0.420297770549289,0.43280410504453337,0.4147683605209201
0.5269092386793028,0.4793423654723722,0.4394298926427608,0.43255147800772414
0.38565501005713737,0.39331827754472687,0.46313437469143737,0.4364005846951971
0.4603353805891909,0.5339519285888565,0.368621830780754,0.47198060898639665
0.3647684133784848,0.40024409817156564,0.3319752068888778,0.3704207910806427
0.3899614632564394,0.3394767782250297,0.443952677168509,0.4587521095102594
0.5726032018663726,0.4752642934857332,0.47813074404011147,0.41593336674064085
0.47120608789441454,0.4486345185713837,0.3901548061875168,0.4683701954584042
0.6078579613020237,0.6985594156075771,0.44198857034819694,0.6540119803841947
0.3531962036477857,0.31202184087802576,0.3111754066477325,0.38035782394208706
0.46558603052534153,0.3329974381467963,0.4540786952494373,0.32977758489250825
0.4869525655616008,0.4165145781718992,0.5512900453790303,0.5956923533077186
0.4706536737544747,0.5888770781863256,0.5666422311952182,0.5493897574797483
0.48325482896769284,0.39603320049137347,0.5682952862727008,0.6376971635276523
0.4273898165172575,0.36271847560078857,0.3710122143118986,0.5678633268105026
0.4886387597736516,0.5197766331098311,0.41550770279699123,0.512353469245781
0.49999020650307624,0.4806276498737581,0.48891688770012826,0.4526215513715515
0.5122833374828958,0.5701545842761734,0.41978718416628935,0.5220167456261698
0.2834714452408931,0.43520903345222717,0.45283590814496866,0.3796242801247862
0.49537552710723226,0.5581628010006391,0.5015217656885662,0.266349743217182
0.6605162857244604,0.4046055762026414,0.5580668769598167,0.4659961021004577
0.6664966012047586,0.3979249863250058,0.47579562352940946,0.5068909058479785
0.470695150169844,0.5242198996791665,0.46992677151464274,0.37353433063501257
0.30863093024812105,0.5147052691292014,0.49837277446802575,0.5562274543125955
0.4835639010459247,0.4700446603463813,0.491328532846848,0.42326264257032564
0.5336323709385641,0.5385460989580327,0.4607392273285026,0.489342166642026
0.5272544993175619,0.5218507626494131,0.487529124347389,0.5457016829217558
0.4152362146840941,0.45661566995028685,0.4572645151449927,0.4715502895997521
0.4399133081256932,0.2469621510989055,0.4308310660292204,0.45306006035148055
0.5276399610459226,0.47170499541074523,0.4497633089829279,0.42551517508229125
0.4231465787520509,0.4210200564556311,0.45138279731755926,0.4493989846895035
0.5643491676699346,0.4774462005320828,0.49413986745872585,0.509182800661238
0.6491309907023792,0.5856283972948535,0.6327817338915097,0.6312271694258257
0.5281949099998102,0.45905024089919344,0.4581679803176886,0.43436766446796554
0.2966457718761502,0.42760345410311257,0.3942286517996593,0.5014342344942938
0.46481021863452004,0.4513658037437154,0.40810381358691633,0.3753214798179093
0.4625735519296605,0.4637856195680215,0.5232894046101146,0.4975068379636245
0.4147117225810134,0.4163853841144834,0.5846683963563274,0.5679394348575159
0.3428875527953124,0.3805965738576216,0.36083044983244056,0.3557007597122443
0.49595810196208906,0.5218311521950877,0.41115953747133693,0.40603729856712056
0.45202988223102314,0.6050343052772252,0.5810880113081216,0.5453112813757505
0.5031407813493798,0.465992921097044,0.4341070115657472,0.5403181987472112
0.4542283034173291,0.4505304795045057,0.43419105739745506,0.5448454221527445
0.418017803947284,0.3558979312113768,0.5054485639134122,0.4584933814694916
0.4365863859842437,0.3515198223679866,0.4137820521109196,0.3416076861366378
0.43940496558428166,0.3762367112080726,0.52493435891288,0.5231304628149548
0.6018438318409304,0.548754647357441,0.598697858966145,0.5083124706910376
0.4506488715278764,0.44968347119569824,0.41786823456913763,0.4950842041746767
0.40933133013598555,0.4254379228193063,0.43609426274900065,0.42076262067484005
0.4321403936223514,0.5091611281706094,0.46569670192093815,0.5915692403343455
0.4010811227256675,0.4530793852320967,0.4898249682157186,0.382644205739491
0.45338185850093543,0.4722574263883526,0.38334976398810466,0.45963775043506755
0.3501554253621249,0.28204364275227833,0.3977726342514989,0.32551315180700285
0.4189832897201369,0.48473376628658704,0.48949268613625835,0.43304470953856705
0.4653662006018073,0.4891097393290309,0.5116623916741501,0.47079320111829215
0.4556780093592758,0.4687367513848243,0.5172929717177259,0.5494115053878111
0.44290461771229167,0.3540088633744047,0.42466573754193593,0.4181426153270987
0.48933718382170655,0.4453755348140647,0.42884391192188775,0.4953040068415089
0.511240140869259,0.4321162090228343,0.5260849277812627,0.3496395840953804
0.3614790754514501,0.412073094587248,0.46704308833392894,0.523335481233288
0.4586228467046148,0.5004847092018636,0.4708989063473931,0.6314641004804935
0.37406134061581786,0.3592584387631056,0.34658977893167253,0.45974899119376933
0.4320606494618978,0.42133251006588074,0.396658024381086,0.36883198423417374
0.4916429001419196,0.4567660966814734,0.4467605017181894,0.48150704741341477
0.48751121063807934,0.43461247903331934,0.6313434981287092,0.5225882384445801
0.44910021035544856,0.4266287863420258,0.4646344997029866,0.5287965492248028
0.5207346057330067,0.6579659865014905,0.45452097915608575,0.5615162865134592
0.5240546441112559,0.3676872087863829,0.47323745883346496,0.5272836140402791
0.581612230744296,0.5460176383349072,0.4720031096487097,0.575794732122169
0.46131706503812014,0.38432288210636256,0.41691487336233907,0.4252717154942745
0.5047425106217436,0.4627100602761623,0.4963532848745635,0.4555584711343316
0.5348623288775359,0.5361747929412931,0.5910204162504157,0.4795907733763728
0.5525670867914155,0.5398099042382116,0.5216371960114069,0.537335155592803
0.5261828813793302,0.5648331596188887,0.6661457396220815,0.6656327087894114
0.3448228080983394,0.499149786269758,0.44226215732720614,0.4877687253601468
0.5205067818270236,0.525917264741145,0.48407423552799633,0.5168221444715294
0.3801683090394248,0.5463187149868701,0.5247869463191284,0.4644860041148887
0.50705134711902,0.5404856537160674,0.5452415388237738,0.6517223817625731
0.46358086693845163,0.45667934372633634,0.4332811823555778,0.4377113131845355
0.4660494022763152,0.27202998478747104,0.4521311425614645,0.49936041815596494
0.41438185704799335,0.41004502855778946,0.5053782143405928,0.51805077574754
0.5063973735497814,0.47155137695422855,0.5183900935406117,0.4568143178686676
0.3571279744773216,0.36103148443433986,0.4361066877422804,0.4295122107867576
0.530618772166419,0.6487235588199682,0.37888978370742077,0.5077448446829721
0.43815855123952135,0.5267924667459328,0.43948438032755294,0.4474515711846224
0.45756959848312956,0.3691727743699328,0.4070632828296872,0.5206086799093489
0.46164937557403624,0.4861818978495792,0.3966852287027987,0.4332803427194027
0.3555617814544434,0.35843977537595123,0.630658258609776,0.47298998744823206
0.5342393644404325,0.5575881312426474,0.47640793610116616,0.4813605855721095
0.5632241008757755,0.46523809650593795,0.4265922031563993,0.456989481472325
0.4005975941066388,0.39240643562570193,0.38242392474748205,0.5715787497542468
0.5139213059206272,0.392866243796583,0.5663861856458414,0.5281229394753667
0.41217408243218,0.42703003774566434,0.47113380090547874,0.5389471562960628
0.4625852915854157,0.5889335858101237,0.5213526610164493,0.4652392350395027
0.38036071423383766,0.5301976580215425,0.4519710123540729,0.48617047099424365
0.4903956404422746,0.4704703193019537,0.5937425815635267,0.45461181990866023
0.4200463430004159,0.4876607280719376,0.4912071527322443,0.38426129927587405
0.6353776736858591,0.4104614006684715,0.3638046422527159,0.4584781052004429
0.4399696547156369,0.5907992555344184,0.5879521677396542,0.5140520671535895
0.4709590814032376,0.49525290553447976,0.4964188070458896,0.4451387900177869
0.43063932068700284,0.4314593019728076,0.4101502696413243,0.43551402011371554
0.48088647984661603,0.4947803935790561,0.4596478110895497,0.4454696868618611
0.5886456873394074,0.4448412856295764,0.5570179934795421,0.43237082314721914
0.46914304259580153,0.48198407898087975,0.449339685438686,0.47526958410906917
0.5246604319788264,0.44677984105836105,0.35087211170259924,0.6247100191067906
0.4987263707416881,0.513557862206575,0.5469396372596812,0.4806495552905068
0.38077103844835797,0.42160814956787607,0.4164712386347914,0.45316340040523295
0.6110232237708074,0.6162423048135667,0.6101290708292986,0.6238980509340551
0.4230335872926495,0.4514292788951069,0.4577590277178209,0.4616772084985795
0.4149369461409731,0.45642947547793966,0.4335333224367816,0.3242780460235304
0.5141757889374136,0.5645439429676478,0.4890653941602447,0.5162864546374948
0.45663297068205666,0.4477043294141605,0.4448193426052594,0.5941815208426003
0.44427437055266455,0.44028982770827896,0.34889992865231734,0.33128532952623246
0.4175019147556913,0.50886717588876,0.45576928653000787,0.6114517214130082
0.4772080239425898,0.45144303363759525,0.44761283317270445,0.613959842739895
0.6062574389516147,0.5529074216734675,0.5038024939264414,0.5148066445946035
0.40763780923604015,0.35996594154989014,0.6531964839249754,0.5129203121789403
0.46647107232098173,0.5337353210735833,0.503578540883397,0.5814365073368808
0.4111088768058735,0.4783850497545934,0.48270411597241697,0.4411742059151042
0.4764778600970446,0.4991249159078689,0.538776548447016,0.47083341644520377
0.3047912150427147,0.15773195382178282,0.707924714073987,0.6325024347113916
0.3595478604469031,0.5766061113023494,0.4869962074107662,0.6365673065838445
0.4361035452327533,0.4747890190552762,0.41223448276974844,0.3789816490995196
0.45902702504815895,0.40393423661105377,0.5065222955131693,0.4355757932756413
0.4425926504429464,0.43274719906152886,0.448171555862726,0.40552427317858636
0.5312740072031301,0.4911599034940102,0.4495819953996844,0.4876267907121852
0.38958479351431347,0.4111434629442402,0.4444133901320218,0.4152759595403857
0.445768781132529,0.29250590407891275,0.4954966184267676,0.44092343838596326
0.3217128189224759,0.4448982320061485,0.48200730259290225,0.3167577343947524
0.5215730449228676,0.4933772963803024,0.5429539148616567,0.4997045393440469
0.5206990077030101,0.4170387451264851,0.42054902692367596,0.4448403114835706
0.4811049317929197,0.4560703675927134,0.4971230897549952,0.4853889503504865
0.49753275560040444,0.5238305261197238,0.4362131946227455,0.45444650070429843
0.4555375919479086,0.5112878899095584,0.5475303827854974,0.43338731093941874
0.44001399147994896,0.4238327407009502,0.4652060265627313,0.5462267091900904
0.449368670786893,0.45873563594037614,0.6206812146056507,0.5865149438795063
0.47939959273682875,0.5728684318346691,0.480096007130591,0.4702983608004
0.43100136710137604,0.45144182403831845,0.4500768240121576,0.3285410686535539
0.4866128939589384,0.4941495889682295,0.5044239244363609,0.4572975000558199
0.5184260621467842,0.45577113839967714,0.5150806654593734,0.4866722981992433
0.4588509219797075,0.4796781177615635,0.49477817348883507,0.5128615084885272
0.49593997476638635,0.39885853611022287,0.452711320825403,0.5746953803020682
0.5817040788093525,0.6034943698373711,0.5604352819650771,0.49967796437801126
0.4482566949697111,0.4935353516377981,0.465797379983598,0.4620650165234871
0.5490158422848606,0.4953625397548585,0.48194010361356354,0.6423477805507816
0.49974568263619745,0.3730613255152931,0.423389260183362,0.44028159072565476
0.4546458647649043,0.5459290660082456,0.5397453678902486,0.5077209352654659
0.43745702539277714,0.41205806110058646,0.5006914092588481,0.4779771578530173
0.5022670972691856,0.5360874686110413,0.4727003024890502,0.5145809896682854
0.38309276467578013,0.3412397618032314,0.41462237953803543,0.42267724720447075
0.4154475247721577,0.4831629721847987,0.63371387048724,0.3998478413846217
0.5839772076887256,0.4654557082644036,0.5431758567752547,0.5105555050359779
0.48161974299382726,0.5298680443778385,0.5266971645348558,0.38196474465581093
0.5772219139650259,0.4466008488401736,0.29976141202261897,0.3403704074175472
0.4275771044747983,0.4715105116465923,0.43726536339104,0.4721903323049311
0.5337123914653479,0.7441318215063222,0.7641574124879972,0.6258362832150844
0.38262735526249564,0.18190817056418665,0.3939426231023133,0.37979379924770035
0.45934286545880554,0.5065109914555014,0.49485593027256297,0.4666672099003859
0.3318434096032036,0.3693195595681525,0.44952286553992027,0.4387396396887363
0.574376161956735,0.46199699577349207,0.5116542101092592,0.5561060925175098
0.4352144349412305,0.5354541377562264,0.464070328351845,0.45639481860740844
0.4745953281048267,0.5163502580815134,0.44295516327211376,0.4698351997638682
0.6171214360511934,0.6087384920262887,0.5648010864667778,0.608042748927638
0.5012268705529814,0.4537309836886291,0.45341386072958023,0.5064823262938001
0.5106586395063749,0.5298561923053251,0.7631105407038955,0.5560558823157973
0.4090559659998669,0.532260301683703,0.4496069287893071,0.3663073975545244
0.49175202914876764,0.46491011119233655,0.48436358792652096,0.46826642630247894
0.36115240062466675,0.28639027664491207,0.3259947811454303,0.3463342274611179
0.49978385053713986,0.4384110485232984,0.5722120173998948,0.38801792054364076
0.3401996973213068,0.40520867399599136,0.49348332440591197,0.5332570769176597
0.5069837643900184,0.4394255388788087,0.4638051575422143,0.3968964164348051
0.4046250509549658,0.36496775378140334,0.3904208025772497,0.3588789428431224
0.5007405464918611,0.4836857376548384,0.38322512913532475,0.4750331369007167
0.37834054575946124,0.5246640003626212,0.34560580703896987,0.5317550062893381
0.31978868338412164,0.4469589636176927,0.47858900673537186,0.5710556054622954
0.42562136324256267,0.5235532937728895,0.47121929383168454,0.4137834178942863
0.5657275365339766,0.5878470176582836,0.6439951679836124,0.5532717915369493
0.47463765557947046,0.5127920991250167,0.5531181749747105,0.5841083123206879
0.4062000165252426,0.5397648348338532,0.4634966206447562,0.4831651985264507
0.6552223159336528,0.5887665313904007,0.4645687572008061,0.5912269091916674
0.4285946854081226,0.46437276913950487,0.49128839491051174,0.35036904767387805
0.5583514636987964,0.3624164200501225,0.5796294103531557,0.413538507351117
0.45362776206323163,0.49563088909256536,0.42022518404791304,0.47364219635290344
0.45682742991886155,0.5255261915023574,0.5413487440970066,0.562547829621473
0.44626489041283085,0.443980523983604,0.4338917035560858,0.4235984752169848
0.46921919599871403,0.456141893200468,0.4593498761408178,0.5178219383233265
0.5252057312789816,0.4864687795348298,0.5126812685713626,0.5964353674053233
0.6331646929380265,0.6735182758732057,0.4391387052463591,0.5347762065165339
0.432129463452938,0.34908220695321984,0.5416338430004459,0.38328830815465714
0.5069379458863008,0.46669257978995143,0.6964030690147457,0.6000863351873086
0.46255506427147813,0.5228990348731718,0.5009413737749894,0.5028499187067706
0.4197718640884553,0.43767771624938473,0.5377612546545228,0.46377206400606397
0.531712092744459,0.5125121082984064,0.6764988862427653,0.43186831014026056
0.3418540169672239,0.2999726880425573,0.33080392825748967,0.2099810676183425
0.3229619717562905,0.4727693582089961,0.5356732532509988,0.4195810513501101
0.5252523769581834,0.5423533181660177,0.40463816772266065,0.4602768117417942
0.45989605791451277,0.4982246565498457,0.5987983570230012,0.45350571646403753
0.4334950004436935,0.4846128692446284,0.46433259598764604,0.45749135187666556
0.5347855554282143,0.5091339272525217,0.4840053396857888,0.492779581039452
0.4401679184942851,0.46805846735340045,0.3988254871744379,0.44526020149012996
0.2712661296156292,0.4452463850781124,0.4556474286097095,0.5877990015838989
0.5001875713715892,0.38653124022476154,0.43518446201699906,0.5461030220721373
0.49012978894775333,0.5697617144911091,0.5702185418218602,0.4120768299302888
0.5222892632606003,0.44718032349771497,0.6076751792949163,0.5725172349964714
0.44630382226523946,0.470518523642697,0.3904568064074445,0.417333692729187
0.42548642681523313,0.3771564635652603,0.25427112207853675,0.597300012095103
0.47559194125976295,0.6611976010972049,0.469382186455746,0.4297819374850888
0.4976045282825973,0.47892219648011974,0.4710405756224373,0.46878435147601905
0.5708261174097226,0.470040028798312,0.5537512053410891,0.539859219487498
0.49060560552394167,0.494902756381534,0.4256776309735472,0.4502821280017936
0.5605114134248698,0.5176912285151417,0.5498877129422374,0.5618845979380613
0.4239997993765181,0.5208592263647466,0.4862409578282643,0.49848491340378903
0.5267360414800953,0.5561650468797967,0.5126857573978594,0.4674442201909216
0.5153241430504448,0.5169207650095516,0.36136737807682706,0.47178984673547303
0.32648372796456177,0.508161607735434,0.2618606258413132,0.3220930690517827
0.5125948617229475,0.5093706477336036,0.6520440220295094,0.6323144526321798
0.5054986984170334,0.4594361774903546,0.6073328533120839,0.515689804740257
0.4531897431907141,0.47523450054933364,0.4021714133841331,0.4687118129714084
0.502755947889953,0.5183743001243686,0.4709630666434909,0.4793981696028001
0.26806533854573067,0.4531234709054845,0.2681031732968416,0.41366040499797335
0.4721046713845675,0.43092750467903435,0.46683988302437035,0.47014054965503876
0.5977712741998527,0.5216589137520246,0.47206699526955853,0.5255271494808974
0.5251501457947954,0.49733135709550913,0.5554232966084471,0.5389652372759475
0.5083654819633939,0.46042169408447237,0.5429920072411997,0.5349843783365746
0.5216313695996441,0.626554090574109,0.7408920187607171,0.3433935505631159
0.4515065672350226,0.4864479747166866,0.44222445854630615,0.3901992925619469
0.519642152783254,0.4918984672492789,0.3987038389271388,0.4235421837928454
0.4849936565723005,0.4640308043510206,0.4526164429250031,0.5159555321182616
0.43301746170156036,0.4101102359226258,0.3703673797882566,0.45245459987398307
0.4192689592900924,0.49787189122100856,0.4581287372783388,0.4856466589012613
0.3637135961959058,0.39656754626866325,0.45864767243226834,0.23153655458351682
0.4791485078213172,0.43282296159484523,0.44840796598161553,0.5255464451247374
0.46943929926231226,0.4868269265446064,0.5231159198466069,0.453288140964651
0.5433534109840321,0.5428137464231142,0.526584099716471,0.5051549023907759
0.3582429530253976,0.45192643770930724,0.5355551564183628,0.4029559519173172
0.48210796451411914,0.46856430967257096,0.4079456939423758,0.48910185270761963
0.39510717102377096,0.37254396193158285,0.35515203967680137,0.48344901833374626
0.44802610619859184,0.5597370115896639,0.5345827349575893,0.4858155763431035
0.5960198456295842,0.5330589881148242,0.5256675603808417,0.5031571776397846
0.5064004314157264,0.3200659954100993,0.5144779355167343,0.43153796130058014
0.45184742760983515,0.431292852168849,0.5405180896513658,0.5172352754606421
0.4723606286795751,0.5369703991731898,0.45469746048579535,0.4311256495649477
0.28981874064424085,0.44799746324172157,0.45215657430525147,0.505288169570925
0.49315279594455236,0.4777717797841415,0.4241876922602488,0.4790814012761064
0.6104178693894805,0.4942139482262444,0.5798446997403793,0.4402392950372344
0.4860406872831485,0.552779425815771,0.459893705080083,0.5294302021698449
0.5155363334234478,0.5495143266030267,0.6137658589387189,0.5108028247630165
0.47758304275133706,0.5557412442037032,0.47283966893476903,0.4743707810550342
0.3785207740380479,0.2509054038245892,0.36839351202542286,0.4582771972579
0.674957704363373,0.6777954303153405,0.5886484139622996,0.6072285789827963
0.5461612577634575,0.6426026330725794,0.5185721745042313,0.5377682639296452
0.27352655791429253,0.3097047497062416,0.33865908974338904,0.32852587782015247
0.5136164145254474,0.5630971334654769,0.5668839707775722,0.4834378716668062
0.44346538824674314,0.39902063378751174,0.44186951590615475,0.4208294149153331
0.5705342901162683,0.5903901905082772,0.48208716282090996,0.5283256594009476
0.3587955369923754,0.3534000402816375,0.4134416934601734,0.34815296405514806
0.5244607620579557,0.5150664364536762,0.4589589327369422,0.4181616154784235
0.49287582285346726,0.4734595473802873,0.4669496205947102,0.483493343697123
0.44294536346158364,0.325028615763805,0.3919903451288615,0.48761000043959013
0.6426719535486216,0.6556757246089104,0.5520176139095548,0.5840235611931639
0.5469906372083899,0.6162419912531518,0.47530917439642634,0.49609608988273446
0.5083836082506786,0.4772069915804558,0.5745126903685042,0.4519002189766977
0.5092801378246882,0.5370765748978905,0.5439363185234889,0.4790871816370757
0.3662356302031602,0.4723850149819238,0.4197719157824361,0.49346174700126466
0.5694866130620331,0.5313218859798496,0.42343378481882166,0.6789320731025522
0.5670424444621096,0.44306336771755656,0.504909656923104,0.5288426568134662
0.44577198665537554,0.4274247257206136,0.44889586333215414,0.3734899723701551
0.5265622191324026,0.5213951630667499,0.4582605144741324,0.556481495002906
0.4340266728245189,0.2995570415399867,0.546744292287378,0.6563507741328881
0.5474257326663631,0.5966791565723225,0.6060446800082384,0.6399426583400563
0.48938457426999027,0.44130380135038616,0.608780276697826,0.579329642409705
0.517254969278794,0.4214599547435727,0.5204454050136095,0.5258404136535614
0.516267200620438,0.3785663910460335,0.5473395595526594,0.3701116282478542
0.6329549969296625,0.5314626082365385,0.41760940992138473,0.4628712606170851
0.4708763820495334,0.42713867752766227,0.517605833900456,0.4100810543467456
0.5276846004888311,0.5855041616428932,0.49795460834715904,0.5232701072142645
0.6401438417467393,0.5518277586521729,0.6657951765060762,0.6563869398296964
0.421225384278545,0.5355420166014434,0.44309042151271744,0.39394469419370376
0.5606824588134032,0.517401191702341,0.4408364171052706,0.5259715308758296
0.453558410692111,0.3922051022636107,0.5176953370572818,0.5521077568945059
0.6038362152304593,0.6255521101703886,0.49355535328447375,0.5211275701738245
0.6575342599367918,0.4807110786890603,0.5341665186613963,0.46880577122705047
0.6794146204634784,0.647472492915085,0.5432296826191265,0.5490774062613418
0.6988060619995033,0.6084169289894091,0.6509395722565791,0.6352050303925068
0.4877326689302722,0.5423620227620123,0.3869648133265833,0.6657621754491754
0.5112943534822615,0.4697444722291695,0.5150216654830555,0.5705415606255766
0.4319944932473906,0.5008079537343764,0.39920274577775544,0.3978974688587981
0.5492672980844675,0.6014971382621639,0.5140337547830859,0.5736783284745264
0.4646923307949267,0.49829373493762685,0.5218232063588641,0.49847137782365253
0.6027972725224854,0.45241779798535514,0.5693353723676469,0.5140949196161427
0.47769239289902754,0.4137324931693885,0.4461151205053911,0.45240677253445494
0.6030903935954296,0.5616413055651923,0.4280902755360051,0.5738758225570874
0.47963318320730763,0.3238106207881175,0.46972343080489126,0.5032663671400343
0.49942440615097927,0.45437737465800127,0.5740724880600717,0.5388334756124739
0.6345680844534195,0.5501534823106653,0.5348330113910582,0.4829251001608583
0.47111411544664,0.48687087883984076,0.5051515775473049,0.47145754992041544
0.5243262998348236,0.567690634191363,0.598275880171863,0.5018141187288053
0.5368996560680372,0.5193128049710519,0.4982480157209428,0.5247269509903402
0.48990410871169376,0.5036589108937737,0.5960156294499741,0.5014678903855968
0.49361127374371494,0.5733333025603946,0.4965301269906266,0.5768049065275381
0.4876490764990828,0.6043584618287106,0.5790790985005339,0.5485250189815207
0.488086656406518,0.6052265558994677,0.6360189314753485,0.559679614367372
0.5353324484598357,0.525902641423004,0.44365455028336537,0.5781709349426317
0.3303917282727195,0.5004327874917356,0.4810435864629842,0.5080924733730506
0.44533465039167297,0.5973498800730399,0.5154610208349079,0.4664057344231078
0.6183929022537472,0.680366291656272,0.6751849308735434,0.7065494286481201
0.4283264384187076,0.6079859407891048,0.5380345879601488,0.5409870100548021
0.4128341177155248,0.521007463467122,0.6022967580830202,0.6641782665178788
0.4418856540157592,0.46429563034690435,0.4370181933287771,0.46767330667430146
0.5545535965978364,0.6043590836996928,0.5516173074517198,0.5525869955640317
0.5381706841715198,0.48742799220176464,0.6054378762163819,0.519985106127477
0.5947731989872512,0.6809334390584089,0.39483410130962016,0.5183286478639252
0.5342419119649873,0.6282429162139979,0.6231903178985901,0.5016847946041185
0.438403685135871,0.4531138891461299,0.365220366463496,0.49513766859205
0.34165799356007537,0.4958758139911727,0.5722388529290157,0.5139884658106836
0.42564217755995803,0.3999517059044117,0.42558398521906576,0.4965826325487624
0.3858148090025673,0.4736834938964808,0.4655718661670584,0.4412627847043615
0.5335625698699453,0.5178405303638491,0.5186792145826999,0.5096851353925302
0.48312453829060525,0.4139154621542225,0.4838648553928001,0.4561344526899537
0.5202305572623321,0.5472206404644381,0.5452287946334122,0.5085768216472101
0.5942841022847174,0.5424215519778814,0.5302052782934175,0.5917438628301496
0.35102935581290295,0.4014019837617417,0.39937829393080726,0.3932558851605208
0.42282416507053444,0.4498427002597602,0.45849905538064045,0.5337676689837534
0.505264584021243,0.4821542904364887,0.46538560566372883,0.5582264800261211
0.5386897301239469,0.530228319930464,0.5164576607538564,0.5048539981422956
0.5503747807882973,0.4848455681892429,0.541988662755335,0.4516970726142352
0.3893871623985247,0.3688615415279871,0.5241932257506385,0.48269051449621075
0.5920306877291869,0.5015450878419745,0.5525211104342784,0.6053569724355667
0.6108093733134701,0.4961881221947588,0.4573017772027842,0.5367214930291678
0.5946935426488049,0.43978846221876744,0.47244488357190545,0.4582918562724225
0.5788849639654738,0.5375996331641149,0.6872076545085453,0.5885214125097961
0.5071578316728104,0.5068657387049653,0.4908255595446627,0.5117871287557378
0.5201623752579673,0.48450301597639744,0.4920149419156042,0.46859776527082253
0.6116390467602055,0.5494609759731077,0.5464393479695757,0.5413912168262976
0.5210278042960862,0.4600953852966543,0.4690060335451832,0.508054448881374
0.4717934371900577,0.7236362070852289,0.7741830840272023,0.5649784325519077
0.5225906487111747,0.3151446807191262,0.294272723965534,0.4343405639675627
0.4469604090006327,0.44157812591562473,0.45813191088295335,0.4867504707300898
0.45920022539118494,0.5165529113644205,0.5556560343249786,0.7842114060241748
0.5471828265713687,0.5296656392523112,0.5251054932551563,0.5492190317182976
0.5526651711644809,0.6259653447555544,0.3661737175180017,0.46022379674478003
0.3691095832899922,0.3955240209428979,0.40523422081724864,0.4139817322809853
0.44618688154557934,0.5007712283880216,0.4905673792460187,0.41325705940025736
0.2732700665455812,0.4704102674880522,0.38576663890923973,0.3932915039075299
0.4337953709323989,0.4179745947565973,0.5049030718060203,0.5194833379063253
0.46727675113475714,0.39116489913285307,0.4388190875101423,0.4802012458316238
0.37403406518930926,0.44902361983110456,0.3315272012515031,0.4578533184415788
0.44130764468936284,0.5819703340894761,0.6130369055309668,0.7323056098866254
0.5059109686232827,0.5356762686768863,0.48710920793955964,0.5083971097294454
0.5409817313382892,0.5560416173562938,0.36889640069233715,0.6187021706899997
0.486366220705212,0.45727884049813744,0.5439668802913877,0.4757206680313693
0.5471584467682907,0.4779806522152015,0.4732046262693327,0.5267363007053371
0.5445133350813267,0.5174819942264965,0.5497547932855503,0.46252343560299614
0.8968524537967986,0.6205273474630864,0.45931689178859075,0.7594989928140233
0.5212192676282169,0.4654048732323325,0.47772067822679726,0.4005168524831079
0.3718385526491832,0.40628717909892736,0.48521485974044026,0.542203725345252
0.540558552858622,0.7848443476221934,0.7672320260266687,0.8084067597301727
0.4173464244955732,0.4090287696998492,0.6611448295321838,0.7867259228952105
0.5812470574558932,0.5219529112860761,0.5263073435715401,0.5155621968963849
0.5483493154732901,0.49068517663353967,0.5462570261197526,0.4574399927298826
0.5607755392861783,0.5032562679825323,0.5189659484672262,0.5871828063302443
0.3332853635474289,0.3313345471634601,0.3144097714522125,0.5043697383526448
0.6198839319803818,0.5603814369167631,0.5278680224037966,0.5586447935247922
0.5165969157779953,0.5708367541583772,0.4070923619002624,0.46580744252178286
0.7541073795022991,0.657283434788224,0.6294257274538007,0.6277170940176756
0.5131853237862534,0.44100035749694516,0.5859210273556615,0.34937022709500876
0.47973391766294915,0.5844903322463727,0.5199762245833048,0.5039835117500967
0.4598965618799732,0.39406751965147735,0.5365154260724382,0.49635759276589747
0.5504855127613586,0.5933783719798968,0.5103253144642426,0.5256003896415361
0.6137427195028088,0.5226442461999823,0.5312888968627882,0.5337686824549083
0.4787217418922404,0.5495653910197194,0.27488199424460286,0.5386442485983969
0.5145972676159742,0.4953233535548624,0.6077788062350876,0.6010506692588212
0.5101330823616482,0.6388828062627354,0.6485836026827053,0.6944071925640533
0.4877940560949334,0.6324602046934628,0.47959770323218054,0.41269283390700723
0.41932926399759457,0.3076273470999504,0.4369068059514611,0.5542812286079027
0.6245631319602543,0.5366273269785148,0.5673633537075009,0.5971019050629343
0.5042701962085482,0.42980166105830253,0.41223135007640394,0.4790890363504091
0.5500250989816181,0.60324738250135,0.5544769681715622,0.6214027981339063
0.562166415207399,0.5372952870450726,0.49775822993899976,0.45316960097965786
0.5893113804644274,0.4486231490561636,0.4572815818120629,0.5233005879989345
0.6760186861114973,0.4661163489796188,0.5260376681293291,0.5809631751149735
0.38860980600924,0.4065370394376339,0.4700210410671648,0.34773644631275763
0.3893908260326793,0.44701743978645775,0.7100141760942581,0.5827761894144151
0.5014906277536373,0.5451590220149989,0.5974488038225599,0.6757382751556971
0.4636925731546161,0.5485911925877403,0.5939038170061549,0.5470085996752002
0.4380220199112693,0.41434172674868114,0.5373153363450405,0.5223130080150288
0.608306528469652,0.5658892912778597,0.3377346919082105,0.5470808535790086
0.3205390284297576,0.4819168829217213,0.5815794283178294,0.3639282512889423
0.5305220203945852,0.47048632895165005,0.4931684689730802,0.47267111792707656
0.584784209377447,0.6574206240087732,0.5338059113543164,0.40015677474608785
0.6412787313838045,0.4895348254590395,0.5120545631659333,0.7040515283874408
0.6137247799508136,0.6363772652169901,0.6964184983760239,0.6537971845806883
0.46114781688376366,0.5668628409961609,0.5722029412697648,0.4957425846819587
0.5022752539199279,0.5028096873303387,0.5082314167646448,0.5322769875837922
0.5257363863709635,0.5189668022292657,0.5247930908042967,0.523800004598199
0.4268010268801349,0.5261948157155305,0.5985744195798488,0.5965458498339042
0.5868433493500639,0.6129245754521111,0.5533361656001523,0.5547452765114359
0.4855698050046254,0.5092006919817325,0.47659430129838654,0.5302568033386401
0.6396362010566774,0.5354599832866661,0.5527042336874768,0.5243536635680037
0.53958685600333,0.573688745195996,0.561860377846433,0.8235768209284321
0.5978839517445482,0.5107719778936941,0.5352013402342364,0.581452807451509
0.6720535799358852,0.5557774325905195,0.5107632209470448,0.5284714344024926
0.5378537581118813,0.5308519012845712,0.55944787504565,0.5541758753333714
0.597078480438193,0.4885612606492236,0.5206015992886746,0.5582987975471473
0.548436366175792,0.635944901148053,0.5864304963798448,0.5429465226288661
0.7143346387000585,0.5951033347257527,0.6777051857062247,0.6521524897313841
0.4950795022693129,0.5818656202281337,0.4469780718603453,0.4775831067647742
0.31762113139630804,0.5164787650167648,0.3957635670321602,0.5344593293698112
0.6875522359126495,0.4170956517407121,0.5680267622451783,0.7041843769715448
0.2615061143915717,0.9234972710266576,0.8366423236164929,0.5948975348436861
0.345710420423575,0.49008958895685806,0.8175700050144392,0.5263491396419517
0.4533740061942618,0.6573783135409419,0.5323966749719203,0.4899090188299554
0.5094889567590603,0.551863316943762,0.564961250391738,0.49341818204206944
0.39327112950747406,0.5168420802032662,0.6099045047274465,0.36176800947332954
0.551315421564496,0.5397339107864735,0.5324668366381089,0.5355552096791972
0.5579211611594205,0.4605024194353996,0.5962685037302434,0.5815168329633225
0.5207977619602324,0.5737650039508954,0.5659865244145411,0.4946564505245704
0.7464794496325167,0.6364059635988584,0.7035390949619621,0.81472880919665
0.5608901590361004,0.5467871026092799,0.5133934637262281,0.5385877705558271
0.5895931108208544,0.595337284660675,0.5903731968679105,0.5692804883193049
0.5747564959361955,0.5495503946809648,0.5634872843963454,0.5474567621178248
0.5003524854262532,0.5689167804221933,0.42522156755161017,0.5121672952536608
0.4754587185173065,0.5245209896063604,0.4598651691443489,0.4519999306503022
0.5131133684822932,0.5403150946396938,0.4830967456507346,0.43306412479942696
0.5448742123379144,0.5827729496789819,0.5965995329736824,0.5411744473928594
0.43934093520436934,0.4590053803855828,0.6107231720239028,0.4563384516972768
0.5752480941377041,0.5540627630698387,0.5137933802246647,0.5484607535410583
0.5514481875190618,0.5763923516967074,0.5084513114512849,0.6166590136348586
0.5940750310881642,0.611845243730728,0.5549484999836531,0.5327384246695939
0.6240615119821846,0.5215784158826419,0.4975160007999195,0.4695635553874991
0.5853298222150037,0.5139051661457575,0.5935451251338475,0.5852789395184761
0.661378208020215,0.571912143478487,0.5135545416517229,0.521691306820825
0.6124871527973544,0.6209152471311155,0.6435556902085321,0.5340857197281722
0.5242384570526764,0.571268921428832,0.528994144077002,0.5002298038052428
0.6214604465617971,0.4848503220207197,0.4602061622310915,0.43490200061042544
0.605711192254989,0.46439311540904604,0.5641112086255682,0.5299959931351829
0.4659595410716205,0.6219126349489164,0.5386577887482444,0.5692036990947169
0.5362830501677984,0.5189784006486674,0.5819701556854523,0.5294311809312763
0.6128377948214332,0.5417148186343806,0.5670981122041143,0.5639016628455891
0.4423944371992968,0.4737094779700858,0.6825047419577494,0.6326085112586082
0.5888647547517459,0.46033702489043554,0.5491793858799937,0.6257099709205544
0.5893138371148782,0.5844006554000784,0.5311515598259039,0.5796364821177875
0.5809968331105652,0.575215947245601,0.564534822728053,0.5701682100046384
0.5692336161992307,0.5511267756169059,0.5784243896579186,0.5561423211420854
0.49238164276245383,0.5087951123484351,0.5111509996481953,0.5319172955168048
0.516235535765416,0.4489861404203805,0.45359237732837604,0.5456794105129337
0.4526371162373691,0.5067666174590579,0.4714562957825345,0.4551334207453785
0.5628609117983587,0.5695576796003815,0.5400013789168115,0.5394472023183859
0.45523293319290853,0.4732028231000545,0.49337895094545625,0.5022870931718341
0.5814786548776205,0.625587287702236,0.5679911325917901,0.5559055059911454
0.4772122334361812,0.5698605573269202,0.6024251028518028,0.39361723038740065
0.33763530759588095,0.45597508398506,0.3882991651725921,0.45624099604813434
0.5340213038248364,0.5627309476937343,0.4981251775124665,0.6183897823702751
0.5958688481352673,0.6509423203856882,0.46568910802926555,0.5281134097867586
0.5438577621478096,0.5531440005787176,0.5458848136180247,0.5676161220456135
0.5439663395466515,0.5470384299332449,0.5513082480142468,0.5438583640817763
0.609053147312804,0.4087287011128121,0.535667548587679,0.4815194495262873
0.5972717914641026,0.5243519696679435,0.572750148304071,0.5048397268858342
0.4766387246872504,0.5139836337956802,0.506380462677538,0.4647994222271438
0.5347678580515925,0.41574679375259777,0.5509817916898975,0.6142674261852245
0.4946710905945118,0.4498061713142068,0.5963497691979832,0.4362056632386253
0.5385826338110014,0.5073409592068069,0.4149513625279799,0.5364828028810098
0.6639717724159081,0.5684670839622047,0.5488255335194363,0.35462632855870196
0.5265784608828841,0.6528453370252271,0.569993057003319,0.5336603787839515
0.5473878351082115,0.5203202300640988,0.5904295402265831,0.48126199700809597
0.6071160906241546,0.5363882959824021,0.7655877362572606,0.49713156275699116
0.5441524075816714,0.45140190416667675,0.4781109681180317,0.448535752959004
0.5351799989862069,0.5547257052036708,0.5416874442827416,0.6224399931989725
0.4994207660884888,0.3738956510814451,0.44172465588830634,0.43506932230765843
0.5880595879241375,0.5776851054446005,0.5535100444792276,0.5085753252187853
0.5762460510390188,0.49267280980418277,0.5151564189020018,0.5022263079561836
0.4851154458049038,0.4226775987507305,0.5455412207964009,0.4481135320050581
0.5148049551839461,0.5906420606807629,0.6061184311696829,0.6227418169900153
0.7158313015096478,0.6803728965916231,0.6687078644843855,0.7662461914348326
0.4920412947495346,0.467401410213917,0.4810606836629547,0.729390315330718
0.46429277536933294,0.5088463693805372,0.5321906173527537,0.5403999729495179
0.5492276652622902,0.563516688095615,0.7051053498317176,0.5076592188892477
0.4540896339431333,0.4420452523409984,0.46176975421871896,0.37810518041993446
0.577168124275859,0.5569615000348064,0.523441269738293,0.5535819224456471
0.5127403493359105,0.4820431337538819,0.5765790858777426,0.5540173800012378
0.6413324579432539,0.7108425262228564,0.5933144887733947,0.6262118725484883
0.5972374640083808,0.6098381812070822,0.6310990823662321,0.6090457620988206
0.6509623612528281,0.5623452638849471,0.6143442325826014,0.6307849478519321
0.4978511822038633,0.4858968723479315,0.4560168016917986,0.5118904946633343
0.6382582200542428,0.6703221019056862,0.6870404411335845,0.5582139633867205
0.3798150955074976,0.4931167998428378,0.47704464491464427,0.4391674794140944
0.6221179927347092,0.4752870265113106,0.6885122444677918,0.49871489787898765
0.4522287008490559,0.5620171109238152,0.4445648485501982,0.45557733844442516
0.5742734964695635,0.6405631829356103,0.4502224762982501,0.42692586146398936
0.5362851953004684,0.4909055411261703,0.4020222700134572,0.6017484972192796
0.5339302349727124,0.5229137487493197,0.5299397626272668,0.5581415898038152
0.4855603872144555,0.5788510073328265,0.6347948749030513,0.44795188176085293
0.5068520995329547,0.5349719481678262,0.5389789830814734,0.5589453536507892
0.5028283111685012,0.5249791115191853,0.5687327995120243,0.6938036842710507
0.5288216235056475,0.5277231056209509,0.5523226150146655,0.5128275539520527
0.563716761361503,0.5104599681423513,0.540679487628956,0.48655625389659407
0.5559890532016799,0.5418319552844987,0.5507265731760733,0.6095469374410507
0.5800973090203841,0.5162715150794569,0.6220558889993608,0.5125779800188461
0.6297325994636236,0.6433605697524886,0.5708709828296168,0.6364642821491483
0.500529115893003,0.5220921373825703,0.379277972083628,0.4348520531040975
0.6076184236387242,0.6835046258726477,0.6051870705707392,0.5622177043861677
0.4853978272953816,0.5028475019247297,0.5475361028293944,0.5313013859958567
0.6453490108786302,0.4942356174139265,0.4703871136464604,0.605251138050005
0.455337559065354,0.4942845828460399,0.40957355579508,0.5086754194568712
0.4622422423709411,0.6059566687432579,0.5717313058985908,0.609093808542566
0.5655288366219335,0.6634583016657524,0.5591929385460834,0.54434041877187
0.4553164935030575,0.4089964306562495,0.47653425149732825,0.46179896226727174
0.5662290829740261,0.5738850110347515,0.6247899598943235,0.5421846615969177
0.5710855223046616,0.47672115199388626,0.6128849135899429,0.5113033179923594
0.6382043708609973,0.6813011014947875,0.651637199997237,0.5871028946934173
0.5837825564559864,0.4189433638398743,0.5898340676341856,0.5290325936456793
0.3994934314908647,0.5028852488091418,0.4636830182461583,0.5890739361361466
0.45156141860298776,0.4527826469288631,0.5609023728398609,0.5202120442023389
0.4732652079424081,0.5749749570381347,0.4788233078425165,0.5668189240674724
0.5959943674240142,0.5306842336270245,0.5754428325468864,0.5015568997101209
0.5511218938837117,0.6516193329628063,0.5365093561375475,0.5948917213332789
0.5687113125253667,0.5637560646542368,0.6127944425022019,0.5163096624552341
0.5553752782734203,0.5677653352877523,0.4989749139023405,0.5324985479130596
0.5119117611884754,0.4820333786291377,0.4703719907688229,0.5357820360670648
0.6069237216862622,0.6564723118255994,0.5120691398510644,0.5278865633755219
0.5631502951525519,0.5786432498577374,0.548776845156306,0.5368431868015262
0.6150974430067598,0.6294500631923294,0.5958522270480329,0.6058691578350812
0.6138673034019109,0.6210191366344103,0.5352816643124884,0.6003987968811298
0.6096767720544324,0.5498227715335506,0.6102304858666767,0.4968300951653137
0.5958771780894425,0.7121161930273191,0.635713321307392,0.6339773190404491
0.3495010299057401,0.4521005936162872,0.5038244815417696,0.3670948603604655
0.5146290313717806,0.485310156910281,0.6228937141686799,0.5127690543318996
0.6395872576085675,0.6344447327040093,0.5648424067176264,0.5663713341893075
0.6328474966061105,0.5949434451022602,0.5945376305492758,0.647348061149578
0.5633580727618666,0.6733296670837912,0.6737944843922107,0.5075510128206122
0.4892294500484071,0.4995381348336738,0.45892748071233486,0.5582554346626574
0.5139258422913257,0.5496126582156399,0.4763910714187358,0.5551845437316866
0.48949279568527343,0.5104860677905209,0.669537221495676,0.509910739280144
0.5284353095326045,0.5228996364223802,0.5589385573023083,0.5893344759906165
0.5435741298778085,0.5272552576904089,0.7314329725023947,0.6731715906080941
0.6011052072541909,0.7920078252228951,0.4678415368608948,0.5563454025012113
0.6345206535258695,0.5486030240910722,0.4851403433772084,0.5897675966098674
0.6951758106193157,0.46746874571818814,0.5663569482270866,0.4786042934037222
0.5409523494056859,0.556393024981154,0.5540534384796465,0.5482386722268108
0.6388310286932695,0.5619111433963231,0.5600591415637146,0.5876433917380156
0.5111113685989709,0.6028804108531929,0.5941376669112297,0.6519659854353494
0.5086835977152318,0.5287165972930912,0.5323485122513021,0.5737619311951072
0.4656836047948633,0.5926801995855887,0.5745330432442682,0.7252308426862841
0.5276477970205186,0.43512524703954725,0.5843016823459128,0.5186406484098812
0.5676945800979818,0.5634983902563239,0.6169880573236388,0.5524136962144197
0.5767518948787804,0.5492765565390044,0.523217011474825,0.5529249228136761
0.5324583602716872,0.5820074209000897,0.6612275769305906,0.46722885286974414
0.45238669243492224,0.515734932931013,0.4487764918187569,0.3131037217000519
0.5374770724969045,0.5349832209253271,0.5596391970026594,0.6934883145087926
0.546779255801181,0.5438299039345333,0.5048194603513687,0.5343265019164798
0.4981630197386576,0.4877395926670458,0.45103939220576045,0.45573984335073564
0.4558266829343977,0.3846168293781111,0.3924052668407817,0.6214736414405944
0.5289862014125718,0.5276097308305497,0.5473440073214175,0.4893155006737659
0.5067758208023856,0.5773362291148492,0.5268780617336142,0.49454918245972457
0.7686607436673032,0.6234193383728039,0.6789941594425364,0.67883213349594
0.6259414345078173,0.6057878964448415,0.3545492920608328,0.6299498812899333
0.5507552457338719,0.6156551811905676,0.5410027729122187,0.5816104322721833
0.5505534838960212,0.4731289936337109,0.6024812453974797,0.5778142719055217
0.44347774723461664,0.42621303005769845,0.4902272475702084,0.732766096501894
0.6169521291639343,0.6081037997925431,0.5447717302983114,0.6799360472713168
0.536806568679405,0.6110971751069226,0.42571541846413447,0.34723767791153753
0.7073147276612622,0.636809421850646,0.6150176873403517,0.7393408716725842
0.5204388731944433,0.5209909629023622,0.5211030221618093,0.5711799009002363
0.5755507181536407,0.5572060811921598,0.49279704857829587,0.5440656705928142
0.6479765400718587,0.5556825829522383,0.6832222948233756,0.6586761754637078
0.5703454866637461,0.5768983906149882,0.42035893233179583,0.5390513842769176
0.4265429547794906,0.5450242716171171,0.5774119162540166,0.43827146536799105
0.49460340446663886,0.6742435051758652,0.6014925467231667,0.621643981157429
0.6290672403058373,0.6372963229054777,0.624787726727405,0.5236413468633049
0.6463569347805614,0.6180399466317215,0.6348232022124441,0.6439868731634735
0.6737212838245895,0.6701705308096763,0.5375764221878296,0.5176089247669219
0.6535086479560777,0.6525375251139163,0.5783851727430892,0.5202467608400998
0.554946402148541,0.6213836096600843,0.5249249480065314,0.5963529118950247
0.6027990073356995,0.5689491678987321,0.5490931514422719,0.5852840779773612
0.5941583861446057,0.5458331033341515,0.5440091855280962,0.5269502561187985
0.5773973663653532,0.5208458268577534,0.5736118153343324,0.5694101153714702
0.6092047804998983,0.5758420714793382,0.6656558686352503,0.5947097533866421
0.5523276249329608,0.5657730693253991,0.5810890968529862,0.5758315713680389
0.5703576999305878,0.5136121858439181,0.5135390188383551,0.4726946159097793
0.5743736859752578,0.6248468309891233,0.5842035158144743,0.5488244059518532
0.6482009086772809,0.6675801281283856,0.5754298544113304,0.5177596316207329
0.6109140219065239,0.6455896363269793,0.6945107673433119,0.4283775215884279
0.5708174722784308,0.5546239390119885,0.5883482805159581,0.6166715757841412
0.4496722790058723,0.3798565265999595,0.5857468162948952,0.5751816904743725
0.5786031631538407,0.6420581254546309,0.5426444595264754,0.4995222204024167
0.36784538052669125,0.5659584766788933,0.7119202951394796,0.43732055428557925
0.7109078477857995,0.6032917280750143,0.6126368958812477,0.7562229134530128
0.6828597477418852,0.6668274439941024,0.6001319026188859,0.6556020839833256
0.577238274550082,0.5729187238595368,0.6040697657926292,0.6389150314921263
0.5646374289344636,0.5617810360417297,0.4509664026179919,0.6460014758731024
0.7052513859991048,0.5975913192234485,0.6228954294381651,0.6547391471347267
0.6145973300950304,0.5592050132882759,0.5691544488231417,0.4766777863056667
0.4679851550597042,0.4464712919288389,0.5590273209040076,0.48039450463106464
0.5911961545902263,0.6368059739021936,0.4527789828681689,0.46861998171336183
0.2796295520709168,0.4731670231395847,0.4271866700281318,0.506875489429573
0.5628489328786522,0.38262613529982303,0.4219803972736593,0.386124989606689
0.38999056526170306,0.39027614718969117,0.5038630803349204,0.4909224287616332
0.5738771206610829,0.5447804251063403,0.6073834101783809,0.6119846817079131
0.577009537693343,0.6021191154105113,0.5729027606273707,0.5051380284108862
0.6403959975328081,0.6430091871023501,0.6728006176699933,0.652783609280522
0.583931647027694,0.6625725609735802,0.5733999356848719,0.576571247545903
0.621905320295617,0.5964407726011949,0.6245070859017935,0.6237074881250486
0.4950977924324505,0.48420561544969754,0.5057462703900907,0.5454754860546625
0.741524200090431,0.6187691308776603,0.6136836223759007,0.5455915673118233
0.5575965364944542,0.5673099232591063,0.5765526669447673,0.6049888406122395
0.5499578945362713,0.551949798889886,0.5850537919707754,0.5777272598425788
0.5416130376060936,0.581045589211985,0.5721593951132332,0.5629676428448307
0.4286162299413173,0.6232687044605733,0.434431855464527,0.43479628249919644
0.641640258604997,0.6312859258255717,0.5612123730255133,0.5102835766426257
0.7105243604562989,0.7950199441096419,0.7286665867414232,0.8082835155918339
0.49431429283794237,0.40823354793323363,0.4447207034320717,0.6138327605287944
0.4934805498662499,0.4375594256732521,0.5887306234519557,0.4791283336569083
0.5835027038512423,0.5826202531234098,0.603070981165733,0.6064483191100769
0.4982464438785019,0.5539627483569476,0.5238312343335635,0.6347953446244304
0.6227602788053395,0.6146979069810148,0.5301573417730133,0.6073222934961415
0.6314213303890658,0.5956030886845199,0.5197907716057932,0.5538304676498945
0.5390157957244376,0.4499602839956913,0.5689412538701788,0.614268706778606
0.71449671747698,0.6334547585116631,0.6622357334989407,0.7058853520872991
0.6128909607112444,0.6292610479394691,0.6688464727730855,0.6274333811286894
0.5668791284781092,0.563543941808545,0.581211801484047,0.5684293771671142
0.4673235212285338,0.47018964112338424,0.47486396356301735,0.4873553730323095
0.5211284845238088,0.5217369846303744,0.6779640125342524,0.7810614724230575
0.33404981276130885,0.43993385335997176,0.48635525937001,0.47125127795384664
0.5769014111421382,0.5762510402057645,0.594360406642363,0.6537580030306226
0.5595144856071977,0.557321709761042,0.6472039645463907,0.6370213182042881
0.5620452809593269,0.6032502205068577,0.5894973148557369,0.6086291999768461
0.5998293461140176,0.7436940629106135,0.6501953482440155,0.5977359839956417
0.7807363941771297,0.7034920855178433,0.6139871847632092,0.7010561879048525
0.4896000256904881,0.499954932646041,0.4719510426643446,0.6185116297717728
0.5911200930137687,0.6062729961164413,0.6131984064705143,0.6070453217214676
0.5843804144903603,0.5961113089900972,0.5783806591847438,0.5278459908954534
0.5456185529209843,0.5405495311050567,0.5742523025252175,0.5509784809093741
0.42589681661133777,0.550404252434549,0.49386859476538814,0.5185912386564876
0.6616149921056383,0.6209138023383478,0.5939121934938422,0.6566260136791515
0.5504959249530926,0.5674950361681768,0.6139817563992189,0.629727323142643
0.5518037143079445,0.5162952270202031,0.6106792086626963,0.6098787216453121
0.5891498389566714,0.566067504025142,0.6548983735802714,0.5723300593871656
0.5689513527608869,0.6096011022823922,0.3368424544219344,0.5645135129409002
0.5613819608536342,0.5551648199471856,0.5422929099555519,0.5772430555845985
0.5638011856688946,0.5890575746315334,0.5761495014926574,0.5725149508386249
0.5462245853705607,0.5159288034381808,0.5659337303211895,0.5907603974572034
0.6855806009177113,0.6512483151887487,0.7890459610983926,0.5751050133220694
0.6338706774982344,0.544646634198155,0.5058250681216928,0.5620958272394239
0.6043211599210425,0.6255716648062933,0.6373235749116914,0.7132951543231237
0.5753768172637863,0.5291040922132433,0.595572865303309,0.5750935574942633
0.7182974040051185,0.6659916582261598,0.668267504083857,0.7870546942259615
0.5566668591412277,0.5145303876235624,0.5379496899449153,0.5223648445272846
0.5809669232892494,0.544113356589928,0.5458022572760313,0.616732678632082
0.6782424122584185,0.5237615860462005,0.6502219884585124,0.62139736170848
0.7282330490864445,0.5697885960232676,0.6225899138047638,0.6657195318137322
0.5220920981333658,0.4559483356783585,0.5685773014557933,0.48588977272494194
0.47962175272108165,0.6415141546284625,0.6096477923544747,0.6140738280100274
0.5318342237272136,0.6182445560044951,0.6795570810695504,0.7241334893018666
0.695872135187312,0.39409443406615446,0.45068472401648707,0.5131762090901117
0.5388851735601619,0.542550577105835,0.5758678293769999,0.5461981749937169
0.47289924635282937,0.5158434733392238,0.5449878661071443,0.5681106883627219
0.6839320308191835,0.7028340805426702,0.7365795974078354,0.6878704944076449
0.6023488197628497,0.5002386841588068,0.5404398350796005,0.5905760809300983
0.587014599285291,0.5747310383339885,0.5662764926498189,0.5854932904974318
0.5791006727517984,0.5731773557886921,0.6449448175082961,0.6570340050831822
0.4771648071038912,0.44848454234837576,0.41167870323669997,0.4672555722200335
0.6120172201323288,0.5968138340917858,0.6126881152833957,0.5960537909208778
0.5211876732813395,0.546288270302153,0.5363662183717749,0.42552255312452736
0.632566659064726,0.5861145273700412,0.5289430034900693,0.7068034792801282
0.5122501790413119,0.5794243850089453,0.5543318173972944,0.4967521152711684
0.6247063396228804,0.6504047782258409,0.8521981451410655,0.7638571689113413
0.5735794168607893,0.6024527320592248,0.6476553040533515,0.5137859014108339
0.5066544501735726,0.5019673706131654,0.6109901139168787,0.5426652246098979
0.522372812731559,0.5342475787586973,0.6204011780155196,0.5687712783108034
0.6478837493965981,0.5968459658241078,0.6140482422298784,0.5985751946507354
0.5609583716784385,0.4684999801911982,0.6463455016095959,0.6657117661135358
0.6074136943830384,0.5392536989183901,0.6053413154208288,0.5161278590023407
0.53843887231567,0.5803201394169284,0.545420862866456,0.5542671557743357
0.506718888521019,0.5215530738514533,0.4773150364552475,0.5757202744777797
0.756639621852946,0.449798208168755,0.8066155045030138,0.5698732744842088
0.5011539092201411,0.5004261510185133,0.5754750873804051,0.6132707007848668
0.5940608376371085,0.6339996993889959,0.5160429498750699,0.6112844619690365
0.743595729337539,0.5500359880090856,0.5897461764559573,0.42579672408135705
0.5643226460539302,0.5884120074691098,0.6088182052343891,0.5612240409332986
0.6068124459710235,0.6277442237505974,0.5622942135246376,0.6092275698746905
0.5846651196555512,0.7520658439500578,0.6533248763097279,0.6162765516557043
0.6912780995987471,0.5995312084195682,0.6139211376868976,0.5798885875801295
0.5741858908324823,0.6698281296227295,0.6027938103312271,0.5015675477541446
0.5877039839677631,0.5596914741182343,0.5984251943057636,0.5940657727912774
0.3850456134407753,0.5481119534030664,0.537077337480431,0.546858457399209
0.6523369449751967,0.6034009936402073,0.5423186175809296,0.49108228333132486
0.48138711229656206,0.6291595447586774,0.503674912968887,0.48675382749923246
0.6134330614506457,0.5868375683016257,0.5473227697447219,0.563088963785512
0.5781724394878943,0.5815594186225551,0.5712282025539386,0.5377217258168957
0.6154295973200585,0.6291263873769121,0.6145143356559947,0.7030183070723445
0.6128994631519386,0.6273291182690202,0.5390782983544344,0.6143826729804192
0.605779788590099,0.6039182832960734,0.5120933691689725,0.5352632605301705
0.3611900744588397,0.5541930856801892,0.5485476302755004,0.651899300961243
0.49457168080816405,0.6003371317819046,0.6987017299675385,0.6163157321087688
0.6225315980051237,0.5452931651935854,0.6992975751302761,0.5646451182461872
0.36263309782077235,0.5455864398235744,0.7180071909574776,0.6892522420857071
0.5115339985891947,0.6921749379110902,0.6351794840916589,0.47975205231804036
0.3382121492340654,0.4319563062577376,0.5634913756549617,0.5208799988728604
0.48067130206835973,0.548430758034854,0.7776580617340809,0.5885796041526521
0.4785009430452096,0.4556650547405137,0.6477853536963476,0.5149036289930419
0.5699853861683672,0.649564554293876,0.6443964106154533,0.5296764882751774
0.4334740971648664,0.5836356421860397,0.5947166671973678,0.5823106867651142
0.5047130002594642,0.5798518181030297,0.6511056647082168,0.4869572936508049
0.5135259526955073,0.5669901014909872,0.5661837572375037,0.591301197362816
0.6591277258722527,0.5894641613345354,0.6098836838135824,0.5599377420175372
0.5878835697858167,0.5798980414533468,0.735351464033,0.5490855142984018
0.6178256597241257,0.5265804660830383,0.6016335340717787,0.5296787199432628
0.6208146711436467,0.5754561539023505,0.5861394474308294,0.6606443523402508
0.5452123082975059,0.5735080065902814,0.41426071870028286,0.44995976037094854
0.5694501731885978,0.5235972395123318,0.5715115314116997,0.5009053855896923
0.616809921146113,0.6019829004732141,0.611532739264262,0.5876610372225922
0.605509791375404,0.5942234415840284,0.5553478730465711,0.5909484926299051
0.5173783301796043,0.5782543866175521,0.5507918232348582,0.6004317265164261
0.627688564626385,0.6710781480651792,0.5909417564487187,0.6260534779438365
0.612799906160256,0.6614345642337086,0.585175616826657,0.49375573786688826
0.5389392101446464,0.4360267665144093,0.5867713818908206,0.5439019749731256
0.6732602879004147,0.6838831101803333,0.40186149830013823,0.6194848091961221
0.6092398213096291,0.5956232240839328,0.6137517238612386,0.5601139623172122
0.6241572741840012,0.560973864762657,0.6192066013570096,0.5491989169900074
0.5550906666287566,0.5558983343191238,0.5607046424960849,0.5595073318182668
0.6133656065881685,0.6081597958321564,0.593474724380077,0.546605970977427
0.5008098239367703,0.6435597269978348,0.5525024741573875,0.6219406265166347
0.6240385078459276,0.575663939965653,0.5542014883392503,0.5910346907950447
0.5656583228974466,0.5551323435122747,0.5414571193394682,0.6373298417987613
0.5863098664041616,0.6192660751170038,0.6201695004486806,0.5768680317942249
0.6044390198923943,0.5172038508156032,0.5079633177096861,0.5556343889555887
0.6576545875047296,0.5750901106908201,0.6085401654361544,0.600727938758507
0.4687204893645802,0.5809294982987878,0.6545340960404095,0.584328149207565
0.512539183208437,0.6194333153694868,0.6325471118358647,0.5013546382866048
0.586277108950716,0.6114485301461667,0.5945383008672684,0.6076969742239628
0.5921174344914976,0.5821920520881877,0.5976190390368245,0.568466055746729
0.3494541680568948,0.4909015372856402,0.7247724546925679,0.8105892869350687
0.4993522342688043,0.5529068943943186,0.45551321962108243,0.43260775117324407
0.5516286566968519,0.5574222765029092,0.5704420454081985,0.601805097141622
0.6480490587839598,0.5745297677488916,0.5387252830574065,0.636204209157328
0.5496782663316517,0.5386155963062813,0.5930575200893534,0.6010207331111153
0.5793343573038189,0.5878919445115462,0.5635651727892704,0.5562866007087403
0.5579124922609552,0.6046541462311104,0.49937331106132304,0.6498412847020825
0.6390410380508046,0.5915421529387056,0.6535788929070622,0.6272768711754897
0.4383884293633383,0.6035980532588732,0.5774448065507944,0.5284800374925827
0.6593629750793246,0.5494767054782133,0.6237693622455367,0.6387088373483732
0.574185500281401,0.5067796911418329,0.5270437141536655,0.4761475859382834
0.6239797417501205,0.5686843886294156,0.6074546292238348,0.6189772292869822
0.5860220888019089,0.6032267583630387,0.5901274793224357,0.614590566497513
0.6126153736169737,0.46626461935513747,0.5377840966936649,0.4631760339452791
0.6255887486521425,0.7328555345567277,0.6081197100632004,0.6653813908243238
0.5731104098882693,0.5751775052142251,0.5595630027052231,0.6063985531303698
0.6089143361641018,0.5880689803692557,0.5824299705535896,0.619213298403946
0.6199415025699734,0.5811521816520024,0.5089941704813946,0.6883463118218077
0.5354705846702136,0.5099247541596814,0.4989740807903515,0.6163714150127646
0.5445239534051796,0.5918639862011089,0.5734672720473148,0.5612647043068245
0.4927619784643003,0.556286042175369,0.6526944943931885,0.49750316949725354
0.7083745134893201,0.7186015240563539,0.6478820358176649,0.5562948975438142
0.4325315258965171,0.6502465841448448,0.547218327244323,0.47229410301383923
0.5649297386640106,0.5705909514592465,0.5268519836665517,0.5737550787852259
0.6230577553542491,0.6159042584719584,0.591162964911578,0.6174229342244523
0.5869004022886936,0.584323565106814,0.6031477183177828,0.6517126585441654
0.6924528038911111,0.7410382338108111,0.6615035162025628,0.6153030543894612
0.6238295139691286,0.6800471392069355,0.7534705305189099,0.6245363139515214
0.41700560457214864,0.5855247827914247,0.41014067536252197,0.5704167201438225
0.5174757266371836,0.4621646506944079,0.5122707930585265,0.6249901219334181
0.6547016308709482,0.6957445024334702,0.7109111336051984,0.6152673734146076
0.6896837362200982,0.5564396628553578,0.6352485970736308,0.6354194978880833
0.5540422078219027,0.6559469858146926,0.5800196712656989,0.6369644834989493
0.5341266395656947,0.5829234987508332,0.566146033567703,0.5303977153249136
0.744289991585695,0.7241166732859068,0.7265180493081792,0.8041544607313759
0.5137029652877741,0.6695377358232404,0.5669301642125442,0.6313358381594825
0.5676839930300329,0.6342500307431014,0.6682340500776802,0.6037012578794642
0.6232799691794021,0.5278523882013735,0.6758648488249674,0.6371895032717081
0.6694655445213226,0.6389940198517196,0.6589566358429348,0.6071248810944512
0.5869754111320697,0.6162117651337363,0.58355527237144,0.642233942109478
0.5464882258208392,0.6226412195919965,0.6249241937380431,0.5860884671205421
0.6113125781926643,0.5640099811015966,0.5700980572725293,0.6124012789749999
0.6527766596675266,0.5641932510071556,0.6515368297501984,0.6336739326452395
0.6369511543701254,0.6328180090731566,0.6463357383747251,0.6524617442853013
0.5988282429332041,0.624685607873438,0.5814270845540029,0.527732714705664
0.5956170908544307,0.6043351728198646,0.5975839846053003,0.5888593772772054
0.4003434478040598,0.5551821075956573,0.5906940461153635,0.36806859451201956
0.6227325908137498,0.41851202158819084,0.4887858366649675,0.4603619993376735
0.6077425983473191,0.5054145413660394,0.6080750441798336,0.6540679852420479
0.45235093925753006,0.5276513046939741,0.4649901671105073,0.5702151175094333
0.6247365717973832,0.42637862752263767,0.45294117361532366,0.40034485813346515
0.5980130417351561,0.5959408783213584,0.5937589228287012,0.7002310466016131
0.5167708419154228,0.7302675668974203,0.6710693809466476,0.537316826150846
0.7033759837243031,0.49341036525273235,0.6343559537059197,0.6212986928330246
0.6208219277566724,0.6098179996698964,0.5782543231072014,0.6110936968040176
0.5551205565466131,0.6001703613123348,0.4800566170117587,0.5347924855747668
0.535745107104164,0.5336725442916097,0.5639372965227306,0.5794934760911064
0.6265252222807934,0.6395616505007709,0.6249106922743756,0.5855723037677607
0.5859764509464257,0.666334350361585,0.7110576156083026,0.6613935227272151
0.6139524191916297,0.47508237797027847,0.6082088833328725,0.6354865739604586
0.6533377337054985,0.5924456405416012,0.6283192143671724,0.6045358711404584
0.6184343531532114,0.5741151422368147,0.5752863361635406,0.5552218004354507
0.6379531731538541,0.6596920772170647,0.5926515203583427,0.6955260253673582
0.5676484577785121,0.4957915005909665,0.3657723568292242,0.5819717964542599
0.5850444585114073,0.5473034367832146,0.5163910006269312,0.6763676392389936
0.5872622719317,0.6107650424084329,0.5910880512792231,0.5531792939575069
0.4921797724167079,0.4166792253306026,0.6477580954867689,0.5715118498500259
0.6500489892372754,0.630745800107899,0.6500074010335581,0.5798762575044959
0.5793362369021329,0.5665095116411516,0.5693514192328359,0.613641651908724
0.6318463487529048,0.5903638463777204,0.5374228655249816,0.6526666363044911
0.6130504341367434,0.6034966615521052,0.6050078373863211,0.6268925876430385
0.418071945829014,0.4995698136031587,0.6524099814297332,0.451724782609686
0.6125920064722687,0.6174351402002893,0.6447777873674223,0.5153747423277585
0.602068729003901,0.5900940554605372,0.4771131689667689,0.7357736239373678
0.5909259265960048,0.5871159274357566,0.5368785976617818,0.5514504984672002
0.6638439112410598,0.7236481116147234,0.6796820448125955,0.5083015547216957
0.608225322663947,0.5927538718933819,0.6229641968925864,0.6075199056214377
0.7059956336502773,0.6118160014928653,0.7429875161208281,0.5389031734661277
0.499874882872274,0.6736964182307412,0.6003865575609153,0.5892124488122953
0.5403665017559476,0.6169819381784701,0.6359308418904435,0.5813075781373424
0.5298959389247181,0.5531138929615245,0.6379609690396681,0.5722643769976365
0.48901149758437995,0.5793281212560953,0.618434028850241,0.7013925452185945
0.5143506647170423,0.5396830557606408,0.5701295574209173,0.502656809675858
0.595062377757038,0.69308388064762,0.576785878336869,0.534465630193932
0.5619996308962433,0.6322735839086882,0.5785790328384618,0.5854337100100414
0.6195018402459598,0.6390803018183884,0.6250645841280789,0.6918756413971335
0.5648742257768105,0.5213749297515562,0.5798163127551262,0.5096383933039899
0.6173261323339392,0.6270441189193573,0.65570936313385,0.6315305524666126
0.614894737218012,0.5714103343214436,0.6192521167688604,0.5566988074012978
0.6014240834043426,0.5314746082711519,0.6284750849805808,0.5743208553709194
0.5661050401548308,0.5950598887874275,0.6307529681210773,0.5919035395973564
0.7270273164346702,0.6316924803457483,0.6785466090226644,0.7350515927297658
0.6115298899296338,0.6327634479444304,0.5549925284454696,0.5536043431167599
0.5978155225891971,0.5065080361533798,0.5145853222175674,0.4944301116610996
0.6049241309611869,0.5857621149606099,0.6107015252357443,0.6176472404653854
0.6155384168642579,0.6801047600639729,0.6928261249944222,0.7228196472741856
0.5886167229169915,0.5142040829664208,0.6976674098669375,0.5749458147814647
0.6015722311983231,0.5902771004663927,0.6179059341690519,0.6723398826758078
0.6122715087896907,0.6425736647200457,0.4640473648388131,0.612230859540683
0.6234538771481671,0.6295061368811209,0.5689623771228416,0.6229397630150076
0.7891408282489811,0.6688920718882928,0.5512089546986675,0.7301197907617927
0.6017503910276774,0.7068356780718209,0.5226860388656314,0.6153802327183084
0.6014306982534491,0.5970350797811707,0.5903244969612755,0.5562069750978536
0.7157653782973931,0.7544297604282273,0.6195092411875571,0.5800123325333745
0.5687460064699876,0.5510036103382082,0.6270193270479041,0.6036034428855451
0.6578907301667202,0.46409046773538687,0.6510835089174869,0.5800977462399254
0.5901635982601855,0.6340751297395366,0.614815341881781,0.6140638051613598
0.5739259186444681,0.5999211161373583,0.5531790849773967,0.5846397101244346
0.5960311222295062,0.6223916202803906,0.6442071426133009,0.6125149953069786
0.5961280647803583,0.5525610531349701,0.7218897015475552,0.6116041942289755
0.6079678102545735,0.575979441621252,0.5923735775332288,0.6259649913805416
0.6349845394889615,0.49053606874648603,0.7114139672281313,0.5109435515370838
0.6346076145887062,0.5738545510818197,0.5865465946032334,0.5611647323274459
0.805379519249566,0.706701334987168,0.7685283072535137,0.8441087810934527
0.5920271690453445,0.5801243297074549,0.5421309183732497,0.6003787439478827
0.624326260904251,0.6598175808392307,0.6768723855977051,0.5874626251844094
0.63871910804962,0.5747338660926707,0.6619969247407222,0.608617935760975
0.538692104803244,0.7435585320543697,0.4756163207890772,0.624656431284018
0.6259124976534984,0.6062288969390259,0.6531464368014926,0.6180938553172185
0.6623537656705405,0.7197921958955296,0.5130461959975542,0.7453922750959185
0.6029134900541921,0.5036027822643301,0.6301236469389322,0.6224974895940708
0.5630729039918401,0.5781290354033046,0.5792983393608198,0.5317907216234878
0.6442981647578256,0.6998000511342608,0.6433335465545302,0.7727426748580013
0.7109939223873152,0.7121386824362758,0.7811739552865619,0.7708946012319827
0.5960650900761815,0.6115426590743702,0.6154947571321406,0.6224806084452918
0.5533840959781439,0.6292114429612189,0.6862143399299169,0.6233663870221313
0.567835794869027,0.5913276575672712,0.6134876550948835,0.6057072939319159
0.6015177768198339,0.5376196042055341,0.5831679679976827,0.7020258663458092
0.6374275504931441,0.5936886276713769,0.6014726354019547,0.5756072060060714
0.7138813943388566,0.626679024061716,0.6497746771035551,0.6787442624888361
0.5929295396727781,0.46076401401863204,0.6570339402239243,0.6426847782882862
0.647530865237368,0.569930698485102,0.6702165062560893,0.6048943903108975
0.5642160184551299,0.572366681176265,0.6094006508139863,0.4586579908850038
0.5403707746951901,0.3848163165181425,0.3156137286945032,0.502715516860072
0.569922019861625,0.6026353138834356,0.6126519706102308,0.6311335165334587
0.6168343237430982,0.6886473020646832,0.6399028890936208,0.5499717291595573
0.6402481831180942,0.6653090357770709,0.5265049957997177,0.6256863213694792
0.7033647304487354,0.7056567733994094,0.6814775162329164,0.6847124680539002
0.5631858500256599,0.6010193792978921,0.6512548916603276,0.6540411533743464
0.6810204062324597,0.6294600792627273,0.6402670386196382,0.6639717626711786
0.6425664950043566,0.4474946339640992,0.45100085281353663,0.6009179077701288
0.287509359829497,0.2825742048833588,0.5255402604216892,0.29782210402375153
0.5683987515839806,0.6179406591824198,0.6471859471507346,0.625247707664224
0.6229127978809437,0.7247025835538732,0.5849203234897778,0.5847266589999642
0.5373061546564325,0.6808852415292116,0.7485896829292509,0.5476235413572129
0.6279490860414941,0.6292609302014301,0.5621168909482289,0.6853683081776293
0.6462174551187747,0.5984974128657296,0.7747536587442326,0.5411730182788674
0.6250747889191896,0.5519499872017396,0.6582980285384764,0.6114023527156512
0.6744856833390223,0.598567445640248,0.5571058198337445,0.5818825591747744
0.6861197289456683,0.7169043921680386,0.626248334743337,0.572136744333148
0.4053452671812917,0.5404140346862474,0.4816309776779056,0.46338637274632893
0.5839951682370861,0.557114826363224,0.5833789016698783,0.5580297310083099
0.7100206715317675,0.6640519705431527,0.696421742296182,0.606495560100732
0.5835978922756803,0.5184268463797332,0.5717722274124983,0.6116433431632523
0.555903194310288,0.5773378414239317,0.5782648502555472,0.6661207080682714
0.45497446646860634,0.37006979227580505,0.4123284588374718,0.5389761707639329
0.6615955474660137,0.6982092343148104,0.4727775305812822,0.6806293664474465
0.580856693934516,0.6072896561510461,0.6107773629585636,0.6149984469986709
0.18811991171257209,0.18204078154121117,0.4743063852188272,0.3814119563604543
0.5956226134049476,0.6356790040096101,0.6165766371593587,0.6317867755649392
0.5125306574216225,0.5502146176389872,0.5985246351239278,0.5487786794531565
0.32807835485282905,0.2191279140374148,0.4653267913666903,0.22760958714011292
0.6168247952202094,0.6878537183366309,0.5118941561354834,0.8087661319771067
0.6503619536758696,0.6432608445285415,0.6480126596214143,0.6764999415661691
0.5891716336207067,0.6034483950540581,0.6303996028483773,0.6282378670005235
0.5748828499842383,0.41231511543883603,0.23747190061735993,0.17462912565638145
0.7866328174642718,0.911291354255842,0.8768301206294984,0.679916154142129
0.5918072549224236,0.6991513578766626,0.5843237120206835,0.6700824023581476
0.5800463989910098,0.6103354546848803,0.5457060985020671,0.4438536906987568
0.6525676728827738,0.6287130861692227,0.6713665695473215,0.6780596612587683
0.5562154463044591,0.4266075142079193,0.46982136343212083,0.40759841732911406
0.7588623719962873,0.7962953642507491,0.7366749091781006,0.7109595460189739
0.7271640722940701,0.7051276766092462,0.6882930472162765,0.7511403097991276
0.6789135418499077,0.5003768565385801,0.5154290235424862,0.5206950194913029
0.6660573163482298,0.659163192417681,0.6494518804345872,0.7211859312828028
0.6191698951254407,0.570226302387612,0.3258435481503856,0.462725587167619
0.5816194352003728,0.5995524554887154,0.5185528161648171,0.6565018109462796
0.7512632529892391,0.618973182608434,0.7337288729402207,0.9068971975752386
0.7049316931525021,0.6779603529922721,0.5641647002860544,0.7464641967686122
0.6234445289952113,0.6875631676867262,0.6735518993233534,0.6593852583781771
0.49736187446729646,0.46914340577274005,0.5762313747481538,0.5761146941275765
0.6941229124396434,0.6826025911383952,0.7375007481368069,0.6196192398523505
0.7154720068389361,0.5962363006102271,0.7078122404359469,0.6345690526523365
0.4670925191246947,0.3460501844927237,0.6445871004727942,0.5594950988468373
0.5844451492716765,0.5389307852137378,0.48588271370661695,0.6008928965715641
0.5583553597762775,0.4040615322996724,0.4742416859747511,0.5400724352447096
0.7428997320594797,0.5014578672926043,0.5030699738505486,0.6944237878296093
0.4512027223471903,0.5617075912108264,0.683160413921642,0.4908066785553749
0.670425953812861,0.6081249946885445,0.5718432738327354,0.6541623443132151
0.589169072881321,0.49665100600624246,0.6859394731666676,0.5486321481405018
0.6923488610605258,0.7100030431017599,0.6982657596186395,0.8198176655337538
0.7044967911980752,0.6616091601514842,0.5902744408955517,0.6366287764584324
0.6492886817464967,0.5787566489306173,0.6360735370097492,0.6300544763512561
0.4668919612567473,0.524563172264337,0.6433544275486403,0.6293531260429064
0.5007127295723396,0.5352406194023898,0.4929946673202708,0.5051843559324843
0.7190351693039189,0.6324958400672904,0.6896677982039876,0.5193643001619404
0.6035155680264854,0.630370353340267,0.596203415720405,0.5156300894107859
0.49794770690210355,0.4424127646478159,0.6005521211461038,0.1021578025455208
0.5940343325339223,0.644467669343506,0.5240396201958714,0.6258695408512256
0.6233260288242926,0.6462818912440585,0.644942039403644,0.6046450315043297
0.5427919388641137,0.6723499876120644,0.6727614710260215,0.6836596637084136
0.574735435800479,0.6124706506095052,0.6344146093697463,0.5590427323725237
0.7556461868492786,0.7030755321858422,0.6475572894443066,0.6486439260069221
0.7792459774183065,0.623147394053992,0.5989917467982032,0.5937059932452574
0.6484348160545842,0.5880681179189551,0.6457760321424996,0.6075222182554634
0.6048831877271497,0.5875567939447537,0.6774970631046325,0.6024355641488629
0.4947654036979804,0.4591376967269663,0.38890490105363423,0.6400637182163412
0.5734329572098034,0.7184071296644403,0.5684773879904683,0.6140354153939891
0.6555989376715804,0.758585318806513,0.8323390580047463,0.6154530361851503
0.6556941836892534,0.6262393015559429,0.6291479684983536,0.6051317547562245
0.6102889585831527,0.7482980231519101,0.6229470805496924,0.6499922755804067
0.6757168073133962,0.659623453156218,0.58892909932518,0.6939333001832672
0.6198391849291659,0.5316077763493643,0.40906281116520055,0.4419883080771573
0.463768129019416,0.6868809820224046,0.5615253814582228,0.6083849221999836
0.6792347456760737,0.7265069535391478,0.6783085445718428,0.5554143537723152
0.5402575886450375,0.5853165592208309,0.607870740691102,0.5007428989372938
0.6304405333336699,0.7097905709121411,0.7051597177714662,0.6713735943101629
0.6825386905500851,0.6074345310616676,0.6454931654539308,0.6712804440473971
0.5850985721488309,0.6564817658974343,0.6382003557675421,0.6547929756712337
0.6581714645024095,0.6379567208874024,0.6596898816180302,0.636575597789284
0.6281760428200364,0.22204119382586798,0.5361890873077173,0.4725827000405748
0.6033405609372552,0.5828514304974737,0.5860818342071545,0.5504095540011495
0.5721993977363304,0.5852205829728674,0.5711987826952948,0.6263371617534903
0.7084272508786069,0.6616116054808537,0.7332862306285252,0.6046017067880136
0.6930197304977568,0.7454266275619638,0.6639415052288812,0.7060268754149137
0.676043944182281,0.6554213740411706,0.5252202520851045,0.6543016627366449
0.6136390171459848,0.6170170490048313,0.5576193247373686,0.6361972995852024
0.7020437033503188,0.6448053275039778,0.6080338610955078,0.6240088157754954
0.7232615615614442,0.6684384547847674,0.6426979579619708,0.7298439900898036
0.6897766359827506,0.49448692994660753,0.8980424343712219,0.7956204685300737
0.5260783244694786,0.5531203598686373,0.5152383541359585,0.5764920162341471
0.7377118991329302,0.6319108386188049,0.678836585854892,0.7757198464289967
0.6338739508983278,0.677399381169593,0.6826614008468505,0.6797923331989423
0.5874773750164914,0.6827404511169747,0.598732490680226,0.6745104278609979
0.5450797054060438,0.5382013026070299,0.6474740217685623,0.6436473516814338
0.5747149239267112,0.6380360029218152,0.6334228933762382,0.5788378019847192
0.7399739696954333,0.38590493836658124,0.6080567236426855,0.5694374901988947
0.6558784065761123,0.6245079939051349,0.6431820808799616,0.6246040891852278
0.7295279585032778,0.4395462304518142,0.5737637768735945,0.569150502030141
0.48946672282802867,0.6171625130646132,0.5550583517647256,0.5916076634697408
0.6025426439729425,0.4643082307351932,0.6722246137550638,0.579746762852856
0.7636060234394695,0.7806792368698537,0.7724816848942471,0.7950697489646302
0.46637342227063755,0.47906288959819143,0.578353562279475,0.5777614474440735
0.6671264628262822,0.6334052698915053,0.5259705428495935,0.6500231928315667
0.5793817028190319,0.5497394750858351,0.5542863280183336,0.5624373242457241
0.6723963553681379,0.6285317960027272,0.6241050957605631,0.6424460809850171
0.682298396718017,0.7273477087812202,0.6118971941435648,0.6896337756590238
0.6051029902458529,0.6030912531389905,0.6617690131488158,0.6953662640960173
0.6860039935007382,0.6331743384938134,0.6355797116872821,0.6536287885617488
0.5015617331085098,0.7124428475269743,0.5224526080653202,0.5676947926165267
0.6662532034091272,0.5624027040454008,0.6877158869341126,0.7924216980243252
0.6947914399338143,0.7322010916623262,0.6963109891425405,0.7267787804573328
0.5910466225473532,0.5843407669599398,0.6765980884260759,0.5559315881187813
0.6467393521555742,0.5760043182826128,0.550896621621378,0.6301939118580104
0.6816638097909216,0.678817786035898,0.7145246408164017,0.6218288647400348
0.663350115897881,0.5559370332887209,0.7310551275226995,0.5100193675886043
0.6302818294609898,0.5130894524725729,0.6364870370632086,0.6918513972419262
0.5965013211500818,0.561686097523777,0.5504483913862712,0.6703210052143374
0.595590962421872,0.5780053203128989,0.5059082539140116,0.5496573401554042
0.652442309994319,0.6468726753283157,0.6127932635208151,0.46399190576045074
0.6531364460290401,0.6908585113466433,0.6702531711870136,0.8317906641757244
0.6146846409141493,0.707530698372689,0.6427543447908323,0.6707512772674534
0.718128902668758,0.6496035693984427,0.7461927855104583,0.6089558592145635
0.6252142103581285,0.5204181521603811,0.5199954096902172,0.5306790909893339
0.6774349266893341,0.6848627055261536,0.6062752905412816,0.755122510686314
0.6617804174577281,0.6559192065357777,0.7226882303892692,0.7269849878534876
0.628459867756461,0.7078399019571944,0.7044513927891707,0.6690906369883797
0.6838414291882978,0.6565983507533579,0.7561937975668078,0.7228085458106028
0.5460640361851103,0.565084671783213,0.6227456583587392,0.6218646858548907
0.6239461310492248,0.576236117306374,0.5897986331873358,0.5407945656715573
0.8163585242284324,0.6181465874740071,0.5568815799532871,0.6791818490118434
0.5581276106860065,0.6944807245504269,0.7521456600122097,0.7354302501197438
0.7660413078765552,0.7731347275895044,0.675578254454844,0.5336224858989789
0.5897852205454844,0.60232317378789,0.6514616239382731,0.6691861010792145
0.641143872547226,0.3641694984201496,0.5481395463048513,0.4990372239824012
0.5517207746288914,0.47487659419704864,0.6256883893194385,0.5440267970398667
0.5578141048158303,0.6772725818022232,0.7786051553612385,0.7088238704448411
0.5503703014655534,0.591219505469539,0.6748008381080495,0.7438626675735286
0.6596614162463079,0.6479674383901564,0.7604087348427709,0.712376012139053
0.6590097258150758,0.6638346809031164,0.5973816961234346,0.7063936248885404
0.6216186073533889,0.7487848995890359,0.6899388601846895,0.6112100093669646
0.6558775076414655,0.6165043685752879,0.6060812702391646,0.7198906627580424
0.5681306837439811,0.6807140597577831,0.581981021932166,0.6182436875117281
0.6737019171134883,0.5471841575325583,0.6563930652914667,0.6265656905728529
0.70617569024118,0.6792210781678127,0.6125514222736591,0.657677062427393
0.7156460040824997,0.694187568680991,0.7574062234422771,0.7340330768182752
0.767856506919646,0.7888048549467331,0.6031196416007759,0.6280792724465921
0.7201271359204224,0.7698034397031298,0.6780518321624388,0.8296786999313286
0.6938219813918868,0.7017576059494164,0.631404746732479,0.7030574553340192
0.5953779289857466,0.6569878249258616,0.5806250292926655,0.48885620290775317
0.6865454611200903,0.6508860272522285,0.5814611995537937,0.647954739132607
0.5350530249926683,0.6116641551735694,0.6490107769162916,0.6658298198802991
0.589041961359282,0.5955064391817496,0.6241756419126074,0.5720802955061
0.45464685132382127,0.5569782543314227,0.6759498169491325,0.6418753818640012
0.5467058191231883,0.5532032433659495,0.5073527400308396,0.5939809173028233
0.6608163898312063,0.6374336250008483,0.6924088013622235,0.7894750066979281
0.7240155320883858,0.6250662718858827,0.6620043401349877,0.6684217947430406
0.7020262422890252,0.6295670343805928,0.6971044931327852,0.7018073261431182
0.695678512922435,0.6574711184800265,0.6553564157236663,0.6218607551721682
0.6278804932763682,0.7199067007367304,0.6798301118414448,0.6436167237485962
0.5065262098017049,0.5952253510624959,0.5979114290976256,0.6628781924294901
0.630979672820936,0.6886063566946253,0.6936930722145002,0.6529043712991427
0.6426731682811223,0.6904837805852564,0.719039346247092,0.8538217866779134
0.6864747592468262,0.6600286170645562,0.6037632184692563,0.6072925212397824
0.6628770689855599,0.5246627095256534,0.4661308254111875,0.517479203546244
0.5877678466265016,0.5706702222199102,0.59541363328794,0.623651520582296
0.5866297493724171,0.5497854146647404,0.6205881919481127,0.553588719545915
0.6186289464853356,0.6290792826870426,0.6018359975763785,0.640633021859546
0.3218673645767547,0.37584945054533586,0.8078594751550644,0.5266739724384668
0.30390116393754407,0.3316245427636424,0.6568804645654539,0.2653669908468221
0.6085398209636846,0.6728300721659527,0.6259497241115204,0.6447947298038205
0.6200799691033689,0.7039956771361577,0.6614835846635702,0.6335875063417598
0.6349387123920731,0.6714014554321822,0.6165796181369355,0.6661078749888142
0.5753456569955838,0.6268296709629114,0.6025632019041746,0.7865883401365967
0.6538995779043191,0.6659604613641072,0.7125186873680176,0.7001257760892527
0.7259295082692304,0.6262147439507965,0.6330290240699539,0.6432754600998324
0.5361677990356728,0.5918998474920063,0.5686504405623761,0.5150158259988031
0.6881997006033803,0.7072982673436188,0.6731969254627288,0.6756660064471982
0.6508193395731544,0.666536967038339,0.6556801482376443,0.6987913247625936
0.7509385946966272,0.6598137924008274,0.6481055118654583,0.5485902263393175
0.7180917201073738,0.75540006632471,0.6091619949544751,0.6873698300817966
0.6656960673628913,0.7084139575362786,0.6495645069856567,0.7786834351704182
0.424272221265085,0.6899043650701734,0.5312814579318349,0.6372280093126926
0.6161442337298464,0.6456136335875267,0.628603810346009,0.8646920255745345
0.610479369286005,0.6667218492115337,0.6648892731239041,0.5372092479267404
0.6728833842250432,0.6961825656317232,0.6238452272811967,0.6076644775026929
0.7172879943201007,0.6433745950805159,0.66788213280402,0.5785048253943212
0.572414134013924,0.6571481066524583,0.6373128482168097,0.6864635969671871
0.6926232490153029,0.6034186339113679,0.6100640870740492,0.7013350945805655
0.7535137694838281,0.6393031570579922,0.5596736751631167,0.6724220536770162
0.7366540093065057,0.760823673564794,0.6870855965821454,0.6117356272618296
0.6435059666553341,0.7085756985344212,0.6477326242702101,0.6990067367160923
0.6331483482040808,0.7790700187448499,0.6570663127512332,0.29416761600680463
0.5870950596690687,0.5681894307688203,0.5017313362515416,0.606475275026287
0.6416576494338884,0.6946769027230991,0.6598048263136199,0.6730145657136821
0.684302860898159,0.6935428024236362,0.6930487581814502,0.6571796967700261
0.6412382607503433,0.5045938400013045,0.6170428718347535,0.6942892866103056
0.644646944204746,0.6841883343149531,0.6871546861017925,0.6303974784423916
0.7318028992024819,0.7240642621226203,0.5890372510987245,0.6519894891209975
0.6435923816186891,0.660500170405321,0.6687607592089834,0.6907714211229252
0.6424491042849358,0.6155440457299546,0.8154606368714034,0.7892267547547741
0.6430142612394092,0.6414102054266174,0.6535982852381674,0.652378433275666
0.6642462101290674,0.6974389987621898,0.5766049909737097,0.601453820396227
0.8276619861614926,0.7974092104700343,0.8142435831064592,0.7720553689940612
0.7516296355634494,0.6401941419781664,0.5015802236632632,0.642054816404886
0.7221889853897214,0.6940236399363676,0.6758911760132953,0.565980339501959
0.5162215507879332,0.6833155999513718,0.40866650771169755,0.48176517102918115
0.5833970181178435,0.6506159303752458,0.4640262954717399,0.68539524585115
0.7416723008517744,0.7895666764949509,0.7234395190571048,0.7115563812417806
0.5083906589076983,0.6051439520946001,0.6201094716070464,0.7204263636328463
0.7667743811128572,0.46010959000490076,0.6420535471698237,0.5666694720456414
0.6881246000551786,0.7125281568676235,0.7068207408264884,0.7021458270804963
0.6731069230960591,0.635583327101906,0.6428594829339279,0.6656981495223623
0.6119033468382133,0.6975133228899516,0.7064801232858715,0.6813320678053474
0.695772435752296,0.6796590102770776,0.6912850336965638,0.5643031781537731
0.5880898132273465,0.6561940921811836,0.5696722322520075,0.5631634763972201
0.5687971023614117,0.5687953861617211,0.7287588073067882,0.5288233687811777
0.6799759558609657,0.6456801754109167,0.721567319782817,0.7763790329222395
0.6278942467644378,0.6414273212072503,0.740748504621366,0.6504821572678203
0.733533046232355,0.7968922365344827,0.7343910909479191,0.8093398659433753
0.7390998552517771,0.6728206572776572,0.807999015901768,0.512078616811398
0.6225591418636571,0.7298614696312071,0.42981930364880444,0.6832958087512214
0.5917858747281266,0.5686511201062762,0.640284147256515,0.5982304411841126
0.7108928709308001,0.7403683310303039,0.8117817274171845,0.630529983846857
0.7250818259980831,0.607860065919673,0.6359352306939197,0.6057300495667592
0.6773238266618927,0.6964170575683369,0.5433449411317057,0.6101885655362799
0.6207275457118436,0.7045303127165502,0.696591238033557,0.6343010877349491
0.60305331753631,0.7202526148956692,0.6335669927246422,0.6588634313142063
0.6971611924052162,0.6517123394291447,0.674669712577027,0.7035566861997505
0.7032280477501787,0.6428188045431315,0.7010647657858509,0.6092457026981896
0.6618344806883919,0.6998873543185883,0.624828424173288,0.6657067529137434
0.6435348081143223,0.5445822487055793,0.6240083289958148,0.5918848143481743
0.6899673196200078,0.6966213832698828,0.6862712933978793,0.6054854858434435
0.6530327649904235,0.6524168476344958,0.7365411857567679,0.7167592194879349
0.642496427999238,0.6393227687797908,0.642419466400906,0.6884326859390013
0.19146817547647915,0.44739185194090175,0.4902674230098042,0.43882855982783625
0.6677580042814362,0.7361731471362088,0.7164222587001117,0.6632196494588806
0.33278196583843017,0.3716842027168858,0.4129865099975298,0.45739069554695294
0.6149953487993388,0.6311785457455372,0.6767916405435673,0.6312139385150212
0.7322694035118444,0.6938576073327452,0.6107814293751094,0.6126783318138695
0.583448957774908,0.608962822514597,0.5742882501322356,0.7046556065014825
0.7289027793078477,0.6259589239925157,0.6282223788195179,0.6926079349490624
0.7393842991446474,0.6202239349070314,0.5626574446361534,0.6448065977560254
0.6926265738152417,0.6336193716715716,0.6068912457407417,0.6487633957787825
0.704703771542151,0.615429860180809,0.6110310422533664,0.7477915263614764
0.7707828372263386,0.6195719847747535,0.7580471238652429,0.6607556249951652
0.7180193460435924,0.6655733696301142,0.7110795948496929,0.6922940922362957
0.5964298919241254,0.6471343651834945,0.7280587017130622,0.672862181389461
0.6369965643597368,0.6278560423025921,0.6700888558065002,0.7247494087655679
0.6808523225926374,0.6102686040396517,0.5697708962815471,0.7050629269267508
0.5849607240375463,0.6847206286999877,0.6570994415243049,0.5913492699914555
0.683791834661277,0.7715165083481386,0.6877483665093104,0.7383632094965169
0.770855993658883,0.7104677515632685,0.7197601365712957,0.7173603768331139
0.6629889324812598,0.704883094956593,0.7298559215347781,0.7797184067119399
0.6441555194046762,0.47597335789622874,0.5551348373276926,0.6750743789621727
0.5836291637830997,0.5478297120946467,0.5506601540071641,0.6527251964453868
0.6185203781289181,0.6181674379818387,0.5684681335157863,0.6705462445450662
0.767150037937125,0.720130932852979,0.6216337813577595,0.6713100832913296
0.6576685436885039,0.6451828447207169,0.6452906667108644,0.6366282659918019
0.6479756098670151,0.6798317057787553,0.7363357205248392,0.6743132283946672
0.774870073002869,0.67366299160327,0.7036238031984874,0.7790752893609784
0.632138316417522,0.659222577382038,0.6135395806576934,0.7868098831161455
0.566775955786082,0.6799001915203019,0.7172711874756689,0.7705463469351798
0.5718862674601416,0.7109134806990227,0.8116406212638683,0.7490342625943034
0.6141368187313654,0.6956085599955275,0.7442307375456745,0.6525937804045593
0.6015758793971722,0.7507230326832588,0.8258921262259749,0.7876643412759612
0.5285261474048506,0.5123988310480917,0.4877162457689187,0.6665500656091486
0.5750295131450716,0.42692238647385233,0.74131990714384,0.6253940370019127
0.7138918606206955,0.7206394248059547,0.6447002302880727,0.6948911622912828
0.5538353590940461,0.7458402011511839,0.44256024283592826,0.707931627921388
0.45947687660241227,0.5662446836088114,0.6608367142852992,0.6554354151495592
0.6779764193147632,0.6109603498919252,0.7095054835000502,0.6353401268910296
0.6841453870898574,0.6812032070918833,0.761975782269843,0.8536895509534902
0.42604006181064646,0.6723340112240458,0.6102913038086076,0.5951710728547086
0.6132169480300179,0.5815301868889662,0.5702937902049067,0.7545457004106638
0.5672558042956058,0.7210564964148245,0.6958239050044828,0.5064684039080886
0.5708317112995014,0.5785638966340922,0.749167480978482,0.8995679359745115
0.5875708742767758,0.4988487950303039,0.6280369831904455,0.6930898942496011
0.5263331746938782,0.5544374383946795,0.5513208766658002,0.587109685387522
0.49237214803824,0.5170855046282457,0.7095462075410994,0.6298599101617209
0.6725749936801527,0.7031163996657683,0.6739864785463102,0.6496364476836604
0.705366137837751,0.7169909574293428,0.7369718470847055,0.5484362304378753
0.7473133612442845,0.694124604494779,0.6491097489547516,0.5869886691190007
0.7335509794329582,0.6386730950886662,0.5710027297832508,0.605451239085479
0.7671236107012153,0.7040332781983683,0.5840748861993806,0.7025346642813549
0.7299749073764735,0.7440269622490456,0.7699732475740233,0.811511420191387
0.6462522510867306,0.6028224094818672,0.7556604357590666,0.824723765080302
0.6362962335179678,0.6746966034479808,0.827720724212433,0.7663702459645325
0.5151253771550969,0.7065515767203193,0.8454281553228663,0.5129892574018982
0.782947493653969,0.7947167208202885,0.692374638963827,0.7489423122954079
0.8047712546518029,0.8108746502070144,0.7899370106559466,0.6986192268914777
0.41513623179847775,0.8239364067454634,0.8287549269430329,0.4890001465032708
0.7534184620410028,0.8273123830208718,0.7663913816252736,0.8429645707993507
0.7619728770541819,0.738035481292811,0.792230296848272,0.6732123006462281
0.7067514195090802,0.7094645311318521,0.5793530502072833,0.7122961211195922
0.7682691386037823,0.7358297634141774,0.7345472418825925,0.6168438366684182
0.6606714163941576,0.7804116653091604,0.6499686250901978,0.6199710358496736
0.6392731091466067,0.6863842337902484,0.6901075310412312,0.7237999437581444
0.739449908025777,0.655161218904475,0.6661162892117491,0.6482369298757586
0.7129946702626099,0.6989416770714584,0.6887110640050146,0.7279989393581984
0.691335114394987,0.8308259456516314,0.6637122749325362,0.6773392944200887
0.5953161679375795,0.639600328265565,0.6109605232390768,0.673472331331877
0.8022236316453718,0.7576307655240986,0.5677600178553137,0.4644858016188702
0.5943421395295929,0.6292196017157392,0.7147113924671908,0.7220305919865772
0.6860882034423896,0.6793799667177213,0.7077312568302838,0.6543145875787273
0.6935247930814262,0.7731423369242729,0.6643512961833676,0.6620583975978368
0.6796067201972172,0.6759484273416757,0.7271985176557092,0.7046648159750869
0.7760498615082349,0.8506067808237091,0.6829498424285823,0.7199974802798355
0.707115330390843,0.7498993066944104,0.6660991013409849,0.6939403730775102
0.6426485035622872,0.5145805819207824,0.6250900691734989,0.6351883116598047
0.6398002835609979,0.6557675548712097,0.6361072946886784,0.6859004807374959
0.6913600787824542,0.7413000472979833,0.7567922643084446,0.6282812547372377
0.6947778955307388,0.6786603209345329,0.6171450618902621,0.6813088719467384
0.6495515640447665,0.6520388828709484,0.6935727034472833,0.6767746754448497
0.8009578392913549,0.5736317547861409,0.6913074462494443,0.8229795178825627
0.7391202853277639,0.7877650281448552,0.7828478409603213,0.5935326656735016
0.6983673109643009,0.7416128841253272,0.7338027759594395,0.7781174632775906
0.5934001989390032,0.6538142248159827,0.6550429625362165,0.6914311918653552
0.7847015035619428,0.7595091959268426,0.7631832576172013,0.8305918712228941
0.6399535219998673,0.5456397679523942,0.720502515120143,0.7094466041861979
0.6440594372831215,0.6779902252431899,0.6742863823739765,0.6719384514864685
0.7043714306109848,0.7099891830668565,0.6129691681200865,0.6858762416747209
0.6981011551946756,0.6996449884736106,0.7190510251771779,0.7263857881312855
0.7451987158956411,0.6727589566167745,0.687230715958047,0.7263701983668117
0.6986317393049325,0.47245999036102837,0.6459970502605992,0.6491903465438887
0.7664738202116,0.7312768387383602,0.7662381904112617,0.7478309615179732
0.7139984520025167,0.7434620338306042,0.785820054172509,0.6106058698086887
0.7114907457311967,0.7066401831757416,0.5194281254590966,0.7180615447450717
0.7023706006085271,0.6624468579841428,0.6735346400495033,0.6300861453185661
0.6500414023314754,0.7103780361427603,0.7040512400137618,0.6198122140817762
0.7138268305253017,0.6994153234417583,0.7337423752442838,0.7353023675936121
0.7254395786344283,0.6524729393388239,0.6900448111707986,0.6175440871759202
0.721526229641141,0.7618342980816123,0.715782142825406,0.6027378880949411
0.6968796460753689,0.6312950389869603,0.6679790914348077,0.6474818696682876
0.7442605574595917,0.7223416640943655,0.6911567688776055,0.6450432548030853
0.5692752484257575,0.6835165653840175,0.6074615542630061,0.6090111056514417
0.688258305033617,0.6216478323986397,0.6819928601498596,0.5258122768312672
0.5393451672222977,0.5193042375213056,0.5891902386241392,0.5414481509284816
0.6678611087351202,0.6980768235571275,0.7120217037652845,0.6614772552291843
0.6850069870382516,0.5966880511475781,0.6862742223374662,0.6589025081643265
0.6454413077623575,0.6881262668114474,0.8415560820445538,0.6691730673914785
0.6892023325358837,0.7082576540212382,0.7262683344456761,0.736589549254276
0.7157086259387035,0.6383981816212817,0.7422594170980057,0.703797451320868
0.7004897192734693,0.759780624667061,0.7505204252409253,0.7437554341267631
0.8857473484412585,0.6599282489165711,0.66522184621897,0.8004466976846758
0.6857669135905344,0.6738489165669145,0.6598594351061096,0.6895897271578101
0.7002154673127042,0.7746409252767522,0.5074332496727284,0.6543554856038408
0.7187318045729781,0.6906677225048812,0.6399083086862639,0.7376513258413948
0.7904589264652381,0.645732796592961,0.7272097059188412,0.8147352367807003
0.7826364990303789,0.785384294506278,0.7136762467405277,0.7409490337308062
0.7402488931454079,0.807150825413086,0.6987644455452846,0.7246731124308304
0.7185259601032081,0.8319854562023192,0.7240589344927071,0.8349419719556294
0.8046576853542422,0.8140913708595727,0.7214460727617811,0.8394130834920528
0.8448954676575278,0.7931420492878318,0.6887287296029714,0.701831639067988
0.7215566102857363,0.6699073629122642,0.5688124246884321,0.7004085854319482
0.7087143353873777,0.7013048118743662,0.6966946157942354,0.6679122946740883
0.6780132516558396,0.6347789270346685,0.7697721099340896,0.7116177269866649
0.7348733970275496,0.7186653448577365,0.6597868714621679,0.6371381445106487
0.4479870199432313,0.5832223958164295,0.6755783217487378,0.6350252484711824
0.7319685257703943,0.720938639346276,0.7265675248244962,0.7899706088212661
0.6903645260208193,0.7054808616029694,0.6092756662534263,0.718939728826532
0.7749263723710554,0.6983606350837652,0.8138361389648022,0.6185233277000864
0.7518439035624012,0.6952144972261247,0.735460556420234,0.7265724877636129
0.8018082187617692,0.8514554325541093,0.5932554050341996,0.5513032976668669
0.7185444427793802,0.6932626509413238,0.70468036557638,0.7016865044260067
0.6428948331371767,0.614056289445612,0.5051579526233188,0.7060584089460225
0.6620487916028329,0.5971470623510153,0.6647539546626712,0.7376691712940874
0.7077490764139768,0.7921555889160155,0.7569627072143675,0.7635923564737982
0.7059869530679254,0.6715251894950217,0.7092802959231619,0.7266899120562226
0.6602128928600186,0.6089954537491616,0.5725060145404218,0.7141406550402132
0.7302824396858737,0.6093601620447893,0.6473857290198227,0.7014434833207439
0.6882229008203729,0.7111506582464296,0.7085777543049637,0.708681826663598
0.4960246424461513,0.3903359687150586,0.8933814404241174,0.715092652667487
0.7307846045681156,0.8025717817345901,0.7608983808212568,0.811625821433116
0.6393568292102357,0.7161146843568454,0.698198738714577,0.6491233218518419
0.8261054707492641,0.763525510012881,0.780336345622725,0.7713758292909381
0.7490184915926645,0.5967201686664246,0.6572632359352065,0.6635326976277773
0.731651566505019,0.6957747892967284,0.664550905340731,0.6923272605654194
0.7019315335308737,0.6332192788404629,0.7218061247981212,0.7463417075855289
0.6325976353493025,0.6256424615978303,0.680152252123887,0.6323842909045785
0.7125092951374175,0.6630067878425063,0.6647848279298576,0.6291297954177089
0.7811475920327295,0.8321221138272311,0.7579820576075623,0.7357116299633127
0.5510348547079671,0.6664123695033739,0.7116221290516703,0.6350293392113432
0.6675660924782767,0.7747782300401647,0.6206138569107835,0.7155675800998349
0.733769000816779,0.5642655250919698,0.663336352350352,0.6007837401067154
0.7372547920339562,0.7699222700828775,0.7016221584923039,0.7334284843731316
0.7509320285255721,0.6733340155091307,0.7518833264061074,0.7336275764977027
0.7767840846811663,0.7513419717278684,0.6638886600222794,0.7084392127321429
0.7621355989757286,0.7796039599074062,0.7405104698063145,0.7599802331176547
0.7385512301434387,0.7442107315192444,0.692346967567306,0.7385182527527161
0.6893059326511354,0.7795971305448299,0.6860524648347557,0.8261980510756898
0.7340493754128821,0.7706028400434003,0.718009063514092,0.74801614081879
0.6610568461381487,0.6461599450148825,0.5420568278108104,0.6814540701536907
0.740519173887017,0.6515423552593702,0.7476047283450289,0.6931404394791448
0.6386311042513446,0.5435276944785574,0.7368775060443719,0.6917800686905338
0.7069406647834242,0.7412893970988006,0.7221689309929664,0.6524420665321863
0.8268131671037564,0.8435181115395091,0.7512863809559192,0.611538208164526
0.7447779428203609,0.6241850906375346,0.6492602449932711,0.6804401588217821
0.8266526182256593,0.731161012017377,0.7490885532190059,0.6790228648919793
0.7009416407770871,0.5827079867241554,0.7485362286961931,0.681743311322915
0.6804592190626109,0.6903816119302174,0.7146304581033377,0.7137397471732294
0.7986199581346245,0.7665531665740035,0.8199189637686747,0.7222987073790592
0.7608591604545458,0.7126969607475451,0.7197371503056221,0.7262369402969013
0.6668234530999742,0.59821346781676,0.6371610442826554,0.701807082291987
0.6063889759836117,0.6811510475647997,0.6946808722124207,0.5585633634495013
0.749167309409916,0.7540732152157794,0.653608951847975,0.7332151344916725
0.5771279199760474,0.6011679592780762,0.7432796460217672,0.5911061393345499
0.708226516534163,0.6728550632436947,0.6662589238386455,0.6520871420178814
0.7237043326589465,0.6065279352754664,0.7089179058589651,0.6937485788854646
0.8121159999732783,0.7653025744236819,0.6665706959685734,0.6640475068201319
0.7895550053241535,0.8012367214436507,0.7686265681695542,0.7342498024398386
0.7139565420057283,0.7262907707153737,0.7377325296558421,0.7543283113898699
0.7129995780398256,0.6904833481887018,0.6987287060283133,0.7124017066170913
0.5942413598190702,0.5789710822710923,0.7317808705945877,0.7309622964084609
0.7781833991411821,0.8112282248223874,0.7470446162939393,0.8609494704688504
0.7163512692590328,0.7421914714973226,0.6590155568562012,0.7094399485076522
0.498936431930737,0.6109494905719146,0.6227302957840579,0.7472336745878335
0.6471977927605332,0.6117498836470967,0.7415825261952381,0.6965062233396758
0.6745492927135127,0.6934466341907541,0.65803133448247,0.7273960778559644
0.6045968703845239,0.776898007249895,0.7751982718300654,0.822016349775025
0.7198386831191695,0.7774015446588621,0.653681770799802,0.7420999547425627
0.6580816297683035,0.7823283873623191,0.7954116168018425,0.7404525937103643
0.7389771339162282,0.7473006667057219,0.678689361278248,0.7218458938315334
0.8441235850125156,0.8173319298758636,0.7926250954293287,0.7076136719862689
0.8541685231279514,0.8790630952601747,0.8526189682334087,0.8717418492438004
0.694059056480019,0.6773986660788281,0.5357741632571082,0.8109313243136922
0.651308049448035,0.6506684047828506,0.6442408337808339,0.7192599867107775
0.6939634159205451,0.6775864454984553,0.6691046238279438,0.7303115278630111
0.7958903056610406,0.7145517752319119,0.7039656858297211,0.7446916939453538
0.7089421959816075,0.6938650347605659,0.8050062244693319,0.6803012228768874
0.7458122367059004,0.7598669753446369,0.7079509493299531,0.6809821906203722
0.5717308291952353,0.5027576749713919,0.6616712479332901,0.673603061329237
0.7031677123254104,0.682973167816261,0.7371388683564782,0.609841810561138
0.6729805857323309,0.6082761411700878,0.7095373817108888,0.7639487288969486
0.7616685292841571,0.7170812418502699,0.6758799213238404,0.7229108283122541
0.5494667362367457,0.7328730130149428,0.7402940936986518,0.7776430864450865
0.576679412270262,0.6863159954268316,0.6874474403831273,0.7731904322634485
0.722608726211797,0.731704715227507,0.6893769814205951,0.7511819624990878
0.7283023755692248,0.6405425124408353,0.5916068791032582,0.6422090753801833
0.7323492219006635,0.7642983036382908,0.7579319692340308,0.6943267954660652
0.7568285516249094,0.8080670743537102,0.6448506533563321,0.7237283797555178
0.7540568826244,0.649009512689654,0.6575055821227863,0.6801847865022825
0.7654350976661028,0.6834196810959371,0.6752787214754604,0.7570962684920607
0.7729455694220702,0.5961061172764766,0.7459973712497859,0.40353020805653345
0.8087371413339526,0.817880608288223,0.6210859670412309,0.6635747181432966
0.7745098720290073,0.7550343521131105,0.8048678872843837,0.7568624509869097
0.6912806483059004,0.6168242120926617,0.7021677040838197,0.6453705007468359
0.7506095888645018,0.7584901927142709,0.6962888068526187,0.6534766902432433
0.7767698803843457,0.7382050614422667,0.6024112348827234,0.6328263626972006
0.7909873074736087,0.7585669214470971,0.7552485722243213,0.73934222752091
0.7059757666355525,0.9005664724816472,0.7417065045547446,0.7169315590614445
0.679691670487234,0.7077431524082731,0.793456619399001,0.7036347839659606
0.5723287386738085,0.5459173117576135,0.6602756908097069,0.6235393172509069
0.7827927564423466,0.8069669591543992,0.7636489968512876,0.7636220152971211
0.6003743250400753,0.7545247915914608,0.8045897632755882,0.7152808278034226
0.8426574490845327,0.7639483210506948,0.6905886206240012,0.6970568389711486
0.7862948154854055,0.8070360214962317,0.761199523743867,0.786130192873393
0.6421764458884458,0.5706453474750243,0.6163185475140432,0.6667844575085027
0.710285562063227,0.720653500982069,0.7627708136999308,0.72009288020317
0.8317612520808656,0.8839260004096186,0.8561209594535832,0.7827903342102338
0.7450369044555928,0.6870517345511049,0.7482538968360503,0.7654260405143063
0.8293053224018413,0.7732582172948035,0.7485328700470814,0.7163256507934762
0.8465266202182019,0.7036355181560001,0.6671111215322129,0.6528738872410617
0.3408165208016405,0.5665835705159447,0.5485633284153861,0.5690886307168336
0.7169440183185982,0.7593145136288144,0.7464074978336515,0.6698519302983831
0.7749559127386781,0.8342085361949634,0.7782138030762242,0.7680136894296763
0.735631454808788,0.7179044744888033,0.7008558761704587,0.6806293391625492
0.7332782429298871,0.6757120215505216,0.7127804241489207,0.7373421530530686
0.6692124751205899,0.7187178848412827,0.6794141118605481,0.7163980061101972
0.6522755327504556,0.6886963163049981,0.7141401739301897,0.6531887532682908
0.7118986649373701,0.785156373156674,0.8519503455579127,0.733118858958481
0.7833703925413384,0.7865060017060476,0.750616963327988,0.7637543631335989
0.649088051570665,0.755674710590218,0.7203311440685818,0.8001734064518261
0.7318057662166169,0.6498072631889097,0.6855997657617573,0.6640761938728031
0.6672646417562131,0.7679626845603819,0.7304241778276914,0.7101263971373576
0.7012459425690599,0.6947319277698971,0.740124739852172,0.6777032989939012
0.6707145528418932,0.7084388320389687,0.7106607196761694,0.6687298975336178
0.6605724333098116,0.6832848239466156,0.7356844467030353,0.8425686495972227
0.7402993485011291,0.6488817180223506,0.6288231293901243,0.7815848106986298
0.6634820124519766,0.7179693938005832,0.7109432080366058,0.6463342753328547
0.7208450492291892,0.8146666537440067,0.7332585656667641,0.7143826883286772
0.7658570448121543,0.7279457939711551,0.7359565844184188,0.744825916446315
0.8102151564782507,0.8755748781644568,0.7353897467448365,0.7114834548656466
0.7436677598146637,0.7392652017315077,0.7249872814320104,0.6502842268772859
0.734897415081917,0.7272108829492354,0.7133014757772062,0.666667305121146
0.684250766329636,0.7463675364328267,0.7335765059331727,0.7423686816436874
0.6770362072237949,0.7084061305301439,0.6637052612676196,0.7747399779474127
0.72152839107122,0.7923656618316663,0.7805976110157792,0.7422676387381087
0.7947171890790516,0.7427246073173102,0.6886435489955328,0.7425705101241187
0.7437887578221287,0.706692413075139,0.6748837977161358,0.7406935080894126
0.70224316678611,0.740794405877481,0.7492774196531188,0.571010658809919
0.6676617324687419,0.7967735638051713,0.683227349047234,0.666236948818878
0.5546701468386642,0.6175132497213294,0.6949314358914555,0.6653213889268573
0.8259129574389696,0.7198701502937552,0.7474802064259027,0.6947397912897492
0.6972964798042147,0.6940207290461936,0.6662696574794389,0.6307399309420986
0.7688490744703,0.7292041967336743,0.7761237535628507,0.7193133605423171
0.6746342230656365,0.7441732465460372,0.7104370663749218,0.6925419421435833
0.7734848328685446,0.6239493102735765,0.7709815308149992,0.8086336374884514
0.7527011474540963,0.6986212473132536,0.8760516593826608,0.682952224988609
0.6435876766459477,0.6810707957517159,0.7020387860178146,0.7012210221219338
0.7646763112428691,0.7637012872634004,0.7863692152475829,0.7317892274584937
0.7673553838605335,0.7450570892983427,0.7983933726685913,0.7364931496148793
0.74483076693029,0.6982384480986037,0.8359647595469394,0.7580983099086293
0.6987293205118543,0.7890376023473087,0.6718598134807744,0.7455223661680394
0.566747842984581,0.7987679409673941,0.6926149174600422,0.6840374182034594
0.6819504295057119,0.6965920849377939,0.7485609248002887,0.7817112490875298
0.659388825443127,0.8024782813769036,0.7741808583116685,0.6558790686880865
0.49614169223542925,0.7089195741444029,0.6763199314940145,0.6529058311337832
0.6711336703166766,0.6496681145218958,0.7914417226986369,0.6744014199790311
0.7016003391962962,0.554761437097041,0.6400787909293184,0.7022393284576978
0.5817677805278684,0.7372600863357299,0.7864414110466332,0.6301953501775079
0.4741173582835283,0.5656511199087555,0.5247548252206595,0.604493046976486
0.6156648606317604,0.7667876474220696,0.6812574300905035,0.6851321171355916
0.8208683004924854,0.7911116428204983,0.7738082462638917,0.7983800025369087
0.7033076307418069,0.511550360753002,0.6772641606988836,0.6929339624523267
0.795080830757676,0.7348879623876379,0.6981338806257658,0.6953716604203489
0.768181617634352,0.8318375218870823,0.7651042411884642,0.745829356432182
0.6998373886235764,0.8498092753340335,0.7964699160968524,0.7118231888767703
0.7490068709916435,0.8090737143096771,0.7847239407048232,0.7654929219163039
0.7521565742461406,0.7400675705335166,0.7036647614227749,0.7525775017654361
0.793617033134354,0.7275244678162951,0.820571235782599,0.7150664541523664
0.7483636832742786,0.6454158750582291,0.7292356122044823,0.7741281336709771
0.7186242122825383,0.6529049978579787,0.6474625524421561,0.7417743698546806
0.7665100979451115,0.7597552018057412,0.7492339012995581,0.745618618111901
0.6235920298313076,0.7336584510347753,0.6949045455192195,0.6987867963541192
0.5898728848297512,0.555900288141256,0.8016097009936213,0.671239750540053
0.6756997262310617,0.7056752378247497,0.7584622930459687,0.7004781606800787
0.7958822361968967,0.8230219828955433,0.7565343296826615,0.7334667736382341
0.7066299868668312,0.6464118617623662,0.7695732765630197,0.6169693686449167
0.5674205659018511,0.609707771052448,0.5364754093862999,0.4926229396788373
0.6592561169934008,0.8689783384993215,0.631398631904135,0.8124114592281962
0.7837861269498974,0.7052883791674189,0.6708279218334723,0.7260316893441439
0.6920118536586994,0.8079777390196742,0.7234562691951583,0.8318784761922225
0.7925316648740105,0.7475322466733486,0.7550062239596368,0.7313755863497737
0.7809425689642044,0.7353657204296847,0.8003484528637275,0.7174735305852009
0.8709945252365194,0.7621771046905298,0.860771663364621,0.7769127644922955
0.5228793447276918,0.6883662451009706,0.6252468264429314,0.6763373627079021
0.6503817460865874,0.8396365167947965,0.603848840928248,0.7974296088051404
0.780618916241426,0.8182222216371301,0.7718308308746726,0.7067623728916623
0.8477193876971949,0.7458129615651752,0.7490427019076078,0.6901356257107122
0.7372122763819015,0.7117337085675897,0.7593534480098201,0.7667489903027278
0.743091880182238,0.6974546266422238,0.7769184540825884,0.7391996529870559
0.7514503206389863,0.7826233166891986,0.8026891058085622,0.7174315895338267
0.7268767323556637,0.706178619552666,0.8912796109927776,0.8269281689609755
0.8050428956546691,0.72902718578949,0.780337652327607,0.8005962725436847
0.7792851753505154,0.7004504521987426,0.7599442415018957,0.6659275239315211
0.7226017348920354,0.6056028176898642,0.8085377290982338,0.6974533021086476
0.7600429265801913,0.7632787009688168,0.7730152088547197,0.7637068617398606
0.7066680877586587,0.7809034486907442,0.6552169587577805,0.7372737718468917
0.7218147291009623,0.6627212833222914,0.8006030503820124,0.7851544072543637
0.7853246213798623,0.7636918751024558,0.752172806525575,0.8136230559324524
0.7554030780254737,0.7876951290155363,0.7792747705111237,0.7189107100670616
0.6795834907549473,0.771346124322111,0.7574366724325841,0.7051417400010943
0.7781381203137361,0.7076665327890841,0.7273859239192022,0.7666838328028509
0.7000747853753385,0.7497666762702588,0.817436381216381,0.7094139124029564
0.6790038723691152,0.7326380498909368,0.7978888983996059,0.7791071330040159
0.6493311718917192,0.7489019645731128,0.6416683923229753,0.7101934239546315
0.7455123323305897,0.7601980380290606,0.7640625729401097,0.716937042776338
0.6968314855230257,0.6529973355716634,0.7240489256539252,0.703510451040768
0.7819785024656903,0.7831077307277118,0.8145899089121708,0.736694037004067
0.8370474767361465,0.7966602791300247,0.8800260185697235,0.7285326736484175
0.7941656285595622,0.756432343167904,0.7350692051158133,0.7900881430296185
0.712307649086194,0.7127126263776095,0.6785839353926776,0.721315575738083
0.7428991041213124,0.7654523870050556,0.7357627675112288,0.737645233850624
0.7570600014005553,0.7319053964242993,0.7308265403774389,0.7430970886935284
0.7827361728099254,0.7916536264917308,0.8821543919050476,0.7371523209494223
0.7950102123891288,0.793983973110125,0.7165713443380013,0.7014582979510403
0.6193310168720279,0.6758498233261412,0.7579716646265544,0.5210832281406276
0.7914009328551856,0.7458685495708478,0.7463011959948173,0.8499185890715053
0.6307865948184589,0.6799892627805384,0.6722294297674035,0.7550190502274664
0.653975004346966,0.6961646161785501,0.7126585762510298,0.5879199939107339
0.9576989882899306,0.8064677580753993,0.678602706367375,0.8243312489150325
0.6848228543218804,0.655777762206398,0.7390473112961418,0.6799985540039813
0.8034350792550307,0.6297438058513121,0.7462548700748212,0.7203557122696578
0.7813574590222244,0.8145451578027539,0.8982536895299887,0.845778160671386
0.7695465637136518,0.8196683117203588,0.8237371836669002,0.813030966490707
0.8132178465113995,0.7761556454519024,0.8218070438833196,0.7707430773158492
0.7424187363725115,0.7372525519049676,0.7723162113366971,0.7687417980872658
0.7339325640807006,0.7325523225500588,0.7772846489704446,0.7699707383137914
0.5979932202765292,0.5453799994076196,0.6030769692563712,0.6590603942690946
0.8038466837831841,0.7479368008829498,0.650918856076771,0.9238035724679788
0.770039937035032,0.7902185403980758,0.7112101139603851,0.8042714222236504
0.7025564592327485,0.735329286551327,0.789121995842912,0.6869760207160631
0.7001907960643401,0.6864725570913099,0.7637126347343791,0.7243932266688402
0.7074888082740055,0.7559051728501528,0.796170861452555,0.8415363847611299
0.8126043384749839,0.7744932365124938,0.7296106102570385,0.7671816367405878
0.6273339587922057,0.6702117100813929,0.7547887690212122,0.7036896455995546
0.7333949880340661,0.7946807679064356,0.8561704318535514,0.8450980068637309
0.6529480136951908,0.675504845566337,0.7110820480032246,0.7468543489347218
0.7665063886968108,0.7097429432624183,0.7387139903185959,0.7715686918125823
0.7887261487943454,0.7599102597828333,0.776341164457471,0.7358179009893616
0.7664866796270098,0.7947704850379833,0.6547431647676977,0.7473603404572392
0.6005446418872203,0.8108967528190162,0.7343452074087632,0.7219583726367222
0.6910891705986422,0.741843804267859,0.7260114936043518,0.7715456894103984
0.8101406837401681,0.740941768894677,0.6591892846928065,0.780593237766974
0.8098231795830187,0.8382160806760106,0.7301782474310621,0.7129885388147754
0.7213532937549033,0.7901279175392314,0.6985197569171033,0.7021181222632561
0.6290741828233272,0.5880431769779112,0.7410944960874586,0.6680323588810376
0.8770111765296221,0.7911278037587897,0.8224893052406419,0.8471033272096934
0.7062715351131498,0.6754937104984188,0.8875484055896439,0.7286625806583142
0.7373580037868307,0.6538011882018325,0.7582469604635835,0.756128043763911
0.5846858019733142,0.743056165326836,0.6652165338881161,0.7137576109159763
0.7585967461119243,0.8406721817709016,0.76939158114909,0.8834799215273089
0.7985065614780634,0.8186427988908572,0.8472543681631068,0.8469299331477933
0.7865794786575379,0.7606668661626879,0.7652816747017388,0.7808347847718956
0.7476383249711724,0.6715256338155492,0.772741845243132,0.7521142282346093
0.769139905623399,0.8091865641561143,0.706729725932985,0.7719250450098886
0.8258199550933061,0.8168537958545667,0.7429066785663747,0.685622501021685
0.7355237249035984,0.741541847850144,0.6999789354650323,0.8002295110417595
0.7685012894125032,0.6508005922674789,0.7849099164284642,0.6707367026058856
0.786519943466032,0.7941284086657273,0.844133199000038,0.7322362998893927
0.7998910867570715,0.7906529132728279,0.7022376557658044,0.6278969844768405
0.7089697461490897,0.7256403346911195,0.8152847659940119,0.7243932668928144
0.8047203324422575,0.7994976983220798,0.7512211019164567,0.7404180096679298
0.7490026763221187,0.7603551029477681,0.7441323762146052,0.7700376801248577
0.7853117594628752,0.8017286901806808,0.6545636252277024,0.7534485604516444
0.7616527495648513,0.7589812143170541,0.7314941207416987,0.7233063195583764
0.7565835750157359,0.8148099933478954,0.766541219164454,0.7882586696471334
0.78012036870034,0.689043813054387,0.7767433451391066,0.7038217822836867
0.8016596822417341,0.7256160012779634,0.656310961220194,0.7040196377090494
0.7228772303528885,0.7200335295744902,0.7099777315475333,0.7198904453745173
0.7109989868776587,0.7226594791339239,0.6917615971783103,0.8304183318816715
0.8156847424290476,0.9312407158048602,0.7119712757761834,0.7255928873876922
0.6306658541097735,0.7591590566754384,0.717796815492835,0.773392674230277
0.8059393313020715,0.7622276141261515,0.7519554403550468,0.7978361741557444
0.7056243120794822,0.6887182710081968,0.6289218659113678,0.7689358731174113
0.6976368383391469,0.6537426358277195,0.6999539658499139,0.6536142367881244
0.8116706343897236,0.7910759618993506,0.8160800070262438,0.7373788646535785
0.6937016975920774,0.7749334533283962,0.8477384073857421,0.7665821689523312
0.6811542644328094,0.25069236201531697,0.28935370405445215,0.4383220417845027
0.6763223202114403,0.6293778795405791,0.7578754829863877,0.7880494821705946
0.7318939696701465,0.7317922324470195,0.6889129653777762,0.7347625239890551
0.6338063278275299,0.6336384194197439,0.6827802830095924,0.7211992224006665
0.8266230143637289,0.7817932197911892,0.6857033006470601,0.784176663759498
0.7220695553902939,0.5902739551668494,0.730530280825522,0.8051584633038137
0.68519724133132,0.7192359640444791,0.7330167654219387,0.7397669721960632
0.7829882297558781,0.7977710577684288,0.8196479190003976,0.7686158790108675
0.8287723480267162,0.7518154560777541,0.7639018830233745,0.7190080127648775
0.7542789103465187,0.6950649366630545,0.6991733030792084,0.7379947853206257
0.6755977575492998,0.7031117789988034,0.6883545475876329,0.6788524312897369
0.7880031566237999,0.7566963249102586,0.7978591924095347,0.6697951765445385
0.7218630785873715,0.7682645430138083,0.746346214362089,0.6229941054859578
0.77515740878018,0.783763724095054,0.7996997345243962,0.7812752970591053
0.7327633692197996,0.7523594638897697,0.7653407192496344,0.7373933816162187
0.7315677374729082,0.7252762939550258,0.6687660800163153,0.7975726182482622
0.6836750310852091,0.6431830143500703,0.5694459851250798,0.5715738283124318
0.7668381598607702,0.7828220563433461,0.5685603691090613,0.7531846897270356
0.7755910488352825,0.5711535365715383,0.7170055918354624,0.6933812217845357
0.8335843295043287,0.8112569882427261,0.6550250762985942,0.6785543349813066
0.7930714385569337,0.6907236077895169,0.7271052842724423,0.7878272517403294
0.7782872863701228,0.8012938060325867,0.786806896217074,0.820776943133587
0.7981402510297897,0.8196163393568459,0.6915996428231351,0.7704871386867717
0.7324869636045607,0.793378319355756,0.7452905348473666,0.8307836205025153
0.8028854942853297,0.7809520177504773,0.785259510158008,0.7431027882489605
0.7561640961863019,0.6792784271999668,0.6797563407270782,0.7456151399231787
0.720750565056111,0.6489588379059,0.8099530594140913,0.7637450507861474
0.767781517812364,0.7760560899249969,0.761894450197016,0.739704025341927
0.6584637622924728,0.717808409805158,0.779881666605235,0.7459618838023263
0.7567115227412428,0.7704117581331266,0.7563821768236668,0.8432096726405318
0.6688219927450034,0.7480752660797738,0.7483643807052176,0.7265880829387245
0.7080841819133533,0.749884227057725,0.7630965708436602,0.7498963989845406
0.8340531255342388,0.9187299370914099,0.8456829846708119,0.7990048481479284
0.7587272118314651,0.7589229286062177,0.7341920629401277,0.6777281321306081
0.6493746589885393,0.8262215904545447,0.6702803802476631,0.7128291281161424
0.8174517941304477,0.7761540658659086,0.7952852076431768,0.8032710151286254
0.7857533605147868,0.7159403939295218,0.7530586852093426,0.6515798237646436
0.8609247651161591,0.8093741440740524,0.7516915456502477,0.7256854332536959
0.7501549189954949,0.8247706758400503,0.7118261915687096,0.7321108395104757
0.7747597136963825,0.6618929151888423,0.9156039480596225,0.7426323538585207
0.7568305231493897,0.6983246014165583,0.7861092103402906,0.7550858890126371
0.7908395456717486,0.7152306869331293,0.7733521388783988,0.8612864884075533
0.8900983447285915,0.7982937491185498,0.6988303745621961,0.7184300766142264
0.8421353779826835,0.7747681346050109,0.8075583942099687,0.7943884942998287
0.7739894852479913,0.786542600554448,0.757524728010136,0.7607105959193531
0.7876123853958226,0.7920072965877822,0.7380749067140601,0.8344351787652647
0.8624446288801653,0.8357869180538482,0.8536994317842834,0.8318754763922873
0.6994025408533506,0.7892830740563447,0.7177872980710193,0.741307547937528
0.7747475456775417,0.7466366748269709,0.7666882018361246,0.779993438576163
0.8125881240749652,0.7911740248650263,0.8099462033093997,0.7198343523451207
0.6385465245334194,0.6671678693241936,0.6944333344932482,0.8874931019345912
0.7998803028064917,0.7882914483423235,0.8401212781533384,0.7450925518621313
0.7589868425187015,0.7798682751505944,0.7714759825416682,0.7527156525530465
0.8104363696114102,0.7405006455391292,0.7378168464116461,0.7405991159815335
0.6296192893918205,0.77233582624845,0.61917430955483,0.6151509651564032
0.7350227967461664,0.7099666555861835,0.7351815118856638,0.8209191495840439
0.7282154680073496,0.7675370766543818,0.7950834171640933,0.6687615178761374
0.799034035561987,0.7128325986361725,0.8013374969630453,0.8115470162872014
0.8103866055296254,0.8306413213179753,0.8132710020028655,0.8893692099669762
0.7502978619200016,0.8349287838971063,0.695320968156576,0.7927848793498417
0.9046173401941762,0.7995387490841381,0.7541520992865814,0.8196411223793034
0.7172579510057124,0.8342845620098879,0.8437202516320547,0.7861830497693643
0.6436149367014371,0.5790115852574439,0.3872665128974659,0.566938778509758
0.7595708244014809,0.7330321281442294,0.798134858064311,0.7320702973437957
0.7998887011616034,0.8314610102966528,0.7724048042184902,0.8035552649825993
0.7845902301271488,0.7420726978370886,0.7728608881102265,0.7196507625997112
0.7530126701105077,0.7309670423254906,0.7468157719125678,0.8063569449566687
0.8407037708867541,0.851448552338065,0.7865514110474495,0.7856419205735014
0.823465037160402,0.846737048383391,0.7486931448953302,0.7764143040287953
0.7662721533350461,0.6817387543677953,0.7898272983196611,0.8354599787099629
0.8339167823552744,0.7808052542769164,0.8080223559290965,0.7653577825671252
0.7949707896879643,0.816239421670558,0.717463749241018,0.8317951542658926
0.7616018087099299,0.7933122863257966,0.8016593849143767,0.7220351420087863
0.7397199148002832,0.764123939619443,0.7979291304983815,0.7424811904046517
0.4575340500335457,0.513781808867117,0.5326575232248779,0.5915517299710102
0.78686969095366,0.808443719250007,0.737854932886357,0.7558362954234117
0.7266963215423131,0.7455848564834827,0.7709934868816749,0.7819959327563002
0.7195149700451346,0.7562382648501521,0.7534962781789578,0.748950879745006
0.5938166222132577,0.7620393604612882,0.6907634259636526,0.6310982230967319
0.7366172764955248,0.7105976988022784,0.8088189308098157,0.7611602625959403
0.7736071515150515,0.8237861987972945,0.7849032820054583,0.7721606035743512
0.6892054147388524,0.7121294569279695,0.7568410899750567,0.7194580392251022
0.7928977662726518,0.7832896096278171,0.7236999684650258,0.7491674982928311
0.8927326799876821,0.6898950878838419,0.8507692723706235,0.7609272313585366
0.8116286849614377,0.7802475181510069,0.7359445353844934,0.7928322755104962
0.6955444472867907,0.6975163473699724,0.7962237845822843,0.7504560824584555
0.7758158637753361,0.766498055698543,0.6016360542375152,0.7307565907883938
0.8043011225538883,0.8369527215442211,0.6894267012597317,0.8096976996002108
0.7773058283407499,0.7802608800564986,0.7587773963648655,0.7292813577206332
0.7835453067311604,0.7971023856028178,0.8119561815619725,0.8036415316246973
0.7473209393858837,0.7788728920869633,0.726653131805244,0.744489761945153
0.6758563013577761,0.7073363941505176,0.7421664611853428,0.7822177738249156
0.8416289221464665,0.7334829816290106,0.8034301071761972,0.838392660010939
0.7317280783549563,0.6021418031684225,0.7503573317724287,0.809983483657679
0.8131526364816423,0.8588212158767939,0.7788506810299004,0.7717489678663065
0.8029924785636375,0.7703036312018633,0.7245467607944208,0.8001205781453445
0.7627286051535813,0.7315461596150903,0.7937326493047371,0.7761516340657643
0.7620403969515329,0.8392988934969011,0.7797683414868176,0.8194848933127027
0.6789416231241059,0.5580005512821021,0.8244314260497311,0.6244962061460647
0.7288234424238543,0.731223032398998,0.7739664444704587,0.743410950908765
0.822366740108049,0.723821242923282,0.7311139339298456,0.6333930634468203
0.7046440813669899,0.8316335636403831,0.6619722557032034,0.7608859206893984
0.764877330602199,0.7683416799369471,0.7456329369649626,0.8161984192731351
0.7985598641288361,0.7688369910720381,0.7550668609215273,0.7779354939875774
0.7614206726721007,0.6765671828638433,0.6467486729691726,0.5972711165373145
0.7355739187755735,0.7696051599523609,0.8559646740458225,0.7948982567754611
0.70671475551108,0.7908869702786232,0.830065565792297,0.7818035033806696
0.8507991732571505,0.8000066263896759,0.7778801992931772,0.7736447621459948
0.7174896587598625,0.7569529677326126,0.7212006446193099,0.8538657171198388
0.7140730484299329,0.7788363845413048,0.7710171307830991,0.7915737179253446
0.986602257729669,0.6440981857656922,0.7325444385196269,0.9443205595119037
0.7582819488629143,0.7451603184115878,0.760387390483178,0.81913675681014
0.7055416737585536,0.8500211352409051,0.7484109471623074,0.8143503456544495
0.8354425958694532,0.702236888408322,0.7229578697138224,0.7430522892550504
0.8477456576171306,0.7672983054431048,0.7635387502829823,0.7722620896645359
0.7879992486507827,0.7399086383131013,0.7602694215031401,0.880657800258644
0.7221539736061571,0.6121114409791555,0.7247107314911271,0.8051001057809264
0.8062247288483032,0.6233349642472854,0.7079904106035314,0.7606771123503697
0.760941236883543,0.6815721123750407,0.7576076991020623,0.7929038665596644
0.7320313200002385,0.7139928748377733,0.7124497582341046,0.6210725758918931
0.6464141318077511,0.8036811019412643,0.7609471527079008,0.7600442454867151
0.8069336447535813,0.8051273191703476,0.791219449849041,0.7906526611308129
0.7612327055562303,0.7133980486938596,0.7307225661101315,0.5104087877020822
0.8227543474355408,0.7545246573189903,0.8168914996023272,0.8108491566724534
0.8301187223661356,0.7666698674257358,0.8098433986593924,0.8870769259283323
0.7079857718714321,0.7982626327722535,0.8570082266895752,0.8392977448691878
0.7785267422458073,0.8227119401585555,0.7763072708703392,0.7818924067654002
0.8572898697165592,0.7437980187658226,0.7180118888997311,0.6899416286490944
0.7250046323968673,0.7154352270027108,0.7442786055482681,0.6986361398557895
0.7991916565714355,0.7949684214810444,0.7825625441374484,0.7944926509539816
0.8401079714397488,0.7352790982391836,0.8426113332520415,0.7261097386789167
0.89880723888486,0.8412362363147102,0.738422739556645,0.8637805769208559
0.7835633475345359,0.881142376255605,0.8855441677508982,0.8408193836900916
0.7431080486119142,0.7627365624339034,0.7607042296675337,0.7456825054948902
0.8892544023897444,0.7834637771910804,0.794162219412027,0.5827885562127175
0.8751082541413058,0.7889861001251122,0.7812069775993881,0.8098877259687575
0.7900122817268649,0.7452864693264212,0.7912706943970493,0.8449920973972065
0.8194469648884545,0.7834227898897467,0.8290658909876956,0.7452341899273848
0.8649225710814112,0.7729963445683866,0.8373090648332107,0.7486443485505542
0.8570349477028273,0.8128192934889239,0.7871996894028453,0.799686766867325
0.777180324029692,0.7893606218753622,0.7637069219191184,0.786827628522632
0.6646420298327316,0.7507275738903634,0.6739773419482338,0.752089984377729
0.7855914956366645,0.7713086575860245,0.6984415240723503,0.7508313525464958
0.7960717108569387,0.8667489595398882,0.7569341836431696,0.7624395864783639
0.8032924832276294,0.8069858654309309,0.7701600278035126,0.7678024381476679
0.7655324795119197,0.7505504379382558,0.7642666839621775,0.8213780682661683
0.8139528000956079,0.8187473103831437,0.8112241144523452,0.8487252196469856
0.8619855645418671,0.8056443954370086,0.8345612601784385,0.8428227955375639
0.7865684643107375,0.8895622257254447,0.6097868957157688,0.8069853667595593
0.8054841548002684,0.8214448321987191,0.7450860905073868,0.845458447000134
0.4557027179026003,0.6315984467134796,0.5218374508800974,0.2533016317783509
0.8106926887541274,0.8163155141964848,0.7566964975391542,0.8145920218038707
0.7762196662957697,0.8199018404009908,0.7912925615775246,0.7005394461462148
0.7562810632990469,0.7866157983927927,0.8100516797692795,0.7849514034049598
0.68332035784493,0.7045909955123376,0.7787798953265249,0.7066534862661257
0.7273847657478858,0.6598317059527834,0.7546349918730365,0.7437399118688964
0.7568900816174242,0.7586025406576903,0.791436486132778,0.7111887902198775
0.7268425526934398,0.7921926853110103,0.8073501945980027,0.7169828125380653
0.696015883769197,0.7109650238841672,0.8069230525051679,0.8282143369795911
0.6981497446978991,0.694620804538983,0.7874939962242801,0.721441355232553
0.7343198670224683,0.7242578687498349,0.7679023623668862,0.7957348886579609
0.9283598462571454,0.7767897874816757,0.7738978490905808,0.7860642182121338
0.7861970804492915,0.7989679135688732,0.7686711492535806,0.8034581156856495
0.7099267096078171,0.7570806196642472,0.8184195932852614,0.8255764959189451
0.878986895877718,0.8627571682116864,0.7840166019708411,0.8451752878161337
0.7502392755423204,0.8463746702052017,0.82081695005359,0.8033676083881539
0.7939108708089113,0.664644622544551,0.8066689016144092,0.7715372239743812
0.7296641882537952,0.71987783041032,0.7722368937082544,0.6587889564826546
0.8105631631008288,0.6577357949810213,0.7567957596457094,0.6959589062318778
0.8234301864562235,0.6959748377615353,0.6791997789554354,0.7489499885563415
0.7437904713776643,0.7920855240434259,0.7636438654789337,0.823876064157849
0.8007415215614954,0.782412155152117,0.8240206126121906,0.8376437029008932
0.8684421341302102,0.7563606194841733,0.7282084554827413,0.8157155839305463
0.8068872132212793,0.9066915909710502,0.8406317963548717,0.8314402520099939
0.846256924374266,0.841089351192339,0.8289836352455383,0.8485559803968223
0.783915503042809,0.8138108190596289,0.8488833998556097,0.7748761587950872
0.8775720387872796,0.8521044444478061,0.8959824667720455,0.841126064908216
0.7752973548079896,0.7084441261838534,0.8649904910197554,0.8386201823115531
0.795797358723425,0.786283927633947,0.7375962428709711,0.7961135255935056
0.9100047509678301,0.8460086286202234,0.8976578047454897,0.8421959449975814
0.8379054067353358,0.6537007815505739,0.7467700937494405,0.6342901747792172
0.8779211104173806,0.8599634727356712,0.8563184372059576,0.8520021517650395
0.8738153940934952,0.8282325765062679,0.8454452028701804,0.828975222535788
0.7604154387159552,0.7075459759010455,0.6511725784561174,0.821927678830446
0.6512542287982006,0.6323278542111447,0.7935117260170685,0.7560563588325893
0.7905446069491208,0.7700660814737452,0.8154066915687677,0.7934249177160084
0.8076023138707107,0.8499468907651444,0.8108136657827246,0.8021474512885298
0.8859555893262527,0.8274737631135709,0.8318030485269704,0.8238299361205009
0.9081625437912755,0.8124113418708989,0.8142929218921945,0.8476045386024527
0.7886608101435942,0.800529536881679,0.7567138570690005,0.7897979692389481
0.818833047951311,0.7759546917343435,0.8382503257390198,0.8301666967896476
0.7179804347360528,0.8628894271209905,0.8014771808648393,0.8797004689423833
0.8116069333467195,0.7974529451523139,0.8020345232536389,0.8244271997121191
0.8026056679845193,0.8432069072794386,0.8251066151860151,0.8126901660943154
0.843657000126373,0.7417020493368301,0.8297949972684245,0.7244634082677355
0.6411781083327545,0.8449846741212624,0.546783834664306,0.5896598823629646
0.6990483511913316,0.7491751431042589,0.7422051601133779,0.7806449644244658
0.8202154094943632,0.8820526320490708,0.8383249725317579,0.895653999189272
0.8551756791877476,0.8351941224870912,0.8258170505566002,0.8276642982637474
0.7691204653655015,0.8199263160404809,0.792163448075872,0.8498055066161272
0.7115479346590404,0.8307343118299764,0.7003637438136611,0.7022747174364042
0.649173954272505,0.8410883189917533,0.7686097095569123,0.6967619934388481
0.8330938732477443,0.8616460067611996,0.7463038270181412,0.7841353361540452
0.7068333082361751,0.818029816593892,0.8059318331126611,0.7372903746086925
0.774227426157112,0.7873796966123809,0.7985255270806204,0.7842734193605118
0.8112279207682712,0.7632263388034061,0.8519294286877467,0.7926429893860436
0.8476330815288642,0.8469573103243109,0.8433664368461405,0.8428100018636907
0.8053836362211083,0.8140528512575835,0.6952417011151012,0.7419952436238351
0.768279393772104,0.742466259005682,0.7940295161495553,0.8658140543539742
0.7279672603020307,0.681456022445094,0.7771359587153209,0.8626411530328545
0.7813504162626895,0.7827892999027735,0.7962198920039095,0.814462195234461
0.8027952120950234,0.8136575886909447,0.7751789608617266,0.7959950103236981
0.7738109404159734,0.7703514511470038,0.8185827003614832,0.838012059173043
0.8075365664009471,0.8358165944862321,0.8225967216868797,0.7956962102668164
0.8374422076884858,0.8585484516657398,0.7786410851504189,0.7940723503136583
0.8395870628292738,0.8008922169532855,0.7914397502741363,0.7672934573566415
0.8762918654609846,0.9057410131347932,0.8113186253980809,0.8461728192950901
0.8304269864927988,0.7850307787393764,0.8273788529064584,0.7562727014497705
0.768705060356348,0.7950112164627113,0.7690306420573654,0.7784243599416122
0.7569743166001486,0.8790410661684842,0.8845269930129239,0.8075507705219088
0.8137833762183047,0.8378552070639869,0.7024334765687361,0.7189400884235309
0.8833507243690469,0.8379324453944423,0.7743974069261236,0.7296528800465315
0.8164325539767577,0.7741299426641401,0.6879324619024346,0.899538720475031
0.7784068369677095,0.715031275987861,0.834388156898586,0.7440877479680138
0.837597613323273,0.7848121711512519,0.7963129302060432,0.85292068960794
0.8693595006488832,0.8190709743829264,0.7623653869649156,0.5832077242210565
0.8513570084328687,0.8418252557081793,0.787628503259611,0.8205672658634419
0.7933327335442377,0.7882944001826286,0.7873733136955066,0.843388033809389
0.8043194062893135,0.7761853612932677,0.8259278918475177,0.7755446335914294
0.7105076625897737,0.874474802246011,0.7216695620960738,0.8281941722001712
0.7371495332009195,0.7082624521186819,0.8195734903778319,0.649292873623656
0.8084613943480146,0.7991422033335521,0.7958878289351453,0.766616089990207
0.8483913238793608,0.8162782860048382,0.7890790434567957,0.7870625979601561
0.9050658506960934,0.7911824030175351,0.5047082642492221,0.913720732439721
0.8686157283839349,0.9164637660063027,0.7994318011352166,0.7872777791481563
0.8647895192249785,0.8058713069166024,0.756656543069954,0.8289096314296652
0.79681178276906,0.7380126743146515,0.8526775926846722,0.888575966198881
0.8099816853337289,0.786336498880084,0.7943064782688817,0.8133980603411317
0.8406879636347862,0.8699089525837287,0.847273537662654,0.7983150752781905
0.7948215752411326,0.8011603320054861,0.7876766021984295,0.8418363996503764
0.808324525422907,0.8304013987446149,0.8541606919949453,0.835695451984408
0.8124253083866522,0.7793596801173044,0.7768708881681291,0.7935605994374217
0.8046496484946023,0.928594835496174,0.7843205946049084,0.8181320170555418
0.8135266711465052,0.7625490156168759,0.7773744620869305,0.8343896027253974
0.6676190941396641,0.7603708242766803,0.7489978964401047,0.7733153436430478
0.7251313230890735,0.8475878580852308,0.8290527632234084,0.8140517768989814
0.8000722054864688,0.8114028669366316,0.75145551013673,0.8629305154183795
0.7317966185502246,0.7911269640766132,0.7812722801388827,0.8173756162146258
0.8922885626409748,0.7696039553468411,0.8548210101676545,0.8067979989672562
0.8545302340433477,0.7392998675295873,0.7371958549401632,0.8090767511165631
0.78088474275578,0.8582251653968304,0.7701319520872991,0.760675630699749
0.8424250736513482,0.7877045710390289,0.8235688419087855,0.6876580118873155
0.8258971303672396,0.7285224983751254,0.794789580656534,0.7679896217530717
0.805146808387248,0.8496941712160031,0.8036299551475015,0.8791517972859875
0.8501821538364122,0.8731814568194866,0.8546322331117843,0.8540819403486588
0.6781319167861753,0.7755632426138647,0.8424071572030591,0.8361651797519912
0.8692758121191668,0.8560371078265768,0.8366177546012127,0.8610228281168962
0.7252775413578035,0.7420023023615678,0.7788132357889834,0.854209972288714
0.7394811526252241,0.799959007041018,0.8439699067025123,0.5839303589235658
0.762297744839656,0.7920328546404318,0.8421974453054848,0.8149848862040214
0.8274939553969262,0.6023704962561991,0.8173178466242919,0.7298899827387246
0.8269237821154868,0.843435509437435,0.7535346127159491,0.8491555508923381
0.8190190432524018,0.846373369349726,0.8743667868646667,0.8491144669956472
0.7972212231385913,0.7960219944463476,0.7926835509944018,0.8054226109568873
0.7969529555052821,0.8127715749160815,0.8029571575116555,0.802901678505081
0.8044113745982966,0.7141070337129684,0.6395681716911624,0.6572226916944053
0.8039545849102642,0.8114209795489463,0.7539541172811404,0.8890681948819165
0.8052014547689542,0.8111758059251499,0.8070000026085785,0.844057824437049
0.8173103970786799,0.7921543050601726,0.7681650430987139,0.801911345912993
0.8393491840780413,0.8359393491745523,0.6803259980064762,0.8516454579371555
0.7888240269093009,0.7813245699017889,0.8514533332870483,0.8022401558385238
0.7897679597744474,0.7925296183977122,0.8326344612693135,0.795092981284456
0.7917984718353807,0.8004648765340805,0.7973248454452921,0.8541208721140188
0.8197194345888125,0.7646468910713726,0.763488509432586,0.7747913752277384
0.8176378922314302,0.8275666639454913,0.834590134251546,0.816766806013108
0.7960624026970533,0.859050315474812,0.7983791899937909,0.7876279364155759
0.8332798809308105,0.8139331911157656,0.8114878494629841,0.7263195815869193
0.82767219637503,0.8200236148570622,0.7935631563262098,0.7813328210722975
0.8026939232168543,0.7670325133770779,0.8308525930589992,0.6679753553471511
0.8475116332086807,0.9275669699492182,0.6984255111536682,0.6871238048750623
0.8125204394845738,0.8040523478540305,0.791580206320465,0.8120350323130285
0.7519741178099588,0.7995993725357979,0.815460993385481,0.8023946377666632
0.8837998106318691,0.8640202808919432,0.8649559725988786,0.8884438646120006
0.8420837155528169,0.8946044202461967,0.8825199583875473,0.7569398937227115
0.7391143703725159,0.7679249022017136,0.715186748008079,0.8026423114702935
0.7634347070421355,0.8590710767729506,0.7719538170999733,0.7949034298482143
0.7959895205116138,0.7950506219167947,0.747396983852455,0.8626989084221794
0.8309381453270867,0.8702365692626555,0.8624225793619461,0.8225692270850943
0.8290814161344221,0.806312783904805,0.8352113321856034,0.871919772906575
0.8144698222075443,0.7980032560979616,0.8349572106475501,0.8268030177768927
0.8255363480217245,0.8733150052574231,0.8468395954081162,0.8209118519516816
0.8348809091995854,0.824287852754297,0.8078058556393332,0.8056847019075604
0.8133681398439037,0.7936791631281155,0.7894860706533372,0.8106638387089427
0.8037514069813027,0.827115191144598,0.8190210078860954,0.8113414067793914
0.8171160045967761,0.8088640691141356,0.8011069037266052,0.8273065162386445
0.8681025591045685,0.7702097649251434,0.8074553144990189,0.7976769460697694
0.8365948533046099,0.8052902257990158,0.86450238167701,0.8887094913290423
0.7306131856787541,0.7198040469474608,0.6007084773403351,0.7791955624136324
0.8722336337584246,0.8950153707510302,0.8870427805986969,0.8297944481692365
0.867756719351165,0.851913383736157,0.883735262628045,0.8410034653398697
0.78592488750656,0.8314472801042455,0.8432470441514636,0.7658740687281056
0.8473112170890911,0.768168452245292,0.7629005258108658,0.7293707229779849
0.8262097862686043,0.8076152638594291,0.8369085155625834,0.8209445428766304
0.9021917423618014,0.8457512437574161,0.8246027993252653,0.8374937377502717
0.8816804406262221,0.8687601216367464,0.8077656208504049,0.8667181095251301
0.8203580253476211,0.8325786230325478,0.8246111801170588,0.8230050920827299
0.8238125036854422,0.8163869567499781,0.814228543581249,0.8582248999875252
0.8226344780801534,0.8632981303539982,0.7867183709273446,0.7777128598111338
0.7942642480993877,0.8278396767021329,0.8764967057861951,0.8478459896475359
0.8123181526831098,0.8674644748296829,0.8448018044139071,0.9024543697124461
0.7770012980487367,0.7822387390360224,0.8162591140566829,0.7897143166268383
0.9154672737048976,0.9057064098108635,0.7110724349902913,0.8345670200336355
0.8309002488004669,0.8128954394412142,0.8504500716158989,0.825514701175715
0.8329159751583475,0.8102607098755147,0.7104248540105496,0.8340467428596522
0.8754904660350113,0.7845226739128669,0.8235223392502238,0.6952983048563787
0.8086857071471346,0.8175473663414612,0.8241022240240381,0.8174162925841795
0.8105462240089439,0.8167351875628445,0.8099417324399814,0.91823810964795
0.8165267822050941,0.8498391080257142,0.9118729624006511,0.7133465998373576
0.7942849921068296,0.8204957985850955,0.8287000683260002,0.8453787764698767
0.829479604404667,0.8410236398155518,0.8535921818633032,0.798596405309083
0.793147304489574,0.8479770652346217,0.7415787108407564,0.7989860292825298
0.7779628033524172,0.9210994684307013,0.7960588431819045,0.7685427005584898
0.865629178962831,0.8445635560822848,0.8746782659472625,0.7431399334620961
0.8421962157644529,0.838811189431635,0.8258329724688364,0.8304421636824996
0.7153515402234492,0.7876715174471206,0.8005329761736104,0.8066123935240386
0.7685709483551559,0.7715642809039057,0.7927566409022506,0.8986782860615314
0.8193011104592407,0.7478984789639197,0.8510215805209446,0.8875024237208208
0.8140753245454007,0.7620807425043281,0.8153132672121756,0.8042679442481548
0.8181495628381408,0.811171069918567,0.808131013315288,0.7825773434735089
0.8053946121407204,0.7023825204693467,0.8306433419096697,0.8094792987517644
0.8265746017677253,0.7681343198443679,0.7716919394743074,0.7686030069534501
0.8188623643045152,0.8614128453120853,0.9268835721415821,0.882562736603596
0.9042332398003899,0.8347034056890469,0.7850543490989049,0.7592341677352886
0.8150655736857118,0.7998767234442515,0.7681012916148845,0.7096949711069129
0.8489446742391911,0.813973953214134,0.6554741182021984,0.6847076680427483
0.8092342668795761,0.8382489727154173,0.848179517190834,0.8019686106572309
0.8504520037352653,0.8433605131605928,0.8580099550806786,0.800449396875206
0.8026280017089205,0.7784799555326659,0.895645754240175,0.8182002480796913
0.797478534594364,0.8120955221312792,0.8325374734727542,0.8757482021861726
0.8821545649192098,0.8456767485840271,0.9065225049026525,0.8621257295697031
0.8824583596639095,0.8410482772487993,0.7780138024898199,0.8909057147657454
0.8414472188526888,0.8390736453500156,0.8556238845321978,0.8071318462707316
0.8272558638138569,0.807655371409051,0.8273395555665247,0.8249450187190676
0.7527851669746842,0.8979855716923028,0.8952613817975881,0.790117967445075
0.8346658220922557,0.8542406810883925,0.848433926267578,0.7913076905150657
0.8632519061206265,0.8319922975000412,0.7991762886136168,0.8775491220647136
0.786596094106355,0.7863927594904148,0.8196935916512587,0.8099813830580328
0.8343572540850772,0.827894642300465,0.7446390319820784,0.771420453329721
0.705990502838852,0.6901728990907418,0.6211373003364546,0.7677733415431598
0.8134779259898871,0.8897875614224292,0.8388833270595374,0.8962043048291299
0.9112903247890529,0.788030541689832,0.7411481401130987,0.9168622365585781
0.865080603179008,0.917912644443757,0.8392658243022458,0.8081140954005229
0.8191288737625991,0.8166439213426046,0.8182646852852974,0.8383882411431507
0.8262444026656894,0.8059219623439574,0.8636787343162774,0.8117008840613884
0.7464363702769872,0.7238858441385645,0.7651926761574054,0.7935244468811329
0.8295294215316786,0.7699043765734969,0.8290906453217393,0.847712928584139
0.8461539796455195,0.8627993042163592,0.8441419326401771,0.8334489638382707
0.8278386817435519,0.8601361485449245,0.8597555703861746,0.8394582081425379
0.6985358084293106,0.7344355061923099,0.7801407469292707,0.7257705462170193
0.843307868544767,0.8626780564047904,0.8377562510307854,0.8293640517813872
0.9040639015351343,0.7920523718988296,0.7948791439436526,0.7811110028957375
0.7934478591960744,0.8451751938199824,0.8077197249539457,0.8845095397903251
0.8369775475529542,0.8668054900718524,0.8557196061993628,0.8650660652951386
0.7642551968158762,0.7515115225095159,0.8718261638700956,0.8198177762667791
0.8672356180970787,0.8353609365926474,0.8935313768499932,0.8740190212367779
0.8889152717178233,0.6959633578201376,0.8841502966245582,0.8523317540520527
0.7285029923018017,0.7406056071965565,0.7712172832375181,0.8288089634674222
0.8710781241287515,0.861424850346528,0.8218227164104771,0.7977873180348212
0.8863659493467659,0.8232101620716187,0.8821956887098132,0.8681969159845255
0.8400387125218544,0.8517367581704702,0.8766386214094793,0.769108200859288
0.7858440607911245,0.8502924400349927,0.8110093337932773,0.8044591287051915
0.8184687672734461,0.827217723240487,0.7481675689310341,0.7009312203062291
0.557527371982903,0.652352530599184,0.7771223925531555,0.7111901145409371
0.8010335078018479,0.6972014065592038,0.7584650002697868,0.9313828394855297
0.8575117001931489,0.9173122178900186,0.8420469959474474,0.8113139875161
0.6983737474985856,0.607209477330582,0.628813181752318,0.7836767619155158
0.9421502737935381,0.9641511604790834,0.9128817070116709,0.9405103114563977
0.7517325770417457,0.8250823932205104,0.855183046601859,0.8646174913861524
0.8437757137313929,0.8979506463813594,0.7692709955616592,0.8790921679180653
0.7506775601408138,0.8996875393520528,0.7527895041915521,0.8165995353872605
0.8586040100653609,0.8536578226581751,0.8100084092322496,0.8035838097645044
0.8405965135410609,0.8148982318080493,0.7747638912520806,0.838183305603202
0.8488283326312189,0.8392133528642841,0.8385482703131827,0.7683039038240569
0.772730171448701,0.7963606245523843,0.8592673295874291,0.8378102546973393
0.7439556195372472,0.8351622570810852,0.7473288238239972,0.7251249375784606
0.7858186956674759,0.780992466417662,0.7391044297525153,0.8921307988767365
0.8716651619838203,0.8635297790548953,0.8569333605209749,0.854766545922558
0.8150752228305596,0.8322139306212206,0.8594011532313586,0.8324164845550913
0.8258839328120904,0.9022646335716008,0.8516138583172284,0.9213143790749707
0.828574945642689,0.856752179353329,0.82836696812931,0.7823365217372414
0.8539795333976448,0.8722013953131172,0.8843863656792769,0.7997822494712863
0.7195295432990328,0.7647056778289298,0.8600068342659408,0.8289007171303617
0.8554617367911522,0.8640061056674229,0.8667337213648425,0.8555668243382644
0.8307260602332714,0.7706123869022872,0.7593577490176319,0.7610562928096735
0.803159277216922,0.8264645613779162,0.81295596067029,0.735803179304444
0.9047600158836842,0.7795342415678187,0.8456668771177276,0.7641070552498692
0.8759740687735973,0.8780831221009319,0.9245082206051446,0.8557996304854579
0.834021375801122,0.8982265141721413,0.8787459383764078,0.844403700369679
0.760408648912367,0.7422148874242314,0.8308417558849222,0.8239497136720757
0.8323788979354123,0.7700811034935111,0.6980667221905414,0.7326266638403343
0.9143997577983681,0.9476303078720051,0.8819992724254918,0.8980610479747684
0.8891533952624722,0.7518275723828515,0.9125309265599602,0.8495582170678184
0.8638326714710184,0.8632149461869144,0.8790456912186028,0.8693558978381856
0.9192861237681789,0.9484467732087835,0.8130453967640627,0.8045469258895473
0.8249940351178311,0.8436038721697863,0.8331240880958488,0.768240546444643
0.8224952556159258,0.8820645994371441,0.7940149154065334,0.8947148567881681
0.8071233328265279,0.9058023629040283,0.8634327219960357,0.7647956135785996
0.8290530447501812,0.8459224551093861,0.8111400489697667,0.8515301822569076
0.8283059055588218,0.8089719573586109,0.7834817838813225,0.8069211384078797
0.8355602797457177,0.8285765310994929,0.8644378407303082,0.8045571211608387
0.8825399523125034,0.90861118315353,0.8039738362433788,0.8426260836779681
0.8174146688183739,0.7929604057043934,0.7907252722853557,0.8132834832809807
0.8340861019045042,0.8356590339670037,0.8348625077198616,0.8388195318699769
0.8648661751847004,0.8257677997658346,0.8843380951008225,0.8064050071364534
0.9136487862147277,0.9239248883556097,0.8307365814791168,0.8958681339179052
0.8478044365895907,0.8740334225024252,0.8846622629439518,0.8142313555754835
0.8576624243418669,0.8187300570472601,0.8875147178691616,0.8453001329756555
0.854434592726828,0.8981123688386974,0.8553438144783416,0.825050206803372
0.7184461666157578,0.7103641562481153,0.8048888551710354,0.7947434598207395
0.7108281168871725,0.6327044882358875,0.9141653094017641,0.7921067686393318
0.9252552908612455,0.8549728216994101,0.8439061204869593,0.7846218421388413
0.840851395078971,0.7854621087034626,0.7998226485002489,0.9023163660386931
0.7929853802887352,0.8152095009200148,0.8270734088367756,0.7746416192780085
0.8770055926311136,0.8617417013776371,0.8548339238706422,0.8693515130630107
0.8491777597442646,0.9102428080861305,0.8502663847395914,0.8351902140677315
0.864839244141085,0.8290120454657133,0.7936188026443317,0.8475555142198637
0.841260646284148,0.8720073071534654,0.8824400542281946,0.9153063575672983
0.8148701853106234,0.8715274634186587,0.8670522543367968,0.7648521608612102
0.8483259155620202,0.8683242311053507,0.8365652063324289,0.8528292239679254
0.8493852607798389,0.7531022915883939,0.8708516221603902,0.8385990089696225
0.8950725473428953,0.765690118776227,0.7504263354044394,0.8871779011543549
0.8517139726695708,0.8365932549566046,0.814264466237254,0.8433277598979283
0.8651156416481414,0.8813518645561381,0.8993920013062281,0.9193238684911909
0.7273507163086093,0.7834952284117207,0.8835245645642049,0.7196189196471299
0.6979141222736696,0.7348521819914525,0.8131712036151263,0.7210506416904796
0.854175829802818,0.8686423571638233,0.8568356490184856,0.8177728935896497
0.8167162232532458,0.7842189771142147,0.7039747576160823,0.8389994519371479
0.845166269123359,0.8328529721526524,0.8223183493776587,0.8445554294064433
0.8151646491777998,0.8784160526193574,0.8441917926043451,0.8019751037789191
0.8463208133301041,0.8360627856889697,0.8367555815746165,0.8917595148332819
0.8598329721080992,0.8938826746522242,0.8640973799687706,0.8331228199006114
0.907466632793917,0.9036829785167261,0.8648700439263716,0.8486723284802411
0.8346395896038606,0.8552113553841293,0.8900351107648293,0.8295615807676551
0.8851459124985631,0.8910957795815484,0.8944505533543068,0.8321266640808703
0.8393731401890221,0.8610380446070144,0.8296687052458377,0.8647773966579598
0.9115358721998702,0.8703014154606836,0.8445939427944211,0.7751011937779636
0.8764360645257707,0.8923050956535981,0.8866497020306205,0.8936003344013932
0.9662957359956487,0.9527686929160473,0.8961780215990055,0.8832077858799069
0.8804711426205939,0.8201691555447728,0.7985978327794263,0.7890979789779973
0.8242705668869811,0.7910938385067907,0.7646406822876559,0.9157426611765848
0.788059674235559,0.9298335081084649,0.8214441888212177,0.939530267882796
0.8995740474079715,0.8647737637261351,0.8252495721087839,0.8544611320720865
0.8868508008941808,0.9159589397770892,0.86916902407788,0.8705505089569385
0.8432423649526543,0.8393726903111869,0.7828220862213079,0.8541144176813101
0.8598725125334479,0.8330405767216421,0.8576936392847386,0.8272986468482887
0.9318888596450494,0.8870614668948013,0.8260150682072799,0.8327876917488267
0.8587791272018152,0.8377234197494277,0.8413134487304217,0.8345277492350683
0.655154915194581,0.5919652641442336,0.7499712641360301,0.6945780194223661
0.8154245208958513,0.8651831505844491,0.8918335184506477,0.8799225528944364
0.934490968504545,0.8493046665340389,0.8700489496307696,0.7812375004845395
0.8457768371262838,0.8872287139607193,0.8521312550785525,0.8458495031678432
0.8424480768256973,0.8585341990034222,0.8518035918330842,0.833748257686345
0.8489589966501344,0.835249818928958,0.8235684933211309,0.8437196793208188
0.8489417548591414,0.9240962644613386,0.8301588503056336,0.8034462917972245
0.8225368044365184,0.8400156243534199,0.8812935434362891,0.8541639052612756
0.8576469021305998,0.8310272748062656,0.8554559335979062,0.7317200606538761
0.8115826811586381,0.6957301835880128,0.6936999414654225,0.7183571763024442
0.7927357843891536,0.8066844749916697,0.7954728246181734,0.840098248685327
0.8883193257143837,0.8218219669940436,0.7996418867596854,0.7999775003353029
0.8995824202232822,0.8603018795726353,0.7684096037982034,0.8910888761459913
0.8282285356795449,0.7309055977040027,0.9068942829922737,0.7109262373811603
0.8662531002028562,0.8265545002563781,0.7512514247374401,0.8551210058223834
0.8973852514606984,0.8499957715113365,0.8468385781852034,0.8309936321664307
0.8353735888854447,0.848553631014444,0.8270186036257557,0.8466294007983154
0.777141245247763,0.8055434467575916,0.8048042470351112,0.9177606127373499
0.8301960227367849,0.9029348971293797,0.8922711369699432,0.8602542463266056
0.8030141024407202,0.8311439885140615,0.8729868270873041,0.8155044270900809
0.9213963720055836,0.888565139057623,0.8495367242253031,0.9485841606247765
0.8763379849864912,0.781811901150048,0.7693543243391154,0.9046475359019313
0.9327887146175845,0.7879340820616355,0.8702008197083878,0.9536892292617632
0.8443279802887083,0.8529121858712353,0.8629402457731068,0.8809896887284397
0.8111855131467353,0.8595183688910272,0.7755144037962539,0.8583741072409897
0.8788145670610428,0.8761825839376537,0.8831828997323439,0.8515735259391574
0.8904097371376672,0.8786861810850988,0.8988507518736681,0.8706558929181265
0.9025303403912238,0.9546438879435761,0.8196480401366988,0.6798040575130112
0.7984591674457522,0.7830493311725959,0.7972245396359063,0.750717639387406
0.8863620089747627,0.8977154490995144,0.904277685307562,0.822943939180325
0.9283063660936552,0.934631284147007,0.9325533409051059,0.9270960560263636
0.8249164333926452,0.8656945133653283,0.8602835020163333,0.8814136814891675
0.8283820380668164,0.8612376142197794,0.9032721407496926,0.8638995332105459
0.7871487687230182,0.7835107078682247,0.7886919945303013,0.8107770765224844
0.8162944278493359,0.8681157086864789,0.8200850540570176,0.8204870647118077
0.8755509588543782,0.9106044990330218,0.8466146264288548,0.8364424221929603
0.8666543422147406,0.8908135014717585,0.8905269124924483,0.8890611910328611
0.8502194464357352,0.8300887405743543,0.8831133687652086,0.8277453335897712
0.8614535781293752,0.8766037773402205,0.886945359149175,0.8663331228801775
0.8991528481424709,0.8106459493930724,0.832241950933894,0.8577931357538512
0.9073571117234881,0.8278558359249605,0.8213373996698432,0.8506466459493243
0.8903584030571559,0.8289757774622133,0.8793470837319126,0.7652227250223845
0.8560882349692123,0.8537419575932952,0.868604292796751,0.8284950217627587
0.9018360197267228,0.8989536167676141,0.8880532169214278,0.8259960807837349
0.967553084348736,0.9162662807427677,0.9404156223576075,0.9130289048933753
0.8780571554483636,0.8678633788219963,0.9116520168770244,0.8240173184214188
0.8585943225928516,0.8518874468548534,0.763523470106272,0.6453678310878264
0.931994540190991,0.831091202019855,0.8147830429434125,0.8945788962188329
0.9293414776783229,0.9150361450531875,0.8289548651344167,0.8765163767621579
0.8446493903686964,0.8290273853444842,0.8377165535311238,0.7978174810840863
0.7903023106372685,0.7964717715442428,0.7588775542077177,0.8561441833936927
0.7049263314450664,0.8749297633679284,0.8474334665814034,0.8860431235402257
0.9137605795651116,0.7252515355366758,0.7529233706381703,0.8165545430665803
0.9005300941254111,0.8705777099116162,0.8909748789716425,0.7501639130483142
0.8561410042867401,0.8726133201670087,0.8759886260704183,0.7408268916403979
0.8572848228275836,0.8292858990251416,0.9169258431655719,0.8516214908702749
0.8596564970786813,0.8438643603100969,0.8497657665452689,0.8271028458606272
0.8932821439494104,0.8613713565951242,0.9132271328938617,0.9249218588533524
0.8720465729446722,0.9087481983107053,0.9084660913607663,0.8502837209492723
0.8985856286447774,0.8479416944675208,0.8196878476395006,0.7793084739119243
0.7775339714187506,0.8525515556961901,0.7918773589129382,0.8318030262165099
0.7655777661933271,0.7628349212124562,0.7883018265880575,0.8418854291867955
0.9196723197919697,0.9240681421213008,0.8696790000047944,0.8191716691446579
0.8617578256267173,0.8878119257588458,0.8171492022400292,0.9034073225299999
0.8690827186577755,0.8683520660146685,0.8988822066741528,0.8310384005213947
0.9146164087593038,0.8485878301302897,0.8011458432642269,0.8566951979735224
0.8821245967280206,0.7461849879560509,0.8152413530665918,0.8872646616404141
0.7669232074428973,0.8466321127957612,0.8670788825187483,0.8552514375928317
0.8532179879996015,0.8567169903685012,0.849808989697808,0.854790478217639
0.8821081612210757,0.74237046765863,0.9021828533157255,0.9168186850798833
0.8751889886349794,0.8267222117995343,0.8648668905338895,0.8622662978110993
0.8364458270612722,0.8623042660187007,0.8574094573543044,0.7543403458491114
0.8417402251296879,0.8195395878233379,0.8244989900673009,0.7168446891884007
0.7977147462921959,0.8133565627478908,0.8509259320883696,0.8523006636135032
0.7316835192433236,0.8127381244435887,0.8642918845058488,0.7445438573157035
0.860794964137271,0.8812664054180446,0.8669090845541058,0.923094996570177
0.8805386005936177,0.8200849562407193,0.8597886184784588,0.7608800795271491
0.821519071672508,0.8053280323568557,0.855442132105085,0.8632598924943278
0.8103096230029956,0.7635623866310295,0.8423138729116876,0.34746667055526
0.9655838820186199,0.959025515243262,0.9303294774757662,0.9498625447175354
0.8815165363465997,0.8357080760528337,0.8691536716436467,0.8689549161365671
0.8862910625994286,0.815228959058252,0.855846609804016,0.7450238076816622
0.8714288690825982,0.8960496832768423,0.8467142183810206,0.8303398741104285
0.7657937167586104,0.8432299847808961,0.845268769220748,0.9057552626525881
0.828988727304294,0.8268846496600525,0.8173589244246132,0.8260162416340749
0.8391460591475964,0.8384347455373637,0.850073935374071,0.8344830329240214
0.7632039037477868,0.8546244299953895,0.8725663920627222,0.8877814520245384
0.862792971928498,0.8667572284134158,0.7967787571672268,0.8669031828410733
0.7897301389952728,0.8621388599137947,0.671320344265439,0.9731697179243293
0.8867098433394623,0.8771972825695856,0.8959279120051359,0.8733285707024239
0.8925421778784078,0.9224342574129173,0.8613843974945927,0.9529305244237126
0.9197032194014118,0.8100117173608763,0.9116808290407458,0.8709687635511514
0.8754698504163263,0.8842989758315627,0.9182342599021441,0.832534258453834
0.8968767729135912,0.8764161521365992,0.9127406658866505,0.8685730041922652
0.8517018508159798,0.9315924630468632,0.8844997040270074,0.9005157497036667
0.8479984715119244,0.7283637373495595,0.8001602309661293,0.8254140811308558
0.8929100312363561,0.8483285778919767,0.9035759965915756,0.8870980992185823
0.8294890784650746,0.8459942072586526,0.7718981977465785,0.8051372907465438
0.835730270502491,0.9009392934877166,0.9188388664729019,0.9056173824662143
0.8363950815315105,0.8634834789658314,0.8648510231878317,0.8990949616076093
0.8761287549002172,0.8787716480959641,0.8545244570061873,0.8121908841987635
0.7790285677111686,0.7162706732800983,0.8685059303685232,0.6911763583006214
0.9107577933259482,0.8721129911620906,0.7982951288837841,0.843817287645879
0.8728184744599466,0.9200810073036074,0.882425756859385,0.835878534747763
0.9811517988088866,0.9270122483619927,0.9472174514131134,0.9746541990424674
0.8605344206366261,0.892879665064529,0.8153519277082346,0.9050951521478927
0.9413728800252981,0.860318108465256,0.9154804418685213,0.8412760857738517
0.8152997812462911,0.8179817113174589,0.8291541456650166,0.8582333028327884
0.831547593126773,0.9160858718798285,0.9118500004629941,0.8910404260917534
0.7435962089615328,0.7726115022182175,0.8763307102694453,0.9017405231548723
0.925949608808366,0.9163931763077638,0.9131828229165757,0.8415854568867518
0.8884760653294795,0.8482661438974682,0.8787413853783322,0.8659571665417299
0.7489447462218776,0.7405477449173962,0.9339825568611047,0.892133958980553
0.8773066927443024,0.868659778175878,0.8515076859791525,0.9131102008635736
0.89914213568104,0.9079923549454384,0.9545969952387477,0.9255017316751101
0.8964231899497349,0.886767026226427,0.892552203622807,0.9140745239896225
0.892805992974374,0.889386275988661,0.819430026341043,0.8849094226465036
0.8308248718611336,0.9129242407023634,0.8426375780153079,0.8138003872591594
0.8488340628906055,0.8784604262997402,0.8917156225866215,0.8227644167624941
0.8853089062750231,0.9025926798657408,0.9129374360512592,0.9526708181348227
0.817730249692628,0.8150691559118076,0.8112026844297856,0.8288309352998952
0.8685276718097023,0.8615427027555789,0.9015223530207445,0.8234409086786187
0.8358231783826482,0.8706466314706333,0.8684249268023556,0.8752458248220074
0.8102406719750019,0.8773114801644093,0.8799913980841524,0.9090125059611812
0.9145374165117981,0.8833463522676553,0.8706111467820152,0.8928624796345798
0.8277898900284119,0.8597281273265092,0.9240564019532916,0.8921096852859162
0.8096394471636127,0.9108158298467212,0.8383126572248852,0.8679606273866672
0.9288135716221756,0.8746879125622194,0.8871401717819662,0.8494011320229664
0.9037287310798432,0.8768182052823479,0.9221105143824736,0.8631535766441946
0.8792470814364325,0.9080853942127319,0.8960768101157367,0.8633771838694835
0.8695420291266098,0.8175558194769011,0.8333556649393283,0.7710666609686609
0.5762170035105462,0.9747224829056337,0.799549671372198,0.6087898001957694
0.8804191337799101,0.8898907776427554,0.9046987510517733,0.831590991037391
0.9768373031346849,0.9041049625197405,0.9195560496525589,0.9186790471167581
0.9358426207913766,0.9260698507594163,0.9594019833110595,0.9819072359128789
0.8601305854538394,0.9154374047561629,0.8957678545665669,0.8832017533336565
0.8598246573363326,0.9310998476860564,0.8814075098799565,0.8638611274144379
0.8464145628081411,0.9346641121327495,0.8230834988917024,0.8684805341274238
0.914504116875619,0.895616829009352,0.9518817167127714,0.9153840364485235
0.858457149083281,0.797194775455084,0.7173004912212292,0.8137484121834304
0.822158550422792,0.8853804176719006,0.8617437129415121,0.8285441530667889
0.8798252029934784,0.8076454216451969,0.8275251481986077,0.8686896661583215
0.9204600082682309,0.8333098851181021,0.9170409411069989,0.8592120760939648
0.8965171258505757,0.927067670682572,0.9260940563225545,0.8901009859169536
0.90445213291076,0.8241210366968158,0.8523034063928713,0.8468900917005245
0.9627876094082229,0.9688525434536828,0.8639002471617864,0.8263174071282134
0.8129868220185256,0.9387555196203361,0.9252287814570387,0.911372797183424
0.8667903813536583,0.8161214954934448,0.9028991349853628,0.8222642940069242
0.9137504416200783,0.9225478809570572,0.9052167096309645,0.8765412260816855
0.8949361196106369,0.8806871308418857,0.8780629789868232,0.8990797798680074
0.9292011798144819,0.8927046199294902,0.8134338676748832,0.9372265425539819
0.8812356286462614,0.9396812598060698,0.8975220263494004,0.9173231455241974
0.7406319470104157,0.7642063013440076,0.9240763764995443,0.8993910096711911
0.8743591135932958,0.9148440896017711,0.8200952240022698,0.8757317707437183
0.9128417297366007,0.8752634625340909,0.8848776953334737,0.8957544461010445
0.933249496262689,0.9574834590093709,0.9766365853368166,0.8987167786996065
0.9338935412831739,0.9489175390622288,0.8997387923770694,0.9496965478782963
0.7732916269759214,0.8357581046900843,0.772893930337205,0.7186897187153269
0.8265332718674503,0.8027719622006759,0.887799855271097,0.8957661889776293
0.934506200596346,0.9396479831749175,0.9006350566549566,0.8322776681580654
0.8182251321382854,0.8756780920126327,0.925440620545136,0.8990448452099704
0.8960542414512335,0.8944445581683791,0.8736645285747389,0.8529181414458561
0.9987038456569624,0.9840763947956566,0.7280185992529559,0.7770588084251893
0.8487577794226089,0.8787178912532942,0.8401708111867702,0.8458311083104301
0.7934260075954717,0.8959369528753665,0.9295629563370809,0.8542598985120811
0.8785833284038973,0.9244348299366186,0.8826580050454418,0.8954620877584721
0.9298779895310462,0.8782339726485082,0.9349440203664802,0.8577675028741033
0.8657168014988399,0.8698352689528022,0.9022189521008153,0.9481666693739006
0.8746516152138055,0.9118443574307152,0.9319940158180393,0.8631735382645755
0.8954733688580084,0.9304373350915065,0.9180994210318324,0.9033598468430377
0.8035757081783323,0.82884185723844,0.8753215793905808,0.9226249376020533
0.8862516237345613,0.8539024972525471,0.8377584008328222,0.9119079127003683
0.7545478140287155,0.6955811739122589,0.8177093118746108,0.8269227221537867
0.8506050559566989,0.8636584331609584,0.8997825699363696,0.9115121803720877
0.8772248911767558,0.9025551643103653,0.8554771072110023,0.9094125793658311
0.8776103698206253,0.8884690966507799,0.8249877504476145,0.8267769991430178
0.8991605380421858,0.8462972511556637,0.8304065684226704,0.8802244179688393
0.9672623211242449,0.912976069416985,0.9188040503956656,0.9040543501062265
0.9237755982374825,0.8952638738576443,0.8937353177608194,0.8966877055669019
0.9016106171091721,0.94495326263666,0.9199623442437068,0.9688471288190431
0.7331533586018164,0.7350808558443278,0.9172440017178534,0.8584452631787585
0.8877401084608671,0.9465122242851469,0.9247846074862613,0.9224495172768146
0.9922395224413495,0.9795449691452895,0.983949552311939,0.9952814845735595
0.9132921009406375,0.9138168330890836,0.8419995998303663,0.9209974861502384
0.7740893326481559,0.8493316128844061,0.8739256289697377,0.9233225085449469
0.8636239993816316,0.9294116313544701,0.893192306868965,0.9120056325455548
0.8661453307637458,0.9269736705712104,0.9123638392810274,0.9263169245357481
0.8648215161910751,0.8643798904557116,0.8649756149614777,0.7545328548550426
0.8909334490516316,0.8890448427799317,0.8977066633685782,0.8717586089667364
0.8841572689029326,0.8877366158794598,0.839081062398979,0.9140305210752879
0.8903817500254123,0.8734574659200075,0.9289313776392966,0.9210052266200253
0.9215326893371327,0.8584481413022886,0.9650847687661406,0.9118426558129923
0.9279274626830166,0.9080868320266795,0.8796436685641331,0.8825181324051593
0.945632858040438,0.9451438705708303,0.9056443418607808,0.9833953183390407
0.9099882686565951,0.9394638419693977,0.9544549042224606,0.9171849409192463
0.8035537148344267,0.8618919400715765,0.9440257609556668,0.8753889759854316
0.8954400564279981,0.8768868113793242,0.9035017528413701,0.8440211593197999
0.8588243814791313,0.8571940151947852,0.9249056434627857,0.9301118780594214
0.9383046030017067,0.8993248317547134,0.8551484934168302,0.8910245891940348
0.9125808099733571,0.8670053300353798,0.9285629912840585,0.8958928410699799
0.9510148267440182,0.9051694698078695,0.9159747654069904,0.8665000486741168
0.8847609835379737,0.8479766006240813,0.8717323574490468,0.9199713827664722
0.9310085198743081,0.9636771970802257,0.9370953195426823,0.9752478506259977
0.9047970268245448,0.9386886556522464,0.9145105517540667,0.9223153485976795
0.9630036918099457,0.9345274755838642,0.909409547338484,0.866569346757862
0.8555915257547284,0.889441986941226,0.8845399122637901,0.946357906876513
0.9692554731324491,0.9618014157627046,0.878144118959823,0.9190180630012845
0.9078703445407063,0.9389941358316145,0.9464799303428035,0.9291642864308319
0.8997419169515343,0.9596980771440925,0.8439030397129302,0.9302168204705947
0.9222146880433582,0.921893471920902,0.8862855981913237,0.960676703727037
0.9080493949683889,0.9780764018910492,0.7383370915982649,0.7995024405852109
0.8132235159034024,0.8635781002574356,0.9122168487248525,0.9534474308515333
0.9240552643264381,0.8897091543039621,0.9317561196440469,0.943354463474027
0.9436193767304062,0.9604151788518147,0.9742446298279531,0.9797498905788402
0.9163877167650484,0.855716919074868,0.8707023822803011,0.8437002894969233
0.9237227627866879,0.9386248235043119,0.9315257029677861,0.9507910915620714
0.9398845860099032,0.9080687939756126,0.9535243346211325,0.9323250774036417
0.8855854388509485,0.9353681002130616,0.9158275932068339,0.8626091433017882
0.9833132605215418,0.9246288143411248,0.9824152511444827,0.9495115026050119
0.8997978369700247,0.9146635234238514,0.8817468744975331,0.8983813118857672
0.8828934387558066,0.921218977387362,0.856635290862753,0.8031361939770747
0.9558957685898686,0.9283763241323346,0.9663862378353064,0.9225013942658434
0.928786838754602,0.9723051368820428,0.975925431767962,0.9415726913194207
0.9375539242847022,0.9062410698719892,0.897331189806273,0.9775928314766255
0.9065063759956994,0.9219828759676165,0.9116223570209419,0.9002280600856474
0.9025577129186503,0.8341537434387571,0.9155578034985994,0.9379193393579858
0.9535873009029723,0.9669723364252197,0.9488839855415898,0.8740135739555951
0.9599859061269189,0.9438831565424994,0.9430852172889748,0.9194644408118916
0.9496255501955061,0.8973534574106594,0.8837051437190055,0.9375417101826246
0.9582496134080148,0.9748277765430026,0.9743118375618528,0.9793324322055246
0.949647890301151,0.9290153901952763,0.9289211097727006,0.9647645960700091
0.9319387555091923,0.9365687621028788,0.9583584004026933,0.9873503956585077
0.9477167551521438,0.9749881854837217,0.9777328386515841,0.9844189388345411
0.8901710488181928,0.9163233445221097,0.9463357659710383,0.9234171027036238
0.8949303209498071,0.8894279150315033,0.93515402962728,0.909768302206968
0.9456528428428375,0.9524393623856997,0.9461651630994375,0.9489725131617779
0.9464319091257787,0.9218747928793847,0.920668668879373,0.9131628964242304
0.9565062128637429,0.9894695976565795,0.9635283154963491,0.9444468058281066
0.9383332974460848,0.9960612239109817,0.9857147389862011,0.9741255384890611
0.9760011825312865,0.9861165651743462,0.9892930082887664,0.9951093258411846
0.9592466495025325,0.974566930422136,0.9931593445255151,0.9661404368465535
0.9440760574808129,0.9535501329137445,0.971088370999164,0.9994550415291381
0.9216691664288805,0.9517327772073737,0.9465423950093196,0.9501155491614198
0.9435797453067515,0.9529230826014123,0.9518180095214652,0.9655602306554467
0.881335220927907,0.908760165428446,0.9547919037425804,0.9473364863063913
0.9213242097136425,0.9480606497922536,0.9571696305189779,0.9929310863518737
0.9294148809152077,0.9500501546383209,0.9340573883233799,0.9005830488638782
0.9091517706407846,0.9555766187798598,0.9076051386880332,0.9818059513549297
0.96940115318112,0.9493046972094973,0.8818161383805854,0.9365220955604815
0.948854696558496,0.9085051984958562,0.9318728520075984,0.921656662201789
0.9485894615471295,0.9754814042390813,0.9738060018006276,0.9680457364763936
0.8960374267247191,0.5283782633603622,0.993380342308155,0.8357703970348493
0.9496898821958689,0.8867333340890643,0.5735990057573428,0.9087315046227709
0.9778501905508787,0.8988390979230333,0.9278045766417005,0.9559498773680151
0.9587503732202871,0.9506962451892961,0.9615931382406899,0.989324011871433
0.9619841221585916,0.9836211534640266,0.9794792892946754,0.9554848257058417
0.937316214559695,0.9920385447823349,0.9513211084441768,0.9527403158615002
0.9946499232896463,0.8417987529534966,0.9898206609832214,0.9588332119178522
0.9889079299704358,0.996241007045088,0.9589040260183841,0.9861490930649315
0.9659912141901003,0.9897399870586268,0.9357302268157183,0.9262055351348845
0.8922447675786666,0.9031528854495634,0.9319163625613447,0.891474998234061
0.9914944546723022,0.9997034811618929,0.9427933842932723,0.9963885939471212
0.9909263084430356,0.9648305707099117,0.9262736879846868,0.9846590883399768
0.9612304699721789,0.9559306399220927,0.9966141678277209,0.9865284014715312
0.9977223333366956,0.9818368205196732,0.9720284335302143,0.9897357382757552
0.9942250012294939,0.9982292909709795,0.9989882325633437,0.9995957311852617
0.9078285361563472,0.947598536961813,0.9347750006244847,0.7395662242291292
0.7347266085219478,0.7841913778557122,0.8582194990396431,0.812239902163875
0.8781884624503833,0.7661687112681997,0.8458633486920691,0.776217542824853
0.9992792912820039,0.9271854102400501,0.9945919799657869,0.9550123841075104
0.9227061251884702,0.98791765366765,0.8345412306332497,0.9272540963283191
0.5554834520931722,0.6373515033578478,0.5598917747249413,0.49466942745754555
0.464836003875956,0.5268822995315812,0.5521283233873318,0.6220720767441426
0.9822856073051315,0.933780687751398,0.997502955700656,0.9766580040369449
0.907488150843678,0.9566851713481395,0.9373913311908506,0.8568593101170757
0.8823349403626345,0.8812188671094096,0.8865494727365073,0.8676272619553967
0.9410660008603465,0.9156249273287826,0.9348424063711981,0.9608339136528623
0.4374512915945653,0.31712284908174143,0.4009871270627435,0.35101589010840956
0.8446660158689059,0.9258202038798562,0.9693939994504044,0.9133908834696245
0.924179880238032,0.8286529809650903,0.7481993712701649,0.8302732911582356
0.8123122126512757,0.8489389030939768,0.4148109100523897,0.38928282223540767
0.7487554144255907,0.7069007769568264,0.33582561082801,0.6165887382855757
0.835426031019808,0.9128443274374441,0.25517897844334314,0.2643834546586449
0.7176748792191432,0.7688626309825809,0.3972879686072207,0.3826049224359225
0.6024886937643339,0.6318950310629735,0.300017226297058,0.30956097177226766
0.12435024911381588,0.1607125952059963,0.8819571988913796,0.9569115417982359
0.9715059718474158,0.9592667620244469,0.9891418791686254,0.9169561980987299
0.8927170321556575,0.9536864380746605,0.9184209058854705,0.9628868179643394
0.8204920274877752,0.9086741046248473,0.238807632042905,0.14897808054819062
0.9516571330721211,0.9411971251911856,0.9257835020520494,0.9029292392307171
0.5281958271909417,0.6029755628433728,0.4975597348089081,0.4661590033758287
0.8581214984837622,0.9254554289384809,0.9417806967699098,0.8676211382927075
0.891913587688189,0.870902088161235,0.916317888766398,0.8937715393211119
0.8562504570713972,0.8954734886817639,0.8728681427061485,0.8503749268031215
0.9151401925303942,0.903541407672842,0.9074067991380892,0.9065807408505308
0.9855201336960496,0.9864275580770892,0.7876302701529991,0.9837018200491822
0.6500908305796181,0.5842287509696992,0.49429057834558165,0.6370305868441873
0.9338470602589403,0.9659194075888374,0.9347656459733491,0.8912397380996222
0.9305769678183776,0.9342808088082792,0.9653158398963431,0.9562920771361955
0.8950157541503274,0.8303770659719729,0.817741018597517,0.7806108090899159
0.6451059666328945,0.7567086054582768,0.8133843908526734,0.7620341985384854
0.6785950997330721,0.7589891330024502,0.8730024108160498,0.8850351013868669
0.6691374108395646,0.705327398113178,0.8079698959673761,0.8690163315645549
0.9471346175745597,0.9133988137485824,0.8515837942674058,0.8996890086002164
0.8328915574387296,0.8135641349304435,0.8483457625219282,0.8231378039537898
0.37803690940875856,0.4083421606368803,0.49492553365961817,0.6032377262866223
0.9497490325896495,0.8820592042076912,0.9465634403618274,0.9030221360347169
0.37905439898392845,0.411150163386011,0.3905668370767767,0.38053423814789716
0.39653497636949764,0.5896919387604073,0.5054981354396862,0.5365060021892917
0.5952610636405533,0.6045190878685206,0.6883387910667066,0.6286824403013258
0.7945452958259536,0.7671536172675768,0.7746913889455167,0.8194004729396906
0.8673931584770117,0.8784523024660912,0.7401447474343305,0.8598179932919153
0.49596455981055754,0.7704002343078281,0.44606484856103745,0.74453340485954
0.8233297913277445,0.818891339639188,0.5727170418245123,0.7928610160532784
0.8467236938381215,0.8618259878748439,0.8650004854596818,0.862068283806313
0.6306871252761361,0.6182108401207136,0.590660526884045,0.5648159318161546
0.6976516433286495,0.6971900929626567,0.6937933190208362,0.6728609257148301
0.822240847494219,0.8456351458861124,0.6317196846874028,0.8159209588746267
0.7903828621807184,0.8724150896493231,0.8924307544869581,0.8936531321335739
0.4968264180597736,0.5039194249495098,0.4857296863664628,0.4597278868890372
