,mean,sd,hdi_3%,hdi_97%,mcse_mean,mcse_sd,ess_bulk,ess_tail,r_hat
sigma_b_log__[0],-2.123931,0.085735,-2.285514,-1.963472,0.000918,0.000835,8782.675991,6930.08304,0.999777
sigma_b_log__[1],-2.300269,0.234761,-2.749102,-1.879311,0.003928,0.003667,3932.310232,3734.109296,1.000272
sigma_b_log__[2],-2.188596,0.119743,-2.403643,-1.956998,0.002187,0.001198,2995.196914,4564.584554,1.000548
sigma_b_log__[3],-3.311284,0.411008,-4.076599,-2.5248,0.013654,0.007424,903.625545,1544.00242,1.004737
sigma_b_log__[4],-2.697002,0.147801,-2.962643,-2.41006,0.001972,0.00139,5658.893955,5953.826485,1.000545
sigma_b_log__[5],-2.896687,0.172498,-3.217789,-2.56927,0.0036,0.002042,2302.393339,3961.761446,1.000725
sigma_b_log__[6],-2.55358,0.138461,-2.802694,-2.285667,0.001471,0.001349,8862.470421,6603.120999,1.000176
sigma_b_log__[7],-2.845621,0.105686,-3.046967,-2.651612,0.001397,0.000982,5736.249016,6605.317986,1.000241
sigma_b_log__[8],-2.310633,0.190916,-2.685808,-1.959282,0.002413,0.001895,6272.056333,6113.467618,1.000259
sigma_b_log__[9],-3.542632,0.237107,-3.985347,-3.086642,0.004205,0.002363,3164.293154,4869.025695,1.000213
sigma_b_log__[10],-3.147264,0.247211,-3.628652,-2.697377,0.004686,0.002483,2794.822392,5104.403514,1.001314
sigma_b_log__[11],-2.076759,0.226912,-2.487954,-1.644931,0.003366,0.00219,4560.709051,5744.846531,1.000602
sigma_b_log__[12],-2.576739,0.20274,-2.931145,-2.172413,0.003051,0.001969,4437.415553,5690.285656,1.001117
sigma_b_log__[13],-2.774675,0.142529,-3.051171,-2.510743,0.002176,0.001337,4286.868894,5735.856552,1.000747
sigma_b_log__[14],-3.239953,0.399992,-3.99545,-2.50232,0.006716,0.004236,3529.672307,4680.558108,1.000504
sigma_b_log__[15],-1.314751,0.105214,-1.512786,-1.121948,0.001249,0.001102,7236.3194,5670.734874,1.000397
sigma_b_log__[16],-2.584928,0.177029,-2.923998,-2.254699,0.002158,0.00199,6802.893051,5954.151616,1.000179
sigma_b_log__[17],-2.915821,0.083262,-3.071335,-2.760156,0.001796,0.000893,2146.51439,3731.285547,1.001365
sigma_b_log__[18],-2.262155,0.112252,-2.462901,-2.050265,0.001024,0.001254,12114.40734,6322.359803,1.000949
sigma_b_log__[19],-2.491864,0.115802,-2.711447,-2.282961,0.001165,0.001296,9964.881779,6255.883778,1.000395
sigma_b_log__[20],-2.404491,0.115285,-2.620463,-2.186652,0.001092,0.001363,11201.932198,6263.666699,1.001146
sigma_b_log__[21],-2.766528,0.123515,-2.996371,-2.53388,0.001231,0.001288,10156.443001,6404.879064,1.000173
sigma_b_log__[22],-2.185791,0.139996,-2.442787,-1.919346,0.003011,0.001507,2163.546374,4255.677891,1.000578
sigma_b_log__[23],-2.470788,0.159402,-2.776084,-2.174136,0.002384,0.001589,4496.250954,5029.095497,1.000268
sigma_b_log__[24],-2.653954,0.137172,-2.914919,-2.396074,0.001328,0.001443,10853.602006,6247.281914,1.001218
sigma_b_log__[25],-2.64624,0.101112,-2.832481,-2.45465,0.000975,0.001054,10871.144422,6867.154179,0.99998
sigma_b_log__[26],-2.274767,0.098449,-2.462392,-2.091823,0.001292,0.000928,5816.36811,6579.861604,1.000669
sigma_b_log__[27],-2.693581,0.074977,-2.833706,-2.554061,0.001324,0.000685,3213.414011,5361.479415,1.000459
sigma_b_log__[28],-3.179084,0.129365,-3.416559,-2.931234,0.001235,0.001443,11024.391519,6432.887648,1.000457
sigma_b_log__[29],-3.076001,0.124671,-3.305314,-2.844067,0.001257,0.001289,9889.877262,6838.200065,0.999736
sigma_b_log__[30],-3.007515,0.138893,-3.267074,-2.748638,0.001432,0.001461,9423.17945,6036.966639,1.000151
sigma_b_log__[31],-2.920752,0.143064,-3.195984,-2.65724,0.001659,0.001496,7437.249533,6135.269512,1.00041
sigma_b_log__[32],-2.773222,0.118433,-2.992206,-2.546609,0.001424,0.001189,6922.601227,6048.193351,1.00062
sigma_b_log__[33],-2.692615,0.137367,-2.9598,-2.443943,0.001399,0.001486,9698.953973,6433.912988,1.001007
sigma_b_log__[34],-2.811872,0.144315,-3.092326,-2.546369,0.001974,0.001347,5346.706823,5986.32533,1.000122
sigma_b_log__[35],-1.661973,0.157577,-1.947613,-1.35858,0.001633,0.001751,9348.364848,5959.729081,1.000321
sigma_b_log__[36],-3.029039,0.132607,-3.287452,-2.791543,0.00134,0.001437,10028.895625,6018.177256,1.000216
sigma_b_log__[37],-3.187331,0.137198,-3.437123,-2.927918,0.001479,0.001406,8668.978478,6659.639556,1.000547
sigma_b_log__[38],-2.81117,0.253993,-3.3105,-2.371303,0.006369,0.005556,1770.239055,1966.206444,1.000912
sigma_b_log__[39],-2.331615,0.143982,-2.606317,-2.070658,0.001552,0.001461,8660.234003,6575.78947,1.000962
sigma_b_log__[40],-2.779638,0.139316,-3.040792,-2.522409,0.00177,0.001327,6191.528825,6524.231288,1.000083
sigma_b_log__[41],-3.113125,0.104075,-3.306602,-2.916546,0.002407,0.001133,1867.345171,3837.097138,1.002025
sigma_b_log__[42],-2.191749,0.155032,-2.485307,-1.909208,0.002441,0.00205,4211.041589,4737.07155,1.000533
sigma_b_log__[43],-1.836924,0.060888,-1.941902,-1.711704,0.000578,0.000658,11113.765417,6441.373542,1.000593
sigma_b_log__[44],-3.250251,0.300882,-3.83066,-2.702741,0.00354,0.00295,7259.363808,5975.46088,1.000286
sigma_b_log__[45],-2.976765,0.405906,-3.758478,-2.253202,0.009622,0.004816,1771.400816,3519.069871,0.999916
sigma_b_log__[46],-2.316152,0.154194,-2.611762,-2.028973,0.003473,0.001745,1969.076753,3839.091328,1.00184
sigma_b_log__[47],-2.425341,0.240022,-2.8649,-1.967544,0.003597,0.002361,4409.667161,5516.910878,1.000452
sigma_b_log__[48],-2.282332,0.103259,-2.46798,-2.081262,0.000914,0.001111,12884.995394,6771.317935,1.00071
sigma_b_log__[49],-3.361364,0.154053,-3.649463,-3.077364,0.001615,0.001598,9197.770993,6644.209537,1.000313
sigma_b_log__[50],-2.314632,0.120944,-2.543721,-2.087959,0.001654,0.001226,5442.930641,5353.408816,1.000267
sigma_b_log__[51],-3.137453,0.262674,-3.638714,-2.65956,0.004418,0.002616,3532.5161,5154.350223,1.00032
sigma_b_log__[52],-2.702515,0.119032,-2.936449,-2.489243,0.001109,0.001376,11847.686766,6069.182018,1.000179
sigma_b_log__[53],-2.60536,0.115513,-2.824233,-2.393531,0.001071,0.001264,11688.525414,6022.351244,1.000149
tau_CD_log__,0.482239,0.099337,0.300014,0.668372,0.002889,0.001585,1200.02681,1949.151672,1.00459
sigma_A_log__,-0.485952,0.111772,-0.695435,-0.277253,0.002987,0.001514,1403.949869,2763.211161,1.00193
"theta_t_zerosum__[0, 0]",0.271469,0.83831,-1.266878,1.905603,0.007297,0.010263,13188.859327,5619.704349,1.000423
"theta_t_zerosum__[0, 1]",-0.602137,0.215191,-0.963372,-0.15903,0.004613,0.00259,2244.215965,4109.670554,1.000538
"theta_t_zerosum__[0, 2]",-1.469895,0.124241,-1.710801,-1.247762,0.001224,0.001551,10239.904981,5055.976151,1.00034
"theta_t_zerosum__[0, 3]",-1.326057,0.12196,-1.552784,-1.093063,0.001484,0.001584,7111.661958,4803.598097,1.000065
"theta_t_zerosum__[0, 4]",-1.616544,0.126096,-1.85576,-1.38245,0.001672,0.001643,5991.63812,4392.169115,1.000667
"theta_t_zerosum__[0, 5]",-1.82842,0.137237,-2.093299,-1.580117,0.001557,0.001669,8006.087264,5178.251405,1.000111
"theta_t_zerosum__[0, 6]",-1.280814,0.120959,-1.499837,-1.04682,0.001209,0.001619,9996.941245,5964.749157,1.000584
"theta_t_zerosum__[0, 7]",0.149887,0.855685,-1.374583,1.823013,0.007861,0.011032,11851.481726,5883.851901,1.001177
"theta_t_zerosum__[0, 8]",-2.336376,0.195588,-2.701286,-1.969842,0.002074,0.002232,8973.660965,5645.241451,1.000902
"theta_t_zerosum__[0, 9]",-0.766528,0.871928,-2.39741,0.894147,0.008927,0.010067,9662.297462,6360.19211,1.000666
"theta_t_zerosum__[0, 10]",-0.888723,0.877738,-2.482579,0.807256,0.008513,0.010287,10667.746243,6402.956426,1.000985
"theta_t_zerosum__[0, 11]",-0.911058,0.210676,-1.30525,-0.512862,0.001975,0.002778,11853.785089,5652.376742,1.000568
"theta_t_zerosum__[0, 12]",-1.615305,0.179337,-1.955602,-1.283916,0.00198,0.002191,8604.178753,5541.737224,1.00157
"theta_t_zerosum__[0, 13]",0.871648,0.665246,-0.338095,2.137653,0.007057,0.007189,8977.081514,5954.147423,0.999673
"theta_t_zerosum__[0, 14]",3.49566,0.344017,2.856772,4.139298,0.003786,0.003516,8333.960332,6059.808878,1.000229
"theta_t_zerosum__[0, 15]",-0.530973,0.223371,-0.927278,-0.090681,0.002366,0.003075,9676.151729,4828.712533,1.000213
"theta_t_zerosum__[0, 16]",0.037829,0.372534,-0.564248,0.777666,0.004572,0.005118,8291.294804,4969.025088,1.000175
"theta_t_zerosum__[0, 17]",-0.99323,0.152076,-1.269238,-0.693979,0.001372,0.001824,12288.626314,5841.984549,1.000643
"theta_t_zerosum__[0, 18]",-0.262003,0.341019,-0.848405,0.370399,0.00441,0.005672,7224.991707,4988.13065,1.000708
"theta_t_zerosum__[0, 19]",0.330017,0.059488,0.218508,0.440992,0.00061,0.000633,9511.331353,6378.858042,1.000117
"theta_t_zerosum__[0, 20]",0.493116,0.079649,0.342784,0.641239,0.000758,0.000891,11057.197448,6234.196996,0.999703
"theta_t_zerosum__[0, 21]",0.125428,0.104348,-0.06301,0.328604,0.001043,0.001315,10099.666546,5747.272436,1.000489
"theta_t_zerosum__[0, 22]",-0.032221,0.103862,-0.233779,0.159358,0.00109,0.001297,9135.224195,5464.087933,0.99983
"theta_t_zerosum__[0, 23]",-0.347711,0.343078,-1.010681,0.267161,0.003492,0.00451,10411.969757,5742.461452,1.000309
"theta_t_zerosum__[0, 24]",-0.247681,0.171559,-0.576726,0.070307,0.001844,0.002253,9342.519044,5529.097989,1.001565
"theta_t_zerosum__[0, 25]",-0.398395,0.276149,-0.922385,0.083934,0.003307,0.004695,8690.587269,4388.140414,1.000423
"theta_t_zerosum__[0, 26]",-0.010763,0.056409,-0.116618,0.098146,0.000637,0.000589,7856.711879,5761.779525,1.000283
"theta_t_zerosum__[0, 27]",0.198691,0.09527,0.022884,0.378525,0.000891,0.00118,11535.630609,5914.489437,1.000466
"theta_t_zerosum__[0, 28]",0.362458,0.112268,0.148432,0.568809,0.001028,0.001303,11957.097821,6256.352792,1.000947
"theta_t_zerosum__[0, 29]",0.43736,0.287274,-0.114154,0.961531,0.002568,0.003919,12786.92202,5539.433341,1.002182
"theta_t_zerosum__[0, 30]",0.54605,0.150964,0.273043,0.829922,0.001845,0.00309,7385.659914,5468.336882,1.000324
"theta_t_zerosum__[0, 31]",0.459076,0.129963,0.21404,0.703074,0.001341,0.001502,9458.922218,5885.243819,1.000302
"theta_t_zerosum__[0, 32]",0.566079,0.095595,0.379368,0.739821,0.001028,0.00101,8691.163653,6330.433962,1.000208
"theta_t_zerosum__[0, 33]",-0.646948,0.15527,-0.928861,-0.352863,0.001442,0.001931,12029.092511,5508.557169,1.00018
"theta_t_zerosum__[0, 34]",-0.172483,0.221632,-0.607058,0.211357,0.0024,0.002943,9322.949805,5438.884584,1.000709
"theta_t_zerosum__[0, 35]",-0.335043,0.810583,-1.80656,1.23771,0.007476,0.009678,12047.049502,6317.942019,1.000072
"theta_t_zerosum__[0, 36]",-1.227764,0.199501,-1.610676,-0.857421,0.001825,0.002432,12049.179964,5879.995236,1.001696
"theta_t_zerosum__[0, 37]",-0.598604,0.10767,-0.81077,-0.404677,0.00111,0.001262,9471.592251,6252.091163,0.999729
"theta_t_zerosum__[0, 38]",1.461058,0.263961,0.990111,1.974945,0.002689,0.002939,10042.719671,6530.137043,1.000614
"theta_t_zerosum__[0, 39]",-1.530182,0.128713,-1.765274,-1.284774,0.001315,0.001565,9622.690278,5998.425787,1.000114
"theta_t_zerosum__[0, 40]",-0.550494,0.227592,-0.982346,-0.131653,0.002144,0.0029,11847.196089,5609.195678,1.000367
"theta_t_zerosum__[0, 41]",1.201692,0.238187,0.763085,1.656929,0.003258,0.005045,6072.826153,3581.664879,1.001174
"theta_t_zerosum__[0, 42]",0.929686,0.158145,0.647607,1.235392,0.001535,0.002004,11024.884873,5041.989695,1.001574
"theta_t_zerosum__[0, 43]",-0.462344,0.865525,-2.104407,1.146709,0.007581,0.010022,13059.78504,6293.221973,1.000158
"theta_t_zerosum__[0, 44]",-0.209857,0.753485,-1.538616,1.284625,0.007171,0.009339,11129.891108,5933.021974,1.001078
"theta_t_zerosum__[0, 45]",-0.376774,0.751657,-1.747557,1.045538,0.007219,0.010134,11182.489813,5489.396636,1.001419
"theta_t_zerosum__[0, 46]",-0.01594,0.839106,-1.470108,1.622325,0.007453,0.010232,12688.727002,6099.138547,1.000529
"theta_t_zerosum__[0, 47]",0.480738,0.830048,-1.03251,2.040477,0.007667,0.010945,11779.279468,6490.937729,0.999959
"theta_t_zerosum__[0, 48]",-1.100348,0.33314,-1.728451,-0.474515,0.004453,0.004727,5650.041293,5393.683387,1.000505
"theta_t_zerosum__[0, 49]",0.350506,0.095066,0.165631,0.521854,0.000908,0.001163,10988.893023,5361.150233,1.000552
"theta_t_zerosum__[0, 50]",-1.53628,0.392786,-2.27622,-0.793491,0.005333,0.00524,5460.208434,4615.004128,1.000606
"theta_t_zerosum__[0, 51]",-1.585948,0.118409,-1.806834,-1.36109,0.001284,0.001501,8478.858161,5557.054488,1.000638
"theta_t_zerosum__[0, 52]",-1.168789,0.111058,-1.373959,-0.95258,0.001079,0.001277,10611.587231,5939.072845,0.999916
"theta_t_zerosum__[0, 53]",-0.981605,0.113574,-1.20108,-0.77418,0.001157,0.001399,9850.760701,5521.107463,0.999931
"theta_t_zerosum__[0, 54]",-1.8183,0.122146,-2.045353,-1.58316,0.001375,0.001297,7951.129242,5600.112513,0.999789
"theta_t_zerosum__[0, 55]",0.218052,0.846624,-1.3048,1.880337,0.007429,0.010701,12993.370871,5442.186879,1.00082
"theta_t_zerosum__[0, 56]",0.404514,0.848513,-1.180075,2.025579,0.007404,0.010196,13191.156089,6184.01097,0.999996
"theta_t_zerosum__[0, 57]",0.206458,0.851867,-1.423384,1.774007,0.007753,0.011313,12115.478958,5553.014742,1.00078
"theta_t_zerosum__[0, 58]",0.197206,0.838656,-1.321878,1.785118,0.007343,0.009897,13133.681586,6307.173566,1.000349
"theta_t_zerosum__[0, 59]",0.400322,0.854657,-1.262264,1.967493,0.007681,0.010425,12431.771755,6082.676178,1.00023
"theta_t_zerosum__[0, 60]",0.121911,0.835921,-1.362613,1.784322,0.007324,0.010616,13090.513081,5981.881779,1.000293
"theta_t_zerosum__[0, 61]",-1.31639,0.107787,-1.515649,-1.111638,0.001065,0.001282,10208.298998,6232.293275,1.000419
"theta_t_zerosum__[0, 62]",-1.216065,0.125386,-1.457531,-0.982537,0.001287,0.001561,9530.768064,5532.377062,1.00047
"theta_t_zerosum__[0, 63]",-1.263982,0.116312,-1.482029,-1.045156,0.001298,0.001366,8182.357991,5913.533247,1.001031
"theta_t_zerosum__[0, 64]",-1.021926,0.121323,-1.249004,-0.794267,0.001153,0.001533,11086.534478,5873.694372,1.000569
"theta_t_zerosum__[0, 65]",-1.004858,0.130082,-1.251543,-0.762069,0.001402,0.001676,8997.435124,5853.879265,1.000487
"theta_t_zerosum__[0, 66]",-0.773507,0.116253,-0.995016,-0.558383,0.001252,0.00146,8873.768016,5186.800442,0.999994
"theta_t_zerosum__[0, 67]",-1.633826,0.11648,-1.855211,-1.421026,0.001271,0.001386,8466.105834,5527.498135,1.00023
"theta_t_zerosum__[0, 68]",0.009137,0.197151,-0.35516,0.380367,0.002567,0.002421,6191.614344,5426.099268,1.000228
"theta_t_zerosum__[0, 69]",-0.164291,0.055324,-0.270211,-0.063638,0.000617,0.000613,8028.163234,5898.65927,0.999932
"theta_t_zerosum__[0, 70]",-0.322721,0.05913,-0.430293,-0.207743,0.000651,0.000619,8154.410214,6415.141165,1.000415
"theta_t_zerosum__[0, 71]",-0.819783,0.066579,-0.939111,-0.69022,0.000828,0.000721,6493.183302,5674.014989,1.001252
"theta_t_zerosum__[0, 72]",-0.345308,0.099513,-0.524454,-0.1494,0.000915,0.001313,11847.167504,5804.295701,1.000266
"theta_t_zerosum__[0, 73]",-1.018431,0.236854,-1.45822,-0.574617,0.002206,0.002811,11557.217171,6318.77034,1.000014
"theta_t_zerosum__[0, 74]",-1.314722,0.423851,-2.205265,-0.604478,0.004208,0.005032,10571.690539,6335.931471,1.000369
"theta_t_zerosum__[0, 75]",-0.990456,0.406233,-1.792847,-0.288686,0.004045,0.005327,11003.327717,5564.183021,1.000476
"theta_t_zerosum__[0, 76]",-0.379291,0.092553,-0.561198,-0.208049,0.000875,0.001175,10979.203442,5538.091062,1.000094
"theta_t_zerosum__[0, 77]",-0.304491,0.087738,-0.465064,-0.136986,0.000864,0.001053,10303.797096,5620.743828,1.000993
"theta_t_zerosum__[0, 78]",0.02215,0.060365,-0.089097,0.137357,0.000661,0.000652,8336.474191,6268.014594,0.99999
"theta_t_zerosum__[0, 79]",0.128433,0.115242,-0.091019,0.343729,0.001071,0.001517,11999.220629,5726.199226,0.99975
"theta_t_zerosum__[0, 80]",-0.202625,0.061279,-0.315818,-0.086241,0.000712,0.000637,7393.300534,6083.969213,1.000331
"theta_t_zerosum__[0, 81]",-0.366862,0.858271,-2.002782,1.204151,0.008297,0.01086,10871.405253,5961.125576,1.000638
"theta_t_zerosum__[0, 82]",-0.244564,0.728057,-1.523694,1.196108,0.006523,0.00896,12749.671322,6606.064256,1.000093
"theta_t_zerosum__[0, 83]",-0.091845,0.747922,-1.429554,1.370815,0.007104,0.009477,11315.477169,6233.031448,1.000119
"theta_t_zerosum__[0, 84]",-0.828601,0.314678,-1.398144,-0.237803,0.004075,0.004033,6419.569928,5411.304656,1.000309
"theta_t_zerosum__[0, 85]",-0.558906,0.063595,-0.677608,-0.436863,0.000723,0.000665,7808.003558,6236.838456,0.999928
"theta_t_zerosum__[0, 86]",-0.895993,0.075383,-1.043382,-0.761629,0.000864,0.000752,7635.63984,6507.189162,0.999863
"theta_t_zerosum__[0, 87]",-0.719139,0.293713,-1.283515,-0.181366,0.004118,0.005252,5339.548153,3904.622086,1.001425
"theta_t_zerosum__[0, 88]",-0.638903,0.289674,-1.179908,-0.095891,0.003952,0.005281,5487.731663,4363.947249,1.000639
"theta_t_zerosum__[0, 89]",-0.009028,0.879814,-1.588587,1.74194,0.007748,0.011709,12948.374361,5710.692651,1.000295
"theta_t_zerosum__[0, 90]",0.103903,0.850325,-1.49976,1.717385,0.007023,0.011353,14641.776188,5912.551598,0.999939
"theta_t_zerosum__[0, 91]",0.323463,0.278846,-0.236528,0.801908,0.003348,0.004734,8553.95779,4324.770133,1.000164
"theta_t_zerosum__[0, 92]",0.55826,0.165703,0.227696,0.848072,0.001712,0.002299,9977.018843,5423.174047,1.000452
"theta_t_zerosum__[0, 93]",0.286608,0.204641,-0.094477,0.655437,0.003692,0.002149,3066.866259,5077.764456,1.000558
"theta_t_zerosum__[0, 94]",0.685494,0.135922,0.430926,0.946795,0.001504,0.001598,8202.48572,5914.892003,1.000428
"theta_t_zerosum__[0, 95]",0.67339,0.268571,0.168485,1.168854,0.00242,0.003382,12477.638016,5482.99481,0.999929
"theta_t_zerosum__[0, 96]",-1.582804,0.107487,-1.783177,-1.380346,0.001434,0.001108,5625.027657,5969.823376,1.000168
"theta_t_zerosum__[0, 97]",-1.222205,0.13281,-1.458164,-0.964175,0.001324,0.001618,10396.937039,5801.023996,1.000726
"theta_t_zerosum__[0, 98]",-1.008037,0.109074,-1.202726,-0.791486,0.001123,0.001193,9525.76639,6332.305221,0.999883
"theta_t_zerosum__[0, 99]",-0.580004,0.216092,-0.985558,-0.182842,0.002219,0.002658,10195.385116,5899.158317,1.00136
"theta_t_zerosum__[0, 100]",-0.452027,0.358188,-1.113833,0.221918,0.003494,0.004899,10938.694801,6219.818767,1.000738
"theta_t_zerosum__[0, 101]",-0.289757,0.235956,-0.730022,0.110152,0.003226,0.004375,6733.420116,4709.629977,1.00068
"theta_t_zerosum__[0, 102]",-0.325379,0.299506,-0.910404,0.203082,0.002924,0.004,11596.306282,5208.067613,1.000313
"theta_t_zerosum__[0, 103]",-0.976742,0.078833,-1.127159,-0.830395,0.000977,0.000768,6538.579013,6629.581907,0.99996
"theta_t_zerosum__[0, 104]",-0.646325,0.15592,-0.934041,-0.348346,0.001607,0.001969,9936.374186,5946.756807,1.00005
"theta_t_zerosum__[0, 105]",0.128648,0.844878,-1.45053,1.735806,0.007541,0.012013,12552.231726,5265.162543,1.001175
"theta_t_zerosum__[0, 106]",-1.122937,0.117759,-1.336752,-0.89701,0.001185,0.00144,9865.47168,6241.047209,1.000724
"theta_t_zerosum__[0, 107]",0.260893,0.847753,-1.351727,1.832945,0.00725,0.010409,13678.103636,6136.095161,0.99978
"theta_t_zerosum__[0, 108]",-0.402334,0.349015,-1.027303,0.242015,0.003505,0.004958,11231.512199,5650.446649,0.999694
"theta_t_zerosum__[0, 109]",-0.672295,0.312401,-1.20936,-0.056057,0.003043,0.004146,11437.006226,5922.73871,1.001155
"theta_t_zerosum__[0, 110]",-0.832499,0.306394,-1.370309,-0.225317,0.003024,0.00384,10937.820249,5613.367675,1.000809
"theta_t_zerosum__[0, 111]",-0.80312,0.155766,-1.085008,-0.504135,0.001713,0.001738,8552.903367,5904.269713,0.999914
"theta_t_zerosum__[0, 112]",-1.341342,0.138469,-1.590452,-1.070431,0.001312,0.001686,11125.796779,6082.414294,1.000443
"theta_t_zerosum__[0, 113]",-0.597887,0.086767,-0.755353,-0.433824,0.001126,0.000965,5935.613739,5369.445744,1.000305
"theta_t_zerosum__[0, 114]",-0.65193,0.142053,-0.90806,-0.369595,0.00142,0.001884,10267.313205,5236.623485,1.000015
"theta_t_zerosum__[0, 115]",-0.379786,0.156327,-0.678409,-0.086875,0.001693,0.001759,8617.505894,5865.121028,1.000224
"theta_t_zerosum__[0, 116]",-0.43268,0.233405,-0.874594,-0.011157,0.002413,0.003083,10430.772354,5231.686582,0.999957
"theta_t_zerosum__[0, 117]",-0.61044,0.215506,-1.014938,-0.192291,0.002236,0.003148,9820.506532,5957.382482,1.000754
"theta_t_zerosum__[0, 118]",0.978484,0.733733,-0.392927,2.36644,0.006826,0.009585,11569.211014,5644.121241,1.002104
"theta_t_zerosum__[0, 119]",-1.928328,0.39526,-2.6982,-1.213388,0.00388,0.004856,10757.404483,5866.093331,1.001732
"theta_t_zerosum__[0, 120]",-0.955325,0.325134,-1.560835,-0.358282,0.004628,0.005317,5057.60915,4874.325104,1.000854
"theta_t_zerosum__[0, 121]",-0.317365,0.262738,-0.830341,0.134212,0.00301,0.004652,9232.587657,5721.603853,1.000134
"theta_t_zerosum__[0, 122]",0.45169,0.540082,-0.593067,1.427226,0.005641,0.007625,9529.46595,5659.934093,1.000596
"theta_t_zerosum__[0, 123]",-0.984433,0.116326,-1.208063,-0.7716,0.001256,0.001433,8752.76576,5272.639354,1.000324
"theta_t_zerosum__[0, 124]",-1.016289,0.123155,-1.23729,-0.776282,0.001254,0.001592,9842.53137,6213.700954,0.999992
"theta_t_zerosum__[0, 125]",-1.969184,0.136381,-2.212529,-1.700893,0.001707,0.001537,6482.909071,5258.749232,1.000497
"theta_t_zerosum__[0, 126]",-1.34994,0.115801,-1.578538,-1.141333,0.001249,0.001414,8638.32064,5923.865516,1.000895
"theta_t_zerosum__[0, 127]",-0.775577,0.670653,-2.04046,0.476373,0.006868,0.008639,9671.249204,6111.232019,1.000854
"theta_t_zerosum__[0, 128]",-0.281164,0.41353,-1.156931,0.418846,0.005211,0.005457,6801.942852,5130.27757,1.000146
"theta_t_zerosum__[0, 129]",-0.964623,0.267253,-1.465991,-0.470957,0.002433,0.005116,13050.307907,5647.769611,1.000157
"theta_t_zerosum__[0, 130]",-0.652859,0.349406,-1.330487,-0.027779,0.003669,0.004237,9422.411935,5660.638024,1.000418
"theta_t_zerosum__[0, 131]",-1.54228,0.418263,-2.355683,-0.792231,0.004391,0.004782,9272.798865,6152.584613,1.000755
"theta_t_zerosum__[0, 132]",-0.108799,0.189548,-0.453597,0.251948,0.0023,0.002601,7337.854646,5171.652021,1.000415
"theta_t_zerosum__[0, 133]",-1.628291,0.174577,-1.950136,-1.300584,0.001977,0.00207,8018.007374,5297.261432,1.000667
"theta_t_zerosum__[0, 134]",-1.132716,0.159007,-1.434777,-0.845326,0.001764,0.001974,8196.824388,5980.062338,1.000719
"theta_t_zerosum__[0, 135]",-0.479817,0.178342,-0.808758,-0.145131,0.001738,0.002216,11246.687527,5711.501748,1.000364
"theta_t_zerosum__[0, 136]",0.024279,0.379522,-0.618507,0.734644,0.004936,0.006059,7252.25005,4588.613262,1.001023
"theta_t_zerosum__[0, 137]",-0.347683,0.185974,-0.683591,0.010755,0.001796,0.002508,11616.05249,5128.826,1.000027
"theta_t_zerosum__[0, 138]",-0.295091,0.166003,-0.624336,0.003975,0.001425,0.002053,13553.766617,6553.241145,1.000685
"theta_t_zerosum__[0, 139]",-0.803631,0.203956,-1.200139,-0.429953,0.001999,0.003009,10771.730166,5850.864107,1.000908
"theta_t_zerosum__[0, 140]",-0.477543,0.297074,-0.971751,0.113865,0.003784,0.004931,7677.133283,4460.574789,1.001337
"theta_t_zerosum__[0, 141]",-0.685697,0.163605,-0.998395,-0.377701,0.001589,0.002061,10697.38752,5830.80053,0.999967
"theta_t_zerosum__[0, 142]",-0.289476,0.33684,-0.850818,0.331147,0.004247,0.00726,8333.435048,4702.463803,1.001081
"theta_t_zerosum__[0, 143]",-1.263503,0.35833,-1.946791,-0.603138,0.004979,0.005747,5338.387562,3801.206747,1.000464
"theta_t_zerosum__[0, 144]",-0.253644,0.410495,-1.082735,0.459535,0.005607,0.005706,5824.893132,4724.932087,1.000205
"theta_t_zerosum__[0, 145]",0.283999,0.135509,0.02766,0.535657,0.001392,0.001656,9559.913371,5003.19303,1.000601
"theta_t_zerosum__[0, 146]",0.367994,0.112528,0.159947,0.584208,0.001254,0.001224,8118.354479,6386.949181,1.001096
"theta_t_zerosum__[0, 147]",0.111911,0.537092,-0.918192,1.120029,0.005258,0.007043,10707.223229,5996.41075,1.000236
"theta_t_zerosum__[0, 148]",0.101343,0.167749,-0.229223,0.406621,0.001564,0.00224,11648.935119,5620.78266,1.001793
"theta_t_zerosum__[0, 149]",0.443921,0.170532,0.125471,0.766057,0.001719,0.002294,10352.547093,5389.06736,1.000534
"theta_t_zerosum__[0, 150]",-0.344733,0.269113,-0.86633,0.147084,0.003652,0.005438,5806.685272,3961.632801,1.000562
"theta_t_zerosum__[0, 151]",-2.14603,0.190282,-2.507796,-1.789685,0.001809,0.00233,11119.300134,5552.154773,1.000021
"theta_t_zerosum__[0, 152]",0.548833,0.291212,-0.021609,1.083452,0.002536,0.003913,13474.113031,5579.650288,1.000186
"theta_t_zerosum__[0, 153]",-0.995542,0.896316,-2.673551,0.647862,0.009158,0.009933,9749.126097,6264.063489,1.000546
"theta_t_zerosum__[0, 154]",-0.575281,0.088125,-0.748086,-0.414789,0.001049,0.000934,7068.273898,5955.390091,0.999877
"theta_t_zerosum__[0, 155]",-0.688722,0.905654,-2.382302,1.039672,0.008892,0.011993,10550.336032,5789.077704,1.000445
"theta_t_zerosum__[0, 156]",-0.703893,0.121546,-0.924702,-0.467543,0.001277,0.001604,9288.532384,4578.10322,1.000457
"theta_t_zerosum__[0, 157]",-1.197374,0.424118,-1.935949,-0.353091,0.00803,0.011727,3816.996799,2673.977461,1.000916
"theta_t_zerosum__[0, 158]",-0.454771,0.470523,-1.218085,0.509615,0.008961,0.010298,3439.166857,2859.281682,1.000283
"theta_t_zerosum__[0, 159]",-0.241852,0.321525,-0.810034,0.364937,0.004826,0.004993,5100.444034,3836.220888,1.000787
"theta_t_zerosum__[0, 160]",-0.475459,0.289217,-0.981258,0.084667,0.004205,0.003814,5229.300109,4727.381558,1.000228
"theta_t_zerosum__[0, 161]",-1.129955,0.263786,-1.580844,-0.585888,0.003198,0.003886,7152.608152,5251.184986,1.000309
"theta_t_zerosum__[0, 162]",-0.804477,0.25751,-1.279839,-0.299592,0.00318,0.003588,6859.198033,5505.311856,1.000264
"theta_t_zerosum__[0, 163]",-1.67314,0.262146,-2.178146,-1.188857,0.003303,0.004076,7168.251161,4266.506044,1.000545
"theta_t_zerosum__[0, 164]",-0.172095,0.868657,-1.764983,1.519247,0.007516,0.010872,13364.218375,5911.49451,1.000276
"theta_t_zerosum__[0, 165]",0.800119,0.354261,0.164705,1.458112,0.004142,0.004979,8267.438448,5462.092488,0.999965
"theta_t_zerosum__[0, 166]",-0.240808,0.856182,-1.855037,1.36909,0.007418,0.011508,13304.303684,5887.967258,1.001631
"theta_t_zerosum__[0, 167]",-0.219977,0.84884,-1.766186,1.407947,0.008244,0.010666,10590.290391,6160.129182,1.000602
"theta_t_zerosum__[0, 168]",0.278886,0.857028,-1.401581,1.808429,0.007618,0.00989,12640.767767,6494.986539,1.001797
"theta_t_zerosum__[0, 169]",-0.361641,0.864593,-1.951017,1.292733,0.007605,0.010109,12982.568576,6325.771278,1.000092
"theta_t_zerosum__[0, 170]",-0.909209,0.89502,-2.600585,0.74718,0.009299,0.010722,9507.084277,6252.065007,0.999786
"theta_t_zerosum__[0, 171]",-0.251104,0.833224,-1.940893,1.249741,0.007331,0.010872,12955.268784,5714.253008,0.999733
"theta_t_zerosum__[0, 172]",0.170482,0.844444,-1.495875,1.6752,0.007623,0.010826,12268.006132,5726.217267,1.000191
"theta_t_zerosum__[0, 173]",0.061492,0.852054,-1.564614,1.637442,0.007449,0.010876,13089.887734,6192.124172,1.000507
"theta_t_zerosum__[0, 174]",0.215478,0.8481,-1.356527,1.828209,0.007959,0.010336,11339.220093,6295.913049,1.000314
"theta_t_zerosum__[0, 175]",-0.234791,0.253199,-0.725403,0.24132,0.003358,0.004279,5837.725477,4081.803686,1.000779
"theta_t_zerosum__[0, 176]",-0.49782,0.102778,-0.700868,-0.311608,0.00102,0.001356,10208.213665,5382.189977,1.001121
"theta_t_zerosum__[0, 177]",-0.652516,0.114619,-0.864542,-0.431091,0.00113,0.001365,10567.352137,5669.161138,1.000568
"theta_t_zerosum__[0, 178]",-0.891641,0.130864,-1.137301,-0.64356,0.001557,0.001568,7119.70833,5753.700276,1.000215
"theta_t_zerosum__[0, 179]",-0.907879,0.088702,-1.077414,-0.744638,0.00117,0.001048,5867.05732,5034.160337,1.000229
"theta_t_zerosum__[0, 180]",-1.364464,0.122335,-1.588271,-1.126784,0.001266,0.001583,9324.91114,5859.505777,1.000356
"theta_t_zerosum__[0, 181]",-1.242036,0.119349,-1.459563,-1.006995,0.001194,0.001487,9986.394906,5693.697915,1.001687
"theta_t_zerosum__[0, 182]",-0.923993,0.229795,-1.347497,-0.48571,0.002033,0.00282,12911.237077,6179.25114,1.000498
"theta_t_zerosum__[0, 183]",-0.250604,0.311735,-0.856872,0.308392,0.002894,0.004208,12609.322383,5344.854493,0.999997
"theta_t_zerosum__[0, 184]",-2.571479,0.232979,-3.004673,-2.139593,0.00247,0.002614,9065.491601,5972.998973,1.001214
"theta_t_zerosum__[0, 185]",-0.431061,0.071405,-0.566021,-0.298171,0.00078,0.000819,8371.351589,5573.837312,1.000805
"theta_t_zerosum__[0, 186]",-0.760718,0.082871,-0.908882,-0.60093,0.000951,0.000821,7615.308509,6348.360763,0.999918
"theta_t_zerosum__[0, 187]",-0.268282,0.065906,-0.390429,-0.142738,0.000695,0.000731,9002.888724,5981.487645,1.000488
"theta_t_zerosum__[0, 188]",-2.58116,0.237945,-3.045693,-2.15924,0.002385,0.002768,10137.788154,6077.38823,1.000488
"theta_t_zerosum__[0, 189]",-0.01244,0.743897,-1.314527,1.469855,0.007073,0.009151,11227.204072,5980.589778,1.000219
"theta_t_zerosum__[0, 190]",-1.945448,0.201531,-2.309315,-1.561096,0.00197,0.002189,10570.8895,6627.901627,1.001082
"theta_t_zerosum__[0, 191]",-0.570705,0.300833,-1.129169,-0.033636,0.003324,0.00451,9950.805114,5224.979533,1.00045
"theta_t_zerosum__[0, 192]",-0.866777,0.257963,-1.334825,-0.367389,0.002351,0.003367,12456.139161,5815.878452,1.000008
"theta_t_zerosum__[0, 193]",-0.702986,0.269853,-1.22145,-0.213042,0.002437,0.003441,12783.570339,5900.025365,0.99988
"theta_t_zerosum__[0, 194]",-1.600709,0.121865,-1.827614,-1.36999,0.001275,0.001319,9147.267358,6338.128533,1.000565
"theta_t_zerosum__[0, 195]",-0.171431,0.248889,-0.624477,0.274121,0.00307,0.006671,8982.699145,4235.107457,1.000719
"theta_t_zerosum__[0, 196]",0.167055,0.2161,-0.241371,0.580931,0.002258,0.003775,9688.327476,4763.226069,1.000404
"theta_t_zerosum__[0, 197]",-0.314559,0.296878,-0.867568,0.234497,0.002798,0.004042,12469.716226,5460.150999,1.000309
"theta_t_zerosum__[0, 198]",-0.679941,0.098845,-0.866929,-0.4941,0.001003,0.001188,9822.176848,6228.047364,1.001098
"theta_t_zerosum__[0, 199]",-0.654668,0.131167,-0.906562,-0.411826,0.001228,0.001708,11410.072929,5423.792999,1.000408
"theta_t_zerosum__[0, 200]",-0.353628,0.077313,-0.50014,-0.208837,0.000784,0.000903,9695.318152,6401.407576,1.00043
"theta_t_zerosum__[0, 201]",-0.105262,0.059249,-0.212987,0.011253,0.000671,0.000674,7809.626756,5742.390728,1.000195
"theta_t_zerosum__[0, 202]",0.042172,0.063063,-0.071363,0.167238,0.000752,0.000651,7017.955678,6216.732107,1.001679
"theta_t_zerosum__[0, 203]",0.143226,0.05836,0.026589,0.246312,0.0007,0.000635,6992.662195,6055.065055,1.000395
"theta_t_zerosum__[0, 204]",0.412377,0.073137,0.278053,0.554201,0.000736,0.000796,9943.524813,6353.710902,1.000419
"theta_t_zerosum__[0, 205]",0.371937,0.607114,-0.764877,1.53387,0.006357,0.008559,9489.898594,5519.494793,1.000711
"theta_t_zerosum__[0, 206]",0.475394,0.115335,0.26495,0.691929,0.0011,0.001473,11521.33971,5936.375327,1.000852
"theta_t_zerosum__[0, 207]",0.523531,0.138905,0.273101,0.78722,0.001275,0.001698,12356.74536,5849.821503,1.000021
"theta_t_zerosum__[0, 208]",0.37967,0.131743,0.136194,0.62298,0.00139,0.00143,9135.392711,6514.005957,1.000481
"theta_t_zerosum__[0, 209]",-0.687783,0.064315,-0.811982,-0.571996,0.000756,0.000662,7256.64133,6237.864243,1.000293
"theta_t_zerosum__[0, 210]",-0.292458,0.059007,-0.406844,-0.184685,0.00065,0.000649,8232.631609,6191.604015,1.000339
"theta_t_zerosum__[0, 211]",-0.568169,0.062404,-0.686586,-0.451293,0.000699,0.000661,7977.018332,6350.10704,1.000212
"theta_t_zerosum__[0, 212]",0.789733,0.18957,0.427415,1.139963,0.001797,0.002616,11803.83435,5923.440846,1.000091
"theta_t_zerosum__[0, 213]",0.607896,0.170666,0.303067,0.940303,0.001625,0.002346,11913.600298,5429.177439,1.001164
"theta_t_zerosum__[0, 214]",1.591397,0.152972,1.296215,1.874325,0.002122,0.00159,5200.32531,5551.207915,0.999949
"theta_t_zerosum__[0, 215]",1.789245,0.4938,0.892862,2.808198,0.005795,0.007405,7672.998911,5015.611802,1.000042
"theta_t_zerosum__[0, 216]",1.374459,0.630939,0.229715,2.611965,0.005568,0.007972,13009.476958,6119.061767,1.000125
"theta_t_zerosum__[0, 217]",0.241498,0.103527,0.048989,0.436072,0.001115,0.00122,8804.671628,5962.110747,0.999907
"theta_t_zerosum__[0, 218]",0.234649,0.313425,-0.369248,0.803133,0.003377,0.005198,9243.589502,5072.3363,1.000673
"theta_t_zerosum__[0, 219]",0.409191,0.114557,0.196943,0.625456,0.001066,0.001389,12002.254462,5550.452793,1.001262
"theta_t_zerosum__[0, 220]",0.580322,0.132738,0.335779,0.833427,0.001562,0.001609,7333.677208,5611.466758,1.000327
"theta_t_zerosum__[0, 221]",-0.524098,0.179778,-0.863186,-0.183185,0.001788,0.002324,10902.814954,5443.312171,1.000374
"theta_t_zerosum__[0, 222]",-0.446477,0.181622,-0.762958,-0.084537,0.001769,0.002426,11172.259985,5257.137466,1.000088
"theta_t_zerosum__[0, 223]",2.801719,0.343985,2.180396,3.458683,0.005037,0.003711,4636.944268,5953.496273,1.000745
"theta_t_zerosum__[0, 224]",0.515212,0.064849,0.394384,0.638659,0.000718,0.000703,8148.937715,6541.649196,1.000197
"theta_t_zerosum__[0, 225]",0.584123,0.166219,0.279684,0.899492,0.001517,0.00206,12304.581401,5730.502722,1.000521
"theta_t_zerosum__[0, 226]",0.541389,0.163768,0.237021,0.847576,0.001535,0.002226,12098.336773,5834.614888,1.000525
"theta_t_zerosum__[0, 227]",0.599667,0.094826,0.419009,0.775826,0.001025,0.001007,8564.737924,6231.98033,1.000212
"theta_t_zerosum__[0, 228]",0.480304,0.070576,0.341179,0.608095,0.000761,0.000794,8587.62414,6202.51596,1.000618
"theta_t_zerosum__[0, 229]",0.546652,0.166667,0.226069,0.857988,0.001532,0.002222,12380.04178,5417.350932,1.000343
"theta_t_zerosum__[0, 230]",0.751706,0.58105,-0.31626,1.886773,0.006255,0.007576,8965.794221,5555.909502,1.000545
"theta_t_zerosum__[0, 231]",0.642591,0.227747,0.24462,1.08894,0.00242,0.003437,9766.306385,5223.215324,1.000917
"theta_t_zerosum__[0, 232]",0.650856,0.117456,0.432623,0.873211,0.00114,0.001443,10843.105872,5832.890558,1.000424
"theta_t_zerosum__[0, 233]",0.936518,0.087199,0.772298,1.096697,0.001048,0.000977,6912.732928,6298.682126,1.000005
"theta_t_zerosum__[0, 234]",0.989192,0.239165,0.522008,1.437465,0.002314,0.003613,10847.262518,5550.689687,1.000625
"theta_t_zerosum__[0, 235]",0.896909,0.203221,0.54798,1.31297,0.002107,0.002701,10061.975324,5157.069458,1.000269
"theta_t_zerosum__[0, 236]",0.926019,0.195606,0.575936,1.307154,0.001885,0.002589,11827.294125,5519.452471,1.001379
"theta_t_zerosum__[0, 237]",0.722672,0.294207,0.19641,1.31432,0.002833,0.003727,10852.829071,5912.481575,1.000379
"theta_t_zerosum__[0, 238]",1.050494,0.076074,0.906511,1.189559,0.000873,0.00086,7591.468032,6208.754397,1.000586
"theta_t_zerosum__[0, 239]",1.271678,0.117991,1.046801,1.490562,0.001351,0.001512,7738.328609,5697.917607,0.999943
"theta_t_zerosum__[0, 240]",1.182613,0.21985,0.785965,1.601965,0.002202,0.003163,10840.260724,5088.630665,1.000343
"theta_t_zerosum__[0, 241]",1.070833,0.218985,0.675718,1.484841,0.002274,0.003231,10791.381385,5081.302824,1.000604
"theta_t_zerosum__[0, 242]",1.373074,0.139014,1.117398,1.643377,0.001703,0.001703,6654.749428,5862.170753,1.000584
"theta_t_zerosum__[0, 243]",1.009184,0.126155,0.766748,1.239001,0.001308,0.00128,9319.07356,6631.051559,0.999827
"theta_t_zerosum__[0, 244]",1.042778,0.592463,-0.091373,2.146885,0.006369,0.008031,9035.683493,5949.25702,1.001025
"theta_t_zerosum__[0, 245]",1.248384,0.068754,1.121008,1.382034,0.000972,0.000657,5006.827979,6414.908918,0.999948
"theta_t_zerosum__[0, 246]",1.365086,0.138378,1.12341,1.643655,0.001779,0.001528,6073.083953,5743.095601,1.00034
"theta_t_zerosum__[0, 247]",1.519117,0.199679,1.154394,1.901346,0.002564,0.004298,6895.939882,4831.167644,1.000333
"theta_t_zerosum__[0, 248]",1.226817,0.164034,0.925271,1.537855,0.001587,0.001828,10653.769913,6062.853263,1.00067
"theta_t_zerosum__[0, 249]",1.530838,0.258488,1.052399,2.013729,0.002676,0.003268,10020.02813,5941.113204,1.000165
"theta_t_zerosum__[0, 250]",1.298911,0.175835,0.943824,1.613002,0.002008,0.002085,7700.496687,6101.748392,1.000605
"theta_t_zerosum__[0, 251]",1.506803,0.236332,1.041007,1.936614,0.003271,0.004022,5702.493341,3819.030172,0.999841
"theta_t_zerosum__[0, 252]",1.048353,0.202547,0.672946,1.426272,0.001915,0.002742,12045.311129,5844.566526,1.000269
"theta_t_zerosum__[0, 253]",1.400067,0.15547,1.111914,1.690165,0.002178,0.001704,5107.550586,5455.684329,1.001055
"theta_t_zerosum__[0, 254]",0.644647,0.592313,-0.529963,1.751055,0.006633,0.008414,8409.318091,5085.718972,1.001549
"theta_t_zerosum__[0, 255]",0.887777,0.203403,0.516234,1.269028,0.002124,0.003131,10567.10034,5296.735405,1.000395
"theta_t_zerosum__[0, 256]",1.459704,0.180003,1.100366,1.776516,0.001982,0.002477,8358.847743,5695.762571,0.999865
"theta_t_zerosum__[0, 257]",1.321006,0.197552,0.948358,1.677871,0.0018,0.002633,12745.701565,5913.009138,1.000582
"theta_t_zerosum__[0, 258]",1.255305,0.285161,0.711611,1.792312,0.002536,0.003878,12571.63108,5262.229953,1.000466
"theta_t_zerosum__[0, 259]",0.988044,0.168069,0.667436,1.294086,0.001511,0.00217,12779.235018,5263.86603,1.000728
"theta_t_zerosum__[0, 260]",1.460798,0.183328,1.127912,1.811829,0.001825,0.002364,10394.800517,5543.958567,0.999837
"theta_t_zerosum__[0, 261]",1.044724,0.283728,0.51663,1.597523,0.00253,0.004342,12589.360808,5420.467638,1.000474
"theta_t_zerosum__[0, 262]",1.630204,0.248063,1.164735,2.114471,0.003367,0.004213,5616.759522,4628.104645,1.000008
"theta_t_zerosum__[0, 263]",1.291696,0.28457,0.76379,1.831225,0.002527,0.00394,12747.438705,5981.162585,1.000938
"theta_t_zerosum__[0, 264]",0.352301,0.06268,0.240474,0.47464,0.000678,0.000688,8542.280501,6405.816803,1.001375
"theta_t_zerosum__[0, 265]",0.508785,0.160437,0.218364,0.817936,0.001554,0.002052,11243.052446,5463.611789,1.000534
"theta_t_zerosum__[0, 266]",0.658538,0.591952,-0.463587,1.760558,0.006403,0.008232,9034.099295,5028.818553,0.9999
"theta_t_zerosum__[0, 267]",0.527551,0.132168,0.2826,0.781826,0.001269,0.001795,11404.087417,5110.175908,1.000907
"theta_t_zerosum__[0, 268]",0.570066,0.170681,0.256133,0.891162,0.001625,0.002282,11693.143138,5949.425058,1.000363
"theta_t_zerosum__[0, 269]",0.424677,0.123474,0.189187,0.648339,0.001167,0.001541,11423.502157,5820.402295,1.000551
"theta_t_zerosum__[0, 270]",0.601642,0.066653,0.479717,0.728632,0.000819,0.000739,6636.01782,5456.262589,1.001187
"theta_t_zerosum__[0, 271]",0.606118,0.172742,0.299737,0.936702,0.001493,0.002097,14035.663959,6086.850009,1.001427
"theta_t_zerosum__[0, 272]",0.998262,0.598881,-0.161627,2.124651,0.006029,0.008251,10236.04631,5748.032817,1.000457
"theta_t_zerosum__[0, 273]",0.71378,0.146311,0.448067,0.981335,0.001415,0.001776,11476.344802,5720.761706,1.000086
"theta_t_zerosum__[0, 274]",0.716444,0.175069,0.383161,1.038818,0.001652,0.00233,11944.4249,5576.32844,0.999858
"theta_t_zerosum__[0, 275]",0.684245,0.072839,0.550285,0.822938,0.000882,0.000779,6820.559175,6435.768482,1.00026
"theta_t_zerosum__[0, 276]",1.024782,0.118064,0.795265,1.241667,0.001485,0.001261,6272.875121,6236.860454,1.001416
"theta_t_zerosum__[0, 277]",0.951626,0.193474,0.605073,1.322037,0.00177,0.00247,12601.099637,5966.655706,0.999804
"theta_t_zerosum__[0, 278]",0.86857,0.198024,0.521668,1.259542,0.002003,0.002512,10498.496051,5752.337676,1.000553
"theta_t_zerosum__[0, 279]",0.711769,0.158242,0.406644,0.997073,0.001678,0.002012,9051.149896,6135.757279,1.000132
"theta_t_zerosum__[0, 280]",0.792932,0.190318,0.452566,1.163089,0.001778,0.002709,12378.583453,5315.30411,1.001184
"theta_t_zerosum__[0, 281]",0.924922,0.237799,0.480048,1.390036,0.002475,0.003687,9586.055554,5468.620423,1.000308
"theta_t_zerosum__[0, 282]",0.918254,0.277826,0.385174,1.432726,0.00234,0.003438,14068.825834,5987.950232,1.000117
"theta_t_zerosum__[0, 283]",0.824073,0.166908,0.506974,1.141655,0.001699,0.001998,9735.444265,5762.285247,1.000748
"theta_t_zerosum__[0, 284]",1.372234,0.18947,1.030337,1.733417,0.002211,0.002771,7713.879944,4949.417497,0.999974
"theta_t_zerosum__[0, 285]",1.102341,0.203642,0.74197,1.50094,0.001971,0.002775,11596.421596,5295.457642,1.00079
"theta_t_zerosum__[0, 286]",-0.982265,0.227551,-1.400231,-0.546131,0.002641,0.004655,8955.750431,4499.17857,1.001834
"theta_t_zerosum__[0, 287]",-1.247693,0.503398,-2.208303,-0.350407,0.005142,0.00607,10301.521559,5745.350177,1.000186
"theta_t_zerosum__[0, 288]",-0.762388,0.164339,-1.08715,-0.474291,0.001545,0.001855,11374.953736,6368.170134,1.000423
"theta_t_zerosum__[0, 289]",0.463907,0.288029,-0.100899,0.976848,0.002786,0.003704,10857.571139,5671.504663,1.000131
"theta_t_zerosum__[0, 290]",0.269061,0.290489,-0.287293,0.797012,0.00264,0.003607,12420.402357,5796.465161,1.001714
"theta_t_zerosum__[0, 291]",-0.119237,0.747493,-1.542944,1.317279,0.007383,0.009486,10300.620704,5386.424856,1.000515
"theta_t_zerosum__[0, 292]",-2.307268,0.21813,-2.724128,-1.91265,0.00228,0.002647,9440.466678,5437.147481,1.000918
"theta_t_zerosum__[0, 293]",-1.917909,0.200203,-2.291742,-1.537795,0.001979,0.00245,10557.911919,5263.480564,1.000517
"theta_t_zerosum__[0, 294]",-0.765024,0.114141,-0.992193,-0.564176,0.001168,0.001357,9781.402088,6199.232085,0.999938
"theta_t_zerosum__[0, 295]",0.447546,0.125906,0.200041,0.675009,0.001187,0.001584,11423.180297,5847.919124,1.000327
"theta_t_zerosum__[0, 296]",-2.321573,0.199046,-2.681731,-1.947516,0.002117,0.0023,9160.538898,6043.919717,1.000592
"theta_t_zerosum__[0, 297]",-1.620265,0.172491,-1.948339,-1.307322,0.001877,0.002048,8807.536478,5500.593592,1.000046
"theta_t_zerosum__[0, 298]",-1.83177,0.173813,-2.166164,-1.518224,0.001886,0.002068,8797.141462,5928.741682,1.001
"theta_t_zerosum__[0, 299]",-0.975309,0.132254,-1.214071,-0.720105,0.001394,0.001788,9554.600321,5933.857196,1.000395
"theta_t_zerosum__[0, 300]",0.735495,0.138495,0.489671,1.004503,0.001323,0.001741,11341.266265,6149.568599,1.000375
"theta_t_zerosum__[0, 301]",0.242123,0.187648,-0.115486,0.586201,0.002789,0.002265,4623.087399,4919.113515,1.001277
"theta_t_zerosum__[0, 302]",1.12708,0.166376,0.806396,1.437772,0.001571,0.002185,11575.729969,5557.449632,1.000844
"theta_t_zerosum__[0, 303]",0.531157,0.289128,0.008379,1.09683,0.002562,0.003857,12829.625967,5873.68205,0.99982
"theta_t_zerosum__[0, 304]",0.698469,0.280937,0.156681,1.204988,0.002613,0.003645,11766.325569,5794.488042,1.002071
"theta_t_zerosum__[0, 305]",1.040662,0.14965,0.752764,1.32047,0.001432,0.001861,11118.046179,5264.636876,0.999917
"theta_t_zerosum__[0, 306]",1.132067,0.149961,0.840477,1.395726,0.001343,0.001932,12932.157392,5912.252751,1.000642
"theta_t_zerosum__[0, 307]",0.416467,0.16255,0.115602,0.726823,0.001515,0.002253,12033.495952,5639.14674,1.00103
"theta_t_zerosum__[0, 308]",-0.322159,0.312097,-0.941521,0.236878,0.002968,0.004046,11418.559088,5806.45753,1.001079
"theta_t_zerosum__[0, 309]",-2.384144,0.207367,-2.763362,-1.990339,0.002153,0.002529,9446.434156,5629.955679,1.00043
"theta_t_zerosum__[0, 310]",0.004345,0.743409,-1.421409,1.401583,0.00713,0.008664,11088.080519,6113.15848,1.000127
"theta_t_zerosum__[0, 311]",-1.105986,0.158638,-1.398685,-0.80399,0.001425,0.002006,12493.925383,5280.783036,0.999973
"theta_t_zerosum__[0, 312]",-0.873009,0.152053,-1.152381,-0.583765,0.001638,0.001952,9097.292047,5421.081974,0.999718
"theta_t_zerosum__[0, 313]",-1.44745,0.113939,-1.666172,-1.240224,0.001234,0.001255,8535.018766,6407.097597,1.000567
"theta_t_zerosum__[0, 314]",-1.379616,0.216689,-1.794457,-0.991162,0.002115,0.003471,10809.28505,5655.499801,1.000459
"theta_t_zerosum__[0, 315]",-1.904795,0.125742,-2.146868,-1.677173,0.001454,0.001376,7591.584821,6442.285479,1.000452
"theta_t_zerosum__[0, 316]",-0.764492,0.06656,-0.889166,-0.64007,0.000821,0.000689,6626.169946,6321.663011,1.00109
"theta_t_zerosum__[0, 317]",0.245708,0.728117,-1.106177,1.635484,0.00698,0.008641,10980.637073,5774.236738,1.000044
"theta_t_zerosum__[0, 318]",-0.532974,0.089879,-0.699424,-0.361466,0.000899,0.001101,10029.473498,6197.285927,1.000161
"theta_t_zerosum__[0, 319]",-0.250737,0.087356,-0.412379,-0.083162,0.000866,0.001063,10150.404129,5849.584826,1.000126
"theta_t_zerosum__[0, 320]",-0.322703,0.299862,-0.864441,0.250674,0.002773,0.003594,12271.781568,6028.510326,1.000054
"theta_t_zerosum__[0, 321]",-0.706868,0.120026,-0.920037,-0.475587,0.001123,0.001284,11437.16425,6351.651987,1.000318
"theta_t_zerosum__[0, 322]",-0.10146,0.062045,-0.218414,0.013649,0.000667,0.000696,8618.705361,5398.904628,1.000286
"theta_t_zerosum__[0, 323]",-0.142124,0.121178,-0.37058,0.085686,0.001163,0.001534,10977.188387,6014.223646,1.000883
"theta_t_zerosum__[0, 324]",-0.106469,0.076567,-0.247765,0.038658,0.000806,0.000826,9051.238471,6709.080434,1.000002
"theta_t_zerosum__[0, 325]",0.061036,0.077124,-0.081663,0.203447,0.000847,0.000815,8419.017447,5877.460453,1.000099
"theta_t_zerosum__[0, 326]",-0.262262,0.172552,-0.588694,0.060682,0.001664,0.00213,11007.445537,6022.002691,1.000906
"theta_t_zerosum__[0, 327]",-0.131231,0.115464,-0.340685,0.09024,0.001133,0.001507,10448.134201,5256.765971,1.000529
"theta_t_zerosum__[0, 328]",0.14825,0.093751,-0.02545,0.323302,0.000902,0.001208,10980.778038,5891.644993,1.000674
"theta_t_zerosum__[0, 329]",0.369146,0.094954,0.186351,0.54364,0.001165,0.001098,6576.0361,5972.920573,1.000419
"theta_t_zerosum__[0, 330]",-1.087899,0.338662,-1.720668,-0.44593,0.004867,0.004965,4966.987018,4630.657411,1.000404
"theta_t_zerosum__[0, 331]",-0.526747,0.276729,-1.05811,-0.011247,0.003741,0.004088,5555.998699,4181.271702,1.00023
"theta_t_zerosum__[0, 332]",0.084922,0.211334,-0.322815,0.46566,0.002268,0.003023,9354.353386,5920.977571,1.000251
"theta_t_zerosum__[0, 333]",0.185729,0.526353,-0.795793,1.220062,0.005326,0.007069,9984.57977,5368.157017,1.000237
"theta_t_zerosum__[0, 334]",0.291999,0.163236,-0.00667,0.608913,0.001619,0.002304,10148.645182,6058.406138,1.000743
"theta_t_zerosum__[0, 335]",0.335037,0.212584,-0.066141,0.740785,0.001977,0.003483,11759.608469,5756.708048,1.00001
"theta_t_zerosum__[0, 336]",0.356005,0.153345,0.058652,0.63995,0.002175,0.002515,5458.474962,4066.263525,1.000694
"theta_t_zerosum__[0, 337]",0.660833,0.081794,0.502746,0.811714,0.001044,0.00093,6139.555723,5737.49241,1.000224
"theta_t_zerosum__[0, 338]",0.745512,0.123923,0.506381,0.971708,0.001188,0.001497,11172.408188,5792.557218,1.000004
"theta_t_zerosum__[0, 339]",0.618612,0.146695,0.360083,0.909859,0.001441,0.001837,11093.515397,5948.206854,1.001288
"theta_t_zerosum__[0, 340]",0.39657,0.092196,0.228098,0.570791,0.000992,0.001029,8860.984604,5554.961934,1.000754
"theta_t_zerosum__[0, 341]",0.797987,0.0734,0.657128,0.932128,0.000779,0.000767,8880.307861,5959.424834,1.00019
"theta_t_zerosum__[0, 342]",0.901376,0.262464,0.445052,1.390448,0.003112,0.005011,9267.363588,4363.176515,1.000682
"theta_t_zerosum__[0, 343]",0.901081,0.094933,0.719602,1.073536,0.001021,0.001093,8686.408727,6081.50766,0.999927
"theta_t_zerosum__[0, 344]",1.112251,0.224519,0.707431,1.538789,0.002334,0.003051,10415.512394,5055.725612,1.000338
"theta_t_zerosum__[0, 345]",1.149833,0.067943,1.024211,1.280127,0.000883,0.000661,5937.287117,6487.613513,1.000026
"theta_t_zerosum__[0, 346]",0.482187,0.301897,-0.123706,1.004713,0.004134,0.005485,6378.721533,4264.084372,1.000341
"theta_t_zerosum__[0, 347]",0.556031,0.114632,0.344151,0.774054,0.001131,0.001328,10271.191711,6229.035047,1.00007
"theta_t_zerosum__[0, 348]",0.728125,0.183678,0.394484,1.079042,0.001771,0.002479,11569.496946,5275.096674,1.000403
"theta_t_zerosum__[0, 349]",0.447352,0.163257,0.12224,0.737843,0.001485,0.002222,12417.582348,5934.860488,1.000099
"theta_t_zerosum__[0, 350]",0.432132,0.164901,0.123692,0.738858,0.001442,0.002015,13156.339999,5959.811728,1.000621
"theta_t_zerosum__[0, 351]",0.269192,0.232479,-0.176248,0.700595,0.003066,0.005232,6229.259125,3004.953696,1.000438
"theta_t_zerosum__[0, 352]",1.266626,0.063368,1.146192,1.386292,0.000859,0.000601,5442.631015,6559.175977,1.000301
"theta_t_zerosum__[0, 353]",1.016783,0.284455,0.517132,1.578365,0.002854,0.003726,10250.108501,6215.221059,0.999901
"theta_t_zerosum__[0, 354]",1.258592,0.156767,0.971355,1.557639,0.001921,0.002009,7142.019192,5667.446399,1.000576
"theta_t_zerosum__[0, 355]",0.534587,0.175839,0.21402,0.87293,0.001566,0.002177,12554.20873,5995.256443,1.001109
"theta_t_zerosum__[0, 356]",0.746705,0.176142,0.402157,1.060113,0.001655,0.002248,11913.206063,6054.249337,0.999779
"theta_t_zerosum__[0, 357]",0.500273,0.163341,0.209406,0.828386,0.0015,0.00235,12304.178166,5748.469704,1.001023
"theta_t_zerosum__[0, 358]",0.44647,0.162093,0.144297,0.747809,0.001473,0.002096,12526.093818,5708.860206,1.001564
"theta_t_zerosum__[0, 359]",1.330765,0.157683,1.048245,1.649438,0.00149,0.001892,11412.619246,5363.6499,1.002013
"theta_t_zerosum__[0, 360]",1.078567,0.217921,0.66986,1.469483,0.002222,0.002964,10886.287362,5745.639511,0.999928
"theta_t_zerosum__[0, 361]",0.935345,0.205336,0.586002,1.355695,0.002011,0.002764,11460.146729,5146.855667,0.999919
"theta_t_zerosum__[0, 362]",1.015682,0.238995,0.588511,1.480886,0.002329,0.00286,10810.595954,5364.04064,1.000271
"theta_t_zerosum__[0, 363]",1.406855,0.186919,1.072325,1.780213,0.001837,0.002331,10862.89172,5914.254354,1.001832
"theta_t_zerosum__[0, 364]",0.938169,0.199154,0.586942,1.326599,0.001953,0.002735,11399.406366,5526.500459,1.001237
"theta_t_zerosum__[0, 365]",0.910093,0.199682,0.531625,1.256781,0.001933,0.003049,11753.325087,5119.435767,1.000115
"theta_t_zerosum__[0, 366]",0.938446,0.24781,0.486484,1.408627,0.002288,0.003422,12179.777781,5720.225838,0.999975
"theta_t_zerosum__[0, 367]",0.041051,0.219997,-0.378385,0.453828,0.002174,0.003426,10947.423853,5833.952769,0.999873
"theta_t_zerosum__[0, 368]",-0.561002,0.09853,-0.741024,-0.368759,0.000941,0.001198,11198.692142,5685.618501,1.000422
"theta_t_zerosum__[0, 369]",-0.502396,0.22686,-0.911367,-0.06989,0.002443,0.002979,9678.411087,5527.463245,1.000091
"theta_t_zerosum__[0, 370]",-0.745068,0.11026,-0.96281,-0.548873,0.001078,0.001374,10689.258268,5958.463429,1.000313
"theta_t_zerosum__[0, 371]",-1.779034,0.129772,-2.023749,-1.53888,0.001557,0.001492,7073.596551,5415.261683,0.999944
"theta_t_zerosum__[0, 372]",-0.695031,0.151474,-0.968501,-0.400988,0.001503,0.001661,10170.988661,6305.001154,1.000466
"theta_t_zerosum__[0, 373]",-0.259312,0.080181,-0.408926,-0.108161,0.00088,0.000914,8340.58859,6164.343751,1.000144
"theta_t_zerosum__[0, 374]",-1.10067,0.175339,-1.43768,-0.775815,0.001692,0.002032,10751.983328,6197.862133,1.000247
"theta_t_zerosum__[0, 375]",-0.950188,0.324175,-1.53158,-0.312937,0.004701,0.005841,5042.536653,3741.500569,1.00013
"theta_t_zerosum__[0, 376]",0.409974,0.287512,-0.1197,0.970284,0.002647,0.003722,12243.548954,5403.937952,1.000535
"theta_t_zerosum__[0, 377]",-0.516435,0.642998,-1.746865,0.640448,0.005803,0.007724,12625.997504,5940.575314,0.999931
"theta_t_zerosum__[0, 378]",0.606397,0.176658,0.251733,0.916163,0.001601,0.002375,12234.784214,5647.718809,1.000503
"theta_t_zerosum__[0, 379]",0.50009,0.165745,0.184386,0.803738,0.001491,0.002119,12963.365006,5925.185215,1.000659
"theta_t_zerosum__[0, 380]",-1.059706,0.110023,-1.258652,-0.849078,0.001162,0.001195,8997.750048,6410.922614,1.000339
"theta_t_zerosum__[0, 381]",0.067443,0.204916,-0.329444,0.436261,0.002159,0.00246,9624.958943,6098.575756,1.000759
"theta_t_zerosum__[0, 382]",0.117568,0.190515,-0.233398,0.484825,0.002345,0.002342,6973.472239,5292.013163,1.000435
"theta_t_zerosum__[0, 383]",0.610685,0.100597,0.430718,0.803621,0.001059,0.001153,9035.354948,5950.984025,1.000096
"theta_t_zerosum__[0, 384]",0.362823,0.500851,-0.628183,1.244507,0.007359,0.00902,5446.594695,4085.283376,1.000214
"theta_t_zerosum__[0, 385]",0.892255,0.103239,0.70475,1.092609,0.001031,0.001319,10074.862442,5870.598968,1.000569
"theta_t_zerosum__[0, 386]",0.868044,0.109004,0.66285,1.072892,0.001243,0.001258,7756.478092,6005.948071,1.001194
"theta_t_zerosum__[0, 387]",1.339313,0.147217,1.064571,1.615816,0.002133,0.001377,4768.860141,5975.764038,1.000205
"theta_t_zerosum__[0, 388]",0.166414,0.295529,-0.403244,0.706525,0.002761,0.003777,11530.504531,5465.150463,1.00003
"theta_t_zerosum__[0, 389]",-0.212591,0.714222,-1.65268,0.997831,0.007563,0.008211,9388.49568,5925.704167,1.000878
"theta_t_zerosum__[0, 390]",-0.823413,0.075438,-0.96795,-0.686634,0.000867,0.00078,7617.575182,5959.142725,1.000641
"theta_t_zerosum__[0, 391]",-0.906057,0.116806,-1.126535,-0.683872,0.001202,0.001401,9637.971621,5800.883463,1.00023
"theta_t_zerosum__[0, 392]",-0.790088,0.093215,-0.965946,-0.617831,0.000915,0.001018,10461.654603,6533.368906,1.000166
"theta_t_zerosum__[0, 393]",-0.442026,0.101595,-0.629875,-0.24484,0.001037,0.00125,9639.329408,5664.879055,1.000207
"theta_t_zerosum__[0, 394]",-0.407489,0.111553,-0.61313,-0.190789,0.001039,0.001286,11569.956699,6177.048852,0.999789
"theta_t_zerosum__[0, 395]",-0.550767,0.058383,-0.656802,-0.438227,0.000679,0.000602,7414.311102,6204.121225,1.000982
"theta_t_zerosum__[0, 396]",-0.410948,0.101498,-0.614446,-0.228698,0.000979,0.001315,10876.330151,5165.918292,1.001174
"theta_t_zerosum__[0, 397]",-0.053461,0.853293,-1.600598,1.614743,0.007567,0.011351,12882.026865,5945.311013,1.000551
"theta_t_zerosum__[0, 398]",-0.238973,0.299646,-0.782795,0.33251,0.00298,0.003898,11058.422311,5103.169824,0.999883
"theta_t_zerosum__[0, 399]",-0.268303,0.060375,-0.382799,-0.156426,0.000638,0.000697,8969.36565,6105.589738,1.000643
"theta_t_zerosum__[0, 400]",0.225521,0.071753,0.091461,0.356757,0.00074,0.000733,9383.810202,6523.602868,1.000428
"theta_t_zerosum__[0, 401]",0.07163,0.084484,-0.085608,0.232411,0.001016,0.000835,6903.710493,6634.741671,1.000571
"theta_t_zerosum__[0, 402]",-0.240234,0.087285,-0.406115,-0.078049,0.000869,0.001108,10061.186429,5617.23067,1.000205
"theta_t_zerosum__[0, 403]",0.153505,0.060134,0.037486,0.262224,0.000621,0.000647,9350.738158,6250.760362,1.001183
"theta_t_zerosum__[0, 404]",-0.276943,0.219815,-0.680107,0.130715,0.002633,0.002712,7557.234738,4868.257549,1.001359
"theta_t_zerosum__[0, 405]",-0.18445,0.09449,-0.369441,-0.01547,0.000905,0.001148,10946.591894,5766.341203,1.00104
"theta_t_zerosum__[0, 406]",-0.149055,0.057048,-0.253941,-0.041087,0.00063,0.000599,8193.85888,5900.790464,1.000157
"theta_t_zerosum__[0, 407]",-0.232795,0.074692,-0.374969,-0.095973,0.000796,0.000751,8799.473713,6715.139642,1.000697
"theta_t_zerosum__[0, 408]",-0.285185,0.260516,-0.790471,0.190499,0.003493,0.005367,5860.701288,4477.582788,1.000505
"theta_t_zerosum__[0, 409]",-0.430615,0.077395,-0.575094,-0.284675,0.00083,0.000893,8750.005438,6060.820232,1.000413
"theta_t_zerosum__[0, 410]",-1.013048,0.331465,-1.6435,-0.398608,0.004335,0.005659,5998.633663,4495.791513,1.000657
"theta_t_zerosum__[0, 411]",0.837858,0.092265,0.660385,1.008389,0.000894,0.001127,10640.205724,5985.006162,1.000079
"theta_t_zerosum__[0, 412]",0.910255,0.248954,0.449879,1.370753,0.002771,0.003358,9335.587898,5223.966687,1.000565
"theta_t_zerosum__[0, 413]",0.878154,0.108448,0.679556,1.084298,0.00099,0.001342,12144.293053,6262.721828,1.000386
"theta_t_zerosum__[0, 414]",0.400888,0.137801,0.157387,0.675406,0.00129,0.001602,11429.746848,6342.790989,0.999781
"theta_t_zerosum__[0, 415]",1.051226,0.078979,0.908401,1.201929,0.000955,0.000836,6860.322972,6364.27361,1.000436
"theta_t_zerosum__[0, 416]",0.663599,0.240511,0.20278,1.112462,0.002458,0.003641,9999.615894,5685.988924,1.00057
"theta_t_zerosum__[0, 417]",0.52027,0.111617,0.313364,0.72972,0.001091,0.001445,11009.751224,5864.150216,0.999804
"theta_t_zerosum__[0, 418]",0.485482,0.102279,0.301482,0.68551,0.000924,0.001426,12232.016796,5836.836465,1.000133
"theta_t_zerosum__[0, 419]",0.365172,0.163058,0.068361,0.677313,0.001447,0.00213,13295.78309,6048.948364,1.000188
"theta_t_zerosum__[0, 420]",0.469764,0.132236,0.225042,0.717683,0.001266,0.001567,11013.863739,6313.920639,1.000877
"theta_t_zerosum__[0, 421]",0.369025,0.115661,0.155254,0.585155,0.001079,0.001414,11856.007216,5957.135168,1.00086
"theta_t_zerosum__[0, 422]",-0.031207,0.142404,-0.282579,0.249456,0.001231,0.001811,13538.342964,6219.736555,1.000176
"theta_t_zerosum__[0, 423]",0.267966,0.0963,0.086949,0.446108,0.000991,0.001074,9502.23476,6348.618866,1.00014
"theta_t_zerosum__[0, 424]",-0.262997,0.142272,-0.515146,0.016381,0.001307,0.001979,11821.174768,5435.380431,1.000698
"theta_t_zerosum__[0, 425]",0.09148,0.314672,-0.505754,0.628051,0.003963,0.006239,8198.031364,4209.167381,1.000658
"theta_t_zerosum__[0, 426]",1.4035,0.140478,1.144228,1.67572,0.0015,0.001619,8834.742882,6605.330043,1.000465
"theta_t_zerosum__[0, 427]",0.975205,0.112461,0.771526,1.193506,0.001591,0.001186,5002.644223,5237.409832,1.000472
"theta_t_zerosum__[0, 428]",0.317669,0.593319,-0.776876,1.428722,0.006054,0.008157,9990.610923,5682.718623,1.001142
"theta_t_zerosum__[0, 429]",0.825057,0.141604,0.56161,1.087677,0.001338,0.00169,11504.06081,5927.247334,1.000703
"theta_t_zerosum__[0, 430]",0.272506,0.107558,0.07159,0.472881,0.001034,0.001288,10824.343853,6361.234462,1.000691
"theta_t_zerosum__[0, 431]",0.996888,0.087875,0.829219,1.162176,0.001019,0.001085,7389.863975,5564.331254,1.001726
"theta_t_zerosum__[0, 432]",0.960026,0.247258,0.505824,1.451605,0.00255,0.004122,10021.412747,5188.769175,1.000137
"theta_t_zerosum__[0, 433]",1.045227,0.171999,0.70119,1.345951,0.001744,0.002223,9813.92111,5450.461824,1.000382
"theta_t_zerosum__[0, 434]",1.040735,0.250991,0.578141,1.527611,0.002443,0.003984,10763.939971,5688.887489,0.999903
"theta_t_zerosum__[0, 435]",1.016487,0.122608,0.789005,1.249973,0.001312,0.001273,8764.46127,6434.261941,1.001272
"theta_t_zerosum__[0, 436]",0.726731,0.165469,0.408101,1.028646,0.001514,0.002104,12555.276624,5580.569176,1.000079
"theta_t_zerosum__[0, 437]",1.089393,0.133488,0.842628,1.341491,0.001407,0.001759,9067.673706,5783.047075,1.000386
"theta_t_zerosum__[0, 438]",0.634403,0.220347,0.240979,1.057971,0.004428,0.002614,2668.411361,2755.885167,1.000352
"theta_t_zerosum__[0, 439]",0.894369,0.107516,0.691881,1.097117,0.001139,0.001314,8890.302659,5718.528865,1.000581
"theta_t_zerosum__[0, 440]",1.204432,0.217983,0.797274,1.597006,0.002177,0.003385,11348.745687,5365.789548,1.001089
"theta_t_zerosum__[0, 441]",1.035898,0.147604,0.748091,1.305724,0.00143,0.002196,10582.090844,5885.755703,1.000765
"theta_t_zerosum__[0, 442]",0.955099,0.231732,0.525022,1.39881,0.002102,0.002805,12214.115321,6058.81819,1.000577
"theta_t_zerosum__[0, 443]",1.117694,0.183186,0.776835,1.460886,0.002548,0.002193,5182.468122,5684.253156,1.000936
"theta_t_zerosum__[0, 444]",0.974077,0.192208,0.615891,1.342513,0.00211,0.002828,8702.851315,4752.203611,1.000934
"theta_t_zerosum__[0, 445]",1.209761,0.079777,1.055394,1.354931,0.001078,0.000813,5477.994376,6288.577663,0.999874
"theta_t_zerosum__[0, 446]",0.763958,0.177453,0.43357,1.093798,0.001806,0.002244,10144.105727,5385.181457,0.999999
"theta_t_zerosum__[0, 447]",1.079099,0.220963,0.683812,1.494952,0.002282,0.003227,10923.715913,5013.692252,0.999964
"theta_t_zerosum__[0, 448]",0.466678,0.163896,0.155041,0.767959,0.001481,0.00228,12760.252717,5120.905373,1.000818
"theta_t_zerosum__[0, 449]",1.303461,0.204277,0.903173,1.677895,0.002577,0.002489,6280.739179,5537.064466,1.000463
"theta_t_zerosum__[0, 450]",1.411713,0.098175,1.221895,1.588833,0.001328,0.000947,5498.981378,6350.163311,0.99987
"theta_t_zerosum__[0, 451]",0.778227,0.179956,0.444164,1.120779,0.001628,0.002357,12620.675949,5595.935633,0.999911
"theta_t_zerosum__[0, 452]",-0.154465,0.609938,-1.373029,0.929796,0.006434,0.008494,9475.364005,5864.153068,1.000011
"theta_t_zerosum__[0, 453]",0.145108,0.148051,-0.121217,0.425928,0.001327,0.002031,12619.12571,5700.643761,1.000733
"theta_t_zerosum__[0, 454]",0.989964,0.169106,0.685066,1.328829,0.001487,0.002162,13184.363579,5548.174691,1.000317
"theta_t_zerosum__[0, 455]",0.539599,0.160155,0.24053,0.843243,0.001487,0.001976,11819.13309,5943.630031,1.000322
"theta_t_zerosum__[0, 456]",0.38171,0.159795,0.086146,0.683495,0.00148,0.002158,12043.982857,5851.258467,1.000181
"theta_t_zerosum__[0, 457]",-0.084381,0.147755,-0.364709,0.193132,0.001345,0.001932,12103.951127,5838.10432,1.000341
"theta_t_zerosum__[0, 458]",0.81474,0.286905,0.274947,1.346013,0.002519,0.00424,13022.892661,5025.577151,1.001087
"theta_t_zerosum__[0, 459]",1.342028,0.139355,1.076581,1.598919,0.001386,0.001702,10233.205898,5839.740188,1.000492
"theta_t_zerosum__[0, 460]",1.484659,0.246612,1.028032,1.936411,0.002415,0.003055,11401.390533,5771.987777,1.000555
"theta_t_zerosum__[0, 461]",0.920776,0.278262,0.39791,1.448282,0.002507,0.003703,12318.587759,5715.869241,1.000098
"theta_t_zerosum__[0, 462]",1.435077,0.199827,1.077027,1.818923,0.001904,0.002542,11706.931399,6078.64731,1.000251
"theta_t_zerosum__[0, 463]",1.500436,0.263747,1.032485,2.00634,0.002631,0.003927,12139.531357,4458.503822,1.000827
"theta_t_zerosum__[0, 464]",1.523038,0.221936,1.068089,1.913008,0.002454,0.003116,8107.817295,4739.742594,1.000465
"theta_t_zerosum__[0, 465]",1.163597,0.168606,0.850444,1.475696,0.001553,0.002162,12313.982891,5252.853941,1.000188
"theta_t_zerosum__[0, 466]",1.194478,0.249861,0.745366,1.686731,0.002251,0.003234,12301.555501,5909.984963,1.000501
"theta_t_zerosum__[0, 467]",0.646546,0.158068,0.346357,0.94119,0.001465,0.002006,11991.571459,5841.309411,1.00131
"theta_t_zerosum__[0, 468]",1.902687,0.20218,1.527994,2.289115,0.002964,0.002273,4613.715269,5661.91673,1.000728
"theta_t_zerosum__[0, 469]",1.42324,0.12952,1.178141,1.667346,0.001788,0.001657,5268.955911,5626.979049,1.000308
"theta_t_zerosum__[0, 470]",1.045319,0.283896,0.545536,1.620308,0.002471,0.003775,13285.246916,5758.022857,1.000319
"theta_t_zerosum__[0, 471]",0.759139,0.156294,0.457223,1.046784,0.001392,0.001954,13027.550462,5717.0956,0.999892
"theta_t_zerosum__[0, 472]",1.222716,0.175739,0.905892,1.551943,0.001637,0.002282,12058.435808,5877.222118,0.999797
"theta_t_zerosum__[0, 473]",0.762729,0.282699,0.223676,1.283223,0.00254,0.00389,12484.306875,5065.219981,1.000714
"theta_t_zerosum__[0, 474]",0.195232,0.138226,-0.070296,0.45896,0.001261,0.001887,12075.390611,5284.296557,1.000428
"theta_t_zerosum__[0, 475]",0.788019,0.26526,0.305228,1.27594,0.002966,0.00288,8322.860173,5834.907841,1.000533
"theta_t_zerosum__[0, 476]",1.001039,0.283371,0.475756,1.538978,0.00244,0.003691,13513.302485,5548.946659,1.000144
"theta_t_zerosum__[0, 477]",1.414528,0.28466,0.883476,1.950267,0.00246,0.003852,13411.127612,5982.655449,1.000171
"theta_t_zerosum__[0, 478]",1.237584,0.189482,0.883249,1.590805,0.001749,0.00235,12145.090781,6061.119349,1.000065
"theta_t_zerosum__[0, 479]",1.506412,0.132035,1.26154,1.754854,0.001546,0.001466,7269.619039,5978.504548,1.000611
"theta_t_zerosum__[0, 480]",1.382693,0.290237,0.830913,1.922308,0.002574,0.003798,12770.572738,5727.280977,0.999844
"theta_t_zerosum__[0, 481]",0.801475,0.159639,0.507129,1.101796,0.001488,0.00205,11803.759362,6004.679976,1.001396
"theta_t_zerosum__[0, 482]",1.326449,0.383037,0.589767,1.99662,0.004623,0.003882,6907.351823,6451.130581,1.000179
"theta_t_zerosum__[0, 483]",1.358083,0.28699,0.844985,1.923384,0.002568,0.003777,12487.846047,5795.316838,0.999771
"theta_t_zerosum__[0, 484]",1.008576,0.277828,0.467184,1.521605,0.002448,0.003678,12820.389684,6000.091512,0.999976
"theta_t_zerosum__[0, 485]",0.99543,0.164681,0.7003,1.313382,0.001531,0.00195,11809.426912,6344.253855,1.000027
"theta_t_zerosum__[0, 486]",1.334713,0.182019,0.99029,1.665636,0.001692,0.002564,12035.803967,5647.784542,0.999764
"theta_t_zerosum__[0, 487]",0.982884,0.280439,0.470654,1.532199,0.002517,0.003856,12410.373725,5217.206868,1.001439
"theta_t_zerosum__[0, 488]",0.597539,0.152865,0.311575,0.892525,0.001397,0.002007,12148.74745,5495.08171,1.000505
"theta_t_zerosum__[0, 489]",0.945923,0.27194,0.476398,1.487854,0.00303,0.002948,8300.774503,5522.847091,1.000604
"theta_t_zerosum__[0, 490]",1.093844,0.283484,0.575057,1.636843,0.002438,0.003557,13565.369354,5682.213627,1.001421
"theta_t_zerosum__[0, 491]",-2.244817,0.187709,-2.597622,-1.899789,0.001868,0.002163,10131.195237,5856.019311,0.999951
"theta_t_zerosum__[0, 492]",-2.228685,0.328078,-2.85624,-1.625276,0.003269,0.004125,10229.377346,6475.52293,1.000947
"theta_t_zerosum__[0, 493]",-2.024785,0.274086,-2.538446,-1.512806,0.00262,0.003339,11020.19454,5849.6537,1.000131
"theta_t_zerosum__[0, 494]",0.210509,0.101643,0.019957,0.399874,0.000967,0.001175,11036.979463,5645.362721,1.000526
"theta_t_zerosum__[0, 495]",0.338329,0.113988,0.129953,0.563128,0.001139,0.001563,10072.725185,5633.054076,1.001254
"theta_t_zerosum__[0, 496]",-0.010392,0.31991,-0.639391,0.530997,0.004062,0.004917,7487.008339,4773.118563,1.00027
"theta_t_zerosum__[0, 497]",-0.331902,0.134026,-0.590936,-0.08797,0.001256,0.001595,11364.203509,6021.081408,0.99993
"theta_t_zerosum__[0, 498]",0.048776,0.300628,-0.519752,0.596046,0.002801,0.004333,11765.20726,5434.505974,1.000472
"theta_t_zerosum__[0, 499]",-0.789109,0.411301,-1.575832,-0.062008,0.0049,0.004945,7981.30831,5239.801559,1.000477
"theta_t_zerosum__[0, 500]",0.202698,0.238598,-0.251097,0.656586,0.003272,0.006072,6039.893571,4283.615057,1.001049
"theta_t_zerosum__[0, 501]",0.345149,0.230637,-0.090265,0.787773,0.003064,0.005018,6303.221345,4048.178848,1.001419
"theta_t_zerosum__[0, 502]",0.832133,0.232208,0.409636,1.292054,0.003141,0.0057,5978.077251,2789.091132,1.001335
"theta_t_zerosum__[0, 503]",-0.405481,0.268819,-0.914274,0.088544,0.003803,0.005381,5261.190698,3473.402639,1.000712
"theta_t_zerosum__[0, 504]",-0.864062,0.307126,-1.464709,-0.30745,0.004041,0.00473,5939.756634,4530.551189,1.002258
"theta_t_zerosum__[0, 505]",-2.332614,0.258051,-2.822622,-1.856702,0.002555,0.002917,10231.733078,6172.534462,1.000939
"theta_t_zerosum__[0, 506]",-0.508598,0.177158,-0.834329,-0.158772,0.001629,0.002169,11839.717255,5922.913296,1.00057
"theta_t_zerosum__[0, 507]",-0.537966,0.320723,-1.160099,0.030904,0.00327,0.004779,10191.568296,5987.372449,1.002055
"theta_t_zerosum__[0, 508]",-0.23188,0.060446,-0.343919,-0.120246,0.00069,0.000599,7682.199671,6386.549005,1.000055
"theta_t_zerosum__[0, 509]",0.358172,0.228768,-0.060465,0.781219,0.00203,0.002859,13311.423921,5798.018045,1.001294
"theta_t_zerosum__[0, 510]",0.268889,0.092682,0.089235,0.442112,0.000812,0.001143,13184.367906,5886.677011,1.000227
"theta_t_zerosum__[0, 511]",0.346808,0.103449,0.156,0.542053,0.001054,0.001286,9681.060719,5701.211228,1.000814
"theta_t_zerosum__[0, 512]",0.320394,0.105795,0.123547,0.521162,0.001112,0.001218,9252.179044,5911.703221,1.000677
"theta_t_zerosum__[0, 513]",0.383424,0.216025,-0.004878,0.806446,0.002064,0.002702,11247.569442,5395.13774,1.000304
"theta_t_zerosum__[0, 514]",0.645251,0.081564,0.494288,0.800705,0.001009,0.000911,6649.62047,5830.662654,1.00066
"theta_t_zerosum__[0, 515]",0.812876,0.259566,0.369894,1.320947,0.002962,0.004288,9473.01955,4315.387265,1.000497
"theta_t_zerosum__[0, 516]",0.447439,0.129331,0.204392,0.69503,0.001491,0.002173,8093.991518,4854.645845,1.000262
"theta_t_zerosum__[0, 517]",1.063784,0.170833,0.742015,1.383806,0.001743,0.002215,9634.204809,6098.060561,1.000425
"theta_t_zerosum__[0, 518]",0.498856,0.495584,-0.514967,1.331724,0.007039,0.00855,5877.859059,3954.952379,1.000639
"theta_t_zerosum__[0, 519]",0.304684,0.141643,0.050644,0.58137,0.001826,0.002835,6894.530903,4567.284449,1.000124
"theta_t_zerosum__[0, 520]",-0.078166,0.652087,-1.304728,1.13041,0.005983,0.008522,12383.127942,5757.750789,1.00098
"theta_t_zerosum__[0, 521]",1.070921,0.204654,0.719106,1.477416,0.001973,0.002358,11383.636461,6488.556537,1.000026
"theta_t_zerosum__[0, 522]",0.932052,0.147209,0.669538,1.228604,0.001419,0.001743,10993.109621,5523.999892,1.000564
"theta_t_zerosum__[0, 523]",1.281768,0.132372,1.031408,1.52709,0.001379,0.001753,9282.518965,6216.530848,0.999901
"theta_t_zerosum__[0, 524]",1.139139,0.289923,0.599635,1.692086,0.003042,0.003423,9352.054679,6299.910198,1.001062
"theta_t_zerosum__[0, 525]",0.953465,0.260482,0.456395,1.441144,0.002403,0.003442,11860.279409,5818.253088,1.000262
"theta_t_zerosum__[0, 526]",0.207058,0.29228,-0.341654,0.728384,0.003737,0.005268,7633.456929,4141.05414,1.000271
"theta_t_zerosum__[0, 527]",1.083485,0.169436,0.734884,1.38124,0.002004,0.002637,7309.522466,5079.711733,1.000672
"theta_t_zerosum__[0, 528]",-0.49748,0.76881,-1.910186,0.97845,0.007712,0.009554,10168.385827,5856.856363,1.001166
"theta_t_zerosum__[0, 529]",-0.611363,0.762807,-1.986252,0.843185,0.007557,0.01004,10805.954364,5368.832753,1.000083
"theta_t_zerosum__[0, 530]",-0.997069,0.129947,-1.239112,-0.757532,0.001452,0.001468,8169.690356,6065.43242,0.999732
"theta_t_zerosum__[0, 531]",-1.585375,0.122822,-1.823549,-1.357759,0.001467,0.001393,7152.399948,6358.093057,1.000237
"theta_t_zerosum__[0, 532]",-1.51443,0.124012,-1.745543,-1.277349,0.001326,0.001517,8761.628264,6357.619196,1.000014
"theta_t_zerosum__[0, 533]",-0.2254,0.858035,-1.856803,1.38594,0.007738,0.012619,12311.365458,5830.010594,1.000588
"theta_t_zerosum__[0, 534]",0.596611,0.121514,0.374154,0.830794,0.001319,0.001404,8522.652073,6039.709957,1.000412
"theta_t_zerosum__[0, 535]",0.814461,0.181155,0.49452,1.171629,0.001703,0.002434,12090.619675,6002.432095,1.000257
"theta_t_zerosum__[0, 536]",0.84613,0.07552,0.710018,0.991254,0.000919,0.000856,6762.796183,6209.869833,0.999997
"theta_t_zerosum__[0, 537]",0.649419,0.484562,-0.31659,1.488959,0.006656,0.008962,6181.993728,3720.513868,0.999938
"theta_t_zerosum__[0, 538]",1.017861,0.108936,0.815465,1.224621,0.001206,0.001126,8261.285669,6245.235991,1.001057
"theta_t_zerosum__[0, 539]",0.93973,0.150224,0.66699,1.229499,0.001389,0.001792,11850.623344,6223.188999,1.000107
"theta_t_zerosum__[0, 540]",1.281999,0.241756,0.852873,1.733147,0.00246,0.0036,11466.898559,5075.779964,1.000656
"theta_t_zerosum__[0, 541]",0.953096,0.171927,0.63864,1.277005,0.001604,0.002515,12111.417735,5230.050892,1.000153
"theta_t_zerosum__[0, 542]",1.421527,0.176037,1.090297,1.750481,0.001686,0.002032,11218.330223,6053.135281,1.000124
"theta_t_zerosum__[0, 543]",1.552613,0.178618,1.20668,1.891577,0.002156,0.002307,6981.380265,5028.103335,1.001547
"theta_t_zerosum__[0, 544]",-0.034226,0.739903,-1.311673,1.459302,0.007374,0.009791,10252.081109,5735.193736,1.000545
"theta_t_zerosum__[0, 545]",-0.336679,0.759338,-1.775831,1.068673,0.007565,0.009838,10449.335887,5469.66677,0.999937
"theta_t_zerosum__[0, 546]",-0.077302,0.743096,-1.424747,1.340237,0.00734,0.00914,10510.969166,5865.495384,1.000528
"theta_t_zerosum__[0, 547]",-0.053314,0.746469,-1.433554,1.351531,0.00687,0.009448,12096.785061,6396.054144,1.001063
"theta_t_zerosum__[0, 548]",-0.179087,0.73661,-1.545823,1.21205,0.007346,0.008925,10336.249511,6091.988113,0.999951
"theta_t_zerosum__[0, 549]",-0.355561,0.868549,-1.946723,1.342018,0.007619,0.011066,13080.631337,5594.177085,1.000394
"theta_t_zerosum__[0, 550]",-0.11062,0.850011,-1.66198,1.563632,0.007522,0.009894,12755.675432,6518.18392,1.000067
"theta_t_zerosum__[0, 551]",0.357463,0.288369,-0.19458,0.883214,0.002722,0.003886,11443.414322,5363.928912,1.000434
"theta_t_zerosum__[0, 552]",-0.264201,0.145575,-0.538547,0.011463,0.001304,0.002115,12569.825313,5056.368173,1.000867
"theta_t_zerosum__[0, 553]",0.107223,0.294412,-0.494969,0.609505,0.002729,0.003808,12003.837502,5632.373401,1.000483
"theta_t_zerosum__[0, 554]",0.317721,0.296042,-0.212867,0.90144,0.002768,0.004584,11695.310758,4526.213332,1.001015
"theta_t_zerosum__[0, 555]",-0.526216,0.309135,-1.102014,0.051602,0.003018,0.003804,10938.660254,5751.025763,1.000147
"theta_t_zerosum__[0, 556]",0.46354,0.301558,-0.113171,0.996767,0.004115,0.005756,6863.686217,3712.344723,1.000152
"theta_t_zerosum__[0, 557]",-0.257619,0.550023,-1.357149,0.68839,0.007522,0.007528,5877.224493,4384.934235,1.000703
"theta_t_zerosum__[0, 558]",0.588801,0.279899,0.053833,1.103815,0.002606,0.003636,11818.582221,5408.589519,1.000274
"theta_t_zerosum__[0, 559]",1.017302,0.280786,0.477491,1.534829,0.00246,0.003475,13060.805154,5978.785838,1.000061
"theta_t_zerosum__[0, 560]",-1.017972,0.122889,-1.258302,-0.794988,0.001328,0.001322,8706.061098,5776.57459,1.000118
"theta_t_zerosum__[0, 561]",-0.947385,0.117332,-1.169894,-0.731903,0.00123,0.001372,9259.605271,5581.697599,0.999924
"theta_t_zerosum__[0, 562]",-0.595242,0.063046,-0.717824,-0.480414,0.000721,0.000644,7665.677463,6605.067663,1.00044
"theta_t_zerosum__[0, 563]",-0.19081,0.062195,-0.304337,-0.071127,0.000666,0.000662,8736.931502,6192.15049,1.000019
"theta_t_zerosum__[0, 564]",-0.198088,0.088534,-0.359523,-0.025813,0.0008,0.001067,12272.920005,6114.263807,1.000208
"theta_t_zerosum__[0, 565]",0.170707,0.294043,-0.404488,0.702504,0.002641,0.003992,12632.540469,5474.047162,1.000438
"theta_t_zerosum__[0, 566]",0.166384,0.101876,-0.014975,0.364649,0.00099,0.001196,10762.332499,5649.579792,1.000466
"theta_t_zerosum__[0, 567]",0.013186,0.297946,-0.586786,0.533201,0.002907,0.004394,10734.201214,5483.077058,1.00068
"theta_t_zerosum__[0, 568]",0.379045,0.292224,-0.183215,0.909333,0.002688,0.003526,11961.037918,5426.387452,1.000024
"theta_t_zerosum__[0, 569]",-0.728053,0.274208,-1.226322,-0.200559,0.002508,0.003737,12416.858242,5177.406381,1.001518
"theta_t_zerosum__[0, 570]",-0.344361,0.098193,-0.53671,-0.168447,0.000938,0.001173,10990.367147,6112.155808,1.001325
"theta_t_zerosum__[0, 571]",-0.324078,0.094084,-0.503219,-0.150564,0.000887,0.001158,11336.546176,6040.387724,1.000351
"theta_t_zerosum__[0, 572]",-0.497489,0.315628,-1.108656,0.070385,0.003147,0.003847,10474.462462,5856.007556,1.000568
"theta_t_zerosum__[0, 573]",-0.498296,0.344061,-1.170336,0.079307,0.004323,0.005741,7397.149614,4985.491078,1.001999
"theta_t_zerosum__[0, 574]",0.405785,0.222343,-0.015496,0.819821,0.002259,0.00432,10274.232668,5088.511906,1.00154
"theta_t_zerosum__[0, 575]",-1.611895,0.116397,-1.835368,-1.396946,0.001249,0.001343,8694.027826,6077.113023,1.000021
"theta_t_zerosum__[0, 576]",-1.264517,0.181644,-1.618351,-0.93617,0.001896,0.002266,9304.182428,6022.62751,1.00078
"theta_t_zerosum__[0, 577]",-1.866213,0.127178,-2.121,-1.641515,0.001562,0.001342,6716.822303,5930.157387,0.999968
"theta_t_zerosum__[0, 578]",1.435704,0.112326,1.218464,1.631947,0.001321,0.001107,7205.28491,5995.548269,1.000541
"theta_t_zerosum__[0, 579]",1.555382,0.093285,1.384416,1.735509,0.001262,0.000956,5489.062451,5948.633188,1.000175
"theta_t_zerosum__[0, 580]",1.489856,0.286253,0.977611,2.047559,0.002712,0.003781,11163.38194,5266.210264,1.000564
"theta_t_zerosum__[0, 581]",0.152051,0.293915,-0.394035,0.710706,0.002629,0.004189,12713.290272,4849.793339,1.000947
"theta_t_zerosum__[0, 582]",0.400645,0.290316,-0.180487,0.915227,0.002663,0.003871,12087.281397,5504.670482,1.000008
"theta_t_zerosum__[0, 583]",0.318022,0.292973,-0.232351,0.877319,0.002701,0.003734,11892.394629,6100.48105,1.000261
"theta_t_zerosum__[0, 584]",0.572478,0.288045,0.04461,1.114574,0.00256,0.003627,12774.13632,5928.555672,1.001093
"theta_t_zerosum__[0, 585]",-0.36894,0.308472,-0.932012,0.22028,0.003038,0.003946,10692.28765,5283.403598,1.000142
"theta_t_zerosum__[0, 586]",-0.070644,0.308806,-0.651848,0.445019,0.004248,0.006118,6902.584937,3628.674229,0.999949
"theta_t_zerosum__[0, 587]",0.500691,0.111615,0.300628,0.716466,0.001029,0.001331,12143.816639,5995.310992,0.999894
"theta_t_zerosum__[0, 588]",0.44677,0.1591,0.132795,0.740864,0.001456,0.001868,12168.384616,5859.569005,1.000169
"theta_t_zerosum__[0, 589]",0.409668,0.068408,0.279696,0.537346,0.000695,0.000793,9727.595917,5880.995329,1.000304
"theta_t_zerosum__[0, 590]",0.622631,0.212851,0.24702,1.04878,0.002218,0.002443,9377.652428,6030.777768,1.000101
"theta_t_zerosum__[0, 591]",0.200606,0.110843,0.003511,0.422879,0.001004,0.001428,12606.13475,5748.210038,0.999826
"theta_t_zerosum__[0, 592]",0.018343,0.083392,-0.138074,0.175786,0.000777,0.000967,11514.915253,6102.035077,1.00037
"theta_t_zerosum__[0, 593]",-0.031172,0.144803,-0.295374,0.244357,0.001324,0.001845,11945.65035,5905.808386,1.001286
"theta_t_zerosum__[0, 594]",0.123539,0.063331,0.003976,0.241779,0.000698,0.000662,8244.580945,5222.866711,1.000112
"theta_t_zerosum__[0, 595]",0.808182,0.083881,0.649339,0.96371,0.000874,0.001059,9210.340488,5944.863001,1.00024
"theta_t_zerosum__[0, 596]",0.646428,0.176232,0.321151,0.983336,0.001733,0.002427,11325.79335,4939.075521,1.000568
"theta_t_zerosum__[0, 597]",0.688119,0.072646,0.55332,0.82819,0.000858,0.000695,7196.02117,6197.574788,1.000087
"theta_t_zerosum__[0, 598]",0.828693,0.108679,0.617377,1.02371,0.001215,0.001311,8182.737281,5488.859801,0.999847
"theta_t_zerosum__[0, 599]",0.419339,0.08802,0.249587,0.582809,0.00082,0.001084,11512.402118,5203.354948,1.00022
"theta_t_zerosum__[0, 600]",0.207969,0.130526,-0.032255,0.454405,0.001156,0.001639,12682.484453,6438.842666,1.00165
"theta_t_zerosum__[0, 601]",0.30373,0.056788,0.197768,0.411571,0.000619,0.000587,8472.249073,6340.763799,1.000406
"theta_t_zerosum__[0, 602]",0.20675,0.218508,-0.200667,0.623696,0.002081,0.002872,11517.857861,5423.9612,0.999928
"theta_t_zerosum__[0, 603]",1.145903,0.182928,0.789986,1.475652,0.001852,0.002105,9803.766376,5937.002531,1.000321
"theta_t_zerosum__[0, 604]",1.017346,0.133097,0.771276,1.267845,0.001322,0.00168,10303.764874,5283.918305,1.000118
"theta_t_zerosum__[0, 605]",0.786853,0.549547,-0.24604,1.839589,0.005195,0.007006,11469.404994,5907.879986,1.000969
"theta_t_zerosum__[0, 606]",0.445762,0.239526,-0.004283,0.880439,0.002208,0.003069,11843.32703,5892.538774,1.001006
"theta_t_zerosum__[0, 607]",0.619658,0.163599,0.299551,0.892563,0.002046,0.001869,6981.769359,6028.281188,1.000072
"theta_t_zerosum__[0, 608]",0.500397,0.07954,0.344302,0.642783,0.000775,0.000926,10572.108771,5571.210505,1.001048
"theta_t_zerosum__[0, 609]",0.466677,0.158932,0.177432,0.77997,0.001463,0.001992,12184.665394,6157.920262,1.001722
"theta_t_zerosum__[0, 610]",0.455276,0.074836,0.314198,0.590771,0.000816,0.00078,8396.907586,6430.6182,0.999722
"theta_t_zerosum__[0, 611]",-1.326181,0.169011,-1.646482,-1.02808,0.001734,0.001985,9889.420411,6207.560689,1.000103
"theta_t_zerosum__[0, 612]",-0.820828,0.118811,-1.055267,-0.609804,0.00119,0.001443,10152.196577,6444.835485,0.999998
"theta_t_zerosum__[0, 613]",-0.609339,0.092255,-0.7796,-0.434685,0.00088,0.001094,11017.137565,6450.866132,1.001245
"theta_t_zerosum__[0, 614]",-0.832313,0.120191,-1.052474,-0.604413,0.001255,0.001412,9363.410976,5904.978775,0.999862
"theta_t_zerosum__[0, 615]",-2.053078,0.183672,-2.401304,-1.713621,0.001887,0.002388,9607.825798,5697.415725,1.000643
"theta_t_zerosum__[0, 616]",0.155313,0.298745,-0.413973,0.70937,0.002682,0.003968,12696.905523,6155.219021,1.000405
"theta_t_zerosum__[0, 617]",-0.637916,0.309326,-1.224537,-0.108213,0.003756,0.004513,8388.773803,4847.836971,1.00046
"theta_t_zerosum__[0, 618]",-2.42765,0.262847,-2.943106,-1.957689,0.002502,0.003132,10995.717919,6380.690976,0.99997
"theta_t_zerosum__[0, 619]",-2.269141,0.192781,-2.62078,-1.897328,0.001945,0.002352,9973.915615,6128.60961,1.000889
"theta_t_zerosum__[0, 620]",-1.91629,0.191386,-2.273065,-1.556595,0.002089,0.002441,8551.127713,5438.320861,1.00103
"theta_t_zerosum__[0, 621]",-2.082687,0.196033,-2.466816,-1.733709,0.002061,0.002099,9127.101744,6656.934329,1.000558
"theta_t_zerosum__[0, 622]",-1.777378,0.183518,-2.106749,-1.417269,0.001805,0.002161,10333.422248,5986.760673,1.00104
"theta_t_zerosum__[0, 623]",-1.056255,0.131249,-1.296937,-0.809568,0.001284,0.00156,10439.913364,6078.611017,1.000655
"theta_t_zerosum__[0, 624]",-0.16327,0.090035,-0.330072,0.004172,0.000855,0.000998,11116.69354,6465.651543,1.000068
"theta_t_zerosum__[0, 625]",-0.102597,0.091246,-0.280661,0.064649,0.000875,0.001147,10825.996171,6159.387663,1.000268
"theta_t_zerosum__[0, 626]",-0.176901,0.096272,-0.357472,0.00708,0.000914,0.001158,11110.371955,5742.933981,1.00061
"theta_t_zerosum__[0, 627]",-0.312791,0.10163,-0.50129,-0.118819,0.000986,0.001284,10494.99397,5552.879864,1.001657
"theta_t_zerosum__[0, 628]",-0.733921,0.273818,-1.263777,-0.239082,0.00274,0.004251,10873.874023,4897.98543,1.000292
"theta_t_zerosum__[0, 629]",-0.490524,0.28813,-1.030756,0.038195,0.002612,0.003687,12856.289785,5832.928726,1.000945
"theta_t_zerosum__[0, 630]",-0.739438,0.158087,-1.037342,-0.450247,0.001483,0.002062,11566.417182,5659.662617,0.999859
"theta_t_zerosum__[0, 631]",-0.795928,0.157107,-1.099346,-0.506004,0.001476,0.002176,11514.984009,6093.360114,1.001025
"theta_t_zerosum__[0, 632]",-0.435686,0.088187,-0.601404,-0.268333,0.00088,0.001118,10066.75048,5592.447645,1.000636
"theta_t_zerosum__[0, 633]",-0.219096,0.306079,-0.815841,0.336931,0.002962,0.004064,12072.832531,5465.97988,1.000002
"theta_t_zerosum__[0, 634]",-0.261208,0.09831,-0.445028,-0.07384,0.00092,0.001187,11435.095409,5949.90519,1.001144
"theta_t_zerosum__[0, 635]",-0.200059,0.083212,-0.360285,-0.046626,0.000812,0.000988,10567.930697,6182.021726,1.001234
"theta_t_zerosum__[0, 636]",-0.810684,0.207538,-1.208044,-0.42155,0.001913,0.002323,11787.616974,6157.575136,1.000041
"theta_t_zerosum__[0, 637]",-0.055419,0.531533,-1.037603,0.990261,0.005537,0.006999,9336.998429,5503.054901,1.000236
"theta_t_zerosum__[0, 638]",0.210039,0.088606,0.04023,0.371447,0.000886,0.000991,9957.592762,6262.878039,1.00127
"theta_t_zerosum__[0, 639]",-0.087175,0.299546,-0.644393,0.481532,0.002937,0.00425,10901.538447,4856.566424,1.000784
"theta_t_zerosum__[0, 640]",0.481004,0.102813,0.293225,0.677695,0.000972,0.001208,11424.914538,5662.332825,0.999959
"theta_t_zerosum__[0, 641]",-0.390775,0.243678,-0.872129,0.033146,0.002678,0.003128,8756.287194,5519.373582,1.000466
"theta_t_zerosum__[0, 642]",0.701227,0.171431,0.397686,1.036187,0.001581,0.002233,12437.570194,5323.146033,1.001791
"theta_t_zerosum__[0, 643]",0.872238,0.148373,0.597397,1.150261,0.00152,0.001881,9637.864765,5576.124729,1.000629
"theta_t_zerosum__[0, 644]",0.550959,0.485489,-0.406588,1.401458,0.006649,0.008804,6397.763131,4352.674993,1.000324
"theta_t_zerosum__[0, 645]",0.532044,0.117181,0.303729,0.749176,0.001319,0.001516,7930.573181,5674.755559,1.000514
"theta_t_zerosum__[0, 646]",0.748756,0.175413,0.418429,1.075119,0.001607,0.002344,12263.290634,5844.378746,1.000864
"theta_t_zerosum__[0, 647]",1.061909,0.168232,0.75443,1.380981,0.001563,0.00193,12161.773217,6067.533105,1.000267
"theta_t_zerosum__[0, 648]",0.808959,0.124491,0.577458,1.040956,0.001398,0.001379,7763.948816,6152.521153,1.000019
"theta_t_zerosum__[0, 649]",1.108837,0.141616,0.840261,1.364433,0.001404,0.001669,10311.843529,5936.615801,1.000144
"theta_t_zerosum__[0, 650]",0.938286,0.160664,0.632728,1.23945,0.001499,0.002275,11774.70953,5554.530317,1.001419
"theta_t_zerosum__[0, 651]",1.322234,0.233959,0.900739,1.76752,0.002309,0.003108,11665.914595,5463.701406,1.000496
"theta_t_zerosum__[0, 652]",0.181964,0.151992,-0.102513,0.472311,0.00133,0.002204,13309.350863,5458.259145,1.00083
"theta_t_zerosum__[0, 653]",0.149156,0.312451,-0.44185,0.730219,0.003197,0.004375,10104.055805,5281.761643,1.000682
"theta_t_zerosum__[0, 654]",-0.920446,0.894862,-2.524384,0.832345,0.00877,0.010322,10498.807628,6472.587151,1.000228
"theta_t_zerosum__[0, 655]",-0.629311,0.330032,-1.295673,-0.0587,0.003221,0.004264,10927.979066,5908.683893,1.001349
"theta_t_zerosum__[0, 656]",-0.050577,0.605237,-1.172316,1.11531,0.006249,0.007758,9834.479554,5709.327351,1.002704
"theta_t_zerosum__[0, 657]",-0.047153,0.597622,-1.207061,1.047722,0.006395,0.007662,9001.847155,5904.331035,1.000832
"theta_t_zerosum__[0, 658]",-2.399881,0.268717,-2.908488,-1.904247,0.002692,0.003423,10001.053339,5931.492387,1.000693
"theta_t_zerosum__[0, 659]",-1.076046,0.15327,-1.360796,-0.779708,0.001439,0.00189,11345.529117,5982.557275,1.000212
"theta_t_zerosum__[0, 660]",-1.841955,0.185099,-2.206329,-1.51554,0.002088,0.002288,8269.419451,5185.993395,1.000308
"theta_t_zerosum__[0, 661]",-1.673875,0.178504,-1.998281,-1.336619,0.001925,0.002005,8809.037625,6265.811064,1.000348
"theta_t_zerosum__[0, 662]",0.40721,0.292342,-0.135399,0.960582,0.002672,0.004314,12569.310014,4481.932557,1.002085
"theta_t_zerosum__[0, 663]",-2.938724,0.272333,-3.46269,-2.446072,0.002914,0.00315,8849.526177,6020.92151,1.000318
"theta_t_zerosum__[0, 664]",-3.03177,0.268645,-3.538207,-2.530821,0.002815,0.003032,9262.409525,5801.321827,1.000307
"theta_t_zerosum__[0, 665]",-2.473424,0.219898,-2.877263,-2.060659,0.002277,0.002466,9558.637135,5921.430953,0.999859
"theta_t_zerosum__[0, 666]",-1.40664,0.153015,-1.673054,-1.096869,0.001758,0.001737,7575.436509,5786.002085,0.999868
"theta_t_zerosum__[0, 667]",-0.929711,0.165928,-1.231458,-0.610668,0.001982,0.00189,7136.215659,5873.411288,1.000056
"theta_t_zerosum__[0, 668]",-0.571464,0.23324,-0.988432,-0.137629,0.002834,0.005299,8494.350866,4665.663931,1.000105
"theta_t_zerosum__[0, 669]",0.605356,0.22371,0.174541,1.033504,0.002856,0.005306,6370.553053,3756.384246,1.002437
"theta_t_zerosum__[0, 670]",0.157322,0.297565,-0.409219,0.706959,0.002685,0.003884,12623.508806,5572.880489,1.000137
"theta_t_zerosum__[0, 671]",-1.454686,0.125989,-1.692166,-1.222308,0.001276,0.001462,9768.24859,6263.780658,0.99971
"theta_t_zerosum__[0, 672]",-1.5099,0.184287,-1.852337,-1.15558,0.001849,0.002553,9893.154125,5555.931233,0.999982
"theta_t_zerosum__[0, 673]",0.892207,0.840324,-0.6474,2.453591,0.0077,0.009554,11912.596812,6486.477813,0.999885
"theta_t_zerosum__[0, 674]",-0.942947,0.885077,-2.510841,0.787406,0.008931,0.010071,9949.276959,6543.767678,0.999747
"theta_t_zerosum__[0, 675]",-1.847056,0.179481,-2.185121,-1.515856,0.001709,0.002067,11052.19096,6361.398685,1.000067
"theta_t_zerosum__[0, 676]",1.181811,0.601018,0.013865,2.285523,0.006848,0.008934,8332.054776,4733.627593,1.000812
"logA_z_zerosum__[0, 0]",0.309157,0.172744,-0.014223,0.628631,0.002448,0.001756,4988.159353,5404.338511,1.000726
"logA_z_zerosum__[0, 1]",-0.111158,0.680903,-1.380717,1.117287,0.013407,0.009495,2636.112839,3403.494193,1.000429
"logA_z_zerosum__[0, 2]",1.436919,0.231552,1.016145,1.879798,0.004896,0.002592,2241.654776,4384.471192,1.001132
"logA_z_zerosum__[0, 3]",-0.192295,0.217057,-0.599202,0.208196,0.004318,0.004245,2686.243298,2748.389407,1.001263
"logA_z_zerosum__[0, 4]",0.000751,0.168799,-0.318693,0.320767,0.002227,0.002067,6080.281485,5492.574446,1.000862
"logA_z_zerosum__[0, 5]",0.504886,0.147208,0.226825,0.782181,0.002926,0.001765,2542.72469,3752.453787,1.000063
"logA_z_zerosum__[0, 6]",1.494129,0.228884,1.082814,1.936181,0.004418,0.00226,2724.319582,4591.978324,1.002257
"logA_z_zerosum__[0, 7]",-0.35619,0.152667,-0.639088,-0.0638,0.002615,0.001694,3471.37924,4575.36637,1.000126
"logA_z_zerosum__[0, 8]",0.871419,0.392242,0.124443,1.571336,0.005601,0.007167,5388.822615,4418.476217,1.000251
"logA_z_zerosum__[0, 9]",-0.721077,0.356471,-1.393145,-0.087718,0.007003,0.005648,2672.518739,3649.54099,1.000415
"logA_z_zerosum__[0, 10]",-0.751383,0.469563,-1.718038,0.030684,0.010311,0.008012,2195.224894,2804.804078,1.000942
"logA_z_zerosum__[0, 11]",-0.170938,0.632974,-1.416661,0.943049,0.010992,0.006897,3330.43481,4593.098833,1.00083
"logA_z_zerosum__[0, 12]",1.748669,0.243059,1.297986,2.205262,0.005055,0.002622,2319.476067,4132.566485,1.001507
"logA_z_zerosum__[0, 13]",-1.538462,0.502652,-2.495973,-0.631369,0.009852,0.007178,2670.103916,3548.171216,1.000734
"logA_z_zerosum__[0, 14]",0.450219,0.306337,-0.098243,1.05577,0.005473,0.003747,3162.085622,3996.781169,1.000296
"logA_z_zerosum__[0, 15]",0.189801,0.668408,-1.090489,1.409213,0.011986,0.009353,3184.009611,3198.502463,1.000388
"logA_z_zerosum__[0, 16]",-0.712147,0.588402,-1.797221,0.369775,0.011371,0.008611,2812.473433,2939.116495,1.000881
"logA_z_zerosum__[0, 17]",0.756435,0.098443,0.578015,0.940784,0.00237,0.001161,1724.165239,3572.394765,1.002858
"logA_z_zerosum__[0, 18]",-0.127195,0.324047,-0.733482,0.460388,0.003918,0.004255,7468.937479,5345.96714,0.999839
"logA_z_zerosum__[0, 19]",0.458808,0.180647,0.118376,0.804418,0.002229,0.002061,6555.11345,5703.539216,1.000292
"logA_z_zerosum__[0, 20]",0.158342,0.253621,-0.291904,0.65594,0.002894,0.003345,8018.905193,5772.519284,1.000315
"logA_z_zerosum__[0, 21]",0.388371,0.149108,0.099231,0.66034,0.001885,0.001658,6248.44774,5845.550146,0.999898
"logA_z_zerosum__[0, 22]",1.462028,0.206253,1.086972,1.863693,0.004852,0.002362,1792.653453,3562.610622,1.001534
"logA_z_zerosum__[0, 23]",1.303362,0.240855,0.860729,1.758032,0.004775,0.002852,2540.187105,4510.386151,1.001366
"logA_z_zerosum__[0, 24]",-1.308351,0.489953,-2.247948,-0.449319,0.008291,0.007729,3717.583838,3400.552084,1.000522
"logA_z_zerosum__[0, 25]",-0.900967,0.415756,-1.666445,-0.14375,0.006196,0.005089,4724.019793,4818.570766,1.001206
"logA_z_zerosum__[0, 26]",1.978954,0.230097,1.552886,2.400967,0.005805,0.003024,1571.832063,3089.655442,1.002185
"logA_z_zerosum__[0, 27]",0.216195,0.085056,0.050895,0.373575,0.001446,0.000951,3469.921307,5051.350653,1.00069
"logA_z_zerosum__[0, 28]",-0.828056,0.232385,-1.24431,-0.380086,0.003178,0.002733,5542.470025,4389.062898,1.000219
"logA_z_zerosum__[0, 29]",-0.090785,0.138103,-0.348316,0.163895,0.001671,0.00148,6847.17584,5644.690697,0.999923
"logA_z_zerosum__[0, 30]",0.575197,0.178248,0.234877,0.896482,0.0025,0.002119,5079.441574,5240.791513,1.000676
"logA_z_zerosum__[0, 31]",1.219503,0.166074,0.919299,1.536935,0.003791,0.002038,1919.393393,3947.222339,1.000918
"logA_z_zerosum__[0, 32]",0.14521,0.135565,-0.113543,0.397064,0.001671,0.001427,6561.442764,6044.979585,1.000523
"logA_z_zerosum__[0, 33]",-0.373116,0.29372,-0.92463,0.155694,0.003946,0.003991,5971.104544,4754.777306,1.000441
"logA_z_zerosum__[0, 34]",0.78536,0.158446,0.486414,1.080927,0.002847,0.001628,3127.399577,4509.20845,1.000822
"logA_z_zerosum__[0, 35]",-0.395785,0.676918,-1.676237,0.826595,0.008206,0.007613,7087.904295,5542.513024,1.00096
"logA_z_zerosum__[0, 36]",-0.916129,0.222334,-1.35307,-0.525057,0.003484,0.002365,4096.525502,5089.583198,1.000846
"logA_z_zerosum__[0, 37]",-0.937841,0.208377,-1.34111,-0.564537,0.003518,0.002402,3525.887568,4679.081331,1.000882
"logA_z_zerosum__[0, 38]",0.440383,0.33913,-0.179719,1.074676,0.009046,0.006921,1496.082407,1937.317449,1.002173
"logA_z_zerosum__[0, 39]",0.392086,0.228208,-0.051133,0.798053,0.00288,0.00291,6484.705024,5493.703191,1.001728
"logA_z_zerosum__[0, 40]",0.048738,0.235058,-0.420935,0.467699,0.003323,0.002793,5210.211216,4805.135369,1.000554
"logA_z_zerosum__[0, 41]",-0.721547,0.154094,-1.015599,-0.449671,0.003613,0.002128,1828.336377,3490.372964,1.002637
"logA_z_zerosum__[0, 42]",-1.127645,0.509636,-2.089942,-0.200935,0.00886,0.005742,3270.467936,4573.613666,1.0008
"logA_z_zerosum__[0, 43]",-0.182145,0.218895,-0.593638,0.219625,0.002831,0.002751,6211.112937,5117.0388,1.000138
"logA_z_zerosum__[0, 44]",-1.307472,0.574649,-2.369682,-0.222662,0.007651,0.005846,5698.084573,6560.193141,1.000525
"logA_z_zerosum__[0, 45]",-0.198009,0.531265,-1.215381,0.767965,0.013852,0.010599,1589.724171,1939.669083,1.000687
"logA_z_zerosum__[0, 46]",1.006035,0.237361,0.577475,1.4686,0.005481,0.002959,1888.784643,3488.820608,1.001984
"logA_z_zerosum__[0, 47]",1.545395,0.394981,0.781245,2.272425,0.00683,0.005693,3444.488218,3776.174343,1.001301
"logA_z_zerosum__[0, 48]",-1.442073,0.469746,-2.319791,-0.583748,0.006538,0.005194,5346.409389,5264.945647,1.000048
"logA_z_zerosum__[0, 49]",-1.135763,0.284506,-1.67535,-0.618649,0.004712,0.003403,3729.745759,4801.180943,1.000668
"logA_z_zerosum__[0, 50]",-2.264349,0.547418,-3.317531,-1.291474,0.009166,0.006044,3525.530587,4882.437761,1.000962
"logA_z_zerosum__[0, 51]",1.377367,0.223882,0.937772,1.773486,0.004387,0.002678,2610.800373,4333.580648,1.000656
"logA_z_zerosum__[0, 52]",-0.626423,0.34914,-1.291917,0.002476,0.004064,0.004407,8052.466619,5249.235904,1.000309
D_z[ARC (AI2)],-1.225413,0.158541,-1.529174,-0.947847,0.003652,0.001724,1828.817835,3215.996526,1.002662
D_z[Adversarial NLI],-0.608227,0.229406,-1.065247,-0.222816,0.004173,0.00257,3027.524567,4599.596385,1.001204
D_z[Aider Polyglot],0.348107,0.074341,0.211274,0.489203,0.001407,0.000768,2795.57317,4396.19714,1.001581
D_z[AudioMultiChallenge],0.500937,0.083347,0.351325,0.657516,0.001747,0.001141,2233.841657,3397.519512,1.001615
D_z[BALROG],0.643757,0.075827,0.500126,0.780285,0.001854,0.000941,1646.905364,2739.01399,1.002645
D_z[BIG-Bench Hard (BBH)],-1.064338,0.13385,-1.323802,-0.822361,0.003565,0.001749,1395.22725,2582.992372,1.002758
D_z[BioLP-bench],1.080908,0.126102,0.855294,1.326741,0.003249,0.00147,1482.529893,2740.964581,1.004026
D_z[BoolQ],-1.521765,0.162189,-1.8176,-1.216893,0.004491,0.00229,1263.137995,2086.276234,1.00386
D_z[CAD-Eval],0.308499,0.087571,0.148454,0.479524,0.001166,0.000942,5667.614796,6048.860237,1.000669
D_z[CL-Bench],1.245619,0.144053,0.981667,1.511304,0.004068,0.002189,1242.533793,2335.002116,1.002367
D_z[CL-Bench Life],1.492047,0.187921,1.134365,1.838944,0.004998,0.002649,1399.14411,2410.147055,1.003036
D_z[CSQA2],-0.804817,0.227269,-1.257405,-0.413608,0.003884,0.002958,3560.130575,4181.087633,1.00099
D_z[Cybench],1.057811,0.141257,0.803793,1.329981,0.003237,0.001489,1895.533006,4050.765477,1.00327
D_z[DeepResearchBench],0.289066,0.069441,0.167754,0.426366,0.00141,0.000804,2442.132179,3999.773018,1.001242
D_z[ExploitBench],1.635645,0.234596,1.202837,2.071866,0.005633,0.004017,1741.187253,3445.927373,1.003312
D_z[GBAEval],1.449412,0.407536,0.761624,2.244872,0.007376,0.004689,3068.547721,5011.611876,1.001407
D_z[GDP.pdf],1.394229,0.226595,0.974856,1.800219,0.004877,0.002785,2102.541475,3236.283648,1.002776
D_z[GPQA Diamond],-0.241833,0.032812,-0.305114,-0.18172,0.000759,0.000372,1851.664209,3509.297179,1.001654
D_z[GPQA Diamond Biology],-0.287355,0.061759,-0.410013,-0.179064,0.001023,0.000697,3656.624293,4379.953205,1.000784
D_z[GPQA Diamond Chemistry],0.074697,0.045276,-0.013331,0.15688,0.00053,0.000491,7333.231347,6572.850526,1.000397
D_z[GPQA Main Biology],-0.373429,0.061247,-0.48772,-0.261172,0.001227,0.000615,2469.234246,4456.734139,1.00212
D_z[GPQA Main Chemistry],0.143995,0.039225,0.07297,0.219718,0.000617,0.000387,4074.826895,4839.787929,1.000559
D_z[GSM8K],-1.757565,0.233412,-2.191294,-1.316578,0.006355,0.00301,1330.935347,2377.988758,1.001808
D_z[GSO-Bench],2.247235,0.269129,1.748812,2.754756,0.006774,0.003182,1550.275909,3034.521545,1.004749
D_z[LAMBADA],-1.024922,0.155636,-1.320695,-0.743195,0.003589,0.002004,1835.633892,2785.076597,1.00058
D_z[Lech Mazur Writing],-0.658713,0.074758,-0.794355,-0.516327,0.00195,0.000915,1440.575486,2316.836092,1.003947
D_z[MATH Level 5],-0.62047,0.085735,-0.783373,-0.466039,0.001947,0.001062,1896.924477,3193.735903,1.00224
D_z[MMLU],-1.06014,0.10933,-1.259567,-0.855638,0.003153,0.001507,1183.083078,2014.251422,1.004107
D_z[MMLU Biology],-0.643029,0.068427,-0.770396,-0.51612,0.001813,0.000916,1403.711336,2495.774695,1.003806
D_z[MMLU Chemistry],-0.4555,0.053793,-0.560411,-0.358578,0.001318,0.000661,1635.073467,2481.519363,1.002613
D_z[MMLU Pro Biology],-1.204366,0.128479,-1.445076,-0.967974,0.003457,0.001644,1362.875981,2437.63123,1.003856
D_z[MMLU Pro Chemistry],-0.848122,0.09853,-1.022766,-0.658247,0.002497,0.001264,1519.607033,2632.288706,1.002974
D_z[MMLU-Pro],-0.598934,0.067246,-0.724489,-0.472549,0.001774,0.000848,1417.798631,2226.139688,1.003269
D_z[MultiChallenge],0.200169,0.071756,0.068856,0.339101,0.001013,0.000781,5031.857375,5803.218773,1.00039
D_z[MultiNRC],1.048507,0.120361,0.839478,1.286361,0.003064,0.001506,1520.266801,2994.288947,1.004078
D_z[OS World (Screenshot)],0.294739,0.182925,-0.036294,0.649433,0.002085,0.002115,7817.509488,6247.746586,1.000504
D_z[PRBench Finance],0.446203,0.059606,0.33736,0.558657,0.001414,0.000645,1750.422739,3523.832541,1.00293
D_z[PRBench Legal],0.44344,0.056855,0.340722,0.55531,0.001311,0.000664,1858.005773,2881.028137,1.003222
D_z[PostTrainBench],1.728362,0.244327,1.259898,2.176968,0.006998,0.003591,1202.979021,2015.944702,1.004986
D_z[SWE-Bench Pro],0.941233,0.131817,0.694162,1.18366,0.002962,0.001507,1958.708891,3854.931034,1.002595
D_z[SWE-Bench Verified],-0.027936,0.07684,-0.173678,0.115882,0.001026,0.000822,5622.030589,5594.701224,1.001053
D_z[SciCode],0.417374,0.047867,0.327653,0.506447,0.001303,0.000624,1322.10739,2164.50709,1.007251
D_z[ScienceQA],-0.677598,0.132132,-0.93304,-0.453547,0.002592,0.002044,2677.130576,4047.989501,1.002086
D_z[SimpleQA Verified],0.736037,0.098878,0.555559,0.918715,0.002209,0.001077,1959.288955,3348.411975,1.00221
D_z[SpatialViz-Bench],0.402943,0.065185,0.286827,0.529094,0.001327,0.000855,2416.877083,4315.865787,1.001637
D_z[SuperGLUE],-1.403719,0.246942,-1.866004,-0.956571,0.006316,0.003588,1512.677838,2834.715635,1.002408
D_z[TerminalBench],0.925641,0.147053,0.658385,1.202519,0.003654,0.001782,1627.953776,3364.436756,1.002734
D_z[The Agent Company],0.748119,0.118884,0.53436,0.977641,0.002455,0.001216,2340.392814,4377.379513,1.00249
D_z[TriviaQA],-0.936936,0.127456,-1.176865,-0.704781,0.002908,0.001382,1859.866065,3040.170136,1.002626
D_z[TutorBench],0.203155,0.045522,0.118506,0.290363,0.000775,0.000515,3480.78785,5015.713049,1.001108
D_z[Video-MME],-0.295218,0.054544,-0.400467,-0.197104,0.000946,0.000562,3327.516972,5145.664792,1.000497
D_z[VisualToolBench],2.342713,0.261592,1.888309,2.858871,0.006686,0.00325,1514.992763,3119.641707,1.003695
D_z[WMDP Biology],-0.960341,0.104425,-1.150589,-0.762498,0.002733,0.001284,1436.309729,2767.668039,1.003971
D_z[WMDP Chemistry],-0.468403,0.062536,-0.587307,-0.351906,0.001443,0.000644,1845.438079,3231.063718,1.001945
sigma_b[ARC (AI2)],0.120001,0.010302,0.101203,0.13973,0.00011,0.000101,8782.675991,6930.08304,0.999776
sigma_b[Adversarial NLI],0.10292,0.023222,0.061942,0.149608,0.000365,0.000269,3932.310232,3734.109296,1.000322
sigma_b[Aider Polyglot],0.112878,0.013517,0.087346,0.137663,0.000248,0.000143,2995.196914,4564.584554,1.000548
sigma_b[AudioMultiChallenge],0.039655,0.016812,0.014017,0.072341,0.000567,0.00052,903.625545,1544.00242,1.004737
sigma_b[BALROG],0.068153,0.010233,0.050331,0.087907,0.000139,0.000113,5658.893955,5953.826485,1.000571
sigma_b[BIG-Bench Hard (BBH)],0.056027,0.009633,0.037762,0.073639,0.000201,0.000119,2302.393339,3961.761446,1.000576
sigma_b[BioLP-bench],0.078554,0.010973,0.05841,0.099077,0.000117,0.00011,8862.470421,6603.120999,1.000107
sigma_b[BoolQ],0.058423,0.006169,0.047217,0.070215,8.1e-05,5.8e-05,5736.249016,6605.317986,1.000222
sigma_b[CAD-Eval],0.101028,0.019559,0.066617,0.138727,0.00025,0.000225,6272.056333,6113.467618,1.000259
sigma_b[CL-Bench],0.029753,0.00705,0.016933,0.042882,0.000126,8.1e-05,3164.293154,4869.025695,1.000213
sigma_b[CL-Bench Life],0.044289,0.010954,0.024258,0.064376,0.000203,0.000122,2794.822392,5104.403514,1.001314
sigma_b[CSQA2],0.128595,0.029422,0.078562,0.184916,0.000425,0.00031,4560.709051,5744.846531,1.00062
sigma_b[Cybench],0.077609,0.016048,0.04893,0.107599,0.000245,0.000192,4437.415553,5690.285656,1.001117
sigma_b[DeepResearchBench],0.063007,0.009033,0.046706,0.080302,0.000138,9.2e-05,4286.868894,5735.856552,1.000747
sigma_b[ExploitBench],0.042374,0.01729,0.013447,0.073151,0.000299,0.000307,3529.672307,4680.558108,1.000248
sigma_b[GBAEval],0.27002,0.028165,0.216292,0.32094,0.00033,0.000286,7236.3194,5670.734874,1.000425
sigma_b[GDP.pdf],0.076592,0.013684,0.051012,0.101324,0.000164,0.00016,6802.893051,5954.151616,1.000179
sigma_b[GPQA Diamond],0.054347,0.004528,0.046298,0.063211,9.8e-05,5.1e-05,2146.51439,3731.285547,1.001365
sigma_b[GPQA Diamond Biology],0.104786,0.011855,0.084009,0.127458,0.00011,0.000137,12114.40734,6322.359803,1.001001
sigma_b[GPQA Diamond Chemistry],0.083316,0.00977,0.066333,0.101819,0.0001,0.000121,9964.881779,6255.883778,1.000363
sigma_b[GPQA Main Biology],0.090917,0.010602,0.071766,0.110825,0.000103,0.000132,11201.932198,6263.666699,1.001163
sigma_b[GPQA Main Chemistry],0.063364,0.007912,0.048944,0.078053,8e-05,9e-05,10156.443001,6404.879064,1.000124
sigma_b[GSM8K],0.11349,0.01585,0.08535,0.14421,0.000341,0.000178,2163.546374,4255.677891,1.000578
sigma_b[GSO-Bench],0.085604,0.013833,0.061979,0.113213,0.000209,0.000167,4496.250954,5029.095497,1.000268
sigma_b[LAMBADA],0.071043,0.009903,0.053074,0.089409,9.8e-05,0.000114,10853.602006,6247.281914,1.001159
sigma_b[Lech Mazur Writing],0.071283,0.007278,0.057825,0.084644,7.1e-05,8.1e-05,10871.144422,6867.154179,1.000005
sigma_b[MATH Level 5],0.10332,0.010175,0.0842,0.122228,0.000133,9.6e-05,5816.36811,6579.861604,1.000669
sigma_b[MMLU],0.067829,0.005102,0.05861,0.077539,9e-05,4.9e-05,3213.414011,5361.479415,1.000529
sigma_b[MMLU Biology],0.041976,0.005522,0.03213,0.052417,5.4e-05,6.8e-05,11024.391519,6432.887648,1.0005
sigma_b[MMLU Chemistry],0.046506,0.005875,0.036372,0.057831,6e-05,6.6e-05,9889.877262,6838.200065,0.999736
sigma_b[MMLU Pro Biology],0.049894,0.00699,0.037652,0.063434,7.3e-05,7.8e-05,9423.17945,6036.966639,1.000151
sigma_b[MMLU Pro Chemistry],0.054449,0.007867,0.040086,0.068959,9.2e-05,9e-05,7437.249533,6135.269512,1.00042
sigma_b[MMLU-Pro],0.062901,0.007494,0.048922,0.076852,9e-05,7.9e-05,6922.601227,6048.193351,1.000599
sigma_b[MultiChallenge],0.068349,0.009526,0.051697,0.086611,9.9e-05,0.000114,9698.953973,6433.912988,1.001015
sigma_b[MultiNRC],0.060721,0.008806,0.045035,0.077964,0.00012,8.8e-05,5346.706823,5986.32533,1.000122
sigma_b[OS World (Screenshot)],0.192147,0.030707,0.139628,0.252028,0.000325,0.000372,9348.364848,5959.729081,1.000229
sigma_b[PRBench Finance],0.048793,0.006587,0.037349,0.061327,6.9e-05,8e-05,10028.895625,6018.177256,1.000186
sigma_b[PRBench Legal],0.041676,0.005822,0.031546,0.05278,6.3e-05,6.7e-05,8668.978478,6659.639556,1.000547
sigma_b[PostTrainBench],0.061979,0.014574,0.033757,0.089759,0.000346,0.000205,1770.239055,1966.206444,1.000841
sigma_b[SWE-Bench Pro],0.098158,0.014372,0.072428,0.124599,0.000157,0.000167,8660.234003,6575.78947,1.000962
sigma_b[SWE-Bench Verified],0.062668,0.008817,0.04737,0.079619,0.000113,9.3e-05,6191.528825,6524.231288,1.000122
sigma_b[SciCode],0.044703,0.004664,0.036065,0.053402,0.000107,5.5e-05,1867.345171,3837.097138,1.002025
sigma_b[ScienceQA],0.113061,0.017462,0.081906,0.146751,0.000267,0.000186,4211.041589,4737.07155,1.000533
sigma_b[SimpleQA Verified],0.159603,0.009757,0.141289,0.177989,9.3e-05,0.000108,11113.765417,6441.373542,1.00058
sigma_b[SpatialViz-Bench],0.040587,0.01278,0.019682,0.06435,0.000155,0.000173,7259.363808,5975.46088,1.000162
sigma_b[SuperGLUE],0.055127,0.021693,0.018285,0.094349,0.000511,0.000278,1771.400816,3519.069871,0.999909
sigma_b[TerminalBench],0.099818,0.015215,0.072327,0.130123,0.000343,0.000166,1969.076753,3839.091328,1.00184
sigma_b[The Agent Company],0.091012,0.021921,0.054063,0.134185,0.000339,0.000247,4409.667161,5516.910878,1.000452
sigma_b[TriviaQA],0.102594,0.0107,0.0827,0.12222,9.6e-05,0.000122,12884.995394,6771.317935,1.000647
sigma_b[TutorBench],0.035106,0.005514,0.025909,0.045973,5.9e-05,6.4e-05,9197.770993,6644.209537,1.000313
sigma_b[Video-MME],0.099522,0.01195,0.07698,0.121948,0.000161,0.000117,5442.930641,5353.408816,1.000267
sigma_b[VisualToolBench],0.044904,0.011866,0.02464,0.067291,0.000203,0.000147,3532.5161,5154.350223,1.000366
sigma_b[WMDP Biology],0.067517,0.008152,0.052986,0.0829,7.9e-05,0.000104,11847.686766,6069.182018,1.000235
sigma_b[WMDP Chemistry],0.074374,0.008686,0.058801,0.090702,8.2e-05,0.000101,11688.525414,6022.351244,1.00014
tau_CD,1.627759,0.163646,1.338602,1.937542,0.004814,0.003113,1200.02681,1949.151672,1.00459
sigma_A,0.618978,0.069743,0.494007,0.752462,0.001862,0.000995,1403.949869,2763.211161,1.00193
"theta_t[axis1, Aria]",0.25055,0.838447,-1.313428,1.863313,0.007308,0.010267,13150.78115,5578.455701,1.000395
"theta_t[axis1, Average Human]",-0.623056,0.214701,-0.974338,-0.170809,0.004599,0.002592,2249.214082,4110.146509,1.000603
"theta_t[axis1, Baichuan-13B-Base]",-1.490814,0.123611,-1.730577,-1.266422,0.001212,0.001554,10339.470871,5114.048315,1.000316
"theta_t[axis1, Baichuan-2-13B-Base]",-1.346976,0.121547,-1.577176,-1.117971,0.001476,0.001594,7126.138778,4896.349993,1.000083
"theta_t[axis1, Baichuan-2-7B-Base]",-1.637463,0.125936,-1.885176,-1.411994,0.001687,0.001632,5852.386439,4467.946277,1.00059
"theta_t[axis1, Baichuan-7B]",-1.849339,0.136974,-2.123603,-1.610532,0.001551,0.001693,8019.94587,5229.418005,1.000101
"theta_t[axis1, Baichuan2-13B-Chat]",-1.301733,0.120434,-1.516903,-1.064701,0.001199,0.00162,10067.406497,5973.030387,1.000676
"theta_t[axis1, ByteVideoLLM-14B]",0.128967,0.855631,-1.419819,1.776285,0.007867,0.011031,11833.706221,5860.516278,1.001181
"theta_t[axis1, Cerebras-GPT-13B]",-2.357295,0.195271,-2.740674,-2.009734,0.00207,0.002233,8984.71093,5456.508461,1.00071
"theta_t[axis1, Chat-Uni-Vi-7B-v1.5 + 100k SG-WV]",-0.787447,0.871865,-2.530523,0.761037,0.008938,0.010061,9629.655136,6386.28005,1.000641
"theta_t[axis1, Chat-UniVi-7B-v1.5]",-0.909642,0.877836,-2.496523,0.792622,0.008517,0.010272,10658.164175,6360.60605,1.001033
"theta_t[axis1, Chinchilla (70B)]",-0.931977,0.210205,-1.337138,-0.545615,0.00196,0.002775,12025.532149,5653.663087,1.000534
"theta_t[axis1, CodeQwen1.5-7B]",-1.636224,0.17886,-1.992849,-1.322254,0.001975,0.002186,8613.977736,5485.714497,1.001763
"theta_t[axis1, Committee of Average Humans]",0.850728,0.665117,-0.379698,2.092539,0.007063,0.007174,8966.761959,5968.581787,0.999672
"theta_t[axis1, Committee of Domain Experts]",3.474741,0.343655,2.845388,4.129951,0.003778,0.003492,8351.041061,6000.371164,1.000221
"theta_t[axis1, DeepSeek-Coder-V2-Base]",-0.551893,0.2231,-0.956513,-0.12132,0.00238,0.003083,9710.607324,5081.435045,1.000239
"theta_t[axis1, DeepSeek-Coder-V2-Instruct]",0.01691,0.372375,-0.590491,0.749205,0.004563,0.005113,8299.545783,5077.381929,1.000072
"theta_t[axis1, DeepSeek-Coder-V2-Lite-Base]",-1.014149,0.151474,-1.28862,-0.717283,0.001359,0.001816,12512.73836,6045.9645,1.000612
"theta_t[axis1, DeepSeek-Coder-V2-Lite-Instruct]",-0.282922,0.340709,-0.86148,0.354328,0.00441,0.005672,7223.446007,5072.495968,1.000657
"theta_t[axis1, DeepSeek-R1]",0.309098,0.058656,0.198768,0.418918,0.000593,0.000636,9762.921271,6476.668354,1.000106
"theta_t[axis1, DeepSeek-R1-0528]",0.472197,0.078943,0.327723,0.623323,0.000743,0.000883,11286.293754,6294.520197,0.999801
"theta_t[axis1, DeepSeek-R1-Distill-Llama-70B]",0.104509,0.103565,-0.081033,0.308569,0.001024,0.001316,10316.963125,5881.759918,1.000681
"theta_t[axis1, DeepSeek-R1-Distill-Qwen-14B]",-0.053141,0.103301,-0.243879,0.146807,0.00108,0.001299,9307.071052,5548.320691,0.999838
"theta_t[axis1, DeepSeek-R1-Distill-Qwen-32B]",-0.36863,0.342922,-1.027965,0.252068,0.003498,0.004508,10379.998069,5720.876897,1.000189
"theta_t[axis1, DeepSeek-V2]",-0.2686,0.171072,-0.598779,0.044951,0.001827,0.002239,9463.120682,5531.11032,1.001782
"theta_t[axis1, DeepSeek-V2.5]",-0.419315,0.276518,-0.952696,0.053363,0.003331,0.004697,8627.236432,4318.727851,1.00042
"theta_t[axis1, DeepSeek-V3]",-0.031682,0.055688,-0.133345,0.076417,0.000629,0.000577,7820.821158,6060.544441,1.000108
"theta_t[axis1, DeepSeek-V3-0324]",0.177772,0.094977,0.007509,0.362213,0.000888,0.001179,11533.854182,5769.842048,1.000521
"theta_t[axis1, DeepSeek-V3.1]",0.341539,0.11172,0.125274,0.544941,0.00101,0.001306,12261.345796,5721.150899,1.00126
"theta_t[axis1, DeepSeek-V3.1-Terminus]",0.416441,0.287062,-0.1268,0.952013,0.002562,0.003915,12815.251618,5469.95962,1.002124
"theta_t[axis1, DeepSeek-V3.2-Exp]",0.525131,0.150623,0.252979,0.806461,0.001829,0.003059,7446.297774,5486.07447,1.00018
"theta_t[axis1, DeepSeek-V3.2-Exp_thinking]",0.438157,0.129813,0.196456,0.685038,0.001359,0.001504,9197.13029,6096.415866,1.000284
"theta_t[axis1, Domain Expert]",0.545159,0.09501,0.362574,0.720082,0.001019,0.00101,8739.18831,6437.755731,1.000349
"theta_t[axis1, Eurus-2-7B-PRIME]",-0.667867,0.155037,-0.960765,-0.383777,0.00144,0.001929,12032.368993,5524.084292,1.000249
"theta_t[axis1, GLM-4.5-Air]",-0.193403,0.221538,-0.622433,0.19607,0.002382,0.002941,9475.793348,5439.713285,1.000943
"theta_t[axis1, GLaM (MoE)]",-0.355962,0.810588,-1.822374,1.220159,0.007484,0.009678,12015.689309,6260.551742,1.00011
"theta_t[axis1, Gopher (280B)]",-1.248683,0.199242,-1.620567,-0.870913,0.001826,0.002431,12008.211145,5699.557796,1.001712
"theta_t[axis1, Hermes-2-Theta-Llama-3-70B]",-0.619523,0.107245,-0.823195,-0.423166,0.001116,0.001267,9335.801078,6183.481156,0.99964
"theta_t[axis1, High School Top Performer]",1.440138,0.263545,0.962652,1.947687,0.002689,0.002943,10002.886399,6614.439191,1.000517
"theta_t[axis1, INTELLECT-1-Instruct]",-1.551101,0.128141,-1.791249,-1.312523,0.001291,0.001567,9740.742995,5992.503948,1.000189
"theta_t[axis1, Inflection-1]",-0.571413,0.227281,-0.97913,-0.129225,0.002133,0.002893,11925.339244,5497.42986,1.000354
"theta_t[axis1, Inkling_unknown]",1.180773,0.238061,0.719446,1.610993,0.003244,0.005048,6139.930415,3625.893572,1.001233
"theta_t[axis1, Inkling_xhigh]",0.908767,0.157689,0.620258,1.204599,0.001522,0.002007,11197.708204,5111.164462,1.002065
"theta_t[axis1, InternVL-Chat-V1-5]",-0.483263,0.865309,-2.128938,1.118478,0.007586,0.00999,13028.239825,6346.748231,1.000147
"theta_t[axis1, InternVL-Chat-ViT-6B-Vicuna-13B]",-0.230776,0.753487,-1.590613,1.235502,0.007175,0.009339,11115.677121,5932.770282,1.001026
"theta_t[axis1, InternVL-Chat-ViT-6B-Vicuna-7B]",-0.397693,0.75162,-1.729353,1.066121,0.007226,0.010124,11160.531673,5697.520991,1.001267
"theta_t[axis1, InternVL2-40B]",-0.036859,0.838819,-1.49458,1.588603,0.007458,0.010228,12663.597486,6050.917298,1.000551
"theta_t[axis1, InternVL2_5-78B]",0.459818,0.829943,-1.024965,2.053972,0.007668,0.01096,11774.715171,6518.108131,0.99994
"theta_t[axis1, Kimi-Audio-7B-Instruct]",-1.121268,0.332719,-1.746897,-0.494486,0.00445,0.004721,5639.825069,5386.947402,1.000515
"theta_t[axis1, Kimi-K2-Instruct]",0.329586,0.094602,0.149095,0.502267,0.000904,0.001159,10965.354268,5820.597984,1.000239
"theta_t[axis1, LFM2-Audio-1.5B]",-1.5572,0.392193,-2.270829,-0.789972,0.005338,0.005236,5437.953349,4568.031662,1.000635
"theta_t[axis1, LLaMA-13B]",-1.606868,0.118017,-1.826113,-1.38408,0.001272,0.001495,8609.956844,5732.238581,1.000431
"theta_t[axis1, LLaMA-33B]",-1.189708,0.110519,-1.39044,-0.973463,0.001067,0.001286,10749.996304,6037.490879,0.999945
"theta_t[axis1, LLaMA-65B]",-1.002524,0.112974,-1.220327,-0.796856,0.00115,0.001393,9873.383745,5683.201181,1.000234
"theta_t[axis1, LLaMA-7B]",-1.839219,0.121767,-2.070643,-1.612126,0.001364,0.001304,8031.992758,5571.096373,0.999789
"theta_t[axis1, LLaVA-OneVision 72B]",0.197132,0.846657,-1.362856,1.818008,0.007439,0.010697,12956.289745,5528.448198,1.00088
"theta_t[axis1, LLaVA-Video-72B-Qwen2]",0.383594,0.848517,-1.2155,1.988795,0.007379,0.010212,13290.029583,6109.065724,0.999982
"theta_t[axis1, LLaVA-Video-7B-Qwen2]",0.185539,0.851781,-1.434249,1.763806,0.007758,0.011308,12098.980884,5552.448634,1.000794
"theta_t[axis1, LLaVA-Video-7B-Qwen2-TPO]",0.176287,0.838581,-1.337336,1.772026,0.007339,0.009893,13146.603273,6229.285099,1.000281
"theta_t[axis1, LinVT]",0.379403,0.854569,-1.274339,1.949848,0.007688,0.010426,12405.485193,6083.295567,1.000243
"theta_t[axis1, LiveCC-7B-Instruct]",0.100992,0.835616,-1.386528,1.761013,0.007322,0.010609,13084.856696,5981.796896,1.000327
"theta_t[axis1, Llama-2-13b]",-1.337309,0.10708,-1.535019,-1.132623,0.001052,0.001287,10347.899693,6257.349632,1.00046
"theta_t[axis1, Llama-2-13b-chat]",-1.236984,0.125034,-1.478453,-1.005331,0.001285,0.001558,9515.052554,5280.879747,1.000515
"theta_t[axis1, Llama-2-34b]",-1.284902,0.115707,-1.505336,-1.06938,0.001282,0.001362,8294.013663,5598.607382,1.001102
"theta_t[axis1, Llama-2-70b-chat]",-1.042845,0.120756,-1.26742,-0.813212,0.001146,0.001534,11110.156244,5771.699474,1.00049
"theta_t[axis1, Llama-2-70b-chat-hf]",-1.025777,0.129752,-1.270996,-0.783852,0.001401,0.001671,8962.318105,5541.682518,1.000456
"theta_t[axis1, Llama-2-70b-hf]",-0.794426,0.115797,-1.012187,-0.577287,0.001241,0.001447,8972.429062,5451.730183,0.999976
"theta_t[axis1, Llama-2-7b]",-1.654746,0.116052,-1.872864,-1.441594,0.001258,0.001397,8579.924502,5607.581873,1.000159
"theta_t[axis1, Llama-3.1-405B]",-0.011783,0.196735,-0.378999,0.352963,0.002543,0.002425,6296.425008,5502.308436,1.000246
"theta_t[axis1, Llama-3.1-405B-Instruct]",-0.18521,0.054413,-0.288196,-0.085359,0.000599,0.000611,8227.158742,5570.14061,0.999789
"theta_t[axis1, Llama-3.1-70B-Instruct]",-0.34364,0.058508,-0.453378,-0.233894,0.000633,0.00062,8537.971479,6442.159768,1.00057
"theta_t[axis1, Llama-3.1-8B-Instruct]",-0.840702,0.065802,-0.959625,-0.7139,0.000817,0.000716,6516.581272,5392.966335,1.001106
"theta_t[axis1, Llama-3.1-Tulu-3-70B-DPO]",-0.366227,0.098988,-0.548703,-0.177054,0.0009,0.001329,12114.544171,5263.103683,1.000056
"theta_t[axis1, Llama-3.2-11B-Vision-Instruct]",-1.03935,0.23655,-1.478079,-0.59368,0.002195,0.002817,11629.216721,6393.298162,0.999968
"theta_t[axis1, Llama-3.2-1B-Instruct]",-1.335641,0.423619,-2.141139,-0.544496,0.004205,0.00503,10577.77228,6363.034132,1.000252
"theta_t[axis1, Llama-3.2-3B-Instruct]",-1.011376,0.406082,-1.81939,-0.315093,0.004049,0.005335,10972.923248,5594.909415,1.000527
"theta_t[axis1, Llama-3.2-90B-Vision-Instruct]",-0.40021,0.091979,-0.573268,-0.222247,0.000868,0.001173,11228.144498,5458.010026,1.000216
"theta_t[axis1, Llama-3.3-70B-Instruct]",-0.32541,0.087364,-0.480792,-0.152233,0.00085,0.001059,10567.396033,5781.638986,1.000959
"theta_t[axis1, Llama-4-Maverick-17B-128E-Instruct]",0.001231,0.059413,-0.107195,0.11635,0.000618,0.000648,9236.603701,6573.987857,1.000165
"theta_t[axis1, Llama-4-Maverick-17B-128E-Instruct-FP8]",0.107514,0.114774,-0.10402,0.327387,0.001055,0.001518,12322.064909,5769.27954,0.999777
"theta_t[axis1, Llama-4-Scout-17B-16E-Instruct]",-0.223544,0.06056,-0.334867,-0.108117,0.000699,0.000641,7490.098787,5773.824424,1.000329
"theta_t[axis1, LongVA-7B]",-0.387781,0.858145,-1.99786,1.209554,0.008299,0.010849,10873.306905,5945.88294,1.000676
"theta_t[axis1, MM1-3B-Chat]",-0.265483,0.727643,-1.536311,1.176337,0.006521,0.00895,12747.968015,6753.982795,1.000054
"theta_t[axis1, MM1-7B-Chat]",-0.112764,0.74758,-1.391827,1.409441,0.007104,0.009466,11312.060979,6284.314346,1.000127
"theta_t[axis1, Megatron-Turing NLG 530B]",-0.849521,0.314515,-1.410652,-0.251578,0.004078,0.004028,6405.517828,5500.644645,1.000309
"theta_t[axis1, Meta-Llama-3-70B-Instruct]",-0.579825,0.062733,-0.698156,-0.461234,0.000725,0.000675,7537.177219,6423.350314,0.99999
"theta_t[axis1, Meta-Llama-3-8B-Instruct]",-0.916912,0.074603,-1.054837,-0.775081,0.000851,0.000755,7682.305526,6613.672221,1.00017
"theta_t[axis1, MiMo-Audio-7B-Instruct]",-0.740058,0.293163,-1.292235,-0.191015,0.004111,0.005261,5345.449028,3950.547547,1.001564
"theta_t[axis1, MiMo-Audio-7B-Instruct (Thinking)]",-0.659823,0.289144,-1.20945,-0.127792,0.003949,0.005288,5475.585085,4288.306114,1.000617
"theta_t[axis1, MiniCPM-V-2_6]",-0.029947,0.87953,-1.61223,1.715764,0.007744,0.011699,12957.412758,5503.623981,1.000319
"theta_t[axis1, MiniCPM-o-2_6]",0.082984,0.849983,-1.533446,1.680628,0.007018,0.011334,14651.403022,5970.329458,0.999925
"theta_t[axis1, MiniMax-M2]",0.302544,0.278398,-0.26168,0.771441,0.003344,0.004718,8539.565638,4374.766324,1.000236
"theta_t[axis1, MiniMax-M2.1]",0.537341,0.165354,0.216962,0.836114,0.001709,0.002308,9977.693965,5292.785409,1.000458
"theta_t[axis1, MiniMax-M2.5]",0.265689,0.204235,-0.095873,0.653586,0.003689,0.002137,3053.714221,5075.745973,1.000643
"theta_t[axis1, MiniMax-M2.7]",0.664574,0.135421,0.416363,0.931949,0.001492,0.001582,8289.102895,5824.41482,1.000374
"theta_t[axis1, MiniMax-M3]",0.652471,0.268401,0.147174,1.148325,0.002416,0.003397,12496.160895,5772.714015,0.999928
"theta_t[axis1, Mistral-7B-Instruct-v0.2]",-1.603724,0.107235,-1.817804,-1.41631,0.001426,0.00111,5658.532429,6211.525407,1.000438
"theta_t[axis1, Mistral-7B-Instruct-v0.3]",-1.243124,0.132461,-1.48841,-0.99538,0.001323,0.001604,10358.496972,5576.651065,1.000727
"theta_t[axis1, Mistral-7B-v0.1]",-1.028956,0.108531,-1.233803,-0.827369,0.001104,0.001197,9714.89392,6112.062296,0.99995
"theta_t[axis1, Mistral-Nemo-Base-2407]",-0.600923,0.215877,-1.006708,-0.2068,0.002214,0.002651,10214.889117,6144.07983,1.001287
"theta_t[axis1, Mistral-Nemo-Instruct-2407]",-0.472947,0.358202,-1.124586,0.210151,0.003498,0.004902,10917.638985,6160.6228,1.000718
"theta_t[axis1, Mixtral-8x22B-Instruct-v0.1]",-0.310676,0.235349,-0.745515,0.092573,0.00322,0.004386,6746.570408,4789.48894,1.000703
"theta_t[axis1, Mixtral-8x22B-v0.1]",-0.346298,0.299326,-0.901556,0.21241,0.002903,0.003994,11756.568725,5169.00402,1.000489
"theta_t[axis1, Mixtral-8x7B-Instruct-v0.1]",-0.997661,0.078195,-1.143245,-0.850209,0.000964,0.000763,6614.097952,6551.993681,0.999882
"theta_t[axis1, Mixtral-8x7B-v0.1]",-0.667244,0.155433,-0.940741,-0.360584,0.001602,0.001962,9964.242507,5880.982577,1.000093
"theta_t[axis1, NVILA-8B]",0.107729,0.844657,-1.438279,1.743994,0.007542,0.012005,12541.325248,5283.071197,1.001222
"theta_t[axis1, Nemotron-4 15B]",-1.143856,0.117325,-1.353857,-0.91616,0.001179,0.001446,9897.755192,6157.487216,1.000602
"theta_t[axis1, Oryx-1.5-32B]",0.239974,0.847571,-1.354179,1.824911,0.00726,0.010392,13634.599345,6158.860856,0.999787
"theta_t[axis1, PaLM 2-L]",-0.423253,0.348821,-1.060123,0.210689,0.003501,0.004945,11239.461641,5609.044061,0.999716
"theta_t[axis1, PaLM 2-M]",-0.693215,0.312488,-1.241506,-0.085971,0.003052,0.004167,11365.563782,5836.194576,1.001121
"theta_t[axis1, PaLM 2-S]",-0.853418,0.306254,-1.421805,-0.275473,0.003014,0.003841,11016.311751,5594.211895,1.000718
"theta_t[axis1, PaLM 540B]",-0.82404,0.155427,-1.104397,-0.526452,0.0017,0.00173,8651.951734,5999.721887,0.999946
"theta_t[axis1, PaLM 62B]",-1.362261,0.138025,-1.622053,-1.102271,0.001294,0.001697,11357.504746,6153.946497,1.000618
"theta_t[axis1, Phi-3-medium-128k-instruct]",-0.618806,0.086106,-0.781138,-0.460264,0.001117,0.000968,5937.781453,5538.737096,1.000293
"theta_t[axis1, Phi-3-mini-4k-instruct]",-0.672849,0.141468,-0.935427,-0.398335,0.001401,0.001878,10461.784643,5276.460919,0.999981
"theta_t[axis1, Phi-3-small-8k-instruct]",-0.400706,0.155993,-0.694364,-0.104698,0.001687,0.001756,8642.9164,5858.590078,1.000215
"theta_t[axis1, Phi-3.5-MoE-instruct]",-0.453599,0.233285,-0.897569,-0.034335,0.002407,0.003072,10467.563212,5142.476803,1.000037
"theta_t[axis1, Phi-3.5-mini-instruct]",-0.63136,0.2153,-0.994713,-0.173441,0.002231,0.003159,9854.736609,5971.398286,1.000625
"theta_t[axis1, Phi-3.5-vision-instruct]",0.957564,0.733335,-0.440095,2.315352,0.006824,0.009574,11560.442587,5676.066275,1.002019
"theta_t[axis1, Phi-4-mini-instruct]",-1.949247,0.395208,-2.731373,-1.246661,0.003882,0.004856,10734.353047,5844.496863,1.001584
"theta_t[axis1, Phi-4-multimodal-instruct]",-0.976245,0.324521,-1.576876,-0.374244,0.004616,0.005286,5061.511236,4890.26996,1.000835
"theta_t[axis1, QwQ-32B]",-0.338284,0.263114,-0.834079,0.130822,0.003042,0.004656,9148.461402,5634.520678,1.000184
"theta_t[axis1, QwQ-32B_16K]",0.430771,0.539718,-0.609899,1.407521,0.005636,0.007629,9531.722112,5611.741193,1.000604
"theta_t[axis1, Qwen-14B]",-1.005352,0.115635,-1.226479,-0.793252,0.00124,0.001423,8917.34495,5120.517175,1.000075
"theta_t[axis1, Qwen-14B-Chat]",-1.037208,0.122685,-1.255144,-0.795815,0.001252,0.001584,9694.74745,6134.37361,0.999969
"theta_t[axis1, Qwen-1_8B]",-1.990104,0.136118,-2.230839,-1.72138,0.001708,0.001538,6449.073749,5405.194,1.000508
"theta_t[axis1, Qwen-7B]",-1.370859,0.11507,-1.598057,-1.164984,0.001233,0.001397,8760.527522,5832.285534,1.000808
"theta_t[axis1, Qwen-VL-Chat]",-0.796497,0.670703,-2.08147,0.429769,0.006873,0.008619,9655.251633,5990.768215,1.000788
"theta_t[axis1, Qwen-VL-Max]",-0.302083,0.413247,-1.143636,0.432153,0.005205,0.005441,6814.514368,5112.000754,1.00012
"theta_t[axis1, Qwen1.5-7B]",-0.985543,0.267147,-1.461489,-0.469847,0.00243,0.005137,13079.699085,5841.560568,1.000118
"theta_t[axis1, Qwen2-VL-72B-Instruct]",-0.673778,0.349004,-1.343095,-0.045322,0.003662,0.004235,9433.387287,5557.556911,1.000377
"theta_t[axis1, Qwen2-VL-7B-Instruct]",-1.5632,0.418332,-2.384029,-0.822984,0.00439,0.004782,9279.577329,6078.777763,1.000661
"theta_t[axis1, Qwen2.5-72B]",-0.129718,0.188907,-0.475073,0.225683,0.00229,0.002601,7360.810234,5173.144025,1.00026
"theta_t[axis1, Qwen2.5-Coder-0.5B]",-1.64921,0.174373,-1.987446,-1.337524,0.001969,0.00207,8061.373152,5348.156156,1.000672
"theta_t[axis1, Qwen2.5-Coder-1.5B]",-1.153635,0.158726,-1.455472,-0.864314,0.001763,0.00197,8162.618153,6144.238554,1.000785
"theta_t[axis1, Qwen2.5-Coder-14B]",-0.500736,0.178102,-0.81609,-0.150918,0.001728,0.002222,11377.662318,5583.791672,1.000299
"theta_t[axis1, Qwen2.5-Coder-14B-Instruct]",0.003359,0.379234,-0.64276,0.707399,0.004931,0.006046,7262.259154,4621.104091,1.001037
"theta_t[axis1, Qwen2.5-Coder-32B]",-0.368602,0.185624,-0.701721,-0.008206,0.001786,0.002506,11717.20673,5078.931909,0.999949
"theta_t[axis1, Qwen2.5-Coder-32B-Instruct]",-0.31601,0.166185,-0.638636,-0.009848,0.00143,0.002064,13488.063781,6418.116307,1.000598
"theta_t[axis1, Qwen2.5-Coder-3B]",-0.82455,0.203729,-1.207127,-0.443052,0.001989,0.003011,10833.006285,5673.855451,1.000945
"theta_t[axis1, Qwen2.5-Coder-3B-Instruct]",-0.498463,0.297045,-1.03463,0.053134,0.003777,0.004944,7738.943015,4461.593976,1.001304
"theta_t[axis1, Qwen2.5-Coder-7B]",-0.706617,0.163154,-1.014372,-0.393464,0.001575,0.00206,10824.40269,6004.39756,0.99983
"theta_t[axis1, Qwen2.5-Coder-7B-Instruct]",-0.310395,0.33663,-0.864474,0.314665,0.00424,0.007255,8343.032751,4744.325594,1.001036
"theta_t[axis1, Qwen2.5-Omni-7B]",-1.284423,0.357772,-1.962319,-0.624396,0.004974,0.005736,5342.241124,3660.644851,1.000375
"theta_t[axis1, Qwen2.5-VL-72B-Instruct]",-0.274563,0.410295,-1.09774,0.44452,0.005604,0.005727,5816.285334,4696.358964,1.000164
"theta_t[axis1, Qwen3-235B-A22B-Instruct-2507]",0.26308,0.135684,-0.003926,0.507049,0.001413,0.001638,9332.979732,4865.367352,1.000394
"theta_t[axis1, Qwen3-235B-A22B-Thinking-2507]",0.347075,0.111942,0.130955,0.554134,0.00124,0.001227,8210.393609,6510.889528,1.001509
"theta_t[axis1, Qwen3-30B-A3B]",0.090992,0.537061,-0.890041,1.147735,0.005262,0.007061,10689.358021,5895.639175,1.000192
"theta_t[axis1, Qwen3-32B]",0.080424,0.167966,-0.247293,0.386693,0.001577,0.002236,11527.241537,5651.972843,1.001744
"theta_t[axis1, Qwen3-Coder-480B-A35B-Instruct]",0.423001,0.169934,0.087447,0.72376,0.001709,0.002278,10357.956474,5314.27789,1.000474
"theta_t[axis1, Qwen3-Omni-30B-A3B-Instruct]",-0.365652,0.268647,-0.872322,0.138338,0.003647,0.005446,5805.234335,4121.764199,1.000777
"theta_t[axis1, RedPajama-INCITE-7B-Base]",-2.166949,0.190228,-2.532734,-1.814327,0.001802,0.002351,11190.979287,5675.625151,1.000097
"theta_t[axis1, Ring-2.6-1T]",0.527914,0.290926,-0.046419,1.056345,0.002532,0.003912,13471.405414,5559.169444,1.000163
"theta_t[axis1, ST-LLM]",-1.016462,0.896209,-2.686036,0.633919,0.009161,0.009933,9737.777256,6239.609076,1.000527
"theta_t[axis1, Skilled Generalist]",-0.5962,0.087446,-0.766986,-0.43694,0.001048,0.00093,6942.073311,5940.915395,0.999819
"theta_t[axis1, SliME-Llama3-8B]",-0.709641,0.905646,-2.401357,1.018292,0.0089,0.011993,10536.891605,5723.753276,1.00039
"theta_t[axis1, StableBeluga2]",-0.724812,0.120866,-0.94116,-0.486741,0.001263,0.001606,9436.593584,4776.205758,1.000427
"theta_t[axis1, Switch-Base]",-1.218293,0.423975,-1.961024,-0.378267,0.008022,0.011752,3844.085115,2784.343916,1.001085
"theta_t[axis1, Switch-Large]",-0.47569,0.470589,-1.237116,0.495034,0.008968,0.010291,3430.069677,2929.599428,1.000242
"theta_t[axis1, T5-11B]",-0.262771,0.3216,-0.830621,0.346189,0.004835,0.004991,5080.064961,4068.154587,1.000709
"theta_t[axis1, T5-3B]",-0.496378,0.289006,-0.990072,0.075812,0.004206,0.003819,5205.705209,4777.284666,1.000233
"theta_t[axis1, T5-Base]",-1.150875,0.263515,-1.599042,-0.605031,0.003191,0.003864,7184.361517,5305.847506,1.000268
"theta_t[axis1, T5-Large]",-0.825396,0.257376,-1.296003,-0.31819,0.003187,0.003596,6829.533757,5272.065666,1.000296
"theta_t[axis1, T5-Small]",-1.694059,0.261919,-2.205094,-1.216284,0.003315,0.004096,7123.69547,4312.004864,1.00057
"theta_t[axis1, TimeMarker]",-0.193014,0.868827,-1.788921,1.494456,0.007524,0.010881,13338.559176,5911.415611,1.000295
"theta_t[axis1, Top Performer]",0.7792,0.354156,0.156874,1.448068,0.004124,0.004985,8322.96752,5384.595848,0.999995
"theta_t[axis1, VITA]",-0.261727,0.856288,-1.854376,1.37031,0.007422,0.011536,13300.058884,5838.867362,1.001649
"theta_t[axis1, VITA-1.5]",-0.240897,0.848804,-1.76944,1.403871,0.008254,0.010669,10561.428687,6123.576445,1.000554
"theta_t[axis1, ViLAMP-llava-qwen]",0.257966,0.856637,-1.407811,1.798813,0.007611,0.009885,12654.789062,6467.284344,1.001751
"theta_t[axis1, Video-CCAM-7B-v1.2]",-0.382561,0.864362,-1.976929,1.26173,0.0076,0.010107,12989.918497,6355.569874,1.000063
"theta_t[axis1, Video-LLaVA-7B]",-0.930128,0.89464,-2.588819,0.759852,0.009307,0.010692,9481.673069,6328.138624,0.999785
"theta_t[axis1, Video-XL-7B]",-0.272023,0.833386,-1.975119,1.215628,0.007339,0.010881,12936.954525,5642.89567,0.999728
"theta_t[axis1, VideoChat-Flash-Qwen2-7B_res448]",0.149563,0.844255,-1.518008,1.662678,0.007625,0.01083,12254.378173,5791.959737,1.000185
"theta_t[axis1, VideoLLAMA2-7B]",0.040573,0.851976,-1.571391,1.625728,0.007448,0.010874,13092.526496,6056.790803,1.000483
"theta_t[axis1, VideoLLAMA3-7B]",0.194559,0.848002,-1.410035,1.769941,0.007965,0.010332,11322.878278,6226.984946,1.000371
"theta_t[axis1, Voxtral-Small-24B-2507]",-0.25571,0.252603,-0.751377,0.215642,0.003344,0.004287,5866.064498,4170.108464,1.000783
"theta_t[axis1, WizardLM-2-8x22B]",-0.518739,0.102148,-0.712597,-0.328329,0.001006,0.001344,10365.86088,5595.449992,1.000784
"theta_t[axis1, Yi-1.5-34B-Chat]",-0.673435,0.114171,-0.883418,-0.453244,0.00112,0.001367,10735.02613,5754.585241,1.000482
"theta_t[axis1, Yi-34B]",-0.912561,0.130289,-1.156229,-0.667509,0.001534,0.001571,7263.76837,5534.032705,1.000198
"theta_t[axis1, Yi-34B-Chat]",-0.928798,0.088355,-1.103311,-0.773937,0.00118,0.001031,5788.21567,5127.814836,0.999951
"theta_t[axis1, Yi-6B]",-1.385383,0.12209,-1.613124,-1.153299,0.001258,0.00161,9416.154766,5652.664416,1.000354
"theta_t[axis1, Yi-6B-Chat]",-1.262955,0.118506,-1.483439,-1.034079,0.001184,0.001484,10012.768449,5564.869751,1.001365
"theta_t[axis1, Yi-9B]",-0.944912,0.229592,-1.378623,-0.514829,0.002029,0.00282,12961.80663,6057.128178,1.000555
"theta_t[axis1, Yi-large]",-0.271524,0.311155,-0.868379,0.29204,0.002876,0.00419,12648.048072,5419.762493,1.000074
"theta_t[axis1, ada]",-2.592398,0.232548,-3.02387,-2.161281,0.002465,0.002621,9078.860843,5785.079969,1.001049
"theta_t[axis1, amazon.nova-lite-v1:0]",-0.45198,0.070545,-0.582677,-0.318572,0.000759,0.000805,8634.95375,5745.324228,1.000573
"theta_t[axis1, amazon.nova-micro-v1:0]",-0.781638,0.082162,-0.932111,-0.626105,0.000935,0.000813,7736.818255,6432.161736,1.00012
"theta_t[axis1, amazon.nova-pro-v1:0]",-0.289201,0.06501,-0.407259,-0.162613,0.000678,0.000739,9200.037023,6166.774768,1.000708
"theta_t[axis1, babbage]",-2.602079,0.237574,-3.06392,-2.176898,0.002376,0.002744,10166.84137,6151.677736,1.000525
"theta_t[axis1, blip2-opt-2.7b]",-0.033359,0.743644,-1.342575,1.437429,0.007082,0.009141,11196.793405,6005.621865,1.000212
"theta_t[axis1, bloom]",-1.966368,0.20129,-2.337715,-1.594376,0.001968,0.002188,10563.293815,6507.152103,1.000978
"theta_t[axis1, c4ai-command-a-03-2025]",-0.591624,0.300984,-1.141244,-0.046033,0.003341,0.004488,9788.480874,5102.441121,1.000371
"theta_t[axis1, c4ai-command-r-08-2024]",-0.887696,0.257605,-1.34982,-0.385717,0.002348,0.003373,12475.133615,5819.020858,1.000123
"theta_t[axis1, c4ai-command-r-plus-08-2024]",-0.723906,0.269533,-1.230272,-0.224061,0.002432,0.003448,12810.470004,5857.640352,0.99993
"theta_t[axis1, chatglm2-6b]",-1.621629,0.121264,-1.854914,-1.401126,0.001261,0.001325,9272.136782,6312.170272,1.00081
"theta_t[axis1, chatgpt-4o-01-29-2025]",-0.19235,0.249344,-0.654282,0.248064,0.00309,0.006727,8851.074176,4094.885342,1.000615
"theta_t[axis1, chatgpt-4o-03-27-2025]",0.146136,0.215826,-0.261623,0.555286,0.002244,0.003754,9806.750564,4901.105868,1.000512
"theta_t[axis1, claude-1.3]",-0.335479,0.296827,-0.890799,0.21134,0.002803,0.004049,12426.445053,5560.516362,1.000315
"theta_t[axis1, claude-2.0]",-0.700861,0.098398,-0.892493,-0.522931,0.000999,0.001192,9813.218313,5685.788362,1.001161
"theta_t[axis1, claude-2.1]",-0.675588,0.130726,-0.915925,-0.425052,0.001219,0.001707,11518.109787,5569.678573,1.000472
"theta_t[axis1, claude-3-5-haiku-20241022]",-0.374547,0.07701,-0.517109,-0.228927,0.000786,0.000924,9603.106276,6018.436548,1.000253
"theta_t[axis1, claude-3-5-sonnet-20240620]",-0.126181,0.058491,-0.229905,-0.009661,0.000661,0.000677,7883.345003,5952.269179,1.000249
"theta_t[axis1, claude-3-5-sonnet-20241022]",0.021252,0.062634,-0.098023,0.138173,0.000753,0.000648,6932.865088,6327.338735,1.001728
"theta_t[axis1, claude-3-7-sonnet-20250219]",0.122306,0.057722,0.014465,0.230546,0.000703,0.000626,6771.63711,6305.086662,1.000293
"theta_t[axis1, claude-3-7-sonnet-20250219_16K]",0.391457,0.072605,0.257446,0.531079,0.000729,0.000791,9964.442766,6369.581698,1.000617
"theta_t[axis1, claude-3-7-sonnet-20250219_2K]",0.351017,0.606751,-0.805433,1.48932,0.006355,0.008553,9477.040059,5539.79093,1.000689
"theta_t[axis1, claude-3-7-sonnet-20250219_32K]",0.454475,0.114531,0.242975,0.66585,0.001091,0.001457,11404.634757,6021.358506,1.000898
"theta_t[axis1, claude-3-7-sonnet-20250219_64K]",0.502611,0.138517,0.247202,0.758005,0.001265,0.001689,12494.739813,5962.74179,0.999994
"theta_t[axis1, claude-3-7-sonnet-20250219_unknown]",0.35875,0.131398,0.116137,0.603134,0.001388,0.001422,9144.508119,6632.519157,1.000485
"theta_t[axis1, claude-3-haiku-20240307]",-0.708703,0.063557,-0.83204,-0.595464,0.000742,0.000657,7345.958644,6108.185512,1.000444
"theta_t[axis1, claude-3-opus-20240229]",-0.313377,0.058344,-0.426849,-0.207602,0.000633,0.000644,8495.508591,6393.891899,1.000584
"theta_t[axis1, claude-3-sonnet-20240229]",-0.589088,0.061803,-0.71127,-0.478996,0.000691,0.000675,8009.067725,6216.314702,1.000177
"theta_t[axis1, claude-fable-5_high]",0.768814,0.189114,0.392868,1.10526,0.00179,0.002588,11864.153838,5810.01561,1.000148
"theta_t[axis1, claude-fable-5_low]",0.586977,0.170067,0.272619,0.908915,0.001617,0.002343,11978.703846,5567.014613,1.001191
"theta_t[axis1, claude-fable-5_max]",1.570477,0.152421,1.275824,1.848287,0.002103,0.001577,5253.483725,5571.417785,1.000006
"theta_t[axis1, claude-fable-5_unknown]",1.768326,0.493734,0.863091,2.77938,0.005792,0.007431,7681.945205,5031.502192,1.000033
"theta_t[axis1, claude-fable-5_xhigh]",1.353539,0.630739,0.106242,2.489537,0.005561,0.007966,13031.850091,6046.627335,1.000115
"theta_t[axis1, claude-haiku-4-5-20251001]",0.220578,0.102901,0.030767,0.415151,0.001104,0.001223,8850.781416,5824.318569,0.999938
"theta_t[axis1, claude-haiku-4-5-20251001_1K]",0.21373,0.313266,-0.383763,0.793036,0.003375,0.005176,9288.551548,5091.736001,1.000615
"theta_t[axis1, claude-haiku-4-5-20251001_32K]",0.388272,0.114072,0.166905,0.594639,0.00105,0.0014,12379.262376,5573.865458,1.001352
"theta_t[axis1, claude-haiku-4-5-20251001_unknown]",0.559403,0.132543,0.305284,0.802059,0.001554,0.001605,7384.021509,5684.604298,1.000177
"theta_t[axis1, claude-instant-1.1]",-0.545017,0.17923,-0.884189,-0.208624,0.001778,0.002321,11096.498856,5340.353476,1.000273
"theta_t[axis1, claude-instant-1.2]",-0.467396,0.181314,-0.775832,-0.098326,0.001754,0.002439,11359.61901,5171.375454,1.000126
"theta_t[axis1, claude-mythos-preview-early]",2.7808,0.343558,2.162925,3.43643,0.005033,0.003726,4629.818492,5907.574768,1.000598
"theta_t[axis1, claude-opus-4-1-20250805]",0.494292,0.063961,0.377955,0.617682,0.000691,0.00071,8551.892243,6113.747851,1.000106
"theta_t[axis1, claude-opus-4-1-20250805_16K]",0.563204,0.165799,0.257387,0.878475,0.001497,0.002064,12565.242159,5817.791712,1.000582
"theta_t[axis1, claude-opus-4-1-20250805_27K]",0.52047,0.163468,0.219455,0.828607,0.001518,0.002221,12368.367373,5682.136547,1.000544
"theta_t[axis1, claude-opus-4-1-20250805_unknown]",0.578748,0.094104,0.397376,0.753168,0.001009,0.000997,8693.625861,6361.246197,1.000153
"theta_t[axis1, claude-opus-4-20250514]",0.459384,0.069916,0.322525,0.587109,0.000743,0.000801,8848.51148,6128.893645,1.001007
"theta_t[axis1, claude-opus-4-20250514_16K]",0.525732,0.166198,0.198071,0.82765,0.001525,0.002199,12442.693859,5577.09489,1.000211
"theta_t[axis1, claude-opus-4-20250514_2K]",0.730786,0.58089,-0.34223,1.86111,0.00625,0.007568,8970.144519,5555.586969,1.000472
"theta_t[axis1, claude-opus-4-20250514_32K]",0.621671,0.227337,0.195883,1.040878,0.002405,0.003451,9869.736511,5116.318246,1.00103
"theta_t[axis1, claude-opus-4-20250514_unknown]",0.629937,0.11697,0.404458,0.845357,0.001134,0.00145,10903.896708,5787.83164,1.000667
"theta_t[axis1, claude-opus-4-5-20251101]",0.915598,0.086636,0.756843,1.08138,0.001036,0.00098,6989.149978,6346.413237,0.999914
"theta_t[axis1, claude-opus-4-5-20251101_128K]",0.968272,0.238993,0.516642,1.430606,0.002307,0.003614,10915.675238,5520.766495,1.000523
"theta_t[axis1, claude-opus-4-5-20251101_16K]",0.87599,0.20291,0.486853,1.248265,0.002097,0.002717,10133.47664,5020.413658,1.000379
"theta_t[axis1, claude-opus-4-5-20251101_32K]",0.9051,0.195268,0.556484,1.286606,0.001873,0.002598,11946.7445,5498.61646,1.001681
"theta_t[axis1, claude-opus-4-5-20251101_64K]",0.701753,0.29391,0.173695,1.28956,0.002833,0.003718,10823.404435,5757.038909,1.000331
"theta_t[axis1, claude-opus-4-5-20251101_unknown]",1.029575,0.075391,0.892448,1.173211,0.000853,0.000865,7810.673258,6122.171401,1.000448
"theta_t[axis1, claude-opus-4-6]",1.250758,0.117522,1.023929,1.466148,0.001341,0.001553,7780.228361,5830.473599,0.999969
"theta_t[axis1, claude-opus-4-6_32K]",1.161694,0.219746,0.77046,1.588355,0.002192,0.003163,10944.555588,4956.608748,1.000263
"theta_t[axis1, claude-opus-4-6_64K]",1.049914,0.219036,0.652462,1.464215,0.002263,0.003252,10943.879595,5078.926849,1.000507
"theta_t[axis1, claude-opus-4-6_high]",1.352154,0.138426,1.093367,1.61593,0.0017,0.001699,6622.86553,5791.298424,1.000657
"theta_t[axis1, claude-opus-4-6_max]",0.988265,0.125494,0.756947,1.22569,0.001289,0.001277,9496.392867,7010.237161,0.999779
"theta_t[axis1, claude-opus-4-6_medium]",1.021858,0.592332,-0.132787,2.10867,0.006382,0.008054,9006.453686,5971.422518,1.000985
"theta_t[axis1, claude-opus-4-6_unknown]",1.227464,0.06795,1.100855,1.357025,0.000948,0.000647,5133.649615,6140.426504,1.00006
"theta_t[axis1, claude-opus-4-7]",1.344167,0.137777,1.094983,1.610521,0.001763,0.001538,6139.579917,5807.967968,1.000605
"theta_t[axis1, claude-opus-4-7_high]",1.498198,0.19937,1.118844,1.865276,0.002559,0.004338,6909.499202,4800.8952,1.000532
"theta_t[axis1, claude-opus-4-7_max]",1.205897,0.163567,0.894004,1.505553,0.001566,0.001846,10877.235316,6117.323285,1.000405
"theta_t[axis1, claude-opus-4-7_unknown]",1.509919,0.258246,1.036146,1.996858,0.002673,0.003276,10022.079599,5988.871888,1.000214
"theta_t[axis1, claude-opus-4-7_xhigh]",1.277992,0.17547,0.930536,1.598917,0.001985,0.00209,7808.242186,6031.73809,1.000623
"theta_t[axis1, claude-opus-4-8_high]",1.485883,0.236091,1.040615,1.934488,0.003257,0.00403,5754.846425,3822.295143,0.999914
"theta_t[axis1, claude-opus-4-8_low]",1.027433,0.202203,0.657049,1.408384,0.001914,0.002757,12027.856293,5938.625144,1.000388
"theta_t[axis1, claude-opus-4-8_max]",1.379148,0.154912,1.075266,1.654176,0.002148,0.001705,5213.967897,5502.073604,1.001049
"theta_t[axis1, claude-opus-4-8_medium]",0.623728,0.591951,-0.542284,1.736669,0.006632,0.008412,8394.133275,5052.893421,1.001501
"theta_t[axis1, claude-opus-4-8_none]",0.866858,0.203136,0.481042,1.235989,0.002113,0.003166,10693.201865,5261.732421,1.00035
"theta_t[axis1, claude-opus-4-8_unknown]",1.438785,0.179499,1.081088,1.758818,0.001981,0.002469,8330.282209,5611.807226,0.999951
"theta_t[axis1, claude-opus-5]",1.300087,0.197139,0.933594,1.661893,0.001786,0.002641,12891.968501,5984.411433,1.000684
"theta_t[axis1, claude-opus-5_high]",1.234385,0.285063,0.682346,1.760724,0.002523,0.0039,12702.61435,5196.944987,1.000332
"theta_t[axis1, claude-opus-5_low]",0.967125,0.167714,0.665673,1.290275,0.001504,0.002157,12906.153348,5357.292194,1.000621
"theta_t[axis1, claude-opus-5_max]",1.439879,0.183162,1.098542,1.78479,0.001811,0.002376,10554.569926,5819.222387,0.999778
"theta_t[axis1, claude-opus-5_medium]",1.023805,0.283501,0.477646,1.556886,0.002527,0.004333,12602.270349,5423.068275,1.000548
"theta_t[axis1, claude-opus-5_unknown]",1.609284,0.247633,1.134476,2.081851,0.003365,0.004238,5605.15409,4599.869302,1.000009
"theta_t[axis1, claude-opus-5_xhigh]",1.270777,0.284313,0.745624,1.815181,0.002524,0.003932,12762.280428,5878.977124,1.001066
"theta_t[axis1, claude-sonnet-4-20250514]",0.331382,0.061852,0.217421,0.448225,0.00066,0.000693,8789.095769,6227.732806,1.001092
"theta_t[axis1, claude-sonnet-4-20250514_16K]",0.487866,0.160056,0.202923,0.804096,0.001549,0.002052,11227.076123,5447.510053,1.000393
"theta_t[axis1, claude-sonnet-4-20250514_2K]",0.637619,0.59193,-0.473243,1.749003,0.006401,0.008242,9039.431915,4963.100355,0.999871
"theta_t[axis1, claude-sonnet-4-20250514_32K]",0.506631,0.131347,0.251376,0.748116,0.001232,0.0018,11979.24843,5260.834063,1.001063
"theta_t[axis1, claude-sonnet-4-20250514_59K]",0.549147,0.170305,0.240694,0.870383,0.001609,0.002288,11857.664839,5856.419965,1.000528
"theta_t[axis1, claude-sonnet-4-20250514_unknown]",0.403758,0.122876,0.171518,0.629649,0.001155,0.001538,11702.493188,5843.54113,1.000514
"theta_t[axis1, claude-sonnet-4-5-20250929]",0.580723,0.065761,0.450694,0.696188,0.000803,0.000731,6679.798473,5603.950105,1.001364
"theta_t[axis1, claude-sonnet-4-5-20250929_16K]",0.585199,0.172356,0.273377,0.914374,0.001486,0.002093,14118.138547,6162.851374,1.001572
"theta_t[axis1, claude-sonnet-4-5-20250929_2K]",0.977342,0.598338,-0.184941,2.096956,0.006025,0.008262,10226.939145,5726.969578,1.00038
"theta_t[axis1, claude-sonnet-4-5-20250929_32K]",0.69286,0.145488,0.430302,0.959142,0.001395,0.001768,11680.318163,5752.13144,1.000124
"theta_t[axis1, claude-sonnet-4-5-20250929_59K]",0.695524,0.17455,0.365246,1.021366,0.001625,0.002339,12074.930849,5378.457505,0.99981
"theta_t[axis1, claude-sonnet-4-5-20250929_unknown]",0.663326,0.072048,0.531928,0.803091,0.000858,0.000767,7053.567795,6423.302392,1.000092
"theta_t[axis1, claude-sonnet-4-6]",1.003863,0.117362,0.773764,1.219847,0.001486,0.001247,6195.787592,6344.06118,1.001392
"theta_t[axis1, claude-sonnet-4-6_32K]",0.930707,0.193068,0.589887,1.306117,0.001764,0.002472,12646.427805,5940.754197,0.999751
"theta_t[axis1, claude-sonnet-4-6_high]",0.847651,0.197564,0.493202,1.229768,0.001994,0.002508,10550.114217,5753.122262,1.000488
"theta_t[axis1, claude-sonnet-4-6_max]",0.69085,0.157759,0.395701,0.98284,0.001665,0.002022,9144.452611,6240.570738,1.00004
"theta_t[axis1, claude-sonnet-4-6_medium]",0.772013,0.189565,0.431342,1.136558,0.001761,0.002672,12551.077324,5360.857303,1.001163
"theta_t[axis1, claude-sonnet-4-6_unknown]",0.904002,0.237562,0.462463,1.37081,0.002469,0.003709,9565.751611,5353.643758,1.000482
"theta_t[axis1, claude-sonnet-5_high]",0.897335,0.277617,0.352611,1.401815,0.002345,0.00345,13986.48256,5782.832995,1.000135
"theta_t[axis1, claude-sonnet-5_max]",0.803153,0.16658,0.483613,1.116908,0.001678,0.002009,9964.34163,5716.44384,1.000705
"theta_t[axis1, claude-sonnet-5_unknown]",1.351315,0.189085,1.002857,1.70383,0.002196,0.002777,7794.967182,4810.762399,1.000197
"theta_t[axis1, claude-sonnet-5_xhigh]",1.081422,0.203445,0.712715,1.473126,0.001962,0.002798,11701.9892,5240.474832,1.000891
"theta_t[axis1, code-davinci-002]",-1.003184,0.227163,-1.420674,-0.569436,0.002633,0.004661,8990.24784,4438.950897,1.001811
"theta_t[axis1, codestral-2405]",-1.268612,0.503161,-2.229391,-0.363843,0.005136,0.006061,10320.282573,5787.511374,1.000178
"theta_t[axis1, codestral-2501]",-0.783307,0.164449,-1.107243,-0.492629,0.001554,0.001857,11260.287868,6301.762799,1.000391
"theta_t[axis1, cogito-671b-v2.1]",0.442987,0.287701,-0.107532,0.96921,0.00278,0.003713,10896.938895,5649.751086,1.000143
"theta_t[axis1, command-a-plus-05-2026]",0.248141,0.290234,-0.30202,0.783842,0.002636,0.003618,12428.653513,5721.815287,1.001652
"theta_t[axis1, computer-use-preview-2025-03-11]",-0.140157,0.747362,-1.573439,1.283711,0.007373,0.009499,10326.977063,5431.249538,1.000538
"theta_t[axis1, curie]",-2.328187,0.217749,-2.744494,-1.930852,0.00227,0.002678,9506.99596,5377.413015,1.00109
"theta_t[axis1, davinci]",-1.938828,0.199862,-2.32123,-1.567977,0.001977,0.002442,10569.981902,5384.884175,1.000512
"theta_t[axis1, dbrx-instruct]",-0.785943,0.113588,-1.000424,-0.574128,0.001165,0.001353,9719.954999,6381.651256,1.000084
"theta_t[axis1, deepseek-chat]",0.426627,0.125555,0.192469,0.664889,0.001177,0.00159,11510.439534,5919.528792,1.000318
"theta_t[axis1, deepseek-coder-1.3b-base]",-2.342492,0.198579,-2.730879,-1.998286,0.00212,0.002295,9089.863863,6078.318579,1.000617
"theta_t[axis1, deepseek-coder-33b-base]",-1.641185,0.172192,-1.973231,-1.33567,0.001867,0.002042,8871.648115,5637.29175,1.00005
"theta_t[axis1, deepseek-coder-6.7b-base]",-1.852689,0.173466,-2.190649,-1.546684,0.001892,0.002059,8709.829811,5792.978365,1.000965
"theta_t[axis1, deepseek-llm-67b-chat]",-0.996228,0.131976,-1.245331,-0.750362,0.001399,0.001803,9467.663894,6097.932548,1.000457
"theta_t[axis1, deepseek-reasoner]",0.714575,0.137642,0.464857,0.979916,0.001296,0.001745,11678.153921,5926.654272,1.000464
"theta_t[axis1, deepseek-v3.2]",0.221204,0.18743,-0.149434,0.553417,0.002797,0.002259,4570.507862,5052.551866,1.0014
"theta_t[axis1, deepseek-v4-flash-0731_max]",1.106161,0.166032,0.798516,1.424622,0.001557,0.002197,11754.893416,5557.619937,1.000728
"theta_t[axis1, deepseek-v4-flash_high]",0.510238,0.288765,-0.013159,1.0725,0.002552,0.003863,12886.281763,5837.299319,0.999866
"theta_t[axis1, deepseek-v4-flash_max]",0.67755,0.280738,0.145581,1.193906,0.002608,0.00364,11784.950202,5909.319495,1.002137
"theta_t[axis1, deepseek-v4-pro_high]",1.019743,0.148873,0.735322,1.30011,0.001417,0.001837,11233.839626,5080.104378,0.999852
"theta_t[axis1, deepseek-v4-pro_max]",1.111148,0.149493,0.820899,1.376555,0.001342,0.001938,12865.803542,5791.572149,1.000533
"theta_t[axis1, deepseek-v4-pro_none]",0.395548,0.162173,0.092445,0.697342,0.001506,0.00227,12131.759172,5617.993789,1.000882
"theta_t[axis1, devstral-small-2512]",-0.343079,0.311935,-0.955311,0.220771,0.002956,0.004048,11498.199024,5782.330757,1.001231
"theta_t[axis1, dolly-v2-12b]",-2.405063,0.207126,-2.805415,-2.03227,0.002151,0.002528,9432.045134,5726.197224,1.000439
"theta_t[axis1, falcon-11B-vlm]",-0.016574,0.743158,-1.408913,1.415931,0.007141,0.008652,11037.239769,6086.944752,1.000121
"theta_t[axis1, falcon-11b]",-1.126905,0.158374,-1.415503,-0.823676,0.001413,0.002014,12646.295978,5244.761758,1.000022
"theta_t[axis1, falcon-180B]",-0.893928,0.15144,-1.17186,-0.608307,0.001629,0.001935,9109.137239,5241.499033,0.999844
"theta_t[axis1, falcon-40b]",-1.46837,0.11332,-1.684832,-1.263334,0.001219,0.001265,8654.443918,6374.52331,1.000629
"theta_t[axis1, falcon-40b-instruct]",-1.400535,0.216319,-1.805444,-1.0028,0.002114,0.003466,10915.311148,5791.911693,1.000543
"theta_t[axis1, falcon-7b]",-1.925714,0.12528,-2.165665,-1.695906,0.001446,0.001387,7620.21098,6345.633229,1.000416
"theta_t[axis1, gemini-1.0-pro-001]",-0.785412,0.066031,-0.903553,-0.656842,0.000805,0.000691,6755.963098,6395.169096,1.001048
"theta_t[axis1, gemini-1.0-pro-vision]",0.224789,0.72782,-1.076725,1.661707,0.006989,0.008634,10935.649162,5818.279282,1.000039
"theta_t[axis1, gemini-1.5-flash-001]",-0.553894,0.088954,-0.722834,-0.388442,0.000884,0.001085,10150.988284,6221.362579,0.999892
"theta_t[axis1, gemini-1.5-flash-002]",-0.271656,0.086677,-0.427169,-0.102787,0.00085,0.001059,10385.546797,5768.690391,1.000109
"theta_t[axis1, gemini-1.5-flash-0514]",-0.343623,0.299819,-0.883061,0.23484,0.00277,0.003588,12309.027612,6043.861624,1.00005
"theta_t[axis1, gemini-1.5-flash-8b-001]",-0.727788,0.119626,-0.948561,-0.505556,0.001126,0.001289,11306.177506,6010.326158,1.000388
"theta_t[axis1, gemini-1.5-pro-001]",-0.122379,0.06098,-0.233806,-0.005411,0.000649,0.000693,8794.1524,5357.373239,1.000327
"theta_t[axis1, gemini-1.5-pro-001-feb24]",-0.163043,0.120589,-0.389532,0.066068,0.001148,0.001531,11168.390188,5981.178248,1.000903
"theta_t[axis1, gemini-1.5-pro-002]",-0.127388,0.075597,-0.263251,0.018845,0.000779,0.000824,9427.831291,6578.141582,1.000008
"theta_t[axis1, gemini-2.0-flash-001]",0.040116,0.076092,-0.101221,0.18006,0.000828,0.000807,8565.275959,5932.332012,1.000098
"theta_t[axis1, gemini-2.0-flash-exp]",-0.283181,0.172835,-0.624706,0.025959,0.001679,0.002109,10856.763872,5974.457257,1.000985
"theta_t[axis1, gemini-2.0-flash-thinking-exp-01-21]",-0.15215,0.115054,-0.358834,0.068383,0.001118,0.001482,10617.295465,5293.043011,1.00044
"theta_t[axis1, gemini-2.0-pro-exp-02-05]",0.127331,0.093247,-0.045638,0.303323,0.000887,0.001203,11294.030371,5914.558904,1.000429
"theta_t[axis1, gemini-2.5-flash]",0.348227,0.094304,0.169649,0.520055,0.001149,0.00111,6732.777915,5779.193838,1.000267
"theta_t[axis1, gemini-2.5-flash-native-audio-preview-12-2025 (non-thinking)]",-1.108819,0.33832,-1.732083,-0.459,0.004863,0.00497,4961.541483,4536.918195,1.000363
"theta_t[axis1, gemini-2.5-flash-native-audio-preview-12-2025 (thinking)]",-0.547666,0.276166,-1.062391,-0.02078,0.003725,0.004082,5581.545085,4260.421025,1.000275
"theta_t[axis1, gemini-2.5-flash-preview-04-17]",0.064003,0.211512,-0.341199,0.44941,0.002287,0.003032,9219.505098,5805.828506,1.000204
"theta_t[axis1, gemini-2.5-flash-preview-04-17_24K]",0.16481,0.526466,-0.796368,1.216201,0.005338,0.007075,9970.686568,5566.217561,1.000254
"theta_t[axis1, gemini-2.5-flash-preview-05-20]",0.27108,0.162676,-0.031335,0.582722,0.001595,0.002292,10743.098549,5998.759866,1.000683
"theta_t[axis1, gemini-2.5-flash-preview-05-20_24K]",0.314118,0.212786,-0.098265,0.707055,0.001971,0.003499,11865.789886,5788.199671,1.000062
"theta_t[axis1, gemini-2.5-flash-preview-09-2025]",0.335086,0.153035,0.02829,0.608001,0.002178,0.002535,5422.438454,4192.719697,1.000694
"theta_t[axis1, gemini-2.5-pro]",0.639914,0.080984,0.493717,0.799675,0.001018,0.000927,6343.415363,5627.966576,1.000387
"theta_t[axis1, gemini-2.5-pro-exp-03-25]",0.724593,0.123033,0.504728,0.964825,0.001163,0.001507,11441.226816,5814.428655,0.99998
"theta_t[axis1, gemini-2.5-pro-preview-03-25]",0.597692,0.146258,0.336905,0.885343,0.001423,0.001843,11335.428601,5904.002761,1.000856
"theta_t[axis1, gemini-2.5-pro-preview-05-06]",0.37565,0.091813,0.202713,0.544928,0.000993,0.001034,8769.795877,5509.673105,1.000786
"theta_t[axis1, gemini-2.5-pro-preview-06-05]",0.777067,0.072409,0.638062,0.910091,0.000751,0.000766,9322.161464,6043.000223,1.000045
"theta_t[axis1, gemini-2.5-pro-preview-06-05_32K]",0.880457,0.262075,0.43982,1.381703,0.003089,0.005033,9381.484953,4475.067002,1.000808
"theta_t[axis1, gemini-3-flash-preview]",0.880162,0.094249,0.711609,1.065037,0.001002,0.00109,8896.191915,6137.295572,0.999955
"theta_t[axis1, gemini-3-flash-preview_high]",1.091332,0.224271,0.682015,1.511476,0.002329,0.00304,10552.130971,5230.978915,1.00029
"theta_t[axis1, gemini-3-pro-preview]",1.128913,0.0668,1.004267,1.255374,0.000878,0.000651,5784.314526,6489.864377,1.000007
"theta_t[axis1, gemini-3-pro-preview_high]",0.461268,0.301757,-0.132461,0.995516,0.004141,0.005511,6362.625326,4239.012254,1.00021
"theta_t[axis1, gemini-3.1-flash-lite]",0.535111,0.114024,0.3207,0.748121,0.001109,0.001329,10585.548641,6360.584443,1.000113
"theta_t[axis1, gemini-3.1-flash-lite_high]",0.707205,0.183273,0.372812,1.055755,0.001758,0.002471,11731.832361,5635.239997,1.00054
"theta_t[axis1, gemini-3.1-flash-lite_low]",0.426432,0.163094,0.115119,0.730533,0.001479,0.002228,12523.567042,5865.494137,1.000039
"theta_t[axis1, gemini-3.1-flash-lite_minimal]",0.411212,0.164589,0.11987,0.734889,0.001428,0.002013,13460.652064,6080.731655,1.000412
"theta_t[axis1, gemini-3.1-flash-live-preview]",0.248273,0.231868,-0.19262,0.683307,0.003065,0.005234,6247.910815,3034.705672,1.000451
"theta_t[axis1, gemini-3.1-pro-preview]",1.245706,0.062316,1.126631,1.362446,0.000834,0.000586,5576.824768,6441.93537,1.000276
"theta_t[axis1, gemini-3.1-pro-preview-customtools]",0.995864,0.284001,0.484214,1.54567,0.002853,0.00372,10220.058164,6174.048536,0.999875
"theta_t[axis1, gemini-3.1-pro-preview_high]",1.237672,0.156217,0.948806,1.533001,0.001897,0.002008,7300.838527,5581.371162,1.000335
"theta_t[axis1, gemini-3.5-flash-lite]",0.513668,0.175739,0.198842,0.86257,0.001554,0.002178,12732.157594,6088.731652,1.000997
"theta_t[axis1, gemini-3.5-flash-lite_high]",0.725786,0.175977,0.411469,1.068724,0.001632,0.002255,12231.510893,6054.937768,0.99967
"theta_t[axis1, gemini-3.5-flash-lite_low]",0.479354,0.163152,0.173902,0.790881,0.001495,0.002343,12361.599977,5731.736451,1.000802
"theta_t[axis1, gemini-3.5-flash-lite_minimal]",0.425551,0.161746,0.11973,0.723215,0.001466,0.002095,12599.970317,5896.778926,1.001816
"theta_t[axis1, gemini-3.5-flash_high]",1.309846,0.157436,1.016001,1.616982,0.001489,0.001908,11408.93049,5223.493683,1.002027
"theta_t[axis1, gemini-3.5-flash_low]",1.057648,0.217699,0.654991,1.451806,0.002213,0.002982,11027.207455,5660.348079,0.999853
"theta_t[axis1, gemini-3.5-flash_minimal]",0.914426,0.205048,0.573576,1.339804,0.001995,0.002777,11634.257783,5215.489724,0.999893
"theta_t[axis1, gemini-3.5-flash_unknown]",0.994762,0.238504,0.55626,1.445084,0.002317,0.002851,10881.70657,5234.605949,1.000275
"theta_t[axis1, gemini-3.6-flash_high]",1.385936,0.186663,1.013831,1.722604,0.001834,0.002327,10869.857384,5736.018387,1.001827
"theta_t[axis1, gemini-3.6-flash_low]",0.917249,0.198931,0.575799,1.316419,0.001951,0.002743,11449.178837,5571.221757,1.001132
"theta_t[axis1, gemini-3.6-flash_minimal]",0.889174,0.199507,0.540997,1.265259,0.001919,0.003055,11927.952527,5343.507648,1.000124
"theta_t[axis1, gemini-3.6-flash_unknown]",0.917526,0.247351,0.438325,1.356499,0.002276,0.003435,12270.75143,5539.870439,1.00003
"theta_t[axis1, gemini-exp-1206]",0.020132,0.219924,-0.38864,0.441323,0.002182,0.003424,10738.677551,5660.021923,0.999901
"theta_t[axis1, gemma-2-27b-it]",-0.581921,0.097912,-0.763143,-0.395256,0.000927,0.001215,11368.005955,5781.727572,1.000397
"theta_t[axis1, gemma-2-9b]",-0.523316,0.226653,-0.926109,-0.084642,0.002432,0.002972,9823.178409,5508.181104,1.000189
"theta_t[axis1, gemma-2-9b-it]",-0.765987,0.109813,-0.979223,-0.568232,0.001076,0.001381,10652.41208,5769.476798,1.000168
"theta_t[axis1, gemma-2b]",-1.799953,0.129507,-2.044217,-1.560967,0.001566,0.001482,6947.116325,5299.110343,0.999887
"theta_t[axis1, gemma-3-12b-it]",-0.715951,0.151054,-0.98596,-0.420188,0.001488,0.001664,10334.193638,6315.116334,1.000306
"theta_t[axis1, gemma-3-27b-it]",-0.280231,0.079339,-0.431858,-0.135379,0.000864,0.000906,8475.098859,6375.001895,1.000128
"theta_t[axis1, gemma-3-4b-it]",-1.121589,0.175374,-1.46252,-0.797297,0.001691,0.002049,10757.157655,6227.777743,1.000124
"theta_t[axis1, gemma-3n-E4B-it]",-0.971108,0.323881,-1.555853,-0.34054,0.004695,0.005824,5049.590194,3714.609261,1.000183
"theta_t[axis1, gemma-4-26b-a4b]",0.389054,0.287174,-0.13535,0.952798,0.002621,0.003726,12335.08032,5422.533769,1.000573
"theta_t[axis1, gemma-4-26b-a4b-it]",-0.537354,0.642603,-1.754719,0.633579,0.005802,0.007733,12618.656829,5987.435282,0.99995
"theta_t[axis1, gemma-4-31b-it]",0.585477,0.176046,0.243111,0.905801,0.001587,0.002369,12368.479487,5694.710564,1.000629
"theta_t[axis1, gemma-4-31b-it_minimal]",0.47917,0.165356,0.179436,0.798138,0.001489,0.002106,12942.530697,5905.703415,1.000739
"theta_t[axis1, gemma-7b]",-1.080625,0.109495,-1.291355,-0.883904,0.001141,0.001201,9222.202654,6277.341264,1.000283
"theta_t[axis1, glm-4.5]",0.046524,0.204421,-0.364831,0.399437,0.002152,0.00246,9668.945695,6026.804351,1.000634
"theta_t[axis1, glm-4.6]",0.096649,0.190164,-0.260204,0.45618,0.002339,0.002346,6987.324439,5184.081123,1.000477
"theta_t[axis1, glm-4.7]",0.589766,0.099853,0.403635,0.774213,0.001047,0.001138,9094.643234,5927.714259,1.000015
"theta_t[axis1, glm-4.7_high]",0.341904,0.500528,-0.69964,1.176531,0.00735,0.00901,5456.070279,4028.698447,1.000231
"theta_t[axis1, glm-5]",0.871336,0.102598,0.676303,1.059596,0.001015,0.001301,10275.182386,6147.525746,1.000746
"theta_t[axis1, glm-5.1]",0.847125,0.108301,0.640778,1.048376,0.001222,0.001261,7906.460091,5954.250866,1.001089
"theta_t[axis1, glm-5.2_max]",1.318394,0.14667,1.052244,1.598923,0.002098,0.001374,4891.821069,5830.336447,1.000191
"theta_t[axis1, glm-5.2_none]",0.145495,0.295123,-0.430535,0.682977,0.002743,0.003769,11648.233209,5565.755232,1.000073
"theta_t[axis1, glm-5.2_unknown]",-0.23351,0.714015,-1.664897,0.982845,0.007564,0.008201,9381.408268,5881.521665,1.000804
"theta_t[axis1, gpt-3.5-turbo-0125]",-0.844333,0.074542,-0.982256,-0.703908,0.000853,0.000784,7671.084971,5956.28261,1.000903
"theta_t[axis1, gpt-3.5-turbo-0613]",-0.926977,0.11618,-1.150015,-0.710289,0.001191,0.001393,9715.053233,5780.805105,1.000374
"theta_t[axis1, gpt-3.5-turbo-1106]",-0.811007,0.09259,-0.991719,-0.644522,0.00091,0.001012,10431.558643,6373.475684,1.000173
"theta_t[axis1, gpt-4-0125-preview]",-0.462946,0.101093,-0.656647,-0.274529,0.001033,0.001261,9606.986606,5603.785174,1.000118
"theta_t[axis1, gpt-4-0314]",-0.428408,0.111307,-0.632352,-0.211103,0.001035,0.001295,11641.338755,6330.855745,0.999798
"theta_t[axis1, gpt-4-0613]",-0.571686,0.057723,-0.678886,-0.462409,0.000662,0.000606,7572.595099,6548.165825,1.000603
"theta_t[axis1, gpt-4-1106-preview]",-0.431867,0.100808,-0.61719,-0.237201,0.000962,0.001318,11102.3307,5305.402487,1.001319
"theta_t[axis1, gpt-4-1106-vision-preview]",-0.07438,0.853287,-1.619773,1.593801,0.007565,0.01135,12893.81392,6063.6001,1.000568
"theta_t[axis1, gpt-4-turbo]",-0.259892,0.29954,-0.7988,0.314893,0.002964,0.003903,11174.309497,5230.52424,0.999878
"theta_t[axis1, gpt-4-turbo-2024-04-09]",-0.289222,0.059535,-0.395686,-0.171041,0.000629,0.000698,8975.21101,6308.974564,1.001214
"theta_t[axis1, gpt-4.1-2025-04-14]",0.204602,0.070849,0.073485,0.337168,0.000724,0.000722,9563.484602,6761.983932,1.00039
"theta_t[axis1, gpt-4.1-mini-2025-04-14]",0.050711,0.083772,-0.108245,0.208574,0.001001,0.000831,6997.484177,6283.055073,1.000483
"theta_t[axis1, gpt-4.1-nano-2025-04-14]",-0.261153,0.086404,-0.429564,-0.105385,0.000857,0.001084,10121.895155,6008.347834,1.000298
"theta_t[axis1, gpt-4.5-preview-2025-02-27]",0.132585,0.059256,0.023547,0.243127,0.000605,0.000647,9595.633603,6132.730854,1.000917
"theta_t[axis1, gpt-4o]",-0.297862,0.219612,-0.698748,0.107436,0.002629,0.002707,7557.399154,4976.126175,1.001369
"theta_t[axis1, gpt-4o-2024-05-13]",-0.205369,0.093958,-0.386004,-0.034433,0.00089,0.001162,11201.903072,5586.575688,1.001322
"theta_t[axis1, gpt-4o-2024-08-06]",-0.169975,0.056216,-0.274337,-0.063125,0.000614,0.000581,8368.892866,5895.844456,1.000436
"theta_t[axis1, gpt-4o-2024-11-20]",-0.253715,0.073945,-0.389932,-0.114555,0.000788,0.00074,8806.130479,6463.440556,1.000798
"theta_t[axis1, gpt-4o-audio-preview-2025-06-03]",-0.306104,0.259807,-0.772403,0.208575,0.003478,0.005378,5884.764403,4544.999413,1.000474
"theta_t[axis1, gpt-4o-mini-2024-07-18]",-0.451534,0.077114,-0.596412,-0.308489,0.000823,0.00093,8842.798841,6061.694253,1.000435
"theta_t[axis1, gpt-4o-mini-audio-preview-2024-12-17]",-1.033967,0.330878,-1.671951,-0.436896,0.004323,0.005629,6005.650214,4522.69067,1.000737
"theta_t[axis1, gpt-5-2025-08-07_high]",0.816938,0.091338,0.641258,0.983804,0.000877,0.001148,10816.586387,6092.914294,1.000158
"theta_t[axis1, gpt-5-2025-08-07_low]",0.889336,0.248429,0.442125,1.36112,0.002748,0.003337,9455.132959,5335.090221,1.000624
"theta_t[axis1, gpt-5-2025-08-07_medium]",0.857234,0.107707,0.663609,1.066506,0.000973,0.001331,12408.662071,6057.724251,1.000434
"theta_t[axis1, gpt-5-2025-08-07_minimal]",0.379969,0.137481,0.13632,0.653885,0.001266,0.001603,11827.182779,6391.68499,0.999824
"theta_t[axis1, gpt-5-2025-08-07_unknown]",1.030307,0.078029,0.884566,1.176686,0.000933,0.000831,7007.579945,5973.323469,1.000249
"theta_t[axis1, gpt-5-codex]",0.64268,0.240288,0.160104,1.070995,0.002459,0.003655,9988.163326,5636.363196,1.000745
"theta_t[axis1, gpt-5-mini-2025-08-07_high]",0.49935,0.111083,0.296486,0.709405,0.001068,0.001468,11470.942496,5713.708378,0.999853
"theta_t[axis1, gpt-5-mini-2025-08-07_medium]",0.464563,0.101802,0.281205,0.66317,0.000903,0.001444,12688.892998,5778.216284,1.000192
"theta_t[axis1, gpt-5-mini-2025-08-07_minimal]",0.344253,0.162474,0.053542,0.660206,0.001436,0.00214,13238.165041,6074.61493,1.000415
"theta_t[axis1, gpt-5-mini-2025-08-07_unknown]",0.448845,0.131769,0.196909,0.686929,0.001257,0.001576,11108.038254,6501.831655,1.000893
"theta_t[axis1, gpt-5-nano-2025-08-07_high]",0.348106,0.115136,0.131672,0.559054,0.001072,0.001431,11918.765424,5682.310342,1.000732
"theta_t[axis1, gpt-5-nano-2025-08-07_low]",-0.052126,0.141882,-0.309393,0.220825,0.001222,0.001818,13641.536956,6485.755131,1.000084
"theta_t[axis1, gpt-5-nano-2025-08-07_medium]",0.247046,0.09579,0.068225,0.427863,0.000979,0.001081,9652.285926,6301.516281,1.000039
"theta_t[axis1, gpt-5-nano-2025-08-07_minimal]",-0.283916,0.142029,-0.545516,-0.015391,0.001296,0.001987,11974.000041,5245.44827,1.000792
"theta_t[axis1, gpt-5-nano-2025-08-07_unknown]",0.070561,0.314809,-0.510382,0.628263,0.003964,0.006231,8223.496003,4281.398551,1.000667
"theta_t[axis1, gpt-5-pro-2025-10-06_unknown]",1.38258,0.139774,1.115569,1.642904,0.001483,0.001612,8937.71385,6549.282908,1.0007
"theta_t[axis1, gpt-5.1-2025-11-13_high]",0.954286,0.111971,0.749247,1.170242,0.001595,0.001198,4930.253065,5078.908544,1.000669
"theta_t[axis1, gpt-5.1-2025-11-13_low]",0.29675,0.593282,-0.789524,1.41518,0.006053,0.008181,10000.4873,5614.752055,1.001215
"theta_t[axis1, gpt-5.1-2025-11-13_medium]",0.804137,0.141162,0.543882,1.067315,0.001317,0.001698,11787.152955,5938.155432,1.000859
"theta_t[axis1, gpt-5.1-2025-11-13_none]",0.251587,0.1071,0.043713,0.444681,0.001022,0.001252,11000.436339,6226.098456,1.000785
"theta_t[axis1, gpt-5.1-2025-11-13_unknown]",0.975968,0.087404,0.80899,1.142159,0.001012,0.001087,7428.541149,5683.720184,1.001654
"theta_t[axis1, gpt-5.1-codex]",0.939107,0.247101,0.500826,1.442452,0.002554,0.004135,9984.935267,5155.859241,1.000133
"theta_t[axis1, gpt-5.1-codex-max]",1.024308,0.171623,0.698446,1.339625,0.00174,0.002216,9818.872468,5527.535774,1.000355
"theta_t[axis1, gpt-5.1-codex-mini]",1.019815,0.250708,0.548095,1.498362,0.002432,0.003974,10838.154706,5603.885115,0.999987
"theta_t[axis1, gpt-5.2-2025-12-11_high]",0.995568,0.122244,0.767974,1.226569,0.001298,0.001285,8912.297004,6467.78176,1.001041
"theta_t[axis1, gpt-5.2-2025-12-11_low]",0.705811,0.164879,0.396543,1.012479,0.001498,0.002096,12741.41808,5518.95514,1.000369
"theta_t[axis1, gpt-5.2-2025-12-11_medium]",1.068474,0.133046,0.824374,1.320741,0.001384,0.001766,9328.911961,5862.904679,1.000189
"theta_t[axis1, gpt-5.2-2025-12-11_none]",0.613483,0.219882,0.233336,1.048072,0.004404,0.00261,2691.062284,2757.206303,1.00037
"theta_t[axis1, gpt-5.2-2025-12-11_unknown]",0.873449,0.10687,0.667653,1.070221,0.001132,0.001313,8903.537236,5662.468812,1.000359
"theta_t[axis1, gpt-5.2-2025-12-11_xhigh]",1.183513,0.217575,0.772179,1.571076,0.002168,0.003386,11426.47214,5583.401821,1.001199
"theta_t[axis1, gpt-5.2-codex]",1.014979,0.147314,0.734827,1.295496,0.001428,0.002198,10595.184023,5831.532301,1.00068
"theta_t[axis1, gpt-5.2-pro-2025-12-11]",0.934179,0.231373,0.504453,1.37674,0.002094,0.002797,12280.409977,5986.053324,1.000606
"theta_t[axis1, gpt-5.3-codex]",1.096775,0.18268,0.748953,1.43355,0.00255,0.00219,5146.676165,5516.604158,1.001114
"theta_t[axis1, gpt-5.3-codex_high]",0.953158,0.191807,0.564709,1.288028,0.002099,0.00283,8761.972107,4716.046401,1.000761
"theta_t[axis1, gpt-5.4-2026-03-05_high]",1.188842,0.079192,1.03603,1.333974,0.001069,0.000826,5490.500716,6040.112844,0.999873
"theta_t[axis1, gpt-5.4-2026-03-05_low]",0.743038,0.177099,0.40604,1.065349,0.001786,0.00224,10184.409587,5458.361638,0.999995
"theta_t[axis1, gpt-5.4-2026-03-05_medium]",1.05818,0.220463,0.670886,1.48077,0.002262,0.003213,11090.994774,5158.963868,0.999911
"theta_t[axis1, gpt-5.4-2026-03-05_none]",0.445759,0.163557,0.142519,0.753004,0.001474,0.002285,12804.224658,5092.61122,1.0007
"theta_t[axis1, gpt-5.4-2026-03-05_unknown]",1.282541,0.203759,0.897303,1.667018,0.002572,0.002483,6277.592765,5342.119261,1.000577
"theta_t[axis1, gpt-5.4-2026-03-05_xhigh]",1.390794,0.09755,1.212115,1.577339,0.001303,0.000947,5638.988181,6192.58435,0.999997
"theta_t[axis1, gpt-5.4-mini-2026-03-17_high]",0.757308,0.179512,0.425627,1.100191,0.001616,0.002361,12754.540378,5270.240301,0.999862
"theta_t[axis1, gpt-5.4-mini-2026-03-17_low]",-0.175385,0.609785,-1.392696,0.909125,0.006426,0.00849,9490.717577,5842.122872,0.999983
"theta_t[axis1, gpt-5.4-mini-2026-03-17_none]",0.124188,0.147863,-0.140179,0.407898,0.001306,0.002045,12916.681853,5418.615148,1.000757
"theta_t[axis1, gpt-5.4-mini-2026-03-17_xhigh]",0.969045,0.168895,0.656772,1.300109,0.001468,0.002169,13464.818484,5439.914955,1.000374
"theta_t[axis1, gpt-5.4-nano-2026-03-17_high]",0.51868,0.159785,0.220518,0.820255,0.001474,0.001971,11986.841021,5944.469017,1.000474
"theta_t[axis1, gpt-5.4-nano-2026-03-17_low]",0.36079,0.159276,0.067636,0.66375,0.001466,0.002142,12202.144541,5834.157549,1.000187
"theta_t[axis1, gpt-5.4-nano-2026-03-17_none]",-0.105301,0.147458,-0.374622,0.184619,0.001329,0.001939,12357.156904,5951.070773,1.000232
"theta_t[axis1, gpt-5.4-nano-2026-03-17_xhigh]",0.793821,0.286804,0.269758,1.341361,0.002516,0.004251,13052.330632,4985.82276,1.000997
"theta_t[axis1, gpt-5.4-pro-2026-03-05_unknown]",1.321109,0.138833,1.060558,1.581169,0.001371,0.001714,10385.959714,5769.254756,1.00043
"theta_t[axis1, gpt-5.4-pro-2026-03-05_xhigh]",1.463739,0.246353,1.027338,1.933251,0.002413,0.003053,11396.682917,5869.728989,1.000667
"theta_t[axis1, gpt-5.5-instant]",0.899856,0.277947,0.372575,1.421466,0.002501,0.003709,12341.115381,5762.097834,1.000055
"theta_t[axis1, gpt-5.5-pre-release_xhigh]",1.414158,0.199552,1.052705,1.793921,0.001889,0.002539,11819.671362,5912.562481,1.000285
"theta_t[axis1, gpt-5.5-pro-pre-release_xhigh]",1.479517,0.263424,1.014846,1.987615,0.002628,0.003939,12157.725431,4552.492235,1.000909
"theta_t[axis1, gpt-5.5_high]",1.502119,0.221618,1.060532,1.90372,0.002439,0.003116,8186.876501,4878.095257,1.000718
"theta_t[axis1, gpt-5.5_low]",1.142678,0.168213,0.833132,1.459757,0.001535,0.002155,12478.496969,5325.601087,1.000107
"theta_t[axis1, gpt-5.5_medium]",1.173559,0.24976,0.721129,1.659075,0.002255,0.003224,12243.026469,5884.289427,1.000534
"theta_t[axis1, gpt-5.5_none]",0.625627,0.157803,0.334292,0.929842,0.001455,0.002008,12103.377997,5755.16566,1.001333
"theta_t[axis1, gpt-5.5_unknown]",1.881768,0.201594,1.515169,2.274012,0.00295,0.002277,4627.824986,5733.152409,1.000766
"theta_t[axis1, gpt-5.5_xhigh]",1.402321,0.128901,1.159383,1.644945,0.001788,0.001625,5236.382106,5788.336678,1.000331
"theta_t[axis1, gpt-5.6-luna_high]",1.024399,0.283617,0.496794,1.568324,0.002466,0.003768,13308.40503,5897.257342,1.000325
"theta_t[axis1, gpt-5.6-luna_low]",0.73822,0.155677,0.445867,1.033122,0.00138,0.00195,13161.528467,5894.718359,0.999931
"theta_t[axis1, gpt-5.6-luna_max]",1.201797,0.175422,0.87867,1.524836,0.001627,0.002278,12178.419882,5581.664405,0.99985
"theta_t[axis1, gpt-5.6-luna_medium]",0.74181,0.282277,0.219313,1.275419,0.002535,0.003878,12501.538085,5055.853348,1.000864
"theta_t[axis1, gpt-5.6-luna_none]",0.174313,0.137864,-0.098658,0.428934,0.001246,0.001899,12336.550788,5333.766031,1.000375
"theta_t[axis1, gpt-5.6-luna_unknown]",0.767099,0.264968,0.283385,1.253656,0.002954,0.002882,8381.179656,5898.271529,1.000674
"theta_t[axis1, gpt-5.6-luna_xhigh]",0.98012,0.283242,0.451517,1.518494,0.002437,0.003696,13549.5129,5390.952938,1.000139
"theta_t[axis1, gpt-5.6-sol_high]",1.393609,0.28421,0.86195,1.928363,0.002452,0.003861,13456.100552,6006.548141,1.000149
"theta_t[axis1, gpt-5.6-sol_low]",1.216664,0.189221,0.866399,1.570611,0.001743,0.002345,12191.994461,6083.997966,1.000077
"theta_t[axis1, gpt-5.6-sol_max]",1.485493,0.131596,1.223272,1.71641,0.001522,0.001453,7443.694358,6217.8844,1.000396
"theta_t[axis1, gpt-5.6-sol_medium]",1.361774,0.289952,0.813184,1.900666,0.002559,0.003802,12884.652056,5861.31129,0.999816
"theta_t[axis1, gpt-5.6-sol_none]",0.780556,0.15938,0.486221,1.078988,0.001479,0.00206,11923.494267,5936.300153,1.001598
"theta_t[axis1, gpt-5.6-sol_unknown]",1.305529,0.382727,0.591191,1.998001,0.004618,0.003869,6915.286924,6396.274014,1.000174
"theta_t[axis1, gpt-5.6-sol_xhigh]",1.337163,0.28717,0.79337,1.873686,0.002564,0.003771,12566.055852,5978.672241,0.999807
"theta_t[axis1, gpt-5.6-terra_high]",0.987656,0.27751,0.463605,1.51511,0.002441,0.003675,12864.93149,5976.466454,0.999911
"theta_t[axis1, gpt-5.6-terra_low]",0.97451,0.164494,0.656989,1.269071,0.00151,0.00196,12112.782531,6237.864564,1.000052
"theta_t[axis1, gpt-5.6-terra_max]",1.313794,0.181532,0.96597,1.639034,0.001685,0.002543,12096.750832,5463.088073,0.999718
"theta_t[axis1, gpt-5.6-terra_medium]",0.961965,0.280412,0.453275,1.513239,0.002516,0.003858,12404.341317,5378.556525,1.001517
"theta_t[axis1, gpt-5.6-terra_none]",0.57662,0.152479,0.280715,0.862335,0.00138,0.002008,12402.454249,5406.4398,1.000506
"theta_t[axis1, gpt-5.6-terra_unknown]",0.925004,0.271591,0.454246,1.46391,0.003022,0.002926,8325.566099,5269.373452,1.000539
"theta_t[axis1, gpt-5.6-terra_xhigh]",1.072925,0.283165,0.544267,1.608018,0.002428,0.003562,13641.75379,5768.245451,1.001383
"theta_t[axis1, gpt-j-6b]",-2.265736,0.187429,-2.6132,-1.915925,0.001863,0.002156,10148.372319,5963.305899,1.000045
"theta_t[axis1, gpt-neo-2.7B]",-2.249604,0.327663,-2.863283,-1.635999,0.003272,0.004158,10192.437417,6447.625223,1.000962
"theta_t[axis1, gpt-neox-20b]",-2.045704,0.273748,-2.559217,-1.536451,0.002618,0.003349,11016.949957,5694.994652,1.000237
"theta_t[axis1, gpt-oss-120b]",0.18959,0.101216,0.005266,0.384836,0.000956,0.001178,11197.349326,5640.241952,1.000792
"theta_t[axis1, gpt-oss-120b_high]",0.31741,0.11316,0.111938,0.541652,0.001113,0.001561,10365.159568,5575.059792,1.00111
"theta_t[axis1, gpt-oss-120b_unknown]",-0.031312,0.31977,-0.655203,0.515806,0.004074,0.004918,7558.73922,4802.969255,1.000293
"theta_t[axis1, gpt-oss-20b]",-0.352821,0.133754,-0.60084,-0.097957,0.001245,0.001595,11525.623933,6267.525359,0.999913
"theta_t[axis1, gpt-oss-20b_high]",0.027857,0.300291,-0.527583,0.589677,0.002802,0.004346,11664.677082,5522.129626,1.000457
"theta_t[axis1, gpt-oss-20b_unknown]",-0.810029,0.411345,-1.592662,-0.079323,0.004896,0.004958,8000.59062,5277.35772,1.000451
"theta_t[axis1, gpt-realtime-1.5]",0.181779,0.238279,-0.28666,0.618915,0.00326,0.006088,6075.867478,4145.217029,1.00113
"theta_t[axis1, gpt-realtime-2]",0.32423,0.230015,-0.083947,0.794143,0.003046,0.005023,6351.926546,4003.599089,1.001489
"theta_t[axis1, gpt-realtime-2 (xHigh)]",0.811214,0.231812,0.385606,1.265241,0.003136,0.005701,5973.682634,2936.693801,1.00135
"theta_t[axis1, gpt-realtime-2025-08-28]",-0.4264,0.268345,-0.941054,0.063588,0.003797,0.005391,5283.501756,3481.288679,1.000705
"theta_t[axis1, gpt-realtime-mini-2025-12-15]",-0.884982,0.306579,-1.494157,-0.339394,0.004033,0.004739,5940.612568,4565.545018,1.002513
"theta_t[axis1, gpt2-xl]",-2.353533,0.25766,-2.846145,-1.880809,0.002571,0.002899,10067.134295,6302.19213,1.000844
"theta_t[axis1, granite-4.0-h-small]",-0.529517,0.176675,-0.858518,-0.186237,0.00163,0.002167,11758.901618,6187.97972,1.000752
"theta_t[axis1, granite-4.1-30b]",-0.558885,0.320423,-1.184562,0.009577,0.003273,0.004778,10153.180661,5833.762608,1.002017
"theta_t[axis1, grok-2-1212]",-0.252799,0.059719,-0.364139,-0.144121,0.000681,0.000589,7692.806532,6677.338522,1.000232
"theta_t[axis1, grok-3]",0.337252,0.22854,-0.078627,0.76026,0.00202,0.002853,13418.901728,5980.959467,1.001287
"theta_t[axis1, grok-3-beta]",0.24797,0.09194,0.071139,0.418911,0.000789,0.001143,13589.032146,5885.493523,1.00015
"theta_t[axis1, grok-3-mini-beta_high]",0.325889,0.102784,0.13475,0.519467,0.001031,0.001292,10266.204934,5813.437857,1.000689
"theta_t[axis1, grok-3-mini-beta_low]",0.299475,0.104926,0.103619,0.498412,0.001083,0.001216,9619.961919,6004.824154,1.0006
"theta_t[axis1, grok-3-mini_unknown]",0.362505,0.215668,-0.018849,0.786812,0.002054,0.002715,11329.439833,5228.050766,1.000302
"theta_t[axis1, grok-4-0709]",0.624332,0.081134,0.479348,0.782411,0.000995,0.000901,6759.842748,5870.193082,1.000442
"theta_t[axis1, grok-4-0709_high]",0.791956,0.258726,0.345279,1.293929,0.002931,0.004269,9589.937506,4290.773691,1.000592
"theta_t[axis1, grok-4-1]",0.426519,0.129025,0.191608,0.681036,0.001471,0.002177,8261.320704,4842.291211,1.000407
"theta_t[axis1, grok-4-20]",1.042865,0.170539,0.706624,1.346108,0.001741,0.002212,9621.48428,6056.017051,1.000316
"theta_t[axis1, grok-4-20_high]",0.477937,0.495738,-0.538745,1.312752,0.007029,0.008558,5882.861358,3911.217993,1.000602
"theta_t[axis1, grok-4-fast]",0.283765,0.141498,0.015193,0.542572,0.001811,0.002833,7012.016623,4593.847946,1.00007
"theta_t[axis1, grok-4-fast-reasoning]",-0.099085,0.651973,-1.320064,1.113547,0.005989,0.00852,12359.398305,5827.098388,1.000955
"theta_t[axis1, grok-4.20-0309-reasoning]",1.050002,0.204441,0.67825,1.434833,0.001953,0.002362,11595.740819,6626.25649,0.999945
"theta_t[axis1, grok-4.3_high]",0.911132,0.147076,0.646544,1.203303,0.001421,0.001745,10953.930209,5530.019884,1.000788
"theta_t[axis1, grok-4.5_high]",1.260848,0.132248,1.007452,1.503243,0.001378,0.001756,9314.703753,6250.631944,1.000073
"theta_t[axis1, grok-4.5_unknown]",1.11822,0.289315,0.599066,1.689049,0.003032,0.00341,9383.913693,6223.931777,1.001054
"theta_t[axis1, grok-build-0.1]",0.932545,0.260222,0.432566,1.417102,0.002406,0.003449,11810.872386,5884.974294,1.000288
"theta_t[axis1, grok-code-fast-1]",0.186139,0.291983,-0.350206,0.717563,0.003733,0.005272,7651.73152,4045.977794,1.000317
"theta_t[axis1, inkling-small]",1.062566,0.169012,0.722319,1.366336,0.002001,0.002638,7356.819048,4978.850036,1.000782
"theta_t[axis1, instructblip-vicuna-13b]",-0.518399,0.768548,-1.934441,0.950722,0.007713,0.009557,10157.646607,5913.788776,1.001266
"theta_t[axis1, instructblip-vicuna-7b]",-0.632283,0.762557,-2.010323,0.81803,0.007562,0.010046,10780.010755,5445.570348,1.000036
"theta_t[axis1, internlm-20b]",-1.017988,0.129217,-1.266778,-0.786393,0.001429,0.001459,8326.63652,6046.495319,0.999901
"theta_t[axis1, internlm-7b]",-1.606294,0.122528,-1.831854,-1.365438,0.001465,0.001385,7128.391527,6231.002056,1.00027
"theta_t[axis1, internlm-chat-20b]",-1.535349,0.123407,-1.769274,-1.302815,0.001322,0.00151,8728.168928,6356.496719,1.000043
"theta_t[axis1, kangaroo]",-0.246319,0.858013,-1.880105,1.364716,0.007745,0.012584,12302.126498,5838.861275,1.000659
"theta_t[axis1, kimi-k2-thinking]",0.575691,0.121069,0.356517,0.814246,0.001313,0.001404,8513.156669,6160.470313,1.000241
"theta_t[axis1, kimi-k2-thinking-turbo]",0.793542,0.180872,0.473677,1.150022,0.001694,0.002434,12187.670683,6002.92268,1.000192
"theta_t[axis1, kimi-k2.5]",0.825211,0.074703,0.686687,0.965092,0.000903,0.000837,6855.930312,6294.807695,1.00002
"theta_t[axis1, kimi-k2.5_high]",0.6285,0.484401,-0.299985,1.508416,0.006648,0.008961,6196.214048,3712.596955,0.999921
"theta_t[axis1, kimi-k2.6]",0.996942,0.108406,0.791539,1.197135,0.001193,0.00113,8321.152711,6360.980729,1.000832
"theta_t[axis1, kimi-k2.7-code]",0.91881,0.149656,0.637906,1.196599,0.001372,0.001795,12053.547391,6193.751632,1.000117
"theta_t[axis1, kimi-k3_high]",1.261079,0.241738,0.825199,1.703608,0.002453,0.003592,11529.4351,5067.284028,1.000791
"theta_t[axis1, kimi-k3_low]",0.932177,0.171362,0.622038,1.254967,0.001597,0.002522,12114.560594,5008.166393,1.000093
"theta_t[axis1, kimi-k3_max]",1.400607,0.175751,1.067921,1.723622,0.001677,0.002035,11299.669305,5911.873707,1.000059
"theta_t[axis1, kimi-k3_unknown]",1.531694,0.178239,1.184393,1.867912,0.002165,0.002301,6898.625761,5047.078698,1.001443
"theta_t[axis1, llama3-llava-next-8b]",-0.055145,0.739566,-1.355946,1.41932,0.007364,0.009763,10267.365108,5653.243227,1.000515
"theta_t[axis1, llava-v1.5-7b]",-0.357598,0.759228,-1.806706,1.037555,0.007583,0.009854,10460.514507,5372.995974,0.999919
"theta_t[axis1, llava-v1.6-mistral-7b]",-0.098222,0.742852,-1.429771,1.335744,0.00734,0.00914,10505.911798,5886.394572,1.000597
"theta_t[axis1, llava-v1.6-vicuna-13b]",-0.074233,0.746323,-1.398862,1.3881,0.006873,0.009456,12092.959736,6316.729712,1.001101
"theta_t[axis1, llava-v1.6-vicuna-7b]",-0.200006,0.736611,-1.551245,1.207616,0.007349,0.008931,10328.621034,6067.551238,0.999912
"theta_t[axis1, long-llava-qwen2-7b]",-0.37648,0.868407,-1.968357,1.317883,0.007624,0.011061,13064.644186,5573.311872,1.000358
"theta_t[axis1, mPLUG-Owl3-7B-241101]",-0.131539,0.849897,-1.660836,1.564455,0.007525,0.009884,12740.538529,6518.061618,1.000062
"theta_t[axis1, magistral-medium-2509]",0.336544,0.28823,-0.204766,0.873669,0.002719,0.003894,11446.706855,5148.467873,1.000516
"theta_t[axis1, magistral-small-2506]",-0.28512,0.145159,-0.558421,-0.008734,0.001292,0.002111,12650.257734,5182.315428,1.000811
"theta_t[axis1, magistral-small-2509]",0.086304,0.294241,-0.505456,0.598593,0.002729,0.003825,12000.732962,5549.696447,1.000437
"theta_t[axis1, mercury-2]",0.296802,0.295773,-0.259862,0.851121,0.002766,0.004595,11687.324904,4693.543699,1.001056
"theta_t[axis1, mimo-v2-flash]",-0.547135,0.309054,-1.124165,0.025233,0.003019,0.00381,10911.623033,5708.756447,1.000091
"theta_t[axis1, mimo-v2-pro]",0.442621,0.301314,-0.127321,0.980616,0.004111,0.005755,6864.924472,3794.62817,1.000195
"theta_t[axis1, mimo-v2-pro_high]",-0.278539,0.549981,-1.3837,0.659513,0.007514,0.007501,5890.485554,4366.149209,1.00068
"theta_t[axis1, mimo-v2.5]",0.567882,0.279861,0.036054,1.08149,0.002602,0.003635,11838.306312,5563.382299,1.000158
"theta_t[axis1, mimo-v2.5-pro]",0.996382,0.280355,0.488768,1.541881,0.002454,0.003472,13107.165,5886.490826,1.000043
"theta_t[axis1, ministral-3b-2410]",-1.038891,0.122413,-1.266431,-0.808491,0.001332,0.001298,8611.0951,5913.462993,1.000388
"theta_t[axis1, ministral-8b-2410]",-0.968305,0.116996,-1.193538,-0.758442,0.001232,0.001354,9195.184524,5556.044558,0.999972
"theta_t[axis1, mistral-large-2402]",-0.616161,0.062323,-0.737635,-0.502696,0.000708,0.000633,7764.199678,6442.842086,1.000902
"theta_t[axis1, mistral-large-2407]",-0.211729,0.061324,-0.328004,-0.097129,0.000657,0.000664,8837.609095,6307.822487,1.000063
"theta_t[axis1, mistral-large-2411]",-0.219008,0.088005,-0.38005,-0.050048,0.000785,0.001078,12586.117744,6242.599919,1.000284
"theta_t[axis1, mistral-large-2512]",0.149788,0.293845,-0.401108,0.705455,0.002628,0.003987,12735.273873,5376.675531,1.000485
"theta_t[axis1, mistral-medium-2505]",0.145465,0.101552,-0.043399,0.334599,0.000982,0.001199,10906.314244,5543.763602,1.000462
"theta_t[axis1, mistral-medium-2508]",-0.007734,0.297854,-0.590426,0.52771,0.002909,0.004406,10697.035221,5503.898324,1.000555
"theta_t[axis1, mistral-medium-2604]",0.358126,0.292093,-0.213811,0.876858,0.002688,0.003522,11942.621239,5383.267163,1.000009
"theta_t[axis1, mistral-small-2402]",-0.748972,0.273946,-1.264495,-0.239139,0.002505,0.003741,12421.570995,4943.813902,1.00169
"theta_t[axis1, mistral-small-2501]",-0.36528,0.097542,-0.545944,-0.177811,0.000926,0.001174,11181.209329,5963.660503,1.001634
"theta_t[axis1, mistral-small-2503]",-0.344998,0.09348,-0.51774,-0.169457,0.000874,0.001142,11552.719097,6120.416841,1.000371
"theta_t[axis1, mistral-small-2506]",-0.518408,0.315377,-1.102728,0.078219,0.003142,0.003853,10524.526049,5745.360064,1.000623
"theta_t[axis1, ml-elephant]",-0.519216,0.343914,-1.19355,0.052556,0.00433,0.005736,7362.605356,4842.799854,1.00197
"theta_t[axis1, moonshotai/kimi-k2-0905]",0.384866,0.221928,-0.047746,0.784223,0.002245,0.004355,10388.513963,5131.454391,1.001603
"theta_t[axis1, mpt-30b]",-1.632814,0.115792,-1.844734,-1.406593,0.001243,0.001338,8668.021369,5929.376761,1.000043
"theta_t[axis1, mpt-30b-instruct]",-1.285436,0.181358,-1.639092,-0.955238,0.001885,0.002256,9387.222167,5974.585519,1.000674
"theta_t[axis1, mpt-7b]",-1.887132,0.126785,-2.133842,-1.65638,0.00156,0.001348,6705.325951,6101.457933,0.999968
"theta_t[axis1, muse-spark]",1.414785,0.111895,1.206351,1.617788,0.001299,0.001106,7400.917707,6187.321715,1.0005
"theta_t[axis1, muse-spark-1.1]",1.534463,0.092492,1.353849,1.701656,0.00125,0.000961,5500.823929,5815.857782,1.000301
"theta_t[axis1, muse-spark-1.1_xhigh]",1.468936,0.286384,0.953819,2.025246,0.002716,0.003787,11175.12493,5489.618571,1.000761
"theta_t[axis1, nemotron-3-super]",0.131132,0.293799,-0.433569,0.669963,0.002624,0.0042,12756.912239,5030.573081,1.000861
"theta_t[axis1, nemotron-3-ultra]",0.379726,0.290193,-0.191845,0.9023,0.002656,0.003888,12157.503202,5521.209411,0.99995
"theta_t[axis1, nova-2.0-pro-preview_low]",0.297103,0.29235,-0.238676,0.870406,0.002689,0.003728,11955.11331,6004.3345,1.000209
"theta_t[axis1, nova-2.0-pro-preview_medium]",0.551558,0.2877,0.008377,1.080211,0.002557,0.003632,12776.366232,6129.933971,1.00107
"theta_t[axis1, nova-2.0-pro-preview_none]",-0.389859,0.308088,-0.972377,0.178604,0.003032,0.003946,10818.069954,5297.428689,1.000123
"theta_t[axis1, nova-premier]",-0.091564,0.308763,-0.668852,0.425539,0.004252,0.00615,6904.474059,3423.568,0.99996
"theta_t[axis1, o1-2024-12-17_high]",0.479772,0.111165,0.285177,0.698918,0.000991,0.001341,12960.695047,5877.145682,0.999763
"theta_t[axis1, o1-2024-12-17_low]",0.425851,0.158941,0.132439,0.738787,0.001445,0.001868,12331.424097,5709.359509,1.000132
"theta_t[axis1, o1-2024-12-17_medium]",0.388748,0.067656,0.257964,0.513896,0.000687,0.00079,9755.213698,5753.332928,1.000401
"theta_t[axis1, o1-2024-12-17_unknown]",0.601712,0.212524,0.223217,1.022917,0.002212,0.00245,9392.400172,6054.615114,1.000005
"theta_t[axis1, o1-mini-2024-09-12_high]",0.179687,0.110118,-0.016704,0.399117,0.000993,0.001411,12774.61498,5911.637247,0.999726
"theta_t[axis1, o1-mini-2024-09-12_medium]",-0.002576,0.082715,-0.159053,0.150653,0.00077,0.000965,11538.933186,6279.56101,1.000243
"theta_t[axis1, o1-mini-2024-09-12_unknown]",-0.052091,0.14474,-0.321313,0.220099,0.001329,0.001839,11862.342547,5893.183383,1.001112
"theta_t[axis1, o1-preview-2024-09-12]",0.102619,0.062493,-0.009603,0.223272,0.000676,0.000663,8521.421407,5276.463615,1.000021
"theta_t[axis1, o3-2025-04-16_high]",0.787263,0.083009,0.630045,0.940351,0.000851,0.001059,9514.25295,5937.429177,0.999999
"theta_t[axis1, o3-2025-04-16_low]",0.625508,0.175977,0.295663,0.95798,0.001731,0.002424,11288.204363,4693.008018,1.000684
"theta_t[axis1, o3-2025-04-16_medium]",0.6672,0.071658,0.526872,0.796255,0.000828,0.000684,7531.995177,6401.378252,1.000191
"theta_t[axis1, o3-2025-04-16_unknown]",0.807773,0.107684,0.607527,1.013316,0.001174,0.001295,8653.889653,5701.914789,1.000093
"theta_t[axis1, o3-mini-2025-01-31_high]",0.39842,0.08735,0.228685,0.560527,0.000786,0.001086,12396.14716,5556.183086,1.000101
"theta_t[axis1, o3-mini-2025-01-31_low]",0.18705,0.130061,-0.053827,0.433612,0.001159,0.001646,12556.544194,6113.170309,1.002038
"theta_t[axis1, o3-mini-2025-01-31_medium]",0.28281,0.055952,0.17875,0.3901,0.000581,0.000581,9307.081972,6088.868574,1.000273
"theta_t[axis1, o3-mini-2025-01-31_unknown]",0.185831,0.218092,-0.222327,0.599606,0.002072,0.002857,11603.253214,5368.325151,0.999908
"theta_t[axis1, o3-pro-2025-06-10]",1.124983,0.182632,0.767986,1.45272,0.00184,0.002106,9897.735546,6030.708337,1.000312
"theta_t[axis1, o3-pro-2025-06-10_high]",0.996426,0.132402,0.754217,1.247672,0.001294,0.001683,10660.244674,5214.534038,1.000057
"theta_t[axis1, o3-pro-2025-06-10_medium]",0.765933,0.549214,-0.228023,1.858277,0.005199,0.007002,11440.105702,5980.429159,1.00095
"theta_t[axis1, o4-mini]",0.424842,0.239416,-0.028176,0.85738,0.002207,0.003073,11840.843326,6035.579815,1.001026
"theta_t[axis1, o4-mini-2025-04-16]",0.598739,0.163218,0.277184,0.868164,0.00204,0.001859,7020.553046,6119.878379,1.000147
"theta_t[axis1, o4-mini-2025-04-16_high]",0.479477,0.078762,0.330401,0.625068,0.000757,0.000906,10881.226758,6118.373877,1.001265
"theta_t[axis1, o4-mini-2025-04-16_low]",0.445758,0.158707,0.164629,0.765316,0.001458,0.001983,12268.357568,6100.53998,1.00138
"theta_t[axis1, o4-mini-2025-04-16_medium]",0.434357,0.074083,0.2952,0.570186,0.000824,0.000786,8119.718458,6778.714172,0.999789
"theta_t[axis1, open-mistral-7b]",-1.347101,0.16884,-1.668904,-1.050547,0.001726,0.001982,9954.676748,6083.802834,1.000172
"theta_t[axis1, open-mistral-nemo-2407]",-0.841747,0.118394,-1.05865,-0.614584,0.001202,0.001445,10166.588451,6291.55308,0.999823
"theta_t[axis1, open-mixtral-8x22b]",-0.630258,0.091738,-0.805262,-0.461906,0.000864,0.001085,11337.898095,6309.705151,1.001174
"theta_t[axis1, open-mixtral-8x7b]",-0.853232,0.11988,-1.070621,-0.623414,0.001252,0.001402,9361.690305,6069.268417,0.999899
"theta_t[axis1, open_llama_7b]",-2.073997,0.183085,-2.412311,-1.728965,0.001888,0.00237,9556.299029,5767.201152,1.000637
"theta_t[axis1, openai/gpt-oss-120b_low]",0.134394,0.29861,-0.434466,0.686157,0.002674,0.003959,12758.102304,6049.311196,1.000351
"theta_t[axis1, openhands-lm-32b-v0.1]",-0.658835,0.310214,-1.258912,-0.141984,0.003783,0.004525,8337.362331,4854.757432,1.000508
"theta_t[axis1, opt-1.3b]",-2.448569,0.262497,-2.969927,-1.984572,0.002497,0.003125,11017.38024,6272.86529,1.000072
"theta_t[axis1, opt-13b]",-2.29006,0.192311,-2.651706,-1.928718,0.001945,0.002348,9920.033314,6028.509073,1.001032
"theta_t[axis1, opt-175b]",-1.93721,0.191073,-2.291943,-1.575243,0.002085,0.002443,8559.967543,5694.663171,1.000933
"theta_t[axis1, opt-66b]",-2.103607,0.195602,-2.474005,-1.745163,0.00206,0.002102,9074.684556,6550.265189,1.000537
"theta_t[axis1, phi-1_5]",-1.798298,0.183143,-2.159847,-1.470162,0.001797,0.002154,10398.865525,5815.828578,1.001192
"theta_t[axis1, phi-2]",-1.077174,0.130631,-1.312771,-0.824206,0.001268,0.001559,10603.716372,6034.907702,1.000643
"theta_t[axis1, phi-4]",-0.184189,0.089244,-0.352491,-0.020646,0.000841,0.000987,11275.819101,6549.776925,1.00004
"theta_t[axis1, qwen-max-2025-01-25]",-0.123516,0.091076,-0.298128,0.046265,0.000842,0.001181,11631.696238,6071.832543,1.000437
"theta_t[axis1, qwen-plus-2025-01-25]",-0.197821,0.095552,-0.375715,-0.016143,0.00089,0.001153,11565.899049,6112.716133,1.000829
"theta_t[axis1, qwen-turbo-2024-11-01]",-0.33371,0.101226,-0.524336,-0.142959,0.000965,0.001269,10886.352351,5642.617876,1.001367
"theta_t[axis1, qwen1.5-14B]",-0.754841,0.273603,-1.290424,-0.267705,0.002733,0.004256,10935.108147,4851.342638,1.000171
"theta_t[axis1, qwen1.5-32B]",-0.511444,0.287967,-1.048808,0.019552,0.002611,0.003686,12862.157847,5854.124742,1.000878
"theta_t[axis1, qwen1.5-32b-chat]",-0.760358,0.157885,-1.056254,-0.468119,0.001483,0.002064,11535.900517,5954.661959,0.999969
"theta_t[axis1, qwen1.5-72b-chat]",-0.816847,0.156952,-1.126568,-0.534836,0.001475,0.002179,11612.262585,6158.006407,1.000869
"theta_t[axis1, qwen2-72b-instruct]",-0.456606,0.08751,-0.623419,-0.293499,0.000872,0.001099,10083.792282,5891.106152,1.000711
"theta_t[axis1, qwen2.5-14b-instruct]",-0.240015,0.305742,-0.827612,0.319821,0.002963,0.004058,12048.643269,5543.133903,0.999947
"theta_t[axis1, qwen2.5-32b-instruct]",-0.282127,0.097679,-0.470144,-0.100573,0.000906,0.001187,11656.574527,6257.518154,1.001292
"theta_t[axis1, qwen2.5-72b-instruct]",-0.220979,0.082466,-0.374874,-0.065475,0.000799,0.000993,10740.899362,5844.778013,1.001069
"theta_t[axis1, qwen2.5-7b-instruct]",-0.831603,0.207143,-1.232016,-0.447983,0.001919,0.002321,11679.354434,6156.929996,0.999968
"theta_t[axis1, qwen2.5-max]",-0.076338,0.531232,-1.066586,0.95696,0.00553,0.006975,9352.197324,5496.120138,1.000256
"theta_t[axis1, qwen3-235b-a22b]",0.18912,0.088342,0.022469,0.350385,0.00088,0.000986,10024.411287,6284.719583,1.001228
"theta_t[axis1, qwen3-coder-next]",-0.108094,0.299638,-0.690813,0.435467,0.002943,0.004261,10872.00903,4889.531337,1.000809
"theta_t[axis1, qwen3-max-2025-09-23]",0.460085,0.102237,0.26525,0.649492,0.00095,0.001215,11829.419878,5985.887411,0.999908
"theta_t[axis1, qwen3.5-9B]",-0.411695,0.243391,-0.905233,0.001317,0.002682,0.003122,8698.385395,5559.343305,1.000434
"theta_t[axis1, qwen3.5-flash]",0.680308,0.171168,0.372189,1.009715,0.001568,0.002242,12600.540071,5343.454699,1.001687
"theta_t[axis1, qwen3.5-plus]",0.851319,0.148128,0.585314,1.137704,0.001505,0.001876,9787.207811,5671.033189,1.000647
"theta_t[axis1, qwen3.5-plus_high]",0.53004,0.485242,-0.423955,1.386136,0.00665,0.008796,6392.396521,4340.248203,1.000261
"theta_t[axis1, qwen3.6-35b-a3b]",0.511124,0.116831,0.281967,0.724206,0.001309,0.001525,8000.659332,5708.619166,1.000662
"theta_t[axis1, qwen3.6-flash]",0.727836,0.175189,0.398577,1.05423,0.001601,0.002336,12353.760759,5913.202677,1.001012
"theta_t[axis1, qwen3.6-max-preview]",1.04099,0.167646,0.737823,1.362497,0.001554,0.001925,12225.803287,6092.396819,1.000274
"theta_t[axis1, qwen3.6-plus]",0.788039,0.123796,0.554103,1.015849,0.001382,0.001368,8029.558685,6033.677441,0.999945
"theta_t[axis1, qwen3.7-max]",1.087918,0.141129,0.832226,1.351405,0.001388,0.001661,10491.530552,6022.88024,1.00014
"theta_t[axis1, qwen3.7-plus]",0.917367,0.160345,0.612072,1.21644,0.001495,0.002291,11784.92737,5546.208827,1.001556
"theta_t[axis1, qwen3.8-max_xhigh]",1.301315,0.233687,0.85382,1.716636,0.002293,0.003109,11829.491938,5533.940248,1.000665
"theta_t[axis1, qwq-plus]",0.161045,0.151407,-0.112041,0.459723,0.001327,0.002219,13247.404021,5300.501926,1.0007
"theta_t[axis1, reka-flash-3]",0.128236,0.312095,-0.47729,0.69348,0.003189,0.004372,10135.483991,5356.049351,1.000751
"theta_t[axis1, sharegpt4video-8b]",-0.941366,0.894662,-2.617413,0.745058,0.008771,0.010317,10495.166649,6502.17407,1.000225
"theta_t[axis1, solar-pro-3]",-0.650231,0.32981,-1.31079,-0.076381,0.00321,0.004268,11001.034424,5994.089906,1.001376
"theta_t[axis1, sonar]",-0.071497,0.605062,-1.173239,1.113411,0.006245,0.007749,9844.114158,5608.832845,1.002697
"theta_t[axis1, sonar-pro]",-0.068072,0.597519,-1.252583,1.002278,0.006399,0.007659,8980.360754,5847.150152,1.000783
"theta_t[axis1, stablelm-tuned-alpha-7b]",-2.4208,0.268649,-2.927255,-1.921441,0.002691,0.003421,9994.5889,5863.218337,1.000748
"theta_t[axis1, starcoder2-15b]",-1.096965,0.152744,-1.382417,-0.801942,0.001433,0.001876,11346.747084,6029.218093,1.000339
"theta_t[axis1, starcoder2-3b]",-1.862875,0.184782,-2.209818,-1.515991,0.002077,0.002295,8280.250224,5255.071773,1.000261
"theta_t[axis1, starcoder2-7b]",-1.694794,0.178314,-2.029176,-1.370573,0.00192,0.002011,8858.341607,6376.11141,1.000304
"theta_t[axis1, step-3.7-flash]",0.38629,0.292171,-0.166898,0.927289,0.002676,0.004303,12606.497111,4714.079392,1.002127
"theta_t[axis1, text-ada-001]",-2.959643,0.272008,-3.469079,-2.449852,0.002915,0.003138,8799.558148,5902.401218,1.000252
"theta_t[axis1, text-babbage-001]",-3.052689,0.268288,-3.557333,-2.552932,0.002814,0.00304,9161.197004,5711.324338,1.000372
"theta_t[axis1, text-curie-001]",-2.494344,0.219416,-2.905847,-2.090615,0.002264,0.00246,9619.120213,5984.248971,0.999783
"theta_t[axis1, text-davinci-001]",-1.427559,0.152777,-1.692615,-1.119702,0.00175,0.001741,7623.338933,5563.109668,0.999957
"theta_t[axis1, text-davinci-002]",-0.95063,0.165688,-1.247149,-0.629489,0.001965,0.001892,7247.844404,5989.45882,1.000095
"theta_t[axis1, text-davinci-003]",-0.592383,0.232781,-1.00675,-0.162072,0.002828,0.005305,8613.279732,4598.05162,1.000173
"theta_t[axis1, tml-interaction-small]",0.584437,0.22351,0.154718,1.011275,0.002842,0.005319,6442.697251,3740.469713,1.002268
"theta_t[axis1, trinity-large-thinking]",0.136403,0.297222,-0.44177,0.675317,0.002686,0.00388,12586.420444,5603.277802,1.000078
"theta_t[axis1, vicuna-13b-v1.1]",-1.475605,0.125492,-1.725956,-1.253597,0.001268,0.001471,9808.824516,6224.739948,0.999737
"theta_t[axis1, vicuna-13b-v1.3]",-1.530819,0.18404,-1.877839,-1.185036,0.001843,0.002556,9940.316605,5596.457427,1.000025
"theta_t[axis1, video-SALMONN-2plus]",0.871288,0.840548,-0.670657,2.432557,0.007704,0.009564,11906.52339,6565.342702,0.999877
"theta_t[axis1, video_chat2_mistral]",-0.963867,0.884927,-2.535763,0.761528,0.008934,0.01006,9936.558968,6572.035367,0.999755
"theta_t[axis1, xgen-7b-8k-base]",-1.867975,0.178875,-2.205227,-1.539276,0.001691,0.002076,11223.135409,6321.796925,1.000065
"theta_t[axis1, xiaoyi-deepresearch]",1.160892,0.601011,0.010356,2.2773,0.006852,0.008958,8321.06226,4781.077011,1.0009
"theta_t[axis1, yi-lightning]",-0.565625,0.302192,-1.160625,-0.052062,0.00384,0.004607,7489.670709,4558.052073,1.000612
"logA_z[axis1, ARC (AI2)]",0.279386,0.169818,-0.028054,0.599411,0.002391,0.001713,5066.391775,5515.251845,1.000272
"logA_z[axis1, Adversarial NLI]",-0.140929,0.679084,-1.51379,0.985618,0.013365,0.009486,2643.39512,3389.614422,1.00041
"logA_z[axis1, Aider Polyglot]",1.407148,0.226706,0.986503,1.829518,0.004741,0.002513,2289.95677,4330.472197,1.001142
"logA_z[axis1, AudioMultiChallenge]",-0.222066,0.215399,-0.633503,0.168284,0.004328,0.004292,2639.508128,2735.220453,1.001369
"logA_z[axis1, BALROG]",-0.02902,0.167519,-0.35637,0.278057,0.002154,0.002044,6369.141023,5036.878279,1.000321
"logA_z[axis1, BIG-Bench Hard (BBH)]",0.475115,0.143892,0.201894,0.7429,0.002877,0.001785,2518.501328,3858.493039,1.000155
"logA_z[axis1, BioLP-bench]",1.464358,0.226848,1.056091,1.900427,0.00434,0.002274,2765.996396,4784.429636,1.002245
"logA_z[axis1, BoolQ]",-0.385961,0.151686,-0.669126,-0.102541,0.002668,0.001709,3292.858399,4176.69144,1.000263
"logA_z[axis1, CAD-Eval]",0.841647,0.39048,0.110802,1.546878,0.005578,0.007142,5400.479606,4379.895908,1.000285
"logA_z[axis1, CL-Bench]",-0.750848,0.355663,-1.388152,-0.085616,0.007006,0.005655,2655.326935,3643.035156,1.000429
"logA_z[axis1, CL-Bench Life]",-0.781154,0.468434,-1.730935,0.023008,0.010281,0.007957,2203.96861,2713.632359,1.001032
"logA_z[axis1, CSQA2]",-0.200709,0.630762,-1.426712,0.920018,0.010943,0.006854,3336.444992,4695.153557,1.000891
"logA_z[axis1, Cybench]",1.718898,0.237901,1.283448,2.171287,0.004898,0.002581,2370.193264,4110.49183,1.001534
"logA_z[axis1, DeepResearchBench]",-1.568233,0.502419,-2.499927,-0.638667,0.009868,0.007157,2657.265965,3680.489757,1.000715
"logA_z[axis1, ExploitBench]",0.420448,0.303502,-0.131483,1.007835,0.005394,0.003843,3203.899805,3947.613543,1.000311
"logA_z[axis1, GBAEval]",0.16003,0.666128,-1.094012,1.384486,0.011981,0.00939,3173.26753,3240.999569,1.000375
"logA_z[axis1, GDP.pdf]",-0.741919,0.58606,-1.869075,0.288592,0.011372,0.008624,2792.280815,2955.663894,1.000868
"logA_z[axis1, GPQA Diamond]",0.726664,0.09248,0.556545,0.901758,0.002245,0.001137,1690.62784,3472.878782,1.003106
"logA_z[axis1, GPQA Diamond Biology]",-0.156966,0.324283,-0.784001,0.417567,0.003974,0.004277,7246.008727,5293.295149,0.99985
"logA_z[axis1, GPQA Diamond Chemistry]",0.429037,0.180304,0.076841,0.762959,0.002183,0.002083,6816.84272,5496.302257,1.000259
"logA_z[axis1, GPQA Main Biology]",0.12857,0.253751,-0.345459,0.608663,0.002915,0.003325,7916.799495,5891.082808,1.000358
"logA_z[axis1, GPQA Main Chemistry]",0.3586,0.14893,0.077023,0.639552,0.001869,0.001632,6333.849823,6221.115277,1.000093
"logA_z[axis1, GSM8K]",1.432257,0.201345,1.065863,1.816605,0.004755,0.002341,1778.139419,3506.382281,1.00159
"logA_z[axis1, GSO-Bench]",1.273591,0.235737,0.833011,1.71229,0.004604,0.002814,2620.706098,4479.005151,1.001315
"logA_z[axis1, LAMBADA]",-1.338122,0.489236,-2.283207,-0.488223,0.008321,0.007744,3678.635966,3358.217587,1.000532
"logA_z[axis1, Lech Mazur Writing]",-0.930738,0.415558,-1.684806,-0.162812,0.00623,0.005056,4661.211088,4834.013936,1.00117
"logA_z[axis1, MATH Level 5]",1.949183,0.224853,1.530103,2.363956,0.005666,0.002987,1575.432362,3089.935121,1.002321
"logA_z[axis1, MMLU]",0.186424,0.081427,0.03176,0.340043,0.001426,0.000907,3274.529109,4260.326555,1.000782
"logA_z[axis1, MMLU Biology]",-0.857827,0.23524,-1.298377,-0.424957,0.003336,0.002796,5157.001928,4586.782936,1.000339
"logA_z[axis1, MMLU Chemistry]",-0.120557,0.140028,-0.38396,0.135122,0.001787,0.001471,6161.869432,5260.464529,1.000198
"logA_z[axis1, MMLU Pro Biology]",0.545426,0.177931,0.205521,0.866931,0.002491,0.002161,5076.936589,5215.085067,1.000784
"logA_z[axis1, MMLU Pro Chemistry]",1.189732,0.163569,0.892206,1.501083,0.003681,0.00205,1978.892207,3828.764078,1.000977
"logA_z[axis1, MMLU-Pro]",0.115439,0.133957,-0.133465,0.372534,0.001683,0.001439,6331.745736,5999.531571,1.00027
"logA_z[axis1, MultiChallenge]",-0.402888,0.292544,-0.958996,0.11975,0.003971,0.004016,5849.74374,4510.163885,1.000407
"logA_z[axis1, MultiNRC]",0.755588,0.152985,0.474327,1.046582,0.002667,0.001547,3304.247833,4927.750115,1.000864
"logA_z[axis1, OS World (Screenshot)]",-0.425556,0.675841,-1.684041,0.813775,0.008215,0.007597,7056.300808,5442.466688,1.000939
"logA_z[axis1, PRBench Finance]",-0.945901,0.222405,-1.379114,-0.55012,0.003551,0.002346,3927.745733,5005.166075,1.000716
"logA_z[axis1, PRBench Legal]",-0.967612,0.208325,-1.368058,-0.595152,0.003607,0.002373,3362.030247,4707.299541,1.000834
"logA_z[axis1, PostTrainBench]",0.410612,0.336242,-0.213058,1.030619,0.008998,0.006894,1485.679834,1879.042435,1.00211
"logA_z[axis1, SWE-Bench Pro]",0.362315,0.224704,-0.06606,0.769406,0.002802,0.002873,6696.46401,5302.730545,1.00151
"logA_z[axis1, SWE-Bench Verified]",0.018967,0.233127,-0.424454,0.453011,0.003298,0.002839,5220.727984,4856.262108,1.000433
"logA_z[axis1, SciCode]",-0.751318,0.154548,-1.048216,-0.478795,0.003679,0.002145,1781.538237,3260.112713,1.002335
"logA_z[axis1, ScienceQA]",-1.157417,0.508239,-2.097067,-0.215972,0.008853,0.005774,3258.641315,4404.322383,1.000788
"logA_z[axis1, SimpleQA Verified]",-0.211916,0.218442,-0.630126,0.183922,0.002891,0.00289,5996.226251,4942.589209,1.000082
"logA_z[axis1, SpatialViz-Bench]",-1.337243,0.574093,-2.388906,-0.253679,0.007717,0.005822,5595.050332,6456.191546,1.000598
"logA_z[axis1, SuperGLUE]",-0.22778,0.528628,-1.312377,0.663166,0.013799,0.010593,1586.302648,1921.630485,1.000639
"logA_z[axis1, TerminalBench]",0.976264,0.233219,0.543514,1.420676,0.005345,0.00295,1921.138628,3511.585545,1.001882
"logA_z[axis1, The Agent Company]",1.515624,0.391498,0.769322,2.247523,0.006759,0.005653,3467.268145,3861.142133,1.001567
"logA_z[axis1, TriviaQA]",-1.471844,0.469407,-2.361285,-0.62703,0.006578,0.005168,5275.510752,5334.411908,1.000088
"logA_z[axis1, TutorBench]",-1.165534,0.285539,-1.695781,-0.633391,0.004805,0.003421,3603.726713,4785.862986,1.000626
"logA_z[axis1, Video-MME]",-2.29412,0.547854,-3.375033,-1.346815,0.009209,0.006036,3496.665646,5093.632271,1.000991
"logA_z[axis1, VisualToolBench]",1.347596,0.218981,0.934925,1.754431,0.004263,0.002598,2645.713045,4285.30629,1.000452
"logA_z[axis1, WMDP Biology]",-0.656194,0.350084,-1.322488,-0.029522,0.004117,0.004412,7879.042377,5250.947259,1.000228
"logA_z[axis1, WMDP Chemistry]",-0.248543,0.229388,-0.697235,0.156497,0.00318,0.003574,5745.228231,3650.307884,1.000762
tau_A[axis1],1.0,0.0,1.0,1.0,0.0,,8000.0,8000.0,
"theta[Aria, axis1]",0.25055,0.838447,-1.313428,1.863313,0.007308,0.010267,13150.78115,5578.455701,1.000395
"theta[Average Human, axis1]",-0.623056,0.214701,-0.974338,-0.170809,0.004599,0.002592,2249.214082,4110.146509,1.000603
"theta[Baichuan-13B-Base, axis1]",-1.490814,0.123611,-1.730577,-1.266422,0.001212,0.001554,10339.470871,5114.048315,1.000316
"theta[Baichuan-2-13B-Base, axis1]",-1.346976,0.121547,-1.577176,-1.117971,0.001476,0.001594,7126.138778,4896.349993,1.000083
"theta[Baichuan-2-7B-Base, axis1]",-1.637463,0.125936,-1.885176,-1.411994,0.001687,0.001632,5852.386439,4467.946277,1.00059
"theta[Baichuan-7B, axis1]",-1.849339,0.136974,-2.123603,-1.610532,0.001551,0.001693,8019.94587,5229.418005,1.000101
"theta[Baichuan2-13B-Chat, axis1]",-1.301733,0.120434,-1.516903,-1.064701,0.001199,0.00162,10067.406497,5973.030387,1.000676
"theta[ByteVideoLLM-14B, axis1]",0.128967,0.855631,-1.419819,1.776285,0.007867,0.011031,11833.706221,5860.516278,1.001181
"theta[Cerebras-GPT-13B, axis1]",-2.357295,0.195271,-2.740674,-2.009734,0.00207,0.002233,8984.71093,5456.508461,1.00071
"theta[Chat-Uni-Vi-7B-v1.5 + 100k SG-WV, axis1]",-0.787447,0.871865,-2.530523,0.761037,0.008938,0.010061,9629.655136,6386.28005,1.000641
"theta[Chat-UniVi-7B-v1.5, axis1]",-0.909642,0.877836,-2.496523,0.792622,0.008517,0.010272,10658.164175,6360.60605,1.001033
"theta[Chinchilla (70B), axis1]",-0.931977,0.210205,-1.337138,-0.545615,0.00196,0.002775,12025.532149,5653.663087,1.000534
"theta[CodeQwen1.5-7B, axis1]",-1.636224,0.17886,-1.992849,-1.322254,0.001975,0.002186,8613.977736,5485.714497,1.001763
"theta[Committee of Average Humans, axis1]",0.850728,0.665117,-0.379698,2.092539,0.007063,0.007174,8966.761959,5968.581787,0.999672
"theta[Committee of Domain Experts, axis1]",3.474741,0.343655,2.845388,4.129951,0.003778,0.003492,8351.041061,6000.371164,1.000221
"theta[DeepSeek-Coder-V2-Base, axis1]",-0.551893,0.2231,-0.956513,-0.12132,0.00238,0.003083,9710.607324,5081.435045,1.000239
"theta[DeepSeek-Coder-V2-Instruct, axis1]",0.01691,0.372375,-0.590491,0.749205,0.004563,0.005113,8299.545783,5077.381929,1.000072
"theta[DeepSeek-Coder-V2-Lite-Base, axis1]",-1.014149,0.151474,-1.28862,-0.717283,0.001359,0.001816,12512.73836,6045.9645,1.000612
"theta[DeepSeek-Coder-V2-Lite-Instruct, axis1]",-0.282922,0.340709,-0.86148,0.354328,0.00441,0.005672,7223.446007,5072.495968,1.000657
"theta[DeepSeek-R1, axis1]",0.309098,0.058656,0.198768,0.418918,0.000593,0.000636,9762.921271,6476.668354,1.000106
"theta[DeepSeek-R1-0528, axis1]",0.472197,0.078943,0.327723,0.623323,0.000743,0.000883,11286.293754,6294.520197,0.999801
"theta[DeepSeek-R1-Distill-Llama-70B, axis1]",0.104509,0.103565,-0.081033,0.308569,0.001024,0.001316,10316.963125,5881.759918,1.000681
"theta[DeepSeek-R1-Distill-Qwen-14B, axis1]",-0.053141,0.103301,-0.243879,0.146807,0.00108,0.001299,9307.071052,5548.320691,0.999838
"theta[DeepSeek-R1-Distill-Qwen-32B, axis1]",-0.36863,0.342922,-1.027965,0.252068,0.003498,0.004508,10379.998069,5720.876897,1.000189
"theta[DeepSeek-V2, axis1]",-0.2686,0.171072,-0.598779,0.044951,0.001827,0.002239,9463.120682,5531.11032,1.001782
"theta[DeepSeek-V2.5, axis1]",-0.419315,0.276518,-0.952696,0.053363,0.003331,0.004697,8627.236432,4318.727851,1.00042
"theta[DeepSeek-V3, axis1]",-0.031682,0.055688,-0.133345,0.076417,0.000629,0.000577,7820.821158,6060.544441,1.000108
"theta[DeepSeek-V3-0324, axis1]",0.177772,0.094977,0.007509,0.362213,0.000888,0.001179,11533.854182,5769.842048,1.000521
"theta[DeepSeek-V3.1, axis1]",0.341539,0.11172,0.125274,0.544941,0.00101,0.001306,12261.345796,5721.150899,1.00126
"theta[DeepSeek-V3.1-Terminus, axis1]",0.416441,0.287062,-0.1268,0.952013,0.002562,0.003915,12815.251618,5469.95962,1.002124
"theta[DeepSeek-V3.2-Exp, axis1]",0.525131,0.150623,0.252979,0.806461,0.001829,0.003059,7446.297774,5486.07447,1.00018
"theta[DeepSeek-V3.2-Exp_thinking, axis1]",0.438157,0.129813,0.196456,0.685038,0.001359,0.001504,9197.13029,6096.415866,1.000284
"theta[Domain Expert, axis1]",0.545159,0.09501,0.362574,0.720082,0.001019,0.00101,8739.18831,6437.755731,1.000349
"theta[Eurus-2-7B-PRIME, axis1]",-0.667867,0.155037,-0.960765,-0.383777,0.00144,0.001929,12032.368993,5524.084292,1.000249
"theta[GLM-4.5-Air, axis1]",-0.193403,0.221538,-0.622433,0.19607,0.002382,0.002941,9475.793348,5439.713285,1.000943
"theta[GLaM (MoE), axis1]",-0.355962,0.810588,-1.822374,1.220159,0.007484,0.009678,12015.689309,6260.551742,1.00011
"theta[Gopher (280B), axis1]",-1.248683,0.199242,-1.620567,-0.870913,0.001826,0.002431,12008.211145,5699.557796,1.001712
"theta[Hermes-2-Theta-Llama-3-70B, axis1]",-0.619523,0.107245,-0.823195,-0.423166,0.001116,0.001267,9335.801078,6183.481156,0.99964
"theta[High School Top Performer, axis1]",1.440138,0.263545,0.962652,1.947687,0.002689,0.002943,10002.886399,6614.439191,1.000517
"theta[INTELLECT-1-Instruct, axis1]",-1.551101,0.128141,-1.791249,-1.312523,0.001291,0.001567,9740.742995,5992.503948,1.000189
"theta[Inflection-1, axis1]",-0.571413,0.227281,-0.97913,-0.129225,0.002133,0.002893,11925.339244,5497.42986,1.000354
"theta[Inkling_unknown, axis1]",1.180773,0.238061,0.719446,1.610993,0.003244,0.005048,6139.930415,3625.893572,1.001233
"theta[Inkling_xhigh, axis1]",0.908767,0.157689,0.620258,1.204599,0.001522,0.002007,11197.708204,5111.164462,1.002065
"theta[InternVL-Chat-V1-5, axis1]",-0.483263,0.865309,-2.128938,1.118478,0.007586,0.00999,13028.239825,6346.748231,1.000147
"theta[InternVL-Chat-ViT-6B-Vicuna-13B, axis1]",-0.230776,0.753487,-1.590613,1.235502,0.007175,0.009339,11115.677121,5932.770282,1.001026
"theta[InternVL-Chat-ViT-6B-Vicuna-7B, axis1]",-0.397693,0.75162,-1.729353,1.066121,0.007226,0.010124,11160.531673,5697.520991,1.001267
"theta[InternVL2-40B, axis1]",-0.036859,0.838819,-1.49458,1.588603,0.007458,0.010228,12663.597486,6050.917298,1.000551
"theta[InternVL2_5-78B, axis1]",0.459818,0.829943,-1.024965,2.053972,0.007668,0.01096,11774.715171,6518.108131,0.99994
"theta[Kimi-Audio-7B-Instruct, axis1]",-1.121268,0.332719,-1.746897,-0.494486,0.00445,0.004721,5639.825069,5386.947402,1.000515
"theta[Kimi-K2-Instruct, axis1]",0.329586,0.094602,0.149095,0.502267,0.000904,0.001159,10965.354268,5820.597984,1.000239
"theta[LFM2-Audio-1.5B, axis1]",-1.5572,0.392193,-2.270829,-0.789972,0.005338,0.005236,5437.953349,4568.031662,1.000635
"theta[LLaMA-13B, axis1]",-1.606868,0.118017,-1.826113,-1.38408,0.001272,0.001495,8609.956844,5732.238581,1.000431
"theta[LLaMA-33B, axis1]",-1.189708,0.110519,-1.39044,-0.973463,0.001067,0.001286,10749.996304,6037.490879,0.999945
"theta[LLaMA-65B, axis1]",-1.002524,0.112974,-1.220327,-0.796856,0.00115,0.001393,9873.383745,5683.201181,1.000234
"theta[LLaMA-7B, axis1]",-1.839219,0.121767,-2.070643,-1.612126,0.001364,0.001304,8031.992758,5571.096373,0.999789
"theta[LLaVA-OneVision 72B, axis1]",0.197132,0.846657,-1.362856,1.818008,0.007439,0.010697,12956.289745,5528.448198,1.00088
"theta[LLaVA-Video-72B-Qwen2, axis1]",0.383594,0.848517,-1.2155,1.988795,0.007379,0.010212,13290.029583,6109.065724,0.999982
"theta[LLaVA-Video-7B-Qwen2, axis1]",0.185539,0.851781,-1.434249,1.763806,0.007758,0.011308,12098.980884,5552.448634,1.000794
"theta[LLaVA-Video-7B-Qwen2-TPO, axis1]",0.176287,0.838581,-1.337336,1.772026,0.007339,0.009893,13146.603273,6229.285099,1.000281
"theta[LinVT, axis1]",0.379403,0.854569,-1.274339,1.949848,0.007688,0.010426,12405.485193,6083.295567,1.000243
"theta[LiveCC-7B-Instruct, axis1]",0.100992,0.835616,-1.386528,1.761013,0.007322,0.010609,13084.856696,5981.796896,1.000327
"theta[Llama-2-13b, axis1]",-1.337309,0.10708,-1.535019,-1.132623,0.001052,0.001287,10347.899693,6257.349632,1.00046
"theta[Llama-2-13b-chat, axis1]",-1.236984,0.125034,-1.478453,-1.005331,0.001285,0.001558,9515.052554,5280.879747,1.000515
"theta[Llama-2-34b, axis1]",-1.284902,0.115707,-1.505336,-1.06938,0.001282,0.001362,8294.013663,5598.607382,1.001102
"theta[Llama-2-70b-chat, axis1]",-1.042845,0.120756,-1.26742,-0.813212,0.001146,0.001534,11110.156244,5771.699474,1.00049
"theta[Llama-2-70b-chat-hf, axis1]",-1.025777,0.129752,-1.270996,-0.783852,0.001401,0.001671,8962.318105,5541.682518,1.000456
"theta[Llama-2-70b-hf, axis1]",-0.794426,0.115797,-1.012187,-0.577287,0.001241,0.001447,8972.429062,5451.730183,0.999976
"theta[Llama-2-7b, axis1]",-1.654746,0.116052,-1.872864,-1.441594,0.001258,0.001397,8579.924502,5607.581873,1.000159
"theta[Llama-3.1-405B, axis1]",-0.011783,0.196735,-0.378999,0.352963,0.002543,0.002425,6296.425008,5502.308436,1.000246
"theta[Llama-3.1-405B-Instruct, axis1]",-0.18521,0.054413,-0.288196,-0.085359,0.000599,0.000611,8227.158742,5570.14061,0.999789
"theta[Llama-3.1-70B-Instruct, axis1]",-0.34364,0.058508,-0.453378,-0.233894,0.000633,0.00062,8537.971479,6442.159768,1.00057
"theta[Llama-3.1-8B-Instruct, axis1]",-0.840702,0.065802,-0.959625,-0.7139,0.000817,0.000716,6516.581272,5392.966335,1.001106
"theta[Llama-3.1-Tulu-3-70B-DPO, axis1]",-0.366227,0.098988,-0.548703,-0.177054,0.0009,0.001329,12114.544171,5263.103683,1.000056
"theta[Llama-3.2-11B-Vision-Instruct, axis1]",-1.03935,0.23655,-1.478079,-0.59368,0.002195,0.002817,11629.216721,6393.298162,0.999968
"theta[Llama-3.2-1B-Instruct, axis1]",-1.335641,0.423619,-2.141139,-0.544496,0.004205,0.00503,10577.77228,6363.034132,1.000252
"theta[Llama-3.2-3B-Instruct, axis1]",-1.011376,0.406082,-1.81939,-0.315093,0.004049,0.005335,10972.923248,5594.909415,1.000527
"theta[Llama-3.2-90B-Vision-Instruct, axis1]",-0.40021,0.091979,-0.573268,-0.222247,0.000868,0.001173,11228.144498,5458.010026,1.000216
"theta[Llama-3.3-70B-Instruct, axis1]",-0.32541,0.087364,-0.480792,-0.152233,0.00085,0.001059,10567.396033,5781.638986,1.000959
"theta[Llama-4-Maverick-17B-128E-Instruct, axis1]",0.001231,0.059413,-0.107195,0.11635,0.000618,0.000648,9236.603701,6573.987857,1.000165
"theta[Llama-4-Maverick-17B-128E-Instruct-FP8, axis1]",0.107514,0.114774,-0.10402,0.327387,0.001055,0.001518,12322.064909,5769.27954,0.999777
"theta[Llama-4-Scout-17B-16E-Instruct, axis1]",-0.223544,0.06056,-0.334867,-0.108117,0.000699,0.000641,7490.098787,5773.824424,1.000329
"theta[LongVA-7B, axis1]",-0.387781,0.858145,-1.99786,1.209554,0.008299,0.010849,10873.306905,5945.88294,1.000676
"theta[MM1-3B-Chat, axis1]",-0.265483,0.727643,-1.536311,1.176337,0.006521,0.00895,12747.968015,6753.982795,1.000054
"theta[MM1-7B-Chat, axis1]",-0.112764,0.74758,-1.391827,1.409441,0.007104,0.009466,11312.060979,6284.314346,1.000127
"theta[Megatron-Turing NLG 530B, axis1]",-0.849521,0.314515,-1.410652,-0.251578,0.004078,0.004028,6405.517828,5500.644645,1.000309
"theta[Meta-Llama-3-70B-Instruct, axis1]",-0.579825,0.062733,-0.698156,-0.461234,0.000725,0.000675,7537.177219,6423.350314,0.99999
"theta[Meta-Llama-3-8B-Instruct, axis1]",-0.916912,0.074603,-1.054837,-0.775081,0.000851,0.000755,7682.305526,6613.672221,1.00017
"theta[MiMo-Audio-7B-Instruct, axis1]",-0.740058,0.293163,-1.292235,-0.191015,0.004111,0.005261,5345.449028,3950.547547,1.001564
"theta[MiMo-Audio-7B-Instruct (Thinking), axis1]",-0.659823,0.289144,-1.20945,-0.127792,0.003949,0.005288,5475.585085,4288.306114,1.000617
"theta[MiniCPM-V-2_6, axis1]",-0.029947,0.87953,-1.61223,1.715764,0.007744,0.011699,12957.412758,5503.623981,1.000319
"theta[MiniCPM-o-2_6, axis1]",0.082984,0.849983,-1.533446,1.680628,0.007018,0.011334,14651.403022,5970.329458,0.999925
"theta[MiniMax-M2, axis1]",0.302544,0.278398,-0.26168,0.771441,0.003344,0.004718,8539.565638,4374.766324,1.000236
"theta[MiniMax-M2.1, axis1]",0.537341,0.165354,0.216962,0.836114,0.001709,0.002308,9977.693965,5292.785409,1.000458
"theta[MiniMax-M2.5, axis1]",0.265689,0.204235,-0.095873,0.653586,0.003689,0.002137,3053.714221,5075.745973,1.000643
"theta[MiniMax-M2.7, axis1]",0.664574,0.135421,0.416363,0.931949,0.001492,0.001582,8289.102895,5824.41482,1.000374
"theta[MiniMax-M3, axis1]",0.652471,0.268401,0.147174,1.148325,0.002416,0.003397,12496.160895,5772.714015,0.999928
"theta[Mistral-7B-Instruct-v0.2, axis1]",-1.603724,0.107235,-1.817804,-1.41631,0.001426,0.00111,5658.532429,6211.525407,1.000438
"theta[Mistral-7B-Instruct-v0.3, axis1]",-1.243124,0.132461,-1.48841,-0.99538,0.001323,0.001604,10358.496972,5576.651065,1.000727
"theta[Mistral-7B-v0.1, axis1]",-1.028956,0.108531,-1.233803,-0.827369,0.001104,0.001197,9714.89392,6112.062296,0.99995
"theta[Mistral-Nemo-Base-2407, axis1]",-0.600923,0.215877,-1.006708,-0.2068,0.002214,0.002651,10214.889117,6144.07983,1.001287
"theta[Mistral-Nemo-Instruct-2407, axis1]",-0.472947,0.358202,-1.124586,0.210151,0.003498,0.004902,10917.638985,6160.6228,1.000718
"theta[Mixtral-8x22B-Instruct-v0.1, axis1]",-0.310676,0.235349,-0.745515,0.092573,0.00322,0.004386,6746.570408,4789.48894,1.000703
"theta[Mixtral-8x22B-v0.1, axis1]",-0.346298,0.299326,-0.901556,0.21241,0.002903,0.003994,11756.568725,5169.00402,1.000489
"theta[Mixtral-8x7B-Instruct-v0.1, axis1]",-0.997661,0.078195,-1.143245,-0.850209,0.000964,0.000763,6614.097952,6551.993681,0.999882
"theta[Mixtral-8x7B-v0.1, axis1]",-0.667244,0.155433,-0.940741,-0.360584,0.001602,0.001962,9964.242507,5880.982577,1.000093
"theta[NVILA-8B, axis1]",0.107729,0.844657,-1.438279,1.743994,0.007542,0.012005,12541.325248,5283.071197,1.001222
"theta[Nemotron-4 15B, axis1]",-1.143856,0.117325,-1.353857,-0.91616,0.001179,0.001446,9897.755192,6157.487216,1.000602
"theta[Oryx-1.5-32B, axis1]",0.239974,0.847571,-1.354179,1.824911,0.00726,0.010392,13634.599345,6158.860856,0.999787
"theta[PaLM 2-L, axis1]",-0.423253,0.348821,-1.060123,0.210689,0.003501,0.004945,11239.461641,5609.044061,0.999716
"theta[PaLM 2-M, axis1]",-0.693215,0.312488,-1.241506,-0.085971,0.003052,0.004167,11365.563782,5836.194576,1.001121
"theta[PaLM 2-S, axis1]",-0.853418,0.306254,-1.421805,-0.275473,0.003014,0.003841,11016.311751,5594.211895,1.000718
"theta[PaLM 540B, axis1]",-0.82404,0.155427,-1.104397,-0.526452,0.0017,0.00173,8651.951734,5999.721887,0.999946
"theta[PaLM 62B, axis1]",-1.362261,0.138025,-1.622053,-1.102271,0.001294,0.001697,11357.504746,6153.946497,1.000618
"theta[Phi-3-medium-128k-instruct, axis1]",-0.618806,0.086106,-0.781138,-0.460264,0.001117,0.000968,5937.781453,5538.737096,1.000293
"theta[Phi-3-mini-4k-instruct, axis1]",-0.672849,0.141468,-0.935427,-0.398335,0.001401,0.001878,10461.784643,5276.460919,0.999981
"theta[Phi-3-small-8k-instruct, axis1]",-0.400706,0.155993,-0.694364,-0.104698,0.001687,0.001756,8642.9164,5858.590078,1.000215
"theta[Phi-3.5-MoE-instruct, axis1]",-0.453599,0.233285,-0.897569,-0.034335,0.002407,0.003072,10467.563212,5142.476803,1.000037
"theta[Phi-3.5-mini-instruct, axis1]",-0.63136,0.2153,-0.994713,-0.173441,0.002231,0.003159,9854.736609,5971.398286,1.000625
"theta[Phi-3.5-vision-instruct, axis1]",0.957564,0.733335,-0.440095,2.315352,0.006824,0.009574,11560.442587,5676.066275,1.002019
"theta[Phi-4-mini-instruct, axis1]",-1.949247,0.395208,-2.731373,-1.246661,0.003882,0.004856,10734.353047,5844.496863,1.001584
"theta[Phi-4-multimodal-instruct, axis1]",-0.976245,0.324521,-1.576876,-0.374244,0.004616,0.005286,5061.511236,4890.26996,1.000835
"theta[QwQ-32B, axis1]",-0.338284,0.263114,-0.834079,0.130822,0.003042,0.004656,9148.461402,5634.520678,1.000184
"theta[QwQ-32B_16K, axis1]",0.430771,0.539718,-0.609899,1.407521,0.005636,0.007629,9531.722112,5611.741193,1.000604
"theta[Qwen-14B, axis1]",-1.005352,0.115635,-1.226479,-0.793252,0.00124,0.001423,8917.34495,5120.517175,1.000075
"theta[Qwen-14B-Chat, axis1]",-1.037208,0.122685,-1.255144,-0.795815,0.001252,0.001584,9694.74745,6134.37361,0.999969
"theta[Qwen-1_8B, axis1]",-1.990104,0.136118,-2.230839,-1.72138,0.001708,0.001538,6449.073749,5405.194,1.000508
"theta[Qwen-7B, axis1]",-1.370859,0.11507,-1.598057,-1.164984,0.001233,0.001397,8760.527522,5832.285534,1.000808
"theta[Qwen-VL-Chat, axis1]",-0.796497,0.670703,-2.08147,0.429769,0.006873,0.008619,9655.251633,5990.768215,1.000788
"theta[Qwen-VL-Max, axis1]",-0.302083,0.413247,-1.143636,0.432153,0.005205,0.005441,6814.514368,5112.000754,1.00012
"theta[Qwen1.5-7B, axis1]",-0.985543,0.267147,-1.461489,-0.469847,0.00243,0.005137,13079.699085,5841.560568,1.000118
"theta[Qwen2-VL-72B-Instruct, axis1]",-0.673778,0.349004,-1.343095,-0.045322,0.003662,0.004235,9433.387287,5557.556911,1.000377
"theta[Qwen2-VL-7B-Instruct, axis1]",-1.5632,0.418332,-2.384029,-0.822984,0.00439,0.004782,9279.577329,6078.777763,1.000661
"theta[Qwen2.5-72B, axis1]",-0.129718,0.188907,-0.475073,0.225683,0.00229,0.002601,7360.810234,5173.144025,1.00026
"theta[Qwen2.5-Coder-0.5B, axis1]",-1.64921,0.174373,-1.987446,-1.337524,0.001969,0.00207,8061.373152,5348.156156,1.000672
"theta[Qwen2.5-Coder-1.5B, axis1]",-1.153635,0.158726,-1.455472,-0.864314,0.001763,0.00197,8162.618153,6144.238554,1.000785
"theta[Qwen2.5-Coder-14B, axis1]",-0.500736,0.178102,-0.81609,-0.150918,0.001728,0.002222,11377.662318,5583.791672,1.000299
"theta[Qwen2.5-Coder-14B-Instruct, axis1]",0.003359,0.379234,-0.64276,0.707399,0.004931,0.006046,7262.259154,4621.104091,1.001037
"theta[Qwen2.5-Coder-32B, axis1]",-0.368602,0.185624,-0.701721,-0.008206,0.001786,0.002506,11717.20673,5078.931909,0.999949
"theta[Qwen2.5-Coder-32B-Instruct, axis1]",-0.31601,0.166185,-0.638636,-0.009848,0.00143,0.002064,13488.063781,6418.116307,1.000598
"theta[Qwen2.5-Coder-3B, axis1]",-0.82455,0.203729,-1.207127,-0.443052,0.001989,0.003011,10833.006285,5673.855451,1.000945
"theta[Qwen2.5-Coder-3B-Instruct, axis1]",-0.498463,0.297045,-1.03463,0.053134,0.003777,0.004944,7738.943015,4461.593976,1.001304
"theta[Qwen2.5-Coder-7B, axis1]",-0.706617,0.163154,-1.014372,-0.393464,0.001575,0.00206,10824.40269,6004.39756,0.99983
"theta[Qwen2.5-Coder-7B-Instruct, axis1]",-0.310395,0.33663,-0.864474,0.314665,0.00424,0.007255,8343.032751,4744.325594,1.001036
"theta[Qwen2.5-Omni-7B, axis1]",-1.284423,0.357772,-1.962319,-0.624396,0.004974,0.005736,5342.241124,3660.644851,1.000375
"theta[Qwen2.5-VL-72B-Instruct, axis1]",-0.274563,0.410295,-1.09774,0.44452,0.005604,0.005727,5816.285334,4696.358964,1.000164
"theta[Qwen3-235B-A22B-Instruct-2507, axis1]",0.26308,0.135684,-0.003926,0.507049,0.001413,0.001638,9332.979732,4865.367352,1.000394
"theta[Qwen3-235B-A22B-Thinking-2507, axis1]",0.347075,0.111942,0.130955,0.554134,0.00124,0.001227,8210.393609,6510.889528,1.001509
"theta[Qwen3-30B-A3B, axis1]",0.090992,0.537061,-0.890041,1.147735,0.005262,0.007061,10689.358021,5895.639175,1.000192
"theta[Qwen3-32B, axis1]",0.080424,0.167966,-0.247293,0.386693,0.001577,0.002236,11527.241537,5651.972843,1.001744
"theta[Qwen3-Coder-480B-A35B-Instruct, axis1]",0.423001,0.169934,0.087447,0.72376,0.001709,0.002278,10357.956474,5314.27789,1.000474
"theta[Qwen3-Omni-30B-A3B-Instruct, axis1]",-0.365652,0.268647,-0.872322,0.138338,0.003647,0.005446,5805.234335,4121.764199,1.000777
"theta[RedPajama-INCITE-7B-Base, axis1]",-2.166949,0.190228,-2.532734,-1.814327,0.001802,0.002351,11190.979287,5675.625151,1.000097
"theta[Ring-2.6-1T, axis1]",0.527914,0.290926,-0.046419,1.056345,0.002532,0.003912,13471.405414,5559.169444,1.000163
"theta[ST-LLM, axis1]",-1.016462,0.896209,-2.686036,0.633919,0.009161,0.009933,9737.777256,6239.609076,1.000527
"theta[Skilled Generalist, axis1]",-0.5962,0.087446,-0.766986,-0.43694,0.001048,0.00093,6942.073311,5940.915395,0.999819
"theta[SliME-Llama3-8B, axis1]",-0.709641,0.905646,-2.401357,1.018292,0.0089,0.011993,10536.891605,5723.753276,1.00039
"theta[StableBeluga2, axis1]",-0.724812,0.120866,-0.94116,-0.486741,0.001263,0.001606,9436.593584,4776.205758,1.000427
"theta[Switch-Base, axis1]",-1.218293,0.423975,-1.961024,-0.378267,0.008022,0.011752,3844.085115,2784.343916,1.001085
"theta[Switch-Large, axis1]",-0.47569,0.470589,-1.237116,0.495034,0.008968,0.010291,3430.069677,2929.599428,1.000242
"theta[T5-11B, axis1]",-0.262771,0.3216,-0.830621,0.346189,0.004835,0.004991,5080.064961,4068.154587,1.000709
"theta[T5-3B, axis1]",-0.496378,0.289006,-0.990072,0.075812,0.004206,0.003819,5205.705209,4777.284666,1.000233
"theta[T5-Base, axis1]",-1.150875,0.263515,-1.599042,-0.605031,0.003191,0.003864,7184.361517,5305.847506,1.000268
"theta[T5-Large, axis1]",-0.825396,0.257376,-1.296003,-0.31819,0.003187,0.003596,6829.533757,5272.065666,1.000296
"theta[T5-Small, axis1]",-1.694059,0.261919,-2.205094,-1.216284,0.003315,0.004096,7123.69547,4312.004864,1.00057
"theta[TimeMarker, axis1]",-0.193014,0.868827,-1.788921,1.494456,0.007524,0.010881,13338.559176,5911.415611,1.000295
"theta[Top Performer, axis1]",0.7792,0.354156,0.156874,1.448068,0.004124,0.004985,8322.96752,5384.595848,0.999995
"theta[VITA, axis1]",-0.261727,0.856288,-1.854376,1.37031,0.007422,0.011536,13300.058884,5838.867362,1.001649
"theta[VITA-1.5, axis1]",-0.240897,0.848804,-1.76944,1.403871,0.008254,0.010669,10561.428687,6123.576445,1.000554
"theta[ViLAMP-llava-qwen, axis1]",0.257966,0.856637,-1.407811,1.798813,0.007611,0.009885,12654.789062,6467.284344,1.001751
"theta[Video-CCAM-7B-v1.2, axis1]",-0.382561,0.864362,-1.976929,1.26173,0.0076,0.010107,12989.918497,6355.569874,1.000063
"theta[Video-LLaVA-7B, axis1]",-0.930128,0.89464,-2.588819,0.759852,0.009307,0.010692,9481.673069,6328.138624,0.999785
"theta[Video-XL-7B, axis1]",-0.272023,0.833386,-1.975119,1.215628,0.007339,0.010881,12936.954525,5642.89567,0.999728
"theta[VideoChat-Flash-Qwen2-7B_res448, axis1]",0.149563,0.844255,-1.518008,1.662678,0.007625,0.01083,12254.378173,5791.959737,1.000185
"theta[VideoLLAMA2-7B, axis1]",0.040573,0.851976,-1.571391,1.625728,0.007448,0.010874,13092.526496,6056.790803,1.000483
"theta[VideoLLAMA3-7B, axis1]",0.194559,0.848002,-1.410035,1.769941,0.007965,0.010332,11322.878278,6226.984946,1.000371
"theta[Voxtral-Small-24B-2507, axis1]",-0.25571,0.252603,-0.751377,0.215642,0.003344,0.004287,5866.064498,4170.108464,1.000783
"theta[WizardLM-2-8x22B, axis1]",-0.518739,0.102148,-0.712597,-0.328329,0.001006,0.001344,10365.86088,5595.449992,1.000784
"theta[Yi-1.5-34B-Chat, axis1]",-0.673435,0.114171,-0.883418,-0.453244,0.00112,0.001367,10735.02613,5754.585241,1.000482
"theta[Yi-34B, axis1]",-0.912561,0.130289,-1.156229,-0.667509,0.001534,0.001571,7263.76837,5534.032705,1.000198
"theta[Yi-34B-Chat, axis1]",-0.928798,0.088355,-1.103311,-0.773937,0.00118,0.001031,5788.21567,5127.814836,0.999951
"theta[Yi-6B, axis1]",-1.385383,0.12209,-1.613124,-1.153299,0.001258,0.00161,9416.154766,5652.664416,1.000354
"theta[Yi-6B-Chat, axis1]",-1.262955,0.118506,-1.483439,-1.034079,0.001184,0.001484,10012.768449,5564.869751,1.001365
"theta[Yi-9B, axis1]",-0.944912,0.229592,-1.378623,-0.514829,0.002029,0.00282,12961.80663,6057.128178,1.000555
"theta[Yi-large, axis1]",-0.271524,0.311155,-0.868379,0.29204,0.002876,0.00419,12648.048072,5419.762493,1.000074
"theta[ada, axis1]",-2.592398,0.232548,-3.02387,-2.161281,0.002465,0.002621,9078.860843,5785.079969,1.001049
"theta[amazon.nova-lite-v1:0, axis1]",-0.45198,0.070545,-0.582677,-0.318572,0.000759,0.000805,8634.95375,5745.324228,1.000573
"theta[amazon.nova-micro-v1:0, axis1]",-0.781638,0.082162,-0.932111,-0.626105,0.000935,0.000813,7736.818255,6432.161736,1.00012
"theta[amazon.nova-pro-v1:0, axis1]",-0.289201,0.06501,-0.407259,-0.162613,0.000678,0.000739,9200.037023,6166.774768,1.000708
"theta[babbage, axis1]",-2.602079,0.237574,-3.06392,-2.176898,0.002376,0.002744,10166.84137,6151.677736,1.000525
"theta[blip2-opt-2.7b, axis1]",-0.033359,0.743644,-1.342575,1.437429,0.007082,0.009141,11196.793405,6005.621865,1.000212
"theta[bloom, axis1]",-1.966368,0.20129,-2.337715,-1.594376,0.001968,0.002188,10563.293815,6507.152103,1.000978
"theta[c4ai-command-a-03-2025, axis1]",-0.591624,0.300984,-1.141244,-0.046033,0.003341,0.004488,9788.480874,5102.441121,1.000371
"theta[c4ai-command-r-08-2024, axis1]",-0.887696,0.257605,-1.34982,-0.385717,0.002348,0.003373,12475.133615,5819.020858,1.000123
"theta[c4ai-command-r-plus-08-2024, axis1]",-0.723906,0.269533,-1.230272,-0.224061,0.002432,0.003448,12810.470004,5857.640352,0.99993
"theta[chatglm2-6b, axis1]",-1.621629,0.121264,-1.854914,-1.401126,0.001261,0.001325,9272.136782,6312.170272,1.00081
"theta[chatgpt-4o-01-29-2025, axis1]",-0.19235,0.249344,-0.654282,0.248064,0.00309,0.006727,8851.074176,4094.885342,1.000615
"theta[chatgpt-4o-03-27-2025, axis1]",0.146136,0.215826,-0.261623,0.555286,0.002244,0.003754,9806.750564,4901.105868,1.000512
"theta[claude-1.3, axis1]",-0.335479,0.296827,-0.890799,0.21134,0.002803,0.004049,12426.445053,5560.516362,1.000315
"theta[claude-2.0, axis1]",-0.700861,0.098398,-0.892493,-0.522931,0.000999,0.001192,9813.218313,5685.788362,1.001161
"theta[claude-2.1, axis1]",-0.675588,0.130726,-0.915925,-0.425052,0.001219,0.001707,11518.109787,5569.678573,1.000472
"theta[claude-3-5-haiku-20241022, axis1]",-0.374547,0.07701,-0.517109,-0.228927,0.000786,0.000924,9603.106276,6018.436548,1.000253
"theta[claude-3-5-sonnet-20240620, axis1]",-0.126181,0.058491,-0.229905,-0.009661,0.000661,0.000677,7883.345003,5952.269179,1.000249
"theta[claude-3-5-sonnet-20241022, axis1]",0.021252,0.062634,-0.098023,0.138173,0.000753,0.000648,6932.865088,6327.338735,1.001728
"theta[claude-3-7-sonnet-20250219, axis1]",0.122306,0.057722,0.014465,0.230546,0.000703,0.000626,6771.63711,6305.086662,1.000293
"theta[claude-3-7-sonnet-20250219_16K, axis1]",0.391457,0.072605,0.257446,0.531079,0.000729,0.000791,9964.442766,6369.581698,1.000617
"theta[claude-3-7-sonnet-20250219_2K, axis1]",0.351017,0.606751,-0.805433,1.48932,0.006355,0.008553,9477.040059,5539.79093,1.000689
"theta[claude-3-7-sonnet-20250219_32K, axis1]",0.454475,0.114531,0.242975,0.66585,0.001091,0.001457,11404.634757,6021.358506,1.000898
"theta[claude-3-7-sonnet-20250219_64K, axis1]",0.502611,0.138517,0.247202,0.758005,0.001265,0.001689,12494.739813,5962.74179,0.999994
"theta[claude-3-7-sonnet-20250219_unknown, axis1]",0.35875,0.131398,0.116137,0.603134,0.001388,0.001422,9144.508119,6632.519157,1.000485
"theta[claude-3-haiku-20240307, axis1]",-0.708703,0.063557,-0.83204,-0.595464,0.000742,0.000657,7345.958644,6108.185512,1.000444
"theta[claude-3-opus-20240229, axis1]",-0.313377,0.058344,-0.426849,-0.207602,0.000633,0.000644,8495.508591,6393.891899,1.000584
"theta[claude-3-sonnet-20240229, axis1]",-0.589088,0.061803,-0.71127,-0.478996,0.000691,0.000675,8009.067725,6216.314702,1.000177
"theta[claude-fable-5_high, axis1]",0.768814,0.189114,0.392868,1.10526,0.00179,0.002588,11864.153838,5810.01561,1.000148
"theta[claude-fable-5_low, axis1]",0.586977,0.170067,0.272619,0.908915,0.001617,0.002343,11978.703846,5567.014613,1.001191
"theta[claude-fable-5_max, axis1]",1.570477,0.152421,1.275824,1.848287,0.002103,0.001577,5253.483725,5571.417785,1.000006
"theta[claude-fable-5_unknown, axis1]",1.768326,0.493734,0.863091,2.77938,0.005792,0.007431,7681.945205,5031.502192,1.000033
"theta[claude-fable-5_xhigh, axis1]",1.353539,0.630739,0.106242,2.489537,0.005561,0.007966,13031.850091,6046.627335,1.000115
"theta[claude-haiku-4-5-20251001, axis1]",0.220578,0.102901,0.030767,0.415151,0.001104,0.001223,8850.781416,5824.318569,0.999938
"theta[claude-haiku-4-5-20251001_1K, axis1]",0.21373,0.313266,-0.383763,0.793036,0.003375,0.005176,9288.551548,5091.736001,1.000615
"theta[claude-haiku-4-5-20251001_32K, axis1]",0.388272,0.114072,0.166905,0.594639,0.00105,0.0014,12379.262376,5573.865458,1.001352
"theta[claude-haiku-4-5-20251001_unknown, axis1]",0.559403,0.132543,0.305284,0.802059,0.001554,0.001605,7384.021509,5684.604298,1.000177
"theta[claude-instant-1.1, axis1]",-0.545017,0.17923,-0.884189,-0.208624,0.001778,0.002321,11096.498856,5340.353476,1.000273
"theta[claude-instant-1.2, axis1]",-0.467396,0.181314,-0.775832,-0.098326,0.001754,0.002439,11359.61901,5171.375454,1.000126
"theta[claude-mythos-preview-early, axis1]",2.7808,0.343558,2.162925,3.43643,0.005033,0.003726,4629.818492,5907.574768,1.000598
"theta[claude-opus-4-1-20250805, axis1]",0.494292,0.063961,0.377955,0.617682,0.000691,0.00071,8551.892243,6113.747851,1.000106
"theta[claude-opus-4-1-20250805_16K, axis1]",0.563204,0.165799,0.257387,0.878475,0.001497,0.002064,12565.242159,5817.791712,1.000582
"theta[claude-opus-4-1-20250805_27K, axis1]",0.52047,0.163468,0.219455,0.828607,0.001518,0.002221,12368.367373,5682.136547,1.000544
"theta[claude-opus-4-1-20250805_unknown, axis1]",0.578748,0.094104,0.397376,0.753168,0.001009,0.000997,8693.625861,6361.246197,1.000153
"theta[claude-opus-4-20250514, axis1]",0.459384,0.069916,0.322525,0.587109,0.000743,0.000801,8848.51148,6128.893645,1.001007
"theta[claude-opus-4-20250514_16K, axis1]",0.525732,0.166198,0.198071,0.82765,0.001525,0.002199,12442.693859,5577.09489,1.000211
"theta[claude-opus-4-20250514_2K, axis1]",0.730786,0.58089,-0.34223,1.86111,0.00625,0.007568,8970.144519,5555.586969,1.000472
"theta[claude-opus-4-20250514_32K, axis1]",0.621671,0.227337,0.195883,1.040878,0.002405,0.003451,9869.736511,5116.318246,1.00103
"theta[claude-opus-4-20250514_unknown, axis1]",0.629937,0.11697,0.404458,0.845357,0.001134,0.00145,10903.896708,5787.83164,1.000667
"theta[claude-opus-4-5-20251101, axis1]",0.915598,0.086636,0.756843,1.08138,0.001036,0.00098,6989.149978,6346.413237,0.999914
"theta[claude-opus-4-5-20251101_128K, axis1]",0.968272,0.238993,0.516642,1.430606,0.002307,0.003614,10915.675238,5520.766495,1.000523
"theta[claude-opus-4-5-20251101_16K, axis1]",0.87599,0.20291,0.486853,1.248265,0.002097,0.002717,10133.47664,5020.413658,1.000379
"theta[claude-opus-4-5-20251101_32K, axis1]",0.9051,0.195268,0.556484,1.286606,0.001873,0.002598,11946.7445,5498.61646,1.001681
"theta[claude-opus-4-5-20251101_64K, axis1]",0.701753,0.29391,0.173695,1.28956,0.002833,0.003718,10823.404435,5757.038909,1.000331
"theta[claude-opus-4-5-20251101_unknown, axis1]",1.029575,0.075391,0.892448,1.173211,0.000853,0.000865,7810.673258,6122.171401,1.000448
"theta[claude-opus-4-6, axis1]",1.250758,0.117522,1.023929,1.466148,0.001341,0.001553,7780.228361,5830.473599,0.999969
"theta[claude-opus-4-6_32K, axis1]",1.161694,0.219746,0.77046,1.588355,0.002192,0.003163,10944.555588,4956.608748,1.000263
"theta[claude-opus-4-6_64K, axis1]",1.049914,0.219036,0.652462,1.464215,0.002263,0.003252,10943.879595,5078.926849,1.000507
"theta[claude-opus-4-6_high, axis1]",1.352154,0.138426,1.093367,1.61593,0.0017,0.001699,6622.86553,5791.298424,1.000657
"theta[claude-opus-4-6_max, axis1]",0.988265,0.125494,0.756947,1.22569,0.001289,0.001277,9496.392867,7010.237161,0.999779
"theta[claude-opus-4-6_medium, axis1]",1.021858,0.592332,-0.132787,2.10867,0.006382,0.008054,9006.453686,5971.422518,1.000985
"theta[claude-opus-4-6_unknown, axis1]",1.227464,0.06795,1.100855,1.357025,0.000948,0.000647,5133.649615,6140.426504,1.00006
"theta[claude-opus-4-7, axis1]",1.344167,0.137777,1.094983,1.610521,0.001763,0.001538,6139.579917,5807.967968,1.000605
"theta[claude-opus-4-7_high, axis1]",1.498198,0.19937,1.118844,1.865276,0.002559,0.004338,6909.499202,4800.8952,1.000532
"theta[claude-opus-4-7_max, axis1]",1.205897,0.163567,0.894004,1.505553,0.001566,0.001846,10877.235316,6117.323285,1.000405
"theta[claude-opus-4-7_unknown, axis1]",1.509919,0.258246,1.036146,1.996858,0.002673,0.003276,10022.079599,5988.871888,1.000214
"theta[claude-opus-4-7_xhigh, axis1]",1.277992,0.17547,0.930536,1.598917,0.001985,0.00209,7808.242186,6031.73809,1.000623
"theta[claude-opus-4-8_high, axis1]",1.485883,0.236091,1.040615,1.934488,0.003257,0.00403,5754.846425,3822.295143,0.999914
"theta[claude-opus-4-8_low, axis1]",1.027433,0.202203,0.657049,1.408384,0.001914,0.002757,12027.856293,5938.625144,1.000388
"theta[claude-opus-4-8_max, axis1]",1.379148,0.154912,1.075266,1.654176,0.002148,0.001705,5213.967897,5502.073604,1.001049
"theta[claude-opus-4-8_medium, axis1]",0.623728,0.591951,-0.542284,1.736669,0.006632,0.008412,8394.133275,5052.893421,1.001501
"theta[claude-opus-4-8_none, axis1]",0.866858,0.203136,0.481042,1.235989,0.002113,0.003166,10693.201865,5261.732421,1.00035
"theta[claude-opus-4-8_unknown, axis1]",1.438785,0.179499,1.081088,1.758818,0.001981,0.002469,8330.282209,5611.807226,0.999951
"theta[claude-opus-5, axis1]",1.300087,0.197139,0.933594,1.661893,0.001786,0.002641,12891.968501,5984.411433,1.000684
"theta[claude-opus-5_high, axis1]",1.234385,0.285063,0.682346,1.760724,0.002523,0.0039,12702.61435,5196.944987,1.000332
"theta[claude-opus-5_low, axis1]",0.967125,0.167714,0.665673,1.290275,0.001504,0.002157,12906.153348,5357.292194,1.000621
"theta[claude-opus-5_max, axis1]",1.439879,0.183162,1.098542,1.78479,0.001811,0.002376,10554.569926,5819.222387,0.999778
"theta[claude-opus-5_medium, axis1]",1.023805,0.283501,0.477646,1.556886,0.002527,0.004333,12602.270349,5423.068275,1.000548
"theta[claude-opus-5_unknown, axis1]",1.609284,0.247633,1.134476,2.081851,0.003365,0.004238,5605.15409,4599.869302,1.000009
"theta[claude-opus-5_xhigh, axis1]",1.270777,0.284313,0.745624,1.815181,0.002524,0.003932,12762.280428,5878.977124,1.001066
"theta[claude-sonnet-4-20250514, axis1]",0.331382,0.061852,0.217421,0.448225,0.00066,0.000693,8789.095769,6227.732806,1.001092
"theta[claude-sonnet-4-20250514_16K, axis1]",0.487866,0.160056,0.202923,0.804096,0.001549,0.002052,11227.076123,5447.510053,1.000393
"theta[claude-sonnet-4-20250514_2K, axis1]",0.637619,0.59193,-0.473243,1.749003,0.006401,0.008242,9039.431915,4963.100355,0.999871
"theta[claude-sonnet-4-20250514_32K, axis1]",0.506631,0.131347,0.251376,0.748116,0.001232,0.0018,11979.24843,5260.834063,1.001063
"theta[claude-sonnet-4-20250514_59K, axis1]",0.549147,0.170305,0.240694,0.870383,0.001609,0.002288,11857.664839,5856.419965,1.000528
"theta[claude-sonnet-4-20250514_unknown, axis1]",0.403758,0.122876,0.171518,0.629649,0.001155,0.001538,11702.493188,5843.54113,1.000514
"theta[claude-sonnet-4-5-20250929, axis1]",0.580723,0.065761,0.450694,0.696188,0.000803,0.000731,6679.798473,5603.950105,1.001364
"theta[claude-sonnet-4-5-20250929_16K, axis1]",0.585199,0.172356,0.273377,0.914374,0.001486,0.002093,14118.138547,6162.851374,1.001572
"theta[claude-sonnet-4-5-20250929_2K, axis1]",0.977342,0.598338,-0.184941,2.096956,0.006025,0.008262,10226.939145,5726.969578,1.00038
"theta[claude-sonnet-4-5-20250929_32K, axis1]",0.69286,0.145488,0.430302,0.959142,0.001395,0.001768,11680.318163,5752.13144,1.000124
"theta[claude-sonnet-4-5-20250929_59K, axis1]",0.695524,0.17455,0.365246,1.021366,0.001625,0.002339,12074.930849,5378.457505,0.99981
"theta[claude-sonnet-4-5-20250929_unknown, axis1]",0.663326,0.072048,0.531928,0.803091,0.000858,0.000767,7053.567795,6423.302392,1.000092
"theta[claude-sonnet-4-6, axis1]",1.003863,0.117362,0.773764,1.219847,0.001486,0.001247,6195.787592,6344.06118,1.001392
"theta[claude-sonnet-4-6_32K, axis1]",0.930707,0.193068,0.589887,1.306117,0.001764,0.002472,12646.427805,5940.754197,0.999751
"theta[claude-sonnet-4-6_high, axis1]",0.847651,0.197564,0.493202,1.229768,0.001994,0.002508,10550.114217,5753.122262,1.000488
"theta[claude-sonnet-4-6_max, axis1]",0.69085,0.157759,0.395701,0.98284,0.001665,0.002022,9144.452611,6240.570738,1.00004
"theta[claude-sonnet-4-6_medium, axis1]",0.772013,0.189565,0.431342,1.136558,0.001761,0.002672,12551.077324,5360.857303,1.001163
"theta[claude-sonnet-4-6_unknown, axis1]",0.904002,0.237562,0.462463,1.37081,0.002469,0.003709,9565.751611,5353.643758,1.000482
"theta[claude-sonnet-5_high, axis1]",0.897335,0.277617,0.352611,1.401815,0.002345,0.00345,13986.48256,5782.832995,1.000135
"theta[claude-sonnet-5_max, axis1]",0.803153,0.16658,0.483613,1.116908,0.001678,0.002009,9964.34163,5716.44384,1.000705
"theta[claude-sonnet-5_unknown, axis1]",1.351315,0.189085,1.002857,1.70383,0.002196,0.002777,7794.967182,4810.762399,1.000197
"theta[claude-sonnet-5_xhigh, axis1]",1.081422,0.203445,0.712715,1.473126,0.001962,0.002798,11701.9892,5240.474832,1.000891
"theta[code-davinci-002, axis1]",-1.003184,0.227163,-1.420674,-0.569436,0.002633,0.004661,8990.24784,4438.950897,1.001811
"theta[codestral-2405, axis1]",-1.268612,0.503161,-2.229391,-0.363843,0.005136,0.006061,10320.282573,5787.511374,1.000178
"theta[codestral-2501, axis1]",-0.783307,0.164449,-1.107243,-0.492629,0.001554,0.001857,11260.287868,6301.762799,1.000391
"theta[cogito-671b-v2.1, axis1]",0.442987,0.287701,-0.107532,0.96921,0.00278,0.003713,10896.938895,5649.751086,1.000143
"theta[command-a-plus-05-2026, axis1]",0.248141,0.290234,-0.30202,0.783842,0.002636,0.003618,12428.653513,5721.815287,1.001652
"theta[computer-use-preview-2025-03-11, axis1]",-0.140157,0.747362,-1.573439,1.283711,0.007373,0.009499,10326.977063,5431.249538,1.000538
"theta[curie, axis1]",-2.328187,0.217749,-2.744494,-1.930852,0.00227,0.002678,9506.99596,5377.413015,1.00109
"theta[davinci, axis1]",-1.938828,0.199862,-2.32123,-1.567977,0.001977,0.002442,10569.981902,5384.884175,1.000512
"theta[dbrx-instruct, axis1]",-0.785943,0.113588,-1.000424,-0.574128,0.001165,0.001353,9719.954999,6381.651256,1.000084
"theta[deepseek-chat, axis1]",0.426627,0.125555,0.192469,0.664889,0.001177,0.00159,11510.439534,5919.528792,1.000318
"theta[deepseek-coder-1.3b-base, axis1]",-2.342492,0.198579,-2.730879,-1.998286,0.00212,0.002295,9089.863863,6078.318579,1.000617
"theta[deepseek-coder-33b-base, axis1]",-1.641185,0.172192,-1.973231,-1.33567,0.001867,0.002042,8871.648115,5637.29175,1.00005
"theta[deepseek-coder-6.7b-base, axis1]",-1.852689,0.173466,-2.190649,-1.546684,0.001892,0.002059,8709.829811,5792.978365,1.000965
"theta[deepseek-llm-67b-chat, axis1]",-0.996228,0.131976,-1.245331,-0.750362,0.001399,0.001803,9467.663894,6097.932548,1.000457
"theta[deepseek-reasoner, axis1]",0.714575,0.137642,0.464857,0.979916,0.001296,0.001745,11678.153921,5926.654272,1.000464
"theta[deepseek-v3.2, axis1]",0.221204,0.18743,-0.149434,0.553417,0.002797,0.002259,4570.507862,5052.551866,1.0014
"theta[deepseek-v4-flash-0731_max, axis1]",1.106161,0.166032,0.798516,1.424622,0.001557,0.002197,11754.893416,5557.619937,1.000728
"theta[deepseek-v4-flash_high, axis1]",0.510238,0.288765,-0.013159,1.0725,0.002552,0.003863,12886.281763,5837.299319,0.999866
"theta[deepseek-v4-flash_max, axis1]",0.67755,0.280738,0.145581,1.193906,0.002608,0.00364,11784.950202,5909.319495,1.002137
"theta[deepseek-v4-pro_high, axis1]",1.019743,0.148873,0.735322,1.30011,0.001417,0.001837,11233.839626,5080.104378,0.999852
"theta[deepseek-v4-pro_max, axis1]",1.111148,0.149493,0.820899,1.376555,0.001342,0.001938,12865.803542,5791.572149,1.000533
"theta[deepseek-v4-pro_none, axis1]",0.395548,0.162173,0.092445,0.697342,0.001506,0.00227,12131.759172,5617.993789,1.000882
"theta[devstral-small-2512, axis1]",-0.343079,0.311935,-0.955311,0.220771,0.002956,0.004048,11498.199024,5782.330757,1.001231
"theta[dolly-v2-12b, axis1]",-2.405063,0.207126,-2.805415,-2.03227,0.002151,0.002528,9432.045134,5726.197224,1.000439
"theta[falcon-11B-vlm, axis1]",-0.016574,0.743158,-1.408913,1.415931,0.007141,0.008652,11037.239769,6086.944752,1.000121
"theta[falcon-11b, axis1]",-1.126905,0.158374,-1.415503,-0.823676,0.001413,0.002014,12646.295978,5244.761758,1.000022
"theta[falcon-180B, axis1]",-0.893928,0.15144,-1.17186,-0.608307,0.001629,0.001935,9109.137239,5241.499033,0.999844
"theta[falcon-40b, axis1]",-1.46837,0.11332,-1.684832,-1.263334,0.001219,0.001265,8654.443918,6374.52331,1.000629
"theta[falcon-40b-instruct, axis1]",-1.400535,0.216319,-1.805444,-1.0028,0.002114,0.003466,10915.311148,5791.911693,1.000543
"theta[falcon-7b, axis1]",-1.925714,0.12528,-2.165665,-1.695906,0.001446,0.001387,7620.21098,6345.633229,1.000416
"theta[gemini-1.0-pro-001, axis1]",-0.785412,0.066031,-0.903553,-0.656842,0.000805,0.000691,6755.963098,6395.169096,1.001048
"theta[gemini-1.0-pro-vision, axis1]",0.224789,0.72782,-1.076725,1.661707,0.006989,0.008634,10935.649162,5818.279282,1.000039
"theta[gemini-1.5-flash-001, axis1]",-0.553894,0.088954,-0.722834,-0.388442,0.000884,0.001085,10150.988284,6221.362579,0.999892
"theta[gemini-1.5-flash-002, axis1]",-0.271656,0.086677,-0.427169,-0.102787,0.00085,0.001059,10385.546797,5768.690391,1.000109
"theta[gemini-1.5-flash-0514, axis1]",-0.343623,0.299819,-0.883061,0.23484,0.00277,0.003588,12309.027612,6043.861624,1.00005
"theta[gemini-1.5-flash-8b-001, axis1]",-0.727788,0.119626,-0.948561,-0.505556,0.001126,0.001289,11306.177506,6010.326158,1.000388
"theta[gemini-1.5-pro-001, axis1]",-0.122379,0.06098,-0.233806,-0.005411,0.000649,0.000693,8794.1524,5357.373239,1.000327
"theta[gemini-1.5-pro-001-feb24, axis1]",-0.163043,0.120589,-0.389532,0.066068,0.001148,0.001531,11168.390188,5981.178248,1.000903
"theta[gemini-1.5-pro-002, axis1]",-0.127388,0.075597,-0.263251,0.018845,0.000779,0.000824,9427.831291,6578.141582,1.000008
"theta[gemini-2.0-flash-001, axis1]",0.040116,0.076092,-0.101221,0.18006,0.000828,0.000807,8565.275959,5932.332012,1.000098
"theta[gemini-2.0-flash-exp, axis1]",-0.283181,0.172835,-0.624706,0.025959,0.001679,0.002109,10856.763872,5974.457257,1.000985
"theta[gemini-2.0-flash-thinking-exp-01-21, axis1]",-0.15215,0.115054,-0.358834,0.068383,0.001118,0.001482,10617.295465,5293.043011,1.00044
"theta[gemini-2.0-pro-exp-02-05, axis1]",0.127331,0.093247,-0.045638,0.303323,0.000887,0.001203,11294.030371,5914.558904,1.000429
"theta[gemini-2.5-flash, axis1]",0.348227,0.094304,0.169649,0.520055,0.001149,0.00111,6732.777915,5779.193838,1.000267
"theta[gemini-2.5-flash-native-audio-preview-12-2025 (non-thinking), axis1]",-1.108819,0.33832,-1.732083,-0.459,0.004863,0.00497,4961.541483,4536.918195,1.000363
"theta[gemini-2.5-flash-native-audio-preview-12-2025 (thinking), axis1]",-0.547666,0.276166,-1.062391,-0.02078,0.003725,0.004082,5581.545085,4260.421025,1.000275
"theta[gemini-2.5-flash-preview-04-17, axis1]",0.064003,0.211512,-0.341199,0.44941,0.002287,0.003032,9219.505098,5805.828506,1.000204
"theta[gemini-2.5-flash-preview-04-17_24K, axis1]",0.16481,0.526466,-0.796368,1.216201,0.005338,0.007075,9970.686568,5566.217561,1.000254
"theta[gemini-2.5-flash-preview-05-20, axis1]",0.27108,0.162676,-0.031335,0.582722,0.001595,0.002292,10743.098549,5998.759866,1.000683
"theta[gemini-2.5-flash-preview-05-20_24K, axis1]",0.314118,0.212786,-0.098265,0.707055,0.001971,0.003499,11865.789886,5788.199671,1.000062
"theta[gemini-2.5-flash-preview-09-2025, axis1]",0.335086,0.153035,0.02829,0.608001,0.002178,0.002535,5422.438454,4192.719697,1.000694
"theta[gemini-2.5-pro, axis1]",0.639914,0.080984,0.493717,0.799675,0.001018,0.000927,6343.415363,5627.966576,1.000387
"theta[gemini-2.5-pro-exp-03-25, axis1]",0.724593,0.123033,0.504728,0.964825,0.001163,0.001507,11441.226816,5814.428655,0.99998
"theta[gemini-2.5-pro-preview-03-25, axis1]",0.597692,0.146258,0.336905,0.885343,0.001423,0.001843,11335.428601,5904.002761,1.000856
"theta[gemini-2.5-pro-preview-05-06, axis1]",0.37565,0.091813,0.202713,0.544928,0.000993,0.001034,8769.795877,5509.673105,1.000786
"theta[gemini-2.5-pro-preview-06-05, axis1]",0.777067,0.072409,0.638062,0.910091,0.000751,0.000766,9322.161464,6043.000223,1.000045
"theta[gemini-2.5-pro-preview-06-05_32K, axis1]",0.880457,0.262075,0.43982,1.381703,0.003089,0.005033,9381.484953,4475.067002,1.000808
"theta[gemini-3-flash-preview, axis1]",0.880162,0.094249,0.711609,1.065037,0.001002,0.00109,8896.191915,6137.295572,0.999955
"theta[gemini-3-flash-preview_high, axis1]",1.091332,0.224271,0.682015,1.511476,0.002329,0.00304,10552.130971,5230.978915,1.00029
"theta[gemini-3-pro-preview, axis1]",1.128913,0.0668,1.004267,1.255374,0.000878,0.000651,5784.314526,6489.864377,1.000007
"theta[gemini-3-pro-preview_high, axis1]",0.461268,0.301757,-0.132461,0.995516,0.004141,0.005511,6362.625326,4239.012254,1.00021
"theta[gemini-3.1-flash-lite, axis1]",0.535111,0.114024,0.3207,0.748121,0.001109,0.001329,10585.548641,6360.584443,1.000113
"theta[gemini-3.1-flash-lite_high, axis1]",0.707205,0.183273,0.372812,1.055755,0.001758,0.002471,11731.832361,5635.239997,1.00054
"theta[gemini-3.1-flash-lite_low, axis1]",0.426432,0.163094,0.115119,0.730533,0.001479,0.002228,12523.567042,5865.494137,1.000039
"theta[gemini-3.1-flash-lite_minimal, axis1]",0.411212,0.164589,0.11987,0.734889,0.001428,0.002013,13460.652064,6080.731655,1.000412
"theta[gemini-3.1-flash-live-preview, axis1]",0.248273,0.231868,-0.19262,0.683307,0.003065,0.005234,6247.910815,3034.705672,1.000451
"theta[gemini-3.1-pro-preview, axis1]",1.245706,0.062316,1.126631,1.362446,0.000834,0.000586,5576.824768,6441.93537,1.000276
"theta[gemini-3.1-pro-preview-customtools, axis1]",0.995864,0.284001,0.484214,1.54567,0.002853,0.00372,10220.058164,6174.048536,0.999875
"theta[gemini-3.1-pro-preview_high, axis1]",1.237672,0.156217,0.948806,1.533001,0.001897,0.002008,7300.838527,5581.371162,1.000335
"theta[gemini-3.5-flash-lite, axis1]",0.513668,0.175739,0.198842,0.86257,0.001554,0.002178,12732.157594,6088.731652,1.000997
"theta[gemini-3.5-flash-lite_high, axis1]",0.725786,0.175977,0.411469,1.068724,0.001632,0.002255,12231.510893,6054.937768,0.99967
"theta[gemini-3.5-flash-lite_low, axis1]",0.479354,0.163152,0.173902,0.790881,0.001495,0.002343,12361.599977,5731.736451,1.000802
"theta[gemini-3.5-flash-lite_minimal, axis1]",0.425551,0.161746,0.11973,0.723215,0.001466,0.002095,12599.970317,5896.778926,1.001816
"theta[gemini-3.5-flash_high, axis1]",1.309846,0.157436,1.016001,1.616982,0.001489,0.001908,11408.93049,5223.493683,1.002027
"theta[gemini-3.5-flash_low, axis1]",1.057648,0.217699,0.654991,1.451806,0.002213,0.002982,11027.207455,5660.348079,0.999853
"theta[gemini-3.5-flash_minimal, axis1]",0.914426,0.205048,0.573576,1.339804,0.001995,0.002777,11634.257783,5215.489724,0.999893
"theta[gemini-3.5-flash_unknown, axis1]",0.994762,0.238504,0.55626,1.445084,0.002317,0.002851,10881.70657,5234.605949,1.000275
"theta[gemini-3.6-flash_high, axis1]",1.385936,0.186663,1.013831,1.722604,0.001834,0.002327,10869.857384,5736.018387,1.001827
"theta[gemini-3.6-flash_low, axis1]",0.917249,0.198931,0.575799,1.316419,0.001951,0.002743,11449.178837,5571.221757,1.001132
"theta[gemini-3.6-flash_minimal, axis1]",0.889174,0.199507,0.540997,1.265259,0.001919,0.003055,11927.952527,5343.507648,1.000124
"theta[gemini-3.6-flash_unknown, axis1]",0.917526,0.247351,0.438325,1.356499,0.002276,0.003435,12270.75143,5539.870439,1.00003
"theta[gemini-exp-1206, axis1]",0.020132,0.219924,-0.38864,0.441323,0.002182,0.003424,10738.677551,5660.021923,0.999901
"theta[gemma-2-27b-it, axis1]",-0.581921,0.097912,-0.763143,-0.395256,0.000927,0.001215,11368.005955,5781.727572,1.000397
"theta[gemma-2-9b, axis1]",-0.523316,0.226653,-0.926109,-0.084642,0.002432,0.002972,9823.178409,5508.181104,1.000189
"theta[gemma-2-9b-it, axis1]",-0.765987,0.109813,-0.979223,-0.568232,0.001076,0.001381,10652.41208,5769.476798,1.000168
"theta[gemma-2b, axis1]",-1.799953,0.129507,-2.044217,-1.560967,0.001566,0.001482,6947.116325,5299.110343,0.999887
"theta[gemma-3-12b-it, axis1]",-0.715951,0.151054,-0.98596,-0.420188,0.001488,0.001664,10334.193638,6315.116334,1.000306
"theta[gemma-3-27b-it, axis1]",-0.280231,0.079339,-0.431858,-0.135379,0.000864,0.000906,8475.098859,6375.001895,1.000128
"theta[gemma-3-4b-it, axis1]",-1.121589,0.175374,-1.46252,-0.797297,0.001691,0.002049,10757.157655,6227.777743,1.000124
"theta[gemma-3n-E4B-it, axis1]",-0.971108,0.323881,-1.555853,-0.34054,0.004695,0.005824,5049.590194,3714.609261,1.000183
"theta[gemma-4-26b-a4b, axis1]",0.389054,0.287174,-0.13535,0.952798,0.002621,0.003726,12335.08032,5422.533769,1.000573
"theta[gemma-4-26b-a4b-it, axis1]",-0.537354,0.642603,-1.754719,0.633579,0.005802,0.007733,12618.656829,5987.435282,0.99995
"theta[gemma-4-31b-it, axis1]",0.585477,0.176046,0.243111,0.905801,0.001587,0.002369,12368.479487,5694.710564,1.000629
"theta[gemma-4-31b-it_minimal, axis1]",0.47917,0.165356,0.179436,0.798138,0.001489,0.002106,12942.530697,5905.703415,1.000739
"theta[gemma-7b, axis1]",-1.080625,0.109495,-1.291355,-0.883904,0.001141,0.001201,9222.202654,6277.341264,1.000283
"theta[glm-4.5, axis1]",0.046524,0.204421,-0.364831,0.399437,0.002152,0.00246,9668.945695,6026.804351,1.000634
"theta[glm-4.6, axis1]",0.096649,0.190164,-0.260204,0.45618,0.002339,0.002346,6987.324439,5184.081123,1.000477
"theta[glm-4.7, axis1]",0.589766,0.099853,0.403635,0.774213,0.001047,0.001138,9094.643234,5927.714259,1.000015
"theta[glm-4.7_high, axis1]",0.341904,0.500528,-0.69964,1.176531,0.00735,0.00901,5456.070279,4028.698447,1.000231
"theta[glm-5, axis1]",0.871336,0.102598,0.676303,1.059596,0.001015,0.001301,10275.182386,6147.525746,1.000746
"theta[glm-5.1, axis1]",0.847125,0.108301,0.640778,1.048376,0.001222,0.001261,7906.460091,5954.250866,1.001089
"theta[glm-5.2_max, axis1]",1.318394,0.14667,1.052244,1.598923,0.002098,0.001374,4891.821069,5830.336447,1.000191
"theta[glm-5.2_none, axis1]",0.145495,0.295123,-0.430535,0.682977,0.002743,0.003769,11648.233209,5565.755232,1.000073
"theta[glm-5.2_unknown, axis1]",-0.23351,0.714015,-1.664897,0.982845,0.007564,0.008201,9381.408268,5881.521665,1.000804
"theta[gpt-3.5-turbo-0125, axis1]",-0.844333,0.074542,-0.982256,-0.703908,0.000853,0.000784,7671.084971,5956.28261,1.000903
"theta[gpt-3.5-turbo-0613, axis1]",-0.926977,0.11618,-1.150015,-0.710289,0.001191,0.001393,9715.053233,5780.805105,1.000374
"theta[gpt-3.5-turbo-1106, axis1]",-0.811007,0.09259,-0.991719,-0.644522,0.00091,0.001012,10431.558643,6373.475684,1.000173
"theta[gpt-4-0125-preview, axis1]",-0.462946,0.101093,-0.656647,-0.274529,0.001033,0.001261,9606.986606,5603.785174,1.000118
"theta[gpt-4-0314, axis1]",-0.428408,0.111307,-0.632352,-0.211103,0.001035,0.001295,11641.338755,6330.855745,0.999798
"theta[gpt-4-0613, axis1]",-0.571686,0.057723,-0.678886,-0.462409,0.000662,0.000606,7572.595099,6548.165825,1.000603
"theta[gpt-4-1106-preview, axis1]",-0.431867,0.100808,-0.61719,-0.237201,0.000962,0.001318,11102.3307,5305.402487,1.001319
"theta[gpt-4-1106-vision-preview, axis1]",-0.07438,0.853287,-1.619773,1.593801,0.007565,0.01135,12893.81392,6063.6001,1.000568
"theta[gpt-4-turbo, axis1]",-0.259892,0.29954,-0.7988,0.314893,0.002964,0.003903,11174.309497,5230.52424,0.999878
"theta[gpt-4-turbo-2024-04-09, axis1]",-0.289222,0.059535,-0.395686,-0.171041,0.000629,0.000698,8975.21101,6308.974564,1.001214
"theta[gpt-4.1-2025-04-14, axis1]",0.204602,0.070849,0.073485,0.337168,0.000724,0.000722,9563.484602,6761.983932,1.00039
"theta[gpt-4.1-mini-2025-04-14, axis1]",0.050711,0.083772,-0.108245,0.208574,0.001001,0.000831,6997.484177,6283.055073,1.000483
"theta[gpt-4.1-nano-2025-04-14, axis1]",-0.261153,0.086404,-0.429564,-0.105385,0.000857,0.001084,10121.895155,6008.347834,1.000298
"theta[gpt-4.5-preview-2025-02-27, axis1]",0.132585,0.059256,0.023547,0.243127,0.000605,0.000647,9595.633603,6132.730854,1.000917
"theta[gpt-4o, axis1]",-0.297862,0.219612,-0.698748,0.107436,0.002629,0.002707,7557.399154,4976.126175,1.001369
"theta[gpt-4o-2024-05-13, axis1]",-0.205369,0.093958,-0.386004,-0.034433,0.00089,0.001162,11201.903072,5586.575688,1.001322
"theta[gpt-4o-2024-08-06, axis1]",-0.169975,0.056216,-0.274337,-0.063125,0.000614,0.000581,8368.892866,5895.844456,1.000436
"theta[gpt-4o-2024-11-20, axis1]",-0.253715,0.073945,-0.389932,-0.114555,0.000788,0.00074,8806.130479,6463.440556,1.000798
"theta[gpt-4o-audio-preview-2025-06-03, axis1]",-0.306104,0.259807,-0.772403,0.208575,0.003478,0.005378,5884.764403,4544.999413,1.000474
"theta[gpt-4o-mini-2024-07-18, axis1]",-0.451534,0.077114,-0.596412,-0.308489,0.000823,0.00093,8842.798841,6061.694253,1.000435
"theta[gpt-4o-mini-audio-preview-2024-12-17, axis1]",-1.033967,0.330878,-1.671951,-0.436896,0.004323,0.005629,6005.650214,4522.69067,1.000737
"theta[gpt-5-2025-08-07_high, axis1]",0.816938,0.091338,0.641258,0.983804,0.000877,0.001148,10816.586387,6092.914294,1.000158
"theta[gpt-5-2025-08-07_low, axis1]",0.889336,0.248429,0.442125,1.36112,0.002748,0.003337,9455.132959,5335.090221,1.000624
"theta[gpt-5-2025-08-07_medium, axis1]",0.857234,0.107707,0.663609,1.066506,0.000973,0.001331,12408.662071,6057.724251,1.000434
"theta[gpt-5-2025-08-07_minimal, axis1]",0.379969,0.137481,0.13632,0.653885,0.001266,0.001603,11827.182779,6391.68499,0.999824
"theta[gpt-5-2025-08-07_unknown, axis1]",1.030307,0.078029,0.884566,1.176686,0.000933,0.000831,7007.579945,5973.323469,1.000249
"theta[gpt-5-codex, axis1]",0.64268,0.240288,0.160104,1.070995,0.002459,0.003655,9988.163326,5636.363196,1.000745
"theta[gpt-5-mini-2025-08-07_high, axis1]",0.49935,0.111083,0.296486,0.709405,0.001068,0.001468,11470.942496,5713.708378,0.999853
"theta[gpt-5-mini-2025-08-07_medium, axis1]",0.464563,0.101802,0.281205,0.66317,0.000903,0.001444,12688.892998,5778.216284,1.000192
"theta[gpt-5-mini-2025-08-07_minimal, axis1]",0.344253,0.162474,0.053542,0.660206,0.001436,0.00214,13238.165041,6074.61493,1.000415
"theta[gpt-5-mini-2025-08-07_unknown, axis1]",0.448845,0.131769,0.196909,0.686929,0.001257,0.001576,11108.038254,6501.831655,1.000893
"theta[gpt-5-nano-2025-08-07_high, axis1]",0.348106,0.115136,0.131672,0.559054,0.001072,0.001431,11918.765424,5682.310342,1.000732
"theta[gpt-5-nano-2025-08-07_low, axis1]",-0.052126,0.141882,-0.309393,0.220825,0.001222,0.001818,13641.536956,6485.755131,1.000084
"theta[gpt-5-nano-2025-08-07_medium, axis1]",0.247046,0.09579,0.068225,0.427863,0.000979,0.001081,9652.285926,6301.516281,1.000039
"theta[gpt-5-nano-2025-08-07_minimal, axis1]",-0.283916,0.142029,-0.545516,-0.015391,0.001296,0.001987,11974.000041,5245.44827,1.000792
"theta[gpt-5-nano-2025-08-07_unknown, axis1]",0.070561,0.314809,-0.510382,0.628263,0.003964,0.006231,8223.496003,4281.398551,1.000667
"theta[gpt-5-pro-2025-10-06_unknown, axis1]",1.38258,0.139774,1.115569,1.642904,0.001483,0.001612,8937.71385,6549.282908,1.0007
"theta[gpt-5.1-2025-11-13_high, axis1]",0.954286,0.111971,0.749247,1.170242,0.001595,0.001198,4930.253065,5078.908544,1.000669
"theta[gpt-5.1-2025-11-13_low, axis1]",0.29675,0.593282,-0.789524,1.41518,0.006053,0.008181,10000.4873,5614.752055,1.001215
"theta[gpt-5.1-2025-11-13_medium, axis1]",0.804137,0.141162,0.543882,1.067315,0.001317,0.001698,11787.152955,5938.155432,1.000859
"theta[gpt-5.1-2025-11-13_none, axis1]",0.251587,0.1071,0.043713,0.444681,0.001022,0.001252,11000.436339,6226.098456,1.000785
"theta[gpt-5.1-2025-11-13_unknown, axis1]",0.975968,0.087404,0.80899,1.142159,0.001012,0.001087,7428.541149,5683.720184,1.001654
"theta[gpt-5.1-codex, axis1]",0.939107,0.247101,0.500826,1.442452,0.002554,0.004135,9984.935267,5155.859241,1.000133
"theta[gpt-5.1-codex-max, axis1]",1.024308,0.171623,0.698446,1.339625,0.00174,0.002216,9818.872468,5527.535774,1.000355
"theta[gpt-5.1-codex-mini, axis1]",1.019815,0.250708,0.548095,1.498362,0.002432,0.003974,10838.154706,5603.885115,0.999987
"theta[gpt-5.2-2025-12-11_high, axis1]",0.995568,0.122244,0.767974,1.226569,0.001298,0.001285,8912.297004,6467.78176,1.001041
"theta[gpt-5.2-2025-12-11_low, axis1]",0.705811,0.164879,0.396543,1.012479,0.001498,0.002096,12741.41808,5518.95514,1.000369
"theta[gpt-5.2-2025-12-11_medium, axis1]",1.068474,0.133046,0.824374,1.320741,0.001384,0.001766,9328.911961,5862.904679,1.000189
"theta[gpt-5.2-2025-12-11_none, axis1]",0.613483,0.219882,0.233336,1.048072,0.004404,0.00261,2691.062284,2757.206303,1.00037
"theta[gpt-5.2-2025-12-11_unknown, axis1]",0.873449,0.10687,0.667653,1.070221,0.001132,0.001313,8903.537236,5662.468812,1.000359
"theta[gpt-5.2-2025-12-11_xhigh, axis1]",1.183513,0.217575,0.772179,1.571076,0.002168,0.003386,11426.47214,5583.401821,1.001199
"theta[gpt-5.2-codex, axis1]",1.014979,0.147314,0.734827,1.295496,0.001428,0.002198,10595.184023,5831.532301,1.00068
"theta[gpt-5.2-pro-2025-12-11, axis1]",0.934179,0.231373,0.504453,1.37674,0.002094,0.002797,12280.409977,5986.053324,1.000606
"theta[gpt-5.3-codex, axis1]",1.096775,0.18268,0.748953,1.43355,0.00255,0.00219,5146.676165,5516.604158,1.001114
"theta[gpt-5.3-codex_high, axis1]",0.953158,0.191807,0.564709,1.288028,0.002099,0.00283,8761.972107,4716.046401,1.000761
"theta[gpt-5.4-2026-03-05_high, axis1]",1.188842,0.079192,1.03603,1.333974,0.001069,0.000826,5490.500716,6040.112844,0.999873
"theta[gpt-5.4-2026-03-05_low, axis1]",0.743038,0.177099,0.40604,1.065349,0.001786,0.00224,10184.409587,5458.361638,0.999995
"theta[gpt-5.4-2026-03-05_medium, axis1]",1.05818,0.220463,0.670886,1.48077,0.002262,0.003213,11090.994774,5158.963868,0.999911
"theta[gpt-5.4-2026-03-05_none, axis1]",0.445759,0.163557,0.142519,0.753004,0.001474,0.002285,12804.224658,5092.61122,1.0007
"theta[gpt-5.4-2026-03-05_unknown, axis1]",1.282541,0.203759,0.897303,1.667018,0.002572,0.002483,6277.592765,5342.119261,1.000577
"theta[gpt-5.4-2026-03-05_xhigh, axis1]",1.390794,0.09755,1.212115,1.577339,0.001303,0.000947,5638.988181,6192.58435,0.999997
"theta[gpt-5.4-mini-2026-03-17_high, axis1]",0.757308,0.179512,0.425627,1.100191,0.001616,0.002361,12754.540378,5270.240301,0.999862
"theta[gpt-5.4-mini-2026-03-17_low, axis1]",-0.175385,0.609785,-1.392696,0.909125,0.006426,0.00849,9490.717577,5842.122872,0.999983
"theta[gpt-5.4-mini-2026-03-17_none, axis1]",0.124188,0.147863,-0.140179,0.407898,0.001306,0.002045,12916.681853,5418.615148,1.000757
"theta[gpt-5.4-mini-2026-03-17_xhigh, axis1]",0.969045,0.168895,0.656772,1.300109,0.001468,0.002169,13464.818484,5439.914955,1.000374
"theta[gpt-5.4-nano-2026-03-17_high, axis1]",0.51868,0.159785,0.220518,0.820255,0.001474,0.001971,11986.841021,5944.469017,1.000474
"theta[gpt-5.4-nano-2026-03-17_low, axis1]",0.36079,0.159276,0.067636,0.66375,0.001466,0.002142,12202.144541,5834.157549,1.000187
"theta[gpt-5.4-nano-2026-03-17_none, axis1]",-0.105301,0.147458,-0.374622,0.184619,0.001329,0.001939,12357.156904,5951.070773,1.000232
"theta[gpt-5.4-nano-2026-03-17_xhigh, axis1]",0.793821,0.286804,0.269758,1.341361,0.002516,0.004251,13052.330632,4985.82276,1.000997
"theta[gpt-5.4-pro-2026-03-05_unknown, axis1]",1.321109,0.138833,1.060558,1.581169,0.001371,0.001714,10385.959714,5769.254756,1.00043
"theta[gpt-5.4-pro-2026-03-05_xhigh, axis1]",1.463739,0.246353,1.027338,1.933251,0.002413,0.003053,11396.682917,5869.728989,1.000667
"theta[gpt-5.5-instant, axis1]",0.899856,0.277947,0.372575,1.421466,0.002501,0.003709,12341.115381,5762.097834,1.000055
"theta[gpt-5.5-pre-release_xhigh, axis1]",1.414158,0.199552,1.052705,1.793921,0.001889,0.002539,11819.671362,5912.562481,1.000285
"theta[gpt-5.5-pro-pre-release_xhigh, axis1]",1.479517,0.263424,1.014846,1.987615,0.002628,0.003939,12157.725431,4552.492235,1.000909
"theta[gpt-5.5_high, axis1]",1.502119,0.221618,1.060532,1.90372,0.002439,0.003116,8186.876501,4878.095257,1.000718
"theta[gpt-5.5_low, axis1]",1.142678,0.168213,0.833132,1.459757,0.001535,0.002155,12478.496969,5325.601087,1.000107
"theta[gpt-5.5_medium, axis1]",1.173559,0.24976,0.721129,1.659075,0.002255,0.003224,12243.026469,5884.289427,1.000534
"theta[gpt-5.5_none, axis1]",0.625627,0.157803,0.334292,0.929842,0.001455,0.002008,12103.377997,5755.16566,1.001333
"theta[gpt-5.5_unknown, axis1]",1.881768,0.201594,1.515169,2.274012,0.00295,0.002277,4627.824986,5733.152409,1.000766
"theta[gpt-5.5_xhigh, axis1]",1.402321,0.128901,1.159383,1.644945,0.001788,0.001625,5236.382106,5788.336678,1.000331
"theta[gpt-5.6-luna_high, axis1]",1.024399,0.283617,0.496794,1.568324,0.002466,0.003768,13308.40503,5897.257342,1.000325
"theta[gpt-5.6-luna_low, axis1]",0.73822,0.155677,0.445867,1.033122,0.00138,0.00195,13161.528467,5894.718359,0.999931
"theta[gpt-5.6-luna_max, axis1]",1.201797,0.175422,0.87867,1.524836,0.001627,0.002278,12178.419882,5581.664405,0.99985
"theta[gpt-5.6-luna_medium, axis1]",0.74181,0.282277,0.219313,1.275419,0.002535,0.003878,12501.538085,5055.853348,1.000864
"theta[gpt-5.6-luna_none, axis1]",0.174313,0.137864,-0.098658,0.428934,0.001246,0.001899,12336.550788,5333.766031,1.000375
"theta[gpt-5.6-luna_unknown, axis1]",0.767099,0.264968,0.283385,1.253656,0.002954,0.002882,8381.179656,5898.271529,1.000674
"theta[gpt-5.6-luna_xhigh, axis1]",0.98012,0.283242,0.451517,1.518494,0.002437,0.003696,13549.5129,5390.952938,1.000139
"theta[gpt-5.6-sol_high, axis1]",1.393609,0.28421,0.86195,1.928363,0.002452,0.003861,13456.100552,6006.548141,1.000149
"theta[gpt-5.6-sol_low, axis1]",1.216664,0.189221,0.866399,1.570611,0.001743,0.002345,12191.994461,6083.997966,1.000077
"theta[gpt-5.6-sol_max, axis1]",1.485493,0.131596,1.223272,1.71641,0.001522,0.001453,7443.694358,6217.8844,1.000396
"theta[gpt-5.6-sol_medium, axis1]",1.361774,0.289952,0.813184,1.900666,0.002559,0.003802,12884.652056,5861.31129,0.999816
"theta[gpt-5.6-sol_none, axis1]",0.780556,0.15938,0.486221,1.078988,0.001479,0.00206,11923.494267,5936.300153,1.001598
"theta[gpt-5.6-sol_unknown, axis1]",1.305529,0.382727,0.591191,1.998001,0.004618,0.003869,6915.286924,6396.274014,1.000174
"theta[gpt-5.6-sol_xhigh, axis1]",1.337163,0.28717,0.79337,1.873686,0.002564,0.003771,12566.055852,5978.672241,0.999807
"theta[gpt-5.6-terra_high, axis1]",0.987656,0.27751,0.463605,1.51511,0.002441,0.003675,12864.93149,5976.466454,0.999911
"theta[gpt-5.6-terra_low, axis1]",0.97451,0.164494,0.656989,1.269071,0.00151,0.00196,12112.782531,6237.864564,1.000052
"theta[gpt-5.6-terra_max, axis1]",1.313794,0.181532,0.96597,1.639034,0.001685,0.002543,12096.750832,5463.088073,0.999718
"theta[gpt-5.6-terra_medium, axis1]",0.961965,0.280412,0.453275,1.513239,0.002516,0.003858,12404.341317,5378.556525,1.001517
"theta[gpt-5.6-terra_none, axis1]",0.57662,0.152479,0.280715,0.862335,0.00138,0.002008,12402.454249,5406.4398,1.000506
"theta[gpt-5.6-terra_unknown, axis1]",0.925004,0.271591,0.454246,1.46391,0.003022,0.002926,8325.566099,5269.373452,1.000539
"theta[gpt-5.6-terra_xhigh, axis1]",1.072925,0.283165,0.544267,1.608018,0.002428,0.003562,13641.75379,5768.245451,1.001383
"theta[gpt-j-6b, axis1]",-2.265736,0.187429,-2.6132,-1.915925,0.001863,0.002156,10148.372319,5963.305899,1.000045
"theta[gpt-neo-2.7B, axis1]",-2.249604,0.327663,-2.863283,-1.635999,0.003272,0.004158,10192.437417,6447.625223,1.000962
"theta[gpt-neox-20b, axis1]",-2.045704,0.273748,-2.559217,-1.536451,0.002618,0.003349,11016.949957,5694.994652,1.000237
"theta[gpt-oss-120b, axis1]",0.18959,0.101216,0.005266,0.384836,0.000956,0.001178,11197.349326,5640.241952,1.000792
"theta[gpt-oss-120b_high, axis1]",0.31741,0.11316,0.111938,0.541652,0.001113,0.001561,10365.159568,5575.059792,1.00111
"theta[gpt-oss-120b_unknown, axis1]",-0.031312,0.31977,-0.655203,0.515806,0.004074,0.004918,7558.73922,4802.969255,1.000293
"theta[gpt-oss-20b, axis1]",-0.352821,0.133754,-0.60084,-0.097957,0.001245,0.001595,11525.623933,6267.525359,0.999913
"theta[gpt-oss-20b_high, axis1]",0.027857,0.300291,-0.527583,0.589677,0.002802,0.004346,11664.677082,5522.129626,1.000457
"theta[gpt-oss-20b_unknown, axis1]",-0.810029,0.411345,-1.592662,-0.079323,0.004896,0.004958,8000.59062,5277.35772,1.000451
"theta[gpt-realtime-1.5, axis1]",0.181779,0.238279,-0.28666,0.618915,0.00326,0.006088,6075.867478,4145.217029,1.00113
"theta[gpt-realtime-2, axis1]",0.32423,0.230015,-0.083947,0.794143,0.003046,0.005023,6351.926546,4003.599089,1.001489
"theta[gpt-realtime-2 (xHigh), axis1]",0.811214,0.231812,0.385606,1.265241,0.003136,0.005701,5973.682634,2936.693801,1.00135
"theta[gpt-realtime-2025-08-28, axis1]",-0.4264,0.268345,-0.941054,0.063588,0.003797,0.005391,5283.501756,3481.288679,1.000705
"theta[gpt-realtime-mini-2025-12-15, axis1]",-0.884982,0.306579,-1.494157,-0.339394,0.004033,0.004739,5940.612568,4565.545018,1.002513
"theta[gpt2-xl, axis1]",-2.353533,0.25766,-2.846145,-1.880809,0.002571,0.002899,10067.134295,6302.19213,1.000844
"theta[granite-4.0-h-small, axis1]",-0.529517,0.176675,-0.858518,-0.186237,0.00163,0.002167,11758.901618,6187.97972,1.000752
"theta[granite-4.1-30b, axis1]",-0.558885,0.320423,-1.184562,0.009577,0.003273,0.004778,10153.180661,5833.762608,1.002017
"theta[grok-2-1212, axis1]",-0.252799,0.059719,-0.364139,-0.144121,0.000681,0.000589,7692.806532,6677.338522,1.000232
"theta[grok-3, axis1]",0.337252,0.22854,-0.078627,0.76026,0.00202,0.002853,13418.901728,5980.959467,1.001287
"theta[grok-3-beta, axis1]",0.24797,0.09194,0.071139,0.418911,0.000789,0.001143,13589.032146,5885.493523,1.00015
"theta[grok-3-mini-beta_high, axis1]",0.325889,0.102784,0.13475,0.519467,0.001031,0.001292,10266.204934,5813.437857,1.000689
"theta[grok-3-mini-beta_low, axis1]",0.299475,0.104926,0.103619,0.498412,0.001083,0.001216,9619.961919,6004.824154,1.0006
"theta[grok-3-mini_unknown, axis1]",0.362505,0.215668,-0.018849,0.786812,0.002054,0.002715,11329.439833,5228.050766,1.000302
"theta[grok-4-0709, axis1]",0.624332,0.081134,0.479348,0.782411,0.000995,0.000901,6759.842748,5870.193082,1.000442
"theta[grok-4-0709_high, axis1]",0.791956,0.258726,0.345279,1.293929,0.002931,0.004269,9589.937506,4290.773691,1.000592
"theta[grok-4-1, axis1]",0.426519,0.129025,0.191608,0.681036,0.001471,0.002177,8261.320704,4842.291211,1.000407
"theta[grok-4-20, axis1]",1.042865,0.170539,0.706624,1.346108,0.001741,0.002212,9621.48428,6056.017051,1.000316
"theta[grok-4-20_high, axis1]",0.477937,0.495738,-0.538745,1.312752,0.007029,0.008558,5882.861358,3911.217993,1.000602
"theta[grok-4-fast, axis1]",0.283765,0.141498,0.015193,0.542572,0.001811,0.002833,7012.016623,4593.847946,1.00007
"theta[grok-4-fast-reasoning, axis1]",-0.099085,0.651973,-1.320064,1.113547,0.005989,0.00852,12359.398305,5827.098388,1.000955
"theta[grok-4.20-0309-reasoning, axis1]",1.050002,0.204441,0.67825,1.434833,0.001953,0.002362,11595.740819,6626.25649,0.999945
"theta[grok-4.3_high, axis1]",0.911132,0.147076,0.646544,1.203303,0.001421,0.001745,10953.930209,5530.019884,1.000788
"theta[grok-4.5_high, axis1]",1.260848,0.132248,1.007452,1.503243,0.001378,0.001756,9314.703753,6250.631944,1.000073
"theta[grok-4.5_unknown, axis1]",1.11822,0.289315,0.599066,1.689049,0.003032,0.00341,9383.913693,6223.931777,1.001054
"theta[grok-build-0.1, axis1]",0.932545,0.260222,0.432566,1.417102,0.002406,0.003449,11810.872386,5884.974294,1.000288
"theta[grok-code-fast-1, axis1]",0.186139,0.291983,-0.350206,0.717563,0.003733,0.005272,7651.73152,4045.977794,1.000317
"theta[inkling-small, axis1]",1.062566,0.169012,0.722319,1.366336,0.002001,0.002638,7356.819048,4978.850036,1.000782
"theta[instructblip-vicuna-13b, axis1]",-0.518399,0.768548,-1.934441,0.950722,0.007713,0.009557,10157.646607,5913.788776,1.001266
"theta[instructblip-vicuna-7b, axis1]",-0.632283,0.762557,-2.010323,0.81803,0.007562,0.010046,10780.010755,5445.570348,1.000036
"theta[internlm-20b, axis1]",-1.017988,0.129217,-1.266778,-0.786393,0.001429,0.001459,8326.63652,6046.495319,0.999901
"theta[internlm-7b, axis1]",-1.606294,0.122528,-1.831854,-1.365438,0.001465,0.001385,7128.391527,6231.002056,1.00027
"theta[internlm-chat-20b, axis1]",-1.535349,0.123407,-1.769274,-1.302815,0.001322,0.00151,8728.168928,6356.496719,1.000043
"theta[kangaroo, axis1]",-0.246319,0.858013,-1.880105,1.364716,0.007745,0.012584,12302.126498,5838.861275,1.000659
"theta[kimi-k2-thinking, axis1]",0.575691,0.121069,0.356517,0.814246,0.001313,0.001404,8513.156669,6160.470313,1.000241
"theta[kimi-k2-thinking-turbo, axis1]",0.793542,0.180872,0.473677,1.150022,0.001694,0.002434,12187.670683,6002.92268,1.000192
"theta[kimi-k2.5, axis1]",0.825211,0.074703,0.686687,0.965092,0.000903,0.000837,6855.930312,6294.807695,1.00002
"theta[kimi-k2.5_high, axis1]",0.6285,0.484401,-0.299985,1.508416,0.006648,0.008961,6196.214048,3712.596955,0.999921
"theta[kimi-k2.6, axis1]",0.996942,0.108406,0.791539,1.197135,0.001193,0.00113,8321.152711,6360.980729,1.000832
"theta[kimi-k2.7-code, axis1]",0.91881,0.149656,0.637906,1.196599,0.001372,0.001795,12053.547391,6193.751632,1.000117
"theta[kimi-k3_high, axis1]",1.261079,0.241738,0.825199,1.703608,0.002453,0.003592,11529.4351,5067.284028,1.000791
"theta[kimi-k3_low, axis1]",0.932177,0.171362,0.622038,1.254967,0.001597,0.002522,12114.560594,5008.166393,1.000093
"theta[kimi-k3_max, axis1]",1.400607,0.175751,1.067921,1.723622,0.001677,0.002035,11299.669305,5911.873707,1.000059
"theta[kimi-k3_unknown, axis1]",1.531694,0.178239,1.184393,1.867912,0.002165,0.002301,6898.625761,5047.078698,1.001443
"theta[llama3-llava-next-8b, axis1]",-0.055145,0.739566,-1.355946,1.41932,0.007364,0.009763,10267.365108,5653.243227,1.000515
"theta[llava-v1.5-7b, axis1]",-0.357598,0.759228,-1.806706,1.037555,0.007583,0.009854,10460.514507,5372.995974,0.999919
"theta[llava-v1.6-mistral-7b, axis1]",-0.098222,0.742852,-1.429771,1.335744,0.00734,0.00914,10505.911798,5886.394572,1.000597
"theta[llava-v1.6-vicuna-13b, axis1]",-0.074233,0.746323,-1.398862,1.3881,0.006873,0.009456,12092.959736,6316.729712,1.001101
"theta[llava-v1.6-vicuna-7b, axis1]",-0.200006,0.736611,-1.551245,1.207616,0.007349,0.008931,10328.621034,6067.551238,0.999912
"theta[long-llava-qwen2-7b, axis1]",-0.37648,0.868407,-1.968357,1.317883,0.007624,0.011061,13064.644186,5573.311872,1.000358
"theta[mPLUG-Owl3-7B-241101, axis1]",-0.131539,0.849897,-1.660836,1.564455,0.007525,0.009884,12740.538529,6518.061618,1.000062
"theta[magistral-medium-2509, axis1]",0.336544,0.28823,-0.204766,0.873669,0.002719,0.003894,11446.706855,5148.467873,1.000516
"theta[magistral-small-2506, axis1]",-0.28512,0.145159,-0.558421,-0.008734,0.001292,0.002111,12650.257734,5182.315428,1.000811
"theta[magistral-small-2509, axis1]",0.086304,0.294241,-0.505456,0.598593,0.002729,0.003825,12000.732962,5549.696447,1.000437
"theta[mercury-2, axis1]",0.296802,0.295773,-0.259862,0.851121,0.002766,0.004595,11687.324904,4693.543699,1.001056
"theta[mimo-v2-flash, axis1]",-0.547135,0.309054,-1.124165,0.025233,0.003019,0.00381,10911.623033,5708.756447,1.000091
"theta[mimo-v2-pro, axis1]",0.442621,0.301314,-0.127321,0.980616,0.004111,0.005755,6864.924472,3794.62817,1.000195
"theta[mimo-v2-pro_high, axis1]",-0.278539,0.549981,-1.3837,0.659513,0.007514,0.007501,5890.485554,4366.149209,1.00068
"theta[mimo-v2.5, axis1]",0.567882,0.279861,0.036054,1.08149,0.002602,0.003635,11838.306312,5563.382299,1.000158
"theta[mimo-v2.5-pro, axis1]",0.996382,0.280355,0.488768,1.541881,0.002454,0.003472,13107.165,5886.490826,1.000043
"theta[ministral-3b-2410, axis1]",-1.038891,0.122413,-1.266431,-0.808491,0.001332,0.001298,8611.0951,5913.462993,1.000388
"theta[ministral-8b-2410, axis1]",-0.968305,0.116996,-1.193538,-0.758442,0.001232,0.001354,9195.184524,5556.044558,0.999972
"theta[mistral-large-2402, axis1]",-0.616161,0.062323,-0.737635,-0.502696,0.000708,0.000633,7764.199678,6442.842086,1.000902
"theta[mistral-large-2407, axis1]",-0.211729,0.061324,-0.328004,-0.097129,0.000657,0.000664,8837.609095,6307.822487,1.000063
"theta[mistral-large-2411, axis1]",-0.219008,0.088005,-0.38005,-0.050048,0.000785,0.001078,12586.117744,6242.599919,1.000284
"theta[mistral-large-2512, axis1]",0.149788,0.293845,-0.401108,0.705455,0.002628,0.003987,12735.273873,5376.675531,1.000485
"theta[mistral-medium-2505, axis1]",0.145465,0.101552,-0.043399,0.334599,0.000982,0.001199,10906.314244,5543.763602,1.000462
"theta[mistral-medium-2508, axis1]",-0.007734,0.297854,-0.590426,0.52771,0.002909,0.004406,10697.035221,5503.898324,1.000555
"theta[mistral-medium-2604, axis1]",0.358126,0.292093,-0.213811,0.876858,0.002688,0.003522,11942.621239,5383.267163,1.000009
"theta[mistral-small-2402, axis1]",-0.748972,0.273946,-1.264495,-0.239139,0.002505,0.003741,12421.570995,4943.813902,1.00169
"theta[mistral-small-2501, axis1]",-0.36528,0.097542,-0.545944,-0.177811,0.000926,0.001174,11181.209329,5963.660503,1.001634
"theta[mistral-small-2503, axis1]",-0.344998,0.09348,-0.51774,-0.169457,0.000874,0.001142,11552.719097,6120.416841,1.000371
"theta[mistral-small-2506, axis1]",-0.518408,0.315377,-1.102728,0.078219,0.003142,0.003853,10524.526049,5745.360064,1.000623
"theta[ml-elephant, axis1]",-0.519216,0.343914,-1.19355,0.052556,0.00433,0.005736,7362.605356,4842.799854,1.00197
"theta[moonshotai/kimi-k2-0905, axis1]",0.384866,0.221928,-0.047746,0.784223,0.002245,0.004355,10388.513963,5131.454391,1.001603
"theta[mpt-30b, axis1]",-1.632814,0.115792,-1.844734,-1.406593,0.001243,0.001338,8668.021369,5929.376761,1.000043
"theta[mpt-30b-instruct, axis1]",-1.285436,0.181358,-1.639092,-0.955238,0.001885,0.002256,9387.222167,5974.585519,1.000674
"theta[mpt-7b, axis1]",-1.887132,0.126785,-2.133842,-1.65638,0.00156,0.001348,6705.325951,6101.457933,0.999968
"theta[muse-spark, axis1]",1.414785,0.111895,1.206351,1.617788,0.001299,0.001106,7400.917707,6187.321715,1.0005
"theta[muse-spark-1.1, axis1]",1.534463,0.092492,1.353849,1.701656,0.00125,0.000961,5500.823929,5815.857782,1.000301
"theta[muse-spark-1.1_xhigh, axis1]",1.468936,0.286384,0.953819,2.025246,0.002716,0.003787,11175.12493,5489.618571,1.000761
"theta[nemotron-3-super, axis1]",0.131132,0.293799,-0.433569,0.669963,0.002624,0.0042,12756.912239,5030.573081,1.000861
"theta[nemotron-3-ultra, axis1]",0.379726,0.290193,-0.191845,0.9023,0.002656,0.003888,12157.503202,5521.209411,0.99995
"theta[nova-2.0-pro-preview_low, axis1]",0.297103,0.29235,-0.238676,0.870406,0.002689,0.003728,11955.11331,6004.3345,1.000209
"theta[nova-2.0-pro-preview_medium, axis1]",0.551558,0.2877,0.008377,1.080211,0.002557,0.003632,12776.366232,6129.933971,1.00107
"theta[nova-2.0-pro-preview_none, axis1]",-0.389859,0.308088,-0.972377,0.178604,0.003032,0.003946,10818.069954,5297.428689,1.000123
"theta[nova-premier, axis1]",-0.091564,0.308763,-0.668852,0.425539,0.004252,0.00615,6904.474059,3423.568,0.99996
"theta[o1-2024-12-17_high, axis1]",0.479772,0.111165,0.285177,0.698918,0.000991,0.001341,12960.695047,5877.145682,0.999763
"theta[o1-2024-12-17_low, axis1]",0.425851,0.158941,0.132439,0.738787,0.001445,0.001868,12331.424097,5709.359509,1.000132
"theta[o1-2024-12-17_medium, axis1]",0.388748,0.067656,0.257964,0.513896,0.000687,0.00079,9755.213698,5753.332928,1.000401
"theta[o1-2024-12-17_unknown, axis1]",0.601712,0.212524,0.223217,1.022917,0.002212,0.00245,9392.400172,6054.615114,1.000005
"theta[o1-mini-2024-09-12_high, axis1]",0.179687,0.110118,-0.016704,0.399117,0.000993,0.001411,12774.61498,5911.637247,0.999726
"theta[o1-mini-2024-09-12_medium, axis1]",-0.002576,0.082715,-0.159053,0.150653,0.00077,0.000965,11538.933186,6279.56101,1.000243
"theta[o1-mini-2024-09-12_unknown, axis1]",-0.052091,0.14474,-0.321313,0.220099,0.001329,0.001839,11862.342547,5893.183383,1.001112
"theta[o1-preview-2024-09-12, axis1]",0.102619,0.062493,-0.009603,0.223272,0.000676,0.000663,8521.421407,5276.463615,1.000021
"theta[o3-2025-04-16_high, axis1]",0.787263,0.083009,0.630045,0.940351,0.000851,0.001059,9514.25295,5937.429177,0.999999
"theta[o3-2025-04-16_low, axis1]",0.625508,0.175977,0.295663,0.95798,0.001731,0.002424,11288.204363,4693.008018,1.000684
"theta[o3-2025-04-16_medium, axis1]",0.6672,0.071658,0.526872,0.796255,0.000828,0.000684,7531.995177,6401.378252,1.000191
"theta[o3-2025-04-16_unknown, axis1]",0.807773,0.107684,0.607527,1.013316,0.001174,0.001295,8653.889653,5701.914789,1.000093
"theta[o3-mini-2025-01-31_high, axis1]",0.39842,0.08735,0.228685,0.560527,0.000786,0.001086,12396.14716,5556.183086,1.000101
"theta[o3-mini-2025-01-31_low, axis1]",0.18705,0.130061,-0.053827,0.433612,0.001159,0.001646,12556.544194,6113.170309,1.002038
"theta[o3-mini-2025-01-31_medium, axis1]",0.28281,0.055952,0.17875,0.3901,0.000581,0.000581,9307.081972,6088.868574,1.000273
"theta[o3-mini-2025-01-31_unknown, axis1]",0.185831,0.218092,-0.222327,0.599606,0.002072,0.002857,11603.253214,5368.325151,0.999908
"theta[o3-pro-2025-06-10, axis1]",1.124983,0.182632,0.767986,1.45272,0.00184,0.002106,9897.735546,6030.708337,1.000312
"theta[o3-pro-2025-06-10_high, axis1]",0.996426,0.132402,0.754217,1.247672,0.001294,0.001683,10660.244674,5214.534038,1.000057
"theta[o3-pro-2025-06-10_medium, axis1]",0.765933,0.549214,-0.228023,1.858277,0.005199,0.007002,11440.105702,5980.429159,1.00095
"theta[o4-mini, axis1]",0.424842,0.239416,-0.028176,0.85738,0.002207,0.003073,11840.843326,6035.579815,1.001026
"theta[o4-mini-2025-04-16, axis1]",0.598739,0.163218,0.277184,0.868164,0.00204,0.001859,7020.553046,6119.878379,1.000147
"theta[o4-mini-2025-04-16_high, axis1]",0.479477,0.078762,0.330401,0.625068,0.000757,0.000906,10881.226758,6118.373877,1.001265
"theta[o4-mini-2025-04-16_low, axis1]",0.445758,0.158707,0.164629,0.765316,0.001458,0.001983,12268.357568,6100.53998,1.00138
"theta[o4-mini-2025-04-16_medium, axis1]",0.434357,0.074083,0.2952,0.570186,0.000824,0.000786,8119.718458,6778.714172,0.999789
"theta[open-mistral-7b, axis1]",-1.347101,0.16884,-1.668904,-1.050547,0.001726,0.001982,9954.676748,6083.802834,1.000172
"theta[open-mistral-nemo-2407, axis1]",-0.841747,0.118394,-1.05865,-0.614584,0.001202,0.001445,10166.588451,6291.55308,0.999823
"theta[open-mixtral-8x22b, axis1]",-0.630258,0.091738,-0.805262,-0.461906,0.000864,0.001085,11337.898095,6309.705151,1.001174
"theta[open-mixtral-8x7b, axis1]",-0.853232,0.11988,-1.070621,-0.623414,0.001252,0.001402,9361.690305,6069.268417,0.999899
"theta[open_llama_7b, axis1]",-2.073997,0.183085,-2.412311,-1.728965,0.001888,0.00237,9556.299029,5767.201152,1.000637
"theta[openai/gpt-oss-120b_low, axis1]",0.134394,0.29861,-0.434466,0.686157,0.002674,0.003959,12758.102304,6049.311196,1.000351
"theta[openhands-lm-32b-v0.1, axis1]",-0.658835,0.310214,-1.258912,-0.141984,0.003783,0.004525,8337.362331,4854.757432,1.000508
"theta[opt-1.3b, axis1]",-2.448569,0.262497,-2.969927,-1.984572,0.002497,0.003125,11017.38024,6272.86529,1.000072
"theta[opt-13b, axis1]",-2.29006,0.192311,-2.651706,-1.928718,0.001945,0.002348,9920.033314,6028.509073,1.001032
"theta[opt-175b, axis1]",-1.93721,0.191073,-2.291943,-1.575243,0.002085,0.002443,8559.967543,5694.663171,1.000933
"theta[opt-66b, axis1]",-2.103607,0.195602,-2.474005,-1.745163,0.00206,0.002102,9074.684556,6550.265189,1.000537
"theta[phi-1_5, axis1]",-1.798298,0.183143,-2.159847,-1.470162,0.001797,0.002154,10398.865525,5815.828578,1.001192
"theta[phi-2, axis1]",-1.077174,0.130631,-1.312771,-0.824206,0.001268,0.001559,10603.716372,6034.907702,1.000643
"theta[phi-4, axis1]",-0.184189,0.089244,-0.352491,-0.020646,0.000841,0.000987,11275.819101,6549.776925,1.00004
"theta[qwen-max-2025-01-25, axis1]",-0.123516,0.091076,-0.298128,0.046265,0.000842,0.001181,11631.696238,6071.832543,1.000437
"theta[qwen-plus-2025-01-25, axis1]",-0.197821,0.095552,-0.375715,-0.016143,0.00089,0.001153,11565.899049,6112.716133,1.000829
"theta[qwen-turbo-2024-11-01, axis1]",-0.33371,0.101226,-0.524336,-0.142959,0.000965,0.001269,10886.352351,5642.617876,1.001367
"theta[qwen1.5-14B, axis1]",-0.754841,0.273603,-1.290424,-0.267705,0.002733,0.004256,10935.108147,4851.342638,1.000171
"theta[qwen1.5-32B, axis1]",-0.511444,0.287967,-1.048808,0.019552,0.002611,0.003686,12862.157847,5854.124742,1.000878
"theta[qwen1.5-32b-chat, axis1]",-0.760358,0.157885,-1.056254,-0.468119,0.001483,0.002064,11535.900517,5954.661959,0.999969
"theta[qwen1.5-72b-chat, axis1]",-0.816847,0.156952,-1.126568,-0.534836,0.001475,0.002179,11612.262585,6158.006407,1.000869
"theta[qwen2-72b-instruct, axis1]",-0.456606,0.08751,-0.623419,-0.293499,0.000872,0.001099,10083.792282,5891.106152,1.000711
"theta[qwen2.5-14b-instruct, axis1]",-0.240015,0.305742,-0.827612,0.319821,0.002963,0.004058,12048.643269,5543.133903,0.999947
"theta[qwen2.5-32b-instruct, axis1]",-0.282127,0.097679,-0.470144,-0.100573,0.000906,0.001187,11656.574527,6257.518154,1.001292
"theta[qwen2.5-72b-instruct, axis1]",-0.220979,0.082466,-0.374874,-0.065475,0.000799,0.000993,10740.899362,5844.778013,1.001069
"theta[qwen2.5-7b-instruct, axis1]",-0.831603,0.207143,-1.232016,-0.447983,0.001919,0.002321,11679.354434,6156.929996,0.999968
"theta[qwen2.5-max, axis1]",-0.076338,0.531232,-1.066586,0.95696,0.00553,0.006975,9352.197324,5496.120138,1.000256
"theta[qwen3-235b-a22b, axis1]",0.18912,0.088342,0.022469,0.350385,0.00088,0.000986,10024.411287,6284.719583,1.001228
"theta[qwen3-coder-next, axis1]",-0.108094,0.299638,-0.690813,0.435467,0.002943,0.004261,10872.00903,4889.531337,1.000809
"theta[qwen3-max-2025-09-23, axis1]",0.460085,0.102237,0.26525,0.649492,0.00095,0.001215,11829.419878,5985.887411,0.999908
"theta[qwen3.5-9B, axis1]",-0.411695,0.243391,-0.905233,0.001317,0.002682,0.003122,8698.385395,5559.343305,1.000434
"theta[qwen3.5-flash, axis1]",0.680308,0.171168,0.372189,1.009715,0.001568,0.002242,12600.540071,5343.454699,1.001687
"theta[qwen3.5-plus, axis1]",0.851319,0.148128,0.585314,1.137704,0.001505,0.001876,9787.207811,5671.033189,1.000647
"theta[qwen3.5-plus_high, axis1]",0.53004,0.485242,-0.423955,1.386136,0.00665,0.008796,6392.396521,4340.248203,1.000261
"theta[qwen3.6-35b-a3b, axis1]",0.511124,0.116831,0.281967,0.724206,0.001309,0.001525,8000.659332,5708.619166,1.000662
"theta[qwen3.6-flash, axis1]",0.727836,0.175189,0.398577,1.05423,0.001601,0.002336,12353.760759,5913.202677,1.001012
"theta[qwen3.6-max-preview, axis1]",1.04099,0.167646,0.737823,1.362497,0.001554,0.001925,12225.803287,6092.396819,1.000274
"theta[qwen3.6-plus, axis1]",0.788039,0.123796,0.554103,1.015849,0.001382,0.001368,8029.558685,6033.677441,0.999945
"theta[qwen3.7-max, axis1]",1.087918,0.141129,0.832226,1.351405,0.001388,0.001661,10491.530552,6022.88024,1.00014
"theta[qwen3.7-plus, axis1]",0.917367,0.160345,0.612072,1.21644,0.001495,0.002291,11784.92737,5546.208827,1.001556
"theta[qwen3.8-max_xhigh, axis1]",1.301315,0.233687,0.85382,1.716636,0.002293,0.003109,11829.491938,5533.940248,1.000665
"theta[qwq-plus, axis1]",0.161045,0.151407,-0.112041,0.459723,0.001327,0.002219,13247.404021,5300.501926,1.0007
"theta[reka-flash-3, axis1]",0.128236,0.312095,-0.47729,0.69348,0.003189,0.004372,10135.483991,5356.049351,1.000751
"theta[sharegpt4video-8b, axis1]",-0.941366,0.894662,-2.617413,0.745058,0.008771,0.010317,10495.166649,6502.17407,1.000225
"theta[solar-pro-3, axis1]",-0.650231,0.32981,-1.31079,-0.076381,0.00321,0.004268,11001.034424,5994.089906,1.001376
"theta[sonar, axis1]",-0.071497,0.605062,-1.173239,1.113411,0.006245,0.007749,9844.114158,5608.832845,1.002697
"theta[sonar-pro, axis1]",-0.068072,0.597519,-1.252583,1.002278,0.006399,0.007659,8980.360754,5847.150152,1.000783
"theta[stablelm-tuned-alpha-7b, axis1]",-2.4208,0.268649,-2.927255,-1.921441,0.002691,0.003421,9994.5889,5863.218337,1.000748
"theta[starcoder2-15b, axis1]",-1.096965,0.152744,-1.382417,-0.801942,0.001433,0.001876,11346.747084,6029.218093,1.000339
"theta[starcoder2-3b, axis1]",-1.862875,0.184782,-2.209818,-1.515991,0.002077,0.002295,8280.250224,5255.071773,1.000261
"theta[starcoder2-7b, axis1]",-1.694794,0.178314,-2.029176,-1.370573,0.00192,0.002011,8858.341607,6376.11141,1.000304
"theta[step-3.7-flash, axis1]",0.38629,0.292171,-0.166898,0.927289,0.002676,0.004303,12606.497111,4714.079392,1.002127
"theta[text-ada-001, axis1]",-2.959643,0.272008,-3.469079,-2.449852,0.002915,0.003138,8799.558148,5902.401218,1.000252
"theta[text-babbage-001, axis1]",-3.052689,0.268288,-3.557333,-2.552932,0.002814,0.00304,9161.197004,5711.324338,1.000372
"theta[text-curie-001, axis1]",-2.494344,0.219416,-2.905847,-2.090615,0.002264,0.00246,9619.120213,5984.248971,0.999783
"theta[text-davinci-001, axis1]",-1.427559,0.152777,-1.692615,-1.119702,0.00175,0.001741,7623.338933,5563.109668,0.999957
"theta[text-davinci-002, axis1]",-0.95063,0.165688,-1.247149,-0.629489,0.001965,0.001892,7247.844404,5989.45882,1.000095
"theta[text-davinci-003, axis1]",-0.592383,0.232781,-1.00675,-0.162072,0.002828,0.005305,8613.279732,4598.05162,1.000173
"theta[tml-interaction-small, axis1]",0.584437,0.22351,0.154718,1.011275,0.002842,0.005319,6442.697251,3740.469713,1.002268
"theta[trinity-large-thinking, axis1]",0.136403,0.297222,-0.44177,0.675317,0.002686,0.00388,12586.420444,5603.277802,1.000078
"theta[vicuna-13b-v1.1, axis1]",-1.475605,0.125492,-1.725956,-1.253597,0.001268,0.001471,9808.824516,6224.739948,0.999737
"theta[vicuna-13b-v1.3, axis1]",-1.530819,0.18404,-1.877839,-1.185036,0.001843,0.002556,9940.316605,5596.457427,1.000025
"theta[video-SALMONN-2plus, axis1]",0.871288,0.840548,-0.670657,2.432557,0.007704,0.009564,11906.52339,6565.342702,0.999877
"theta[video_chat2_mistral, axis1]",-0.963867,0.884927,-2.535763,0.761528,0.008934,0.01006,9936.558968,6572.035367,0.999755
"theta[xgen-7b-8k-base, axis1]",-1.867975,0.178875,-2.205227,-1.539276,0.001691,0.002076,11223.135409,6321.796925,1.000065
"theta[xiaoyi-deepresearch, axis1]",1.160892,0.601011,0.010356,2.2773,0.006852,0.008958,8321.06226,4781.077011,1.0009
"theta[yi-lightning, axis1]",-0.565625,0.302192,-1.160625,-0.052062,0.00384,0.004607,7489.670709,4558.052073,1.000612
"A[ARC (AI2), axis1]",1.193636,0.122331,0.964951,1.420706,0.001753,0.001141,4854.911644,5515.251845,0.999934
"A[Adversarial NLI, axis1]",0.991934,0.383661,0.302203,1.685957,0.007236,0.004232,2705.111083,3469.440029,1.000477
"A[Aider Polyglot, axis1]",2.381106,0.259851,1.88616,2.857771,0.004534,0.002483,3289.279005,4900.895281,1.00035
"A[AudioMultiChallenge, axis1]",0.880716,0.114148,0.675126,1.102117,0.002166,0.001619,2672.424151,2717.634585,1.001234
"A[BALROG, axis1]",0.988133,0.099335,0.802694,1.180601,0.001238,0.001054,6415.278441,5183.661064,1.000243
"A[BIG-Bench Hard (BBH), axis1]",1.343106,0.112614,1.125843,1.550197,0.00226,0.001281,2488.997298,3729.200718,1.000305
"A[BioLP-bench, axis1]",2.467084,0.271187,1.943035,2.96738,0.003251,0.002715,6955.322006,5518.761278,1.000317
"A[BoolQ, axis1]",0.793131,0.069348,0.666766,0.92498,0.001064,0.000684,4232.343526,5669.095173,1.000786
"A[CAD-Eval, axis1]",1.723879,0.38005,1.013034,2.442203,0.005124,0.004207,5474.235069,4275.242508,1.000338
"A[CL-Bench, axis1]",0.645487,0.130239,0.3947,0.885644,0.002487,0.00155,2732.813118,3856.298712,1.001163
"A[CL-Bench Life, axis1]",0.643529,0.173873,0.299641,0.946037,0.003661,0.002058,2192.164912,2756.791225,1.000912
"A[CSQA2, axis1]",0.949009,0.354466,0.356961,1.613072,0.006102,0.004212,3304.779083,4571.425633,1.000659
"A[Cybench, axis1]",2.879466,0.29132,2.350043,3.463276,0.004052,0.003288,5250.39975,4699.078484,1.000907
"A[DeepResearchBench, axis1]",0.398892,0.114963,0.196767,0.619786,0.002282,0.001266,2477.362845,3569.635844,1.001354
"A[ExploitBench, axis1]",1.316766,0.24714,0.873306,1.771786,0.004491,0.004266,3145.517612,4405.896948,1.000228
"A[GBAEval, axis1]",1.195121,0.460058,0.390863,2.046783,0.008182,0.005483,3075.303798,3567.44466,1.000427
"A[GDP.pdf, axis1]",0.673686,0.22894,0.264308,1.09729,0.004155,0.002666,2890.945949,2953.29084,1.000721
"A[GPQA Diamond, axis1]",1.56145,0.057818,1.452281,1.668848,0.001015,0.000546,3227.459956,5095.394612,1.000701
"A[GPQA Diamond Biology, axis1]",0.926531,0.175138,0.612772,1.263961,0.002008,0.001776,7508.981322,5780.227837,0.999792
"A[GPQA Diamond Chemistry, axis1]",1.309156,0.140719,1.034267,1.565852,0.001555,0.001533,8201.215276,5683.284588,1.000251
"A[GPQA Main Biology, axis1]",1.096042,0.165233,0.806126,1.432358,0.001841,0.001792,8003.808194,5969.710893,1.000161
"A[GPQA Main Chemistry, axis1]",1.251414,0.111751,1.032598,1.449661,0.001304,0.001078,7371.922242,6754.990024,0.999995
"A[GSM8K, axis1]",2.412206,0.209099,2.033156,2.812336,0.004683,0.002456,2000.488755,3626.779335,1.000904
"A[GSO-Bench, axis1]",2.198652,0.268784,1.704597,2.701004,0.004542,0.002798,3515.712095,4632.613234,1.000598
"A[LAMBADA, axis1]",0.458527,0.130126,0.217107,0.699879,0.002126,0.001418,3603.531675,3633.26268,1.000721
"A[Lech Mazur Writing, axis1]",0.582372,0.138072,0.332318,0.850345,0.001971,0.001391,4812.006171,4932.017126,1.001153
"A[MATH Level 5, axis1]",3.300773,0.19197,2.955114,3.676573,0.00265,0.001667,5248.295217,6345.044591,1.000173
"A[MMLU, axis1]",1.122889,0.055715,1.019479,1.227613,0.00099,0.000573,3175.684126,5124.378148,1.000591
"A[MMLU Biology, axis1]",0.597015,0.076165,0.456983,0.739535,0.000841,0.000848,8115.897511,5318.47661,1.000017
"A[MMLU Chemistry, axis1]",0.933055,0.078452,0.790231,1.081013,0.00095,0.000765,6818.678001,5820.131263,0.999915
"A[MMLU Pro Biology, axis1]",1.405029,0.146554,1.136938,1.680532,0.001802,0.001644,6630.650987,5773.840204,1.00061
"A[MMLU Pro Chemistry, axis1]",2.076799,0.14559,1.810483,2.352407,0.001925,0.001557,5743.731254,5851.278586,1.000068
"A[MMLU-Pro, axis1]",1.07754,0.087432,0.91489,1.245039,0.001101,0.000872,6300.614893,6458.557467,1.00027
"A[MultiChallenge, axis1]",0.794004,0.134906,0.542396,1.045951,0.001713,0.001499,6179.998182,5074.286102,1.000184
"A[MultiNRC, axis1]",1.59416,0.1324,1.34379,1.841436,0.001899,0.001257,4850.465181,6252.127733,1.000414
"A[OS World (Screenshot), axis1]",0.835294,0.330782,0.269193,1.455718,0.00385,0.003701,6979.00943,5410.620433,1.000745
"A[PRBench Finance, axis1]",0.564913,0.066489,0.435184,0.687224,0.000797,0.000684,6915.97851,6038.289355,1.000529
"A[PRBench Legal, axis1]",0.556805,0.059549,0.442489,0.663203,0.000741,0.000595,6454.760039,6301.915784,1.00016
"A[PostTrainBench, axis1]",1.314767,0.256758,0.850522,1.816778,0.006788,0.003761,1424.55245,1906.272479,1.001612
"A[SWE-Bench Pro, axis1]",1.261351,0.16986,0.950717,1.577875,0.002068,0.001837,6706.542093,5328.858518,1.000702
"A[SWE-Bench Verified, axis1]",1.022521,0.142007,0.757347,1.294014,0.001972,0.001427,5169.333747,5000.764965,1.000578
"A[SciCode, axis1]",0.633905,0.04755,0.547332,0.727262,0.001032,0.000528,2126.47016,3350.513739,1.002237
"A[ScienceQA, axis1]",0.514654,0.158979,0.238489,0.806925,0.002898,0.002565,3132.614093,4521.439829,1.000878
"A[SimpleQA Verified, axis1]",0.886561,0.114578,0.669336,1.096867,0.001457,0.001263,6162.508912,5286.098669,1.000247
"A[SpatialViz-Bench, axis1]",0.466583,0.160991,0.191636,0.764866,0.002152,0.0019,5419.775863,6020.495093,1.000483
"A[SuperGLUE, axis1]",0.913054,0.276957,0.386756,1.41844,0.006737,0.003815,1610.315827,1938.056942,1.000852
"A[TerminalBench, axis1]",1.835307,0.239754,1.374513,2.278404,0.005577,0.002838,1847.07025,3313.285078,1.001376
"A[The Agent Company, axis1]",2.600671,0.562283,1.491993,3.64733,0.0091,0.006554,3815.62534,3625.779093,1.001281
"A[TriviaQA, axis1]",0.420901,0.113324,0.21165,0.635992,0.001464,0.001083,5855.416985,5475.880863,1.000184
"A[TutorBench, axis1]",0.496235,0.075848,0.351746,0.63967,0.001026,0.000797,5467.833672,4881.868373,1.000726
"A[Video-MME, axis1]",0.257555,0.082716,0.11384,0.41889,0.001471,0.000877,3164.394485,4657.230434,1.000527
"A[VisualToolBench, axis1]",2.295753,0.244191,1.844337,2.754769,0.004066,0.003124,3688.504901,4020.605894,1.00052
"A[WMDP Biology, axis1]",0.683759,0.137938,0.433817,0.956412,0.001475,0.001465,8649.307452,5715.391113,1.000383
"A[WMDP Chemistry, axis1]",0.867872,0.116669,0.652482,1.092057,0.001454,0.001404,6319.102942,4128.673173,1.000646
D[ARC (AI2)],-1.975998,0.174883,-2.307051,-1.652423,0.002289,0.00162,5798.592305,5883.13566,1.000472
D[Adversarial NLI],-0.98123,0.358476,-1.655734,-0.329109,0.006216,0.003772,3325.760541,4571.826805,1.000516
D[Aider Polyglot],0.560999,0.105143,0.361655,0.753901,0.001524,0.000947,4751.258602,6440.625244,1.000974
D[AudioMultiChallenge],0.807355,0.107397,0.617076,1.015866,0.001682,0.001387,4235.172985,4354.523546,1.000765
D[BALROG],1.037654,0.067343,0.910143,1.163864,0.00071,0.000695,9047.821988,6378.459982,0.999818
D[BIG-Bench Hard (BBH)],-1.71579,0.137097,-1.986213,-1.467095,0.002602,0.001462,2785.717141,4687.089643,1.000818
D[BioLP-bench],1.742324,0.110613,1.537051,1.954819,0.001395,0.001054,6274.908422,6129.245109,1.000338
D[BoolQ],-2.453286,0.111593,-2.657405,-2.240245,0.001589,0.001038,4938.154843,6369.460464,0.999836
D[CAD-Eval],0.497436,0.133212,0.245844,0.748693,0.00148,0.001531,8178.706424,6435.519741,1.000313
D[CL-Bench],2.007598,0.119915,1.777298,2.229403,0.002251,0.001365,2830.557591,4461.775324,1.000592
D[CL-Bench Life],2.405492,0.196751,2.034805,2.77336,0.003958,0.002247,2418.768291,3659.786162,1.00065
D[CSQA2],-1.298336,0.34821,-1.993769,-0.698519,0.00512,0.004192,4815.787324,4720.288218,1.000331
D[Cybench],1.705454,0.158033,1.409893,1.994311,0.002127,0.00171,5527.66299,5464.381482,1.000193
D[DeepResearchBench],0.46615,0.102766,0.275209,0.656379,0.001877,0.001045,2987.254419,4928.743335,1.000691
D[ExploitBench],2.637941,0.289509,2.136172,3.192258,0.005303,0.005164,3109.781252,4419.951229,1.000546
D[GBAEval],2.343345,0.645357,1.236377,3.604301,0.011054,0.007735,3467.676692,4456.416047,1.000757
D[GDP.pdf],2.24875,0.302214,1.710424,2.810807,0.005253,0.003363,3301.126209,4802.005755,1.000352
D[GPQA Diamond],-0.389803,0.036345,-0.46162,-0.324209,0.00056,0.000338,4219.793086,5877.727504,1.000869
D[GPQA Diamond Biology],-0.463045,0.087705,-0.625732,-0.298814,0.000949,0.000988,8648.406421,6245.928694,1.0002
D[GPQA Diamond Chemistry],0.120607,0.071877,-0.01259,0.255081,0.000788,0.000744,8328.241793,6573.068808,1.000355
D[GPQA Main Biology],-0.601866,0.078473,-0.749949,-0.452214,0.000839,0.000774,8759.800206,6602.665475,1.000635
D[GPQA Main Chemistry],0.232119,0.058824,0.119473,0.3388,0.000734,0.000551,6460.835867,6551.287517,0.999994
D[GSM8K],-2.833844,0.262034,-3.302318,-2.319958,0.005637,0.003131,2165.670821,3785.316355,1.000589
D[GSO-Bench],3.624541,0.278793,3.093777,4.13713,0.004358,0.002925,4122.757918,4931.792336,1.000722
D[LAMBADA],-1.651623,0.1875,-2.023144,-1.328078,0.00293,0.001953,4067.492187,5047.453751,1.000745
D[Lech Mazur Writing],-1.061654,0.058584,-1.174318,-0.956036,0.000648,0.000613,8217.312135,6575.381407,1.000392
D[MATH Level 5],-1.000028,0.095892,-1.185005,-0.825123,0.001347,0.000885,5066.633739,6258.089527,1.001121
D[MMLU],-1.708745,0.052891,-1.805215,-1.608076,0.000814,0.000498,4215.109058,6063.188959,1.000181
D[MMLU Biology],-1.036376,0.040477,-1.110359,-0.957413,0.00045,0.000418,8059.691203,6830.834269,1.000562
D[MMLU Chemistry],-0.734106,0.046759,-0.816532,-0.641114,0.000563,0.000438,6911.591626,6573.932324,1.000114
D[MMLU Pro Biology],-1.941067,0.076364,-2.087388,-1.800146,0.000931,0.000794,6762.055025,5647.757936,1.001101
D[MMLU Pro Chemistry],-1.36697,0.083491,-1.526078,-1.212695,0.001106,0.000853,5704.311977,6227.371611,1.000089
D[MMLU-Pro],-0.965255,0.049932,-1.060349,-0.873502,0.000571,0.000484,7625.991889,6757.256303,1.000331
D[MultiChallenge],0.322783,0.111043,0.120134,0.539224,0.00139,0.001169,6389.738031,5846.495129,1.000167
D[MultiNRC],1.690482,0.107162,1.490443,1.891159,0.001413,0.001046,5759.729475,5838.284546,1.000486
D[OS World (Screenshot)],0.475244,0.291365,-0.049138,1.037239,0.003056,0.003359,9228.077337,6426.531559,1.00035
D[PRBench Finance],0.719324,0.066295,0.595198,0.843476,0.000773,0.00071,7363.654089,5991.126954,1.00081
D[PRBench Legal],0.714835,0.059608,0.604818,0.828227,0.0007,0.000634,7305.732078,5818.672007,1.00106
D[PostTrainBench],2.787877,0.301617,2.254964,3.395138,0.007818,0.004203,1481.930504,2259.061227,1.001897
D[SWE-Bench Pro],1.517353,0.153173,1.235013,1.802994,0.001822,0.001613,7082.98186,6014.020559,1.000216
D[SWE-Bench Verified],-0.044703,0.123101,-0.276863,0.186253,0.001641,0.001257,5632.163166,5706.254411,1.001125
D[SciCode],0.672801,0.040357,0.601505,0.754271,0.000793,0.000432,2602.017148,3643.557962,1.002302
D[ScienceQA],-1.09238,0.183915,-1.438221,-0.760661,0.002881,0.002808,4398.746765,4736.019621,1.000466
D[SimpleQA Verified],1.186523,0.110099,0.984365,1.393086,0.001307,0.001142,7114.932244,6304.909617,1.000482
D[SpatialViz-Bench],0.649353,0.081903,0.504316,0.816308,0.000994,0.001057,6995.0788,5367.461222,1.000322
D[SuperGLUE],-2.265301,0.347674,-2.914355,-1.619427,0.008288,0.004403,1724.83686,3090.038018,1.000799
D[TerminalBench],1.493084,0.194112,1.117317,1.845647,0.004164,0.002092,2172.554664,3947.639875,1.001393
D[The Agent Company],1.205885,0.150588,0.923046,1.48857,0.001698,0.001574,7898.935874,6629.712556,1.00057
D[TriviaQA],-1.509849,0.138217,-1.766578,-1.251525,0.001716,0.001361,6474.295784,6400.810884,1.000367
D[TutorBench],0.327486,0.066199,0.202733,0.454142,0.00087,0.000732,5866.985634,6011.94577,1.000305
D[Video-MME],-0.475716,0.073592,-0.619434,-0.341134,0.000903,0.000735,6711.937461,5935.834244,0.999993
D[VisualToolBench],3.778116,0.235231,3.342282,4.22476,0.003687,0.002841,4184.132212,4655.978438,1.000273
D[WMDP Biology],-1.547877,0.071238,-1.679463,-1.413085,0.000742,0.000696,9218.040369,6578.80132,1.000468
D[WMDP Chemistry],-0.754911,0.067108,-0.886521,-0.631013,0.000772,0.000644,7538.239032,6564.506178,1.000104
phi_b[ARC (AI2)],16.747972,3.066908,11.458127,22.768965,0.033082,0.033197,8782.675991,6930.08304,0.999781
phi_b[Adversarial NLI],27.176893,18.502102,7.722215,52.875565,0.339067,1.318917,3932.310232,3734.109296,1.000196
phi_b[Aider Polyglot],19.485024,5.008802,11.190413,29.128348,0.0903,0.063964,2995.196914,4564.584554,1.000548
phi_b[AudioMultiChallenge],265.380612,290.892247,18.469101,668.727442,8.010507,18.531672,903.625545,1544.00242,1.004737
phi_b[BALROG],56.441583,16.957486,26.330018,87.399665,0.221375,0.174802,5658.893955,5953.826485,1.000545
phi_b[BIG-Bench Hard (BBH)],86.152384,32.013696,33.616844,142.157663,0.660079,0.659592,2302.393339,3961.761446,1.00082
phi_b[BioLP-bench],41.904218,11.991185,20.286722,63.48066,0.128328,0.141637,8862.470421,6603.120999,1.000301
phi_b[BoolQ],74.746816,16.321705,46.195105,104.821084,0.217554,0.191438,5736.249016,6605.317986,1.000224
phi_b[CAD-Eval],26.317224,10.752702,9.30043,46.308739,0.134356,0.151592,6272.056333,6113.467618,1.000259
phi_b[CL-Bench],333.985619,175.340861,89.057493,640.856649,2.959811,3.400709,3164.293154,4869.025695,1.000213
phi_b[CL-Bench Life],152.451386,84.529786,37.217846,300.828711,1.549122,2.091896,2794.822392,5104.403514,1.001314
phi_b[CSQA2],16.649235,8.499626,4.60486,32.793495,0.13186,0.15498,4560.709051,5744.846531,1.000387
phi_b[Cybench],45.922267,19.533853,15.954448,82.200608,0.281707,0.277275,4437.415553,5690.285656,1.001117
phi_b[DeepResearchBench],65.93112,19.47798,32.142622,101.490498,0.297137,0.24472,4286.868894,5735.856552,1.000747
phi_b[ExploitBench],226.759836,239.391051,12.679508,583.237324,3.639334,10.67326,3529.672307,4680.558108,1.000736
phi_b[GBAEval],2.545542,0.772748,1.293774,4.061418,0.009479,0.01037,7236.3194,5670.734874,1.000392
phi_b[GDP.pdf],45.829185,17.369854,17.031522,76.4918,0.225509,0.353918,6802.893051,5954.151616,1.000179
phi_b[GPQA Diamond],85.421979,14.548594,59.316491,112.485344,0.309891,0.178961,2146.51439,3731.285547,1.001365
phi_b[GPQA Diamond Biology],22.641813,5.304222,13.574865,32.606922,0.048592,0.063283,12114.40734,6322.359803,1.000852
phi_b[GPQA Diamond Chemistry],36.485413,8.652943,21.366624,52.703398,0.086274,0.09824,9964.881779,6255.883778,1.000365
phi_b[GPQA Main Biology],30.467947,7.224939,17.958521,44.443278,0.06797,0.090293,11201.932198,6263.666699,1.000814
phi_b[GPQA Main Chemistry],64.170341,16.134889,35.913198,94.597064,0.160095,0.182343,10156.443001,6404.879064,1.000254
phi_b[GSM8K],19.591878,5.98388,9.53161,30.628579,0.127228,0.092583,2163.546374,4255.677891,1.000578
phi_b[GSO-Bench],35.807558,11.915949,16.039555,58.073921,0.173492,0.144294,4496.250954,5029.095497,1.000268
phi_b[LAMBADA],51.387951,14.304393,25.741476,77.874518,0.137536,0.163439,10853.602006,6247.281914,1.001251
phi_b[Lech Mazur Writing],49.725853,10.212591,31.558497,69.372283,0.097078,0.10893,10871.144422,6867.154179,0.99994
phi_b[MATH Level 5],23.111131,4.813391,14.332105,31.878462,0.063996,0.05457,5816.36811,6579.861604,1.000669
phi_b[MMLU],54.261831,8.302823,39.720633,70.582942,0.145554,0.079655,3213.414011,5361.479415,1.000313
phi_b[MMLU Biology],148.12893,38.2977,78.161897,217.844293,0.367355,0.45938,11024.391519,6432.887648,1.000395
phi_b[MMLU Chemistry],120.077489,30.138898,67.723545,177.942515,0.303552,0.336845,9889.877262,6838.200065,0.999736
phi_b[MMLU Pro Biology],105.388736,29.865326,54.876633,161.5947,0.3086,0.36417,9423.17945,6036.966639,1.000151
phi_b[MMLU Pro Chemistry],88.652849,26.028202,46.449573,140.573125,0.30412,0.329718,7437.249533,6135.269512,1.000316
phi_b[MMLU-Pro],64.90044,15.802266,37.169048,94.211044,0.193795,0.192644,6922.601227,6048.193351,1.000516
phi_b[MultiChallenge],55.614026,15.602258,28.836921,85.953195,0.159305,0.18829,9698.953973,6433.912988,1.000873
phi_b[MultiNRC],71.181531,21.374439,33.980713,110.013011,0.293069,0.267943,5346.706823,5986.32533,1.000122
phi_b[OS World (Screenshot)],6.292119,2.319214,2.361755,10.445149,0.024082,0.030256,9348.364848,5959.729081,1.000395
phi_b[PRBench Finance],109.649011,29.124796,57.918946,164.520893,0.28447,0.333038,10028.895625,6018.177256,1.000167
phi_b[PRBench Legal],151.23045,41.531045,81.461671,232.253648,0.44335,0.47457,8668.978478,6659.639556,1.000547
phi_b[PostTrainBench],79.439541,58.594916,20.169914,162.995171,1.536941,3.459674,1770.239055,1966.206444,1.000937
phi_b[SWE-Bench Pro],26.601038,7.966689,13.058754,41.737578,0.085491,0.093599,8660.234003,6575.78947,1.000962
phi_b[SWE-Bench Verified],66.459697,18.959758,34.444276,102.452733,0.239244,0.212092,6191.528825,6524.231288,1.000015
phi_b[SciCode],128.234961,27.232518,80.598886,179.570644,0.629269,0.339017,1867.345171,3837.097138,1.002025
phi_b[ScienceQA],20.041545,7.161351,9.225688,32.537994,0.122186,0.404911,4211.041589,4737.07155,1.000533
phi_b[SimpleQA Verified],8.923808,1.205404,6.606334,11.072922,0.011439,0.013232,11113.765417,6441.373542,1.00057
phi_b[SpatialViz-Bench],197.367365,124.819646,32.89628,416.70153,1.465657,2.256788,7259.363808,5975.46088,1.000283
phi_b[SuperGLUE],137.668112,169.451284,9.088006,361.71291,3.38169,13.337435,1771.400816,3519.069871,0.999994
phi_b[TerminalBench],25.971739,8.886667,11.795323,42.44656,0.195885,0.165701,1969.076753,3839.091328,1.00184
phi_b[The Agent Company],34.947738,19.224672,9.084232,68.645977,0.269699,0.542523,4409.667161,5516.910878,1.000452
phi_b[TriviaQA],23.519588,5.035503,14.25145,32.655802,0.044356,0.055793,12884.995394,6771.317935,1.00081
phi_b[TutorBench],216.706503,67.151156,98.657699,338.288958,0.697779,0.836687,9197.770993,6644.209537,1.000313
phi_b[Video-MME],25.381399,6.628397,14.25012,37.720521,0.094263,0.091422,5442.930641,5353.408816,1.000267
phi_b[VisualToolBench],151.841758,92.275881,32.572028,305.893654,1.447936,5.320572,3532.5161,5154.350223,1.00032
phi_b[WMDP Biology],56.207449,13.528449,31.915083,81.619719,0.121159,0.157063,11847.686766,6069.182018,1.000037
phi_b[WMDP Chemistry],46.031806,10.825542,26.528175,66.093968,0.10112,0.126991,11688.525414,6022.351244,1.000216
