,mean,sd,hdi_3%,hdi_97%,mcse_mean,mcse_sd,ess_bulk,ess_tail,r_hat
sigma_b_log__[0],-2.561503,0.124356,-2.798241,-2.335222,0.002099,0.001187,3524.274261,5264.574545,1.002216
sigma_b_log__[1],-1.85002,0.146373,-2.108107,-1.552737,0.002239,0.001424,4268.371292,6056.14504,1.000763
sigma_b_log__[2],-2.073321,0.061289,-2.187335,-1.957109,0.000743,0.000703,6820.286272,5865.116814,1.001034
sigma_b_log__[3],-2.606006,0.08321,-2.754381,-2.44151,0.001217,0.000826,4674.199585,5526.598813,1.000155
sigma_b_log__[4],-3.358068,0.188704,-3.704337,-2.994841,0.003732,0.00213,2579.823879,3701.579755,1.000136
sigma_b_log__[5],-2.533601,0.159675,-2.854462,-2.252646,0.003181,0.001887,2554.401855,3479.239304,1.000302
sigma_b_log__[6],-2.319162,0.217456,-2.699036,-1.880929,0.003663,0.002313,3624.120315,4408.344461,1.000301
sigma_b_log__[7],-2.963331,0.123776,-3.193418,-2.73004,0.001617,0.001253,5857.390484,5933.619166,1.000223
sigma_b_log__[8],-1.820573,0.131739,-2.071131,-1.580938,0.002828,0.001435,2174.310912,4091.71749,1.000669
sigma_b_log__[9],-3.874783,0.093732,-4.040922,-3.69088,0.001191,0.001056,6314.735039,5377.827865,1.00125
sigma_b_log__[10],-2.582969,0.231154,-3.011564,-2.159023,0.005161,0.003402,2026.670404,3259.347282,1.001151
sigma_b_log__[11],-3.360655,0.219261,-3.78509,-2.964009,0.00587,0.003035,1405.243014,2834.600138,1.002467
sigma_b_log__[12],-2.696639,0.141258,-2.960694,-2.434671,0.002613,0.001421,2928.300602,4038.440661,1.002588
sigma_b_log__[13],-2.272285,0.196965,-2.64355,-1.897671,0.002733,0.002175,5258.980365,5583.372424,1.000311
sigma_b_log__[14],-1.988919,0.11219,-2.196623,-1.779054,0.001268,0.001193,7863.606898,6452.106558,1.000299
sigma_b_log__[15],-2.90764,0.136976,-3.159421,-2.646122,0.002167,0.001306,4003.283108,5098.011426,1.001979
sigma_b_log__[16],-2.267892,0.116703,-2.49089,-2.052601,0.001295,0.001274,8132.622392,6522.462798,1.000462
sigma_b_log__[17],-3.225409,0.135387,-3.472794,-2.966891,0.001606,0.001479,7172.511609,5790.942041,1.000062
sigma_b_log__[18],-2.793234,0.129727,-3.035146,-2.553676,0.001601,0.001393,6626.908677,6119.203679,1.000577
sigma_b_log__[19],-2.884641,0.137073,-3.149955,-2.624987,0.001705,0.001469,6457.79621,6003.538859,1.000522
sigma_b_log__[20],-3.284479,0.257839,-3.781221,-2.819894,0.009886,0.005573,677.910878,1235.591794,1.004299
sigma_b_log__[21],-2.502688,0.142399,-2.766571,-2.237454,0.002029,0.001402,4927.034593,6328.206293,1.000259
sigma_b_log__[22],-3.040915,0.164549,-3.344998,-2.73271,0.002895,0.00182,3235.352089,4513.995049,1.000957
sigma_b_log__[23],-2.410169,0.119888,-2.635162,-2.182529,0.001959,0.001129,3746.649446,5635.506501,1.002202
sigma_b_log__[24],-2.706475,0.241681,-3.135014,-2.233834,0.003081,0.002558,6249.737059,5851.934722,1.000446
sigma_b_log__[25],-2.014291,0.089576,-2.188663,-1.85521,0.00231,0.001003,1514.526742,2764.776534,1.001618
sigma_b_log__[26],-2.070607,0.110736,-2.283542,-1.86887,0.00145,0.001042,5827.487643,6053.721389,1.000162
sigma_b_log__[27],-3.017316,0.23032,-3.43195,-2.573401,0.00479,0.002426,2327.625266,4041.533026,1.001512
sigma_b_log__[28],-3.45459,0.201302,-3.84163,-3.078061,0.002639,0.002104,5859.210744,6110.33886,1.000961
sigma_b_log__[29],-2.795866,0.150761,-3.077543,-2.521144,0.00214,0.001464,4979.593893,5621.026814,1.000101
sigma_b_log__[30],-2.681787,0.243351,-3.138834,-2.225468,0.004281,0.002677,3235.439941,4791.921002,1.000222
sigma_b_log__[31],-2.434563,0.198319,-2.794232,-2.057167,0.003929,0.002238,2560.168006,4185.934312,1.000879
sigma_b_log__[32],-3.064279,0.105794,-3.259475,-2.861824,0.001393,0.001042,5795.42423,5582.112965,1.000119
sigma_b_log__[33],-2.641409,0.093625,-2.818854,-2.467292,0.001962,0.001055,2293.929771,3442.695463,1.002762
tau_CD_log__,0.667002,0.124341,0.440569,0.904091,0.006124,0.003579,411.521679,648.517552,1.011973
sigma_A_log__,-0.350993,0.127516,-0.587933,-0.113196,0.004951,0.002433,669.118872,1466.112634,1.004461
"theta_t_zerosum__[0, 0]",-0.106199,0.537001,-1.143957,0.804594,0.007671,0.007588,5748.904962,4072.555737,1.000034
"theta_t_zerosum__[0, 1]",0.276963,0.096515,0.095653,0.460727,0.0014,0.001342,4883.810722,4571.99719,1.001377
"theta_t_zerosum__[0, 2]",0.366632,0.423812,-0.457419,1.114379,0.006249,0.00731,5335.755058,3821.112068,1.002021
"theta_t_zerosum__[0, 3]",-0.209004,0.089998,-0.380476,-0.045261,0.000937,0.001054,9204.741951,5784.387578,1.000772
"theta_t_zerosum__[0, 4]",-0.099839,0.144941,-0.366171,0.18024,0.001522,0.001742,9025.213011,5735.914347,1.000582
"theta_t_zerosum__[0, 5]",-0.658887,0.166674,-0.956157,-0.325511,0.003551,0.002235,2328.209465,3553.067121,1.000402
"theta_t_zerosum__[0, 6]",-1.133971,0.168173,-1.457866,-0.81801,0.00223,0.003134,5882.033568,4128.596821,1.000681
"theta_t_zerosum__[0, 7]",-0.645304,0.098743,-0.833918,-0.464462,0.001186,0.001195,6933.605759,6150.701899,1.00072
"theta_t_zerosum__[0, 8]",-0.373421,0.097169,-0.551879,-0.189137,0.001063,0.00116,8325.437211,5710.834459,1.000709
"theta_t_zerosum__[0, 9]",-0.258515,0.201968,-0.657048,0.106972,0.00208,0.002512,9588.208026,5570.928898,1.000075
"theta_t_zerosum__[0, 10]",-0.121137,0.46204,-0.986222,0.691923,0.006751,0.0078,5783.919144,3431.746422,1.001135
"theta_t_zerosum__[0, 11]",-0.226686,0.257081,-0.726927,0.248816,0.002542,0.003085,10406.890346,6089.693746,1.000694
"theta_t_zerosum__[0, 12]",-0.096638,0.234365,-0.545584,0.335916,0.002327,0.00284,10292.791575,5906.366911,1.000325
"theta_t_zerosum__[0, 13]",0.059793,0.25607,-0.400468,0.572114,0.002484,0.003139,10698.059208,5922.899707,1.000439
"theta_t_zerosum__[0, 14]",2.473777,0.250534,2.017401,2.94802,0.004146,0.003057,3709.921159,4136.086084,1.001561
"theta_t_zerosum__[0, 15]",-0.864852,0.164292,-1.174767,-0.542109,0.002409,0.002954,5034.769829,3589.293816,1.00035
"theta_t_zerosum__[0, 16]",-1.107967,0.167665,-1.457105,-0.8166,0.002412,0.002899,5146.515305,3439.651161,1.000492
"theta_t_zerosum__[0, 17]",-0.296531,0.280429,-0.834623,0.196746,0.0034,0.004368,7769.071279,4988.619237,1.000023
"theta_t_zerosum__[0, 18]",-1.480803,0.345452,-2.139275,-0.877213,0.004171,0.004493,7675.74584,5330.934132,1.000028
"theta_t_zerosum__[0, 19]",-0.158356,0.283309,-0.700504,0.364662,0.002971,0.004667,9712.689747,4776.948714,1.000082
"theta_t_zerosum__[0, 20]",0.82584,0.366302,0.201228,1.548907,0.004561,0.005237,7798.516059,4896.265411,1.00025
"theta_t_zerosum__[0, 21]",-0.316329,0.34002,-0.932417,0.313972,0.005044,0.005372,5244.308822,4025.586898,1.000378
"theta_t_zerosum__[0, 22]",-0.444094,0.26483,-0.924852,0.062973,0.002694,0.003422,10113.178348,6142.937609,1.000327
"theta_t_zerosum__[0, 23]",0.631187,0.231154,0.172936,1.041045,0.002882,0.003127,7061.12286,4202.492264,1.000459
"theta_t_zerosum__[0, 24]",-0.155022,0.244835,-0.613215,0.30241,0.002411,0.002966,10529.837686,5952.636677,1.001125
"theta_t_zerosum__[0, 25]",-0.326526,0.201058,-0.719297,0.032918,0.002084,0.00266,9414.890772,5211.017657,1.00067
"theta_t_zerosum__[0, 26]",-2.15252,0.400194,-2.922783,-1.45316,0.004871,0.004975,7598.50055,4904.212062,1.000698
"theta_t_zerosum__[0, 27]",-0.969495,0.131811,-1.222331,-0.726922,0.001456,0.001648,8254.430518,5816.882119,1.000123
"theta_t_zerosum__[0, 28]",-1.413003,0.155779,-1.703415,-1.127831,0.001608,0.001684,9428.351131,6035.419213,1.000678
"theta_t_zerosum__[0, 29]",-2.165026,0.195685,-2.518027,-1.784532,0.002345,0.002108,6983.081679,5735.59442,1.000057
"theta_t_zerosum__[0, 30]",-1.356558,0.35382,-2.029943,-0.738438,0.004242,0.00496,8228.319129,5098.234818,1.000328
"theta_t_zerosum__[0, 31]",-2.016422,0.452809,-2.897365,-1.196205,0.004737,0.005279,9105.43463,5880.025593,1.001116
"theta_t_zerosum__[0, 32]",-1.358308,0.202112,-1.738791,-0.991386,0.002418,0.002386,7271.041301,5508.324976,1.000145
"theta_t_zerosum__[0, 33]",-1.060631,0.123782,-1.281583,-0.821906,0.001603,0.001638,6200.118822,4950.118631,1.00017
"theta_t_zerosum__[0, 34]",-0.626982,0.124735,-0.874874,-0.406945,0.001321,0.001363,9009.095239,5407.691463,0.999769
"theta_t_zerosum__[0, 35]",-0.81986,0.288826,-1.400539,-0.331571,0.003264,0.004204,9097.224214,4755.268984,0.999996
"theta_t_zerosum__[0, 36]",-1.299699,0.207105,-1.684069,-0.913427,0.002212,0.002587,9037.113784,5415.402304,0.999975
"theta_t_zerosum__[0, 37]",0.264138,0.535516,-0.755296,1.190475,0.009075,0.010321,4706.708167,3507.108219,1.001066
"theta_t_zerosum__[0, 38]",0.273819,0.51375,-0.733431,1.133487,0.008751,0.009074,4501.867038,3633.215484,1.001741
"theta_t_zerosum__[0, 39]",0.365477,0.497239,-0.66526,1.146324,0.008741,0.009057,4003.107865,3138.546069,1.000418
"theta_t_zerosum__[0, 40]",-0.555489,0.741563,-1.967718,0.804723,0.007376,0.008598,10118.368987,6143.256776,0.999915
"theta_t_zerosum__[0, 41]",-1.506153,0.199344,-1.875054,-1.130314,0.002403,0.002244,6870.54437,6144.348714,1.000325
"theta_t_zerosum__[0, 42]",-1.561663,0.74444,-2.954597,-0.160757,0.007877,0.009022,9102.088384,5525.62124,1.000852
"theta_t_zerosum__[0, 43]",-1.547028,0.30268,-2.110572,-0.980506,0.003504,0.00412,8374.116423,4976.425984,1.000773
"theta_t_zerosum__[0, 44]",-0.061926,0.399589,-0.801483,0.725142,0.00578,0.008688,5487.429158,3817.362399,1.001165
"theta_t_zerosum__[0, 45]",-0.283883,0.331245,-0.921087,0.302253,0.003829,0.004315,8378.042244,5308.778088,1.000378
"theta_t_zerosum__[0, 46]",-0.268966,0.202939,-0.65961,0.10301,0.002066,0.002485,10049.856296,5564.481556,1.000994
"theta_t_zerosum__[0, 47]",0.320149,0.15619,0.024867,0.609205,0.001973,0.001886,6504.42731,5484.365524,1.000061
"theta_t_zerosum__[0, 48]",-2.134283,0.351834,-2.834371,-1.522571,0.003749,0.004245,9279.180734,5700.103642,0.999963
"theta_t_zerosum__[0, 49]",-2.409957,0.270334,-2.940011,-1.925961,0.003207,0.002933,7163.874883,5521.283611,0.999903
"theta_t_zerosum__[0, 50]",-2.132687,0.208931,-2.513928,-1.734541,0.002815,0.002886,5697.36357,4280.846728,1.000154
"theta_t_zerosum__[0, 51]",-2.117409,0.209176,-2.517663,-1.726207,0.002877,0.003034,5383.84384,4318.388453,1.000092
"theta_t_zerosum__[0, 52]",-2.037187,0.200347,-2.409872,-1.648001,0.002841,0.002924,5177.139936,4516.64387,1.000012
"theta_t_zerosum__[0, 53]",-2.602227,0.470418,-3.51534,-1.752713,0.004952,0.005229,9097.479541,6002.547092,1.000041
"theta_t_zerosum__[0, 54]",-0.670636,0.467247,-1.523966,0.177037,0.006279,0.006791,6659.856179,4807.059428,1.000686
"theta_t_zerosum__[0, 55]",-1.580517,0.391533,-2.339884,-0.88045,0.004084,0.004572,9220.410757,6344.740183,1.00013
"theta_t_zerosum__[0, 56]",-0.078508,0.185735,-0.420758,0.280458,0.003029,0.003197,4154.970583,3453.59436,1.000449
"theta_t_zerosum__[0, 57]",-1.318873,0.171858,-1.641842,-0.987926,0.002384,0.002941,5423.821908,3583.910967,1.000801
"theta_t_zerosum__[0, 58]",-1.249271,0.41381,-1.985342,-0.448901,0.004451,0.004643,8690.514724,6412.160397,1.001242
"theta_t_zerosum__[0, 59]",-1.10402,0.165182,-1.427956,-0.801388,0.002156,0.003193,6182.988559,3399.263977,1.001175
"theta_t_zerosum__[0, 60]",-0.201003,0.707243,-1.614471,1.041705,0.007224,0.008571,9760.117072,6025.179554,1.000268
"theta_t_zerosum__[0, 61]",-0.213956,0.260894,-0.704092,0.30284,0.002559,0.003406,10488.886501,5835.227666,1.000162
"theta_t_zerosum__[0, 62]",0.028345,0.130242,-0.212188,0.276843,0.001548,0.001548,7107.730048,5229.052834,1.001255
"theta_t_zerosum__[0, 63]",-0.542799,0.269309,-1.036585,-0.026517,0.00274,0.003376,9912.973843,5770.447665,1.000496
"theta_t_zerosum__[0, 64]",-0.520309,0.458061,-1.396305,0.261099,0.0055,0.006301,8201.121834,5172.156245,1.000296
"theta_t_zerosum__[0, 65]",-0.122766,0.256383,-0.593354,0.370767,0.002578,0.003171,9932.138229,6395.418603,1.000605
"theta_t_zerosum__[0, 66]",-0.009079,0.390762,-0.754568,0.744409,0.005939,0.008175,4999.044386,3471.781573,1.000259
"theta_t_zerosum__[0, 67]",0.174229,0.432344,-0.674774,0.891163,0.005797,0.006433,6962.627003,4361.41914,1.000242
"theta_t_zerosum__[0, 68]",0.880986,0.398345,0.099599,1.59905,0.00452,0.004562,7801.767875,5418.914696,1.000052
"theta_t_zerosum__[0, 69]",0.984277,0.715852,-0.268189,2.391867,0.007345,0.008678,9586.25713,6160.504515,1.002237
"theta_t_zerosum__[0, 70]",-1.477318,0.129181,-1.720742,-1.236475,0.001694,0.001536,5860.953144,5014.007384,1.000134
"theta_t_zerosum__[0, 71]",-1.88545,0.1514,-2.190164,-1.618034,0.00251,0.001691,3709.159454,4959.234614,1.00015
"theta_t_zerosum__[0, 72]",-1.208986,0.12127,-1.437011,-0.979832,0.001401,0.001654,7498.430754,5671.240092,0.999996
"theta_t_zerosum__[0, 73]",-1.866254,0.193984,-2.233746,-1.494838,0.002733,0.002779,5091.864012,4793.173066,1.000757
"theta_t_zerosum__[0, 74]",-1.76579,0.173342,-2.110304,-1.456541,0.002759,0.002488,4186.118092,3858.739167,1.000368
"theta_t_zerosum__[0, 75]",0.05341,0.400842,-0.687215,0.844235,0.005613,0.007264,5641.258017,4226.020091,1.000961
"theta_t_zerosum__[0, 76]",-0.670451,0.381814,-1.413145,-0.00637,0.004917,0.006242,6456.370332,4656.23677,1.000634
"theta_t_zerosum__[0, 77]",-1.482223,0.34968,-2.165652,-0.878631,0.004272,0.005336,8161.182719,4653.147164,1.001643
"theta_t_zerosum__[0, 78]",-1.794621,0.285354,-2.352635,-1.288015,0.003266,0.00348,8245.643075,5412.563683,1.000285
"theta_t_zerosum__[0, 79]",-1.149698,0.136673,-1.40947,-0.896586,0.001919,0.001612,5105.162742,5406.856688,1.001157
"theta_t_zerosum__[0, 80]",-0.623375,0.109828,-0.823219,-0.412542,0.00136,0.0012,6546.294994,5947.851769,1.000078
"theta_t_zerosum__[0, 81]",-0.572171,0.092083,-0.746675,-0.397725,0.00124,0.000993,5525.275425,5468.847268,1.000791
"theta_t_zerosum__[0, 82]",-0.225366,0.103131,-0.417197,-0.03059,0.002212,0.001116,2168.433563,4235.732365,1.001123
"theta_t_zerosum__[0, 83]",-0.0912,0.720773,-1.389784,1.307097,0.007552,0.008702,9174.232469,6042.734143,0.999914
"theta_t_zerosum__[0, 84]",-0.053038,0.148137,-0.330188,0.227459,0.001649,0.001743,8105.284543,5830.422067,1.000617
"theta_t_zerosum__[0, 85]",-0.155129,0.278292,-0.674594,0.364164,0.002831,0.004573,10509.179129,4785.007523,1.000612
"theta_t_zerosum__[0, 86]",-0.067063,0.278492,-0.595369,0.442541,0.002923,0.004471,9965.250412,4946.000314,1.000825
"theta_t_zerosum__[0, 87]",-0.183807,0.380206,-0.942135,0.518979,0.005634,0.007039,5248.20534,3218.275839,1.000494
"theta_t_zerosum__[0, 88]",-0.085935,0.159082,-0.385642,0.202218,0.001705,0.001775,8833.031591,6273.583791,1.000304
"theta_t_zerosum__[0, 89]",-1.573815,0.188083,-1.922225,-1.225313,0.002116,0.002119,8032.485351,6305.775373,1.000353
"theta_t_zerosum__[0, 90]",-1.001063,0.094377,-1.18452,-0.832544,0.001096,0.001112,7430.031091,5873.465536,1.000473
"theta_t_zerosum__[0, 91]",-1.396332,0.1599,-1.690528,-1.095782,0.001903,0.001923,7147.725653,5965.983141,0.999956
"theta_t_zerosum__[0, 92]",1.69195,0.203072,1.296387,2.055583,0.002867,0.002292,5047.57449,5242.598422,1.00049
"theta_t_zerosum__[0, 93]",1.662824,0.101663,1.478088,1.859383,0.001325,0.00112,5968.766778,5183.360514,1.001023
"theta_t_zerosum__[0, 94]",1.204554,0.172231,0.884805,1.527398,0.001977,0.002052,7603.406839,5309.984589,1.000973
"theta_t_zerosum__[0, 95]",1.729737,0.076482,1.58741,1.8745,0.001215,0.000766,3953.904952,4877.095575,1.000873
"theta_t_zerosum__[0, 96]",1.403672,0.211704,1.024946,1.820797,0.002433,0.003259,8055.815328,5506.757528,1.000363
"theta_t_zerosum__[0, 97]",1.759953,0.222476,1.349978,2.187027,0.003167,0.003236,4997.761621,4518.68246,1.000773
"theta_t_zerosum__[0, 98]",1.675795,0.156256,1.395685,1.982783,0.001812,0.001898,7572.862094,5758.663879,1.000306
"theta_t_zerosum__[0, 99]",-0.329828,0.172688,-0.670555,-0.014933,0.001839,0.002173,8820.813919,5727.708608,0.999857
"theta_t_zerosum__[0, 100]",-0.029166,0.249252,-0.493082,0.438336,0.002613,0.003228,9285.659955,5856.640268,1.001396
"theta_t_zerosum__[0, 101]",0.013317,0.244741,-0.424007,0.511176,0.002403,0.003212,10487.123351,5503.951322,1.001362
"theta_t_zerosum__[0, 102]",-0.336392,0.268372,-0.849892,0.149318,0.003045,0.003626,8613.869588,4732.62579,1.001179
"theta_t_zerosum__[0, 103]",1.552423,0.31678,0.974477,2.160426,0.003698,0.003869,7536.173038,5618.428868,0.999984
"theta_t_zerosum__[0, 104]",0.108575,0.157022,-0.186477,0.400306,0.002328,0.00169,4573.978817,5940.646689,1.00023
"theta_t_zerosum__[0, 105]",0.141413,0.149515,-0.135256,0.419143,0.001617,0.001753,8617.070297,5971.881416,0.999868
"theta_t_zerosum__[0, 106]",0.207363,0.545912,-0.824053,1.193613,0.006408,0.006544,7779.050168,5585.74318,1.000297
"theta_t_zerosum__[0, 107]",0.150093,0.294343,-0.418535,0.686577,0.003257,0.00438,9131.940431,4800.550079,1.001219
"theta_t_zerosum__[0, 108]",-0.397742,0.13492,-0.640103,-0.136768,0.002224,0.001764,3843.302959,3835.362592,1.000363
"theta_t_zerosum__[0, 109]",0.181304,0.16268,-0.117023,0.488604,0.001797,0.001894,8435.210748,5646.630219,1.00028
"theta_t_zerosum__[0, 110]",-0.343448,0.186758,-0.697938,0.013962,0.001931,0.00256,9506.479882,5571.140399,1.000565
"theta_t_zerosum__[0, 111]",0.069486,0.146962,-0.211494,0.339582,0.001501,0.0018,9579.961708,5911.24659,0.999929
"theta_t_zerosum__[0, 112]",0.054256,0.289831,-0.494996,0.599847,0.003409,0.004367,7926.459557,4954.129269,1.001068
"theta_t_zerosum__[0, 113]",-0.635963,0.728479,-2.012071,0.77059,0.007803,0.008751,8806.376841,5770.69187,1.000353
"theta_t_zerosum__[0, 114]",0.04096,0.12667,-0.195734,0.281351,0.001299,0.001452,9612.949666,5819.084082,1.000495
"theta_t_zerosum__[0, 115]",0.348465,0.161538,0.036579,0.646194,0.002556,0.001717,4060.760034,5345.686331,1.000422
"theta_t_zerosum__[0, 116]",0.820069,0.366914,0.080984,1.385151,0.006848,0.009159,4064.563412,2886.114718,1.001476
"theta_t_zerosum__[0, 117]",0.690822,0.172302,0.372571,1.01804,0.001865,0.001922,8600.603255,6195.474025,1.000437
"theta_t_zerosum__[0, 118]",0.279034,0.082215,0.127586,0.436033,0.001106,0.00095,5565.443969,5225.958728,1.000105
"theta_t_zerosum__[0, 119]",0.267264,0.551074,-0.841515,1.23053,0.006655,0.007325,7419.669486,5322.342703,1.001256
"theta_t_zerosum__[0, 120]",0.568829,0.417139,-0.199356,1.383212,0.004984,0.005585,7187.50816,5009.545217,1.000424
"theta_t_zerosum__[0, 121]",0.681802,0.110503,0.467992,0.884256,0.001171,0.001262,9008.111766,6008.019882,1.000541
"theta_t_zerosum__[0, 122]",0.459672,0.122897,0.233232,0.688149,0.00135,0.001396,8293.710537,5645.819848,1.00108
"theta_t_zerosum__[0, 123]",-0.067828,0.587022,-1.166855,0.986102,0.006428,0.007229,9094.675276,5124.329666,1.000258
"theta_t_zerosum__[0, 124]",0.666192,0.263529,0.178913,1.156238,0.002804,0.00334,9227.766224,5781.250249,1.000395
"theta_t_zerosum__[0, 125]",0.611833,0.24215,0.181478,1.08456,0.002415,0.002867,10605.941568,5855.996473,1.000035
"theta_t_zerosum__[0, 126]",1.168461,0.19857,0.802858,1.541083,0.001891,0.002491,11137.925517,5993.836898,1.000473
"theta_t_zerosum__[0, 127]",-0.799431,0.575326,-1.868478,0.257011,0.006437,0.00688,8408.82572,5753.585401,1.000143
"theta_t_zerosum__[0, 128]",0.896455,0.061134,0.782724,1.014214,0.000915,0.000633,4479.125615,5450.205381,1.000525
"theta_t_zerosum__[0, 129]",1.064341,0.138177,0.791519,1.306397,0.001864,0.001655,5584.644815,5408.719385,0.999882
"theta_t_zerosum__[0, 130]",0.825168,0.234761,0.381933,1.271961,0.002891,0.002766,6601.289111,5652.226964,1.00101
"theta_t_zerosum__[0, 131]",1.122028,0.155713,0.82685,1.40996,0.001798,0.002047,7562.061755,5336.866225,1.000054
"theta_t_zerosum__[0, 132]",0.564818,0.176697,0.240668,0.901047,0.002476,0.002443,5355.406614,4604.023433,1.000772
"theta_t_zerosum__[0, 133]",1.082649,0.061721,0.965075,1.196163,0.000962,0.000713,4170.628688,4421.691655,1.00031
"theta_t_zerosum__[0, 134]",0.7777,0.183908,0.43152,1.121586,0.002382,0.002342,6038.214052,5003.86694,1.000088
"theta_t_zerosum__[0, 135]",1.046254,0.129127,0.804923,1.289392,0.001581,0.001382,6684.237063,6060.031981,0.999982
"theta_t_zerosum__[0, 136]",1.173726,0.156326,0.889935,1.479323,0.00164,0.001761,9133.984559,5741.853048,1.00034
"theta_t_zerosum__[0, 137]",1.140257,0.116101,0.917081,1.353695,0.001333,0.001281,7607.254415,5884.424499,1.000224
"theta_t_zerosum__[0, 138]",0.944497,0.121261,0.717497,1.165168,0.001356,0.00152,8206.908712,5396.610061,0.999702
"theta_t_zerosum__[0, 139]",1.356328,0.062206,1.235523,1.468888,0.000893,0.000715,4870.716215,4796.344726,1.000286
"theta_t_zerosum__[0, 140]",1.027651,0.119701,0.796326,1.24641,0.001326,0.001549,8160.640929,5149.085746,1.000331
"theta_t_zerosum__[0, 141]",0.680619,0.1453,0.413414,0.95811,0.001506,0.001659,9353.463571,5592.061337,1.000309
"theta_t_zerosum__[0, 142]",1.187206,0.230903,0.721511,1.585205,0.003687,0.003354,4442.281159,3178.164636,1.000782
"theta_t_zerosum__[0, 143]",1.232073,0.097938,1.052497,1.418723,0.001197,0.001172,6659.402635,5338.223277,1.000392
"theta_t_zerosum__[0, 144]",1.405278,0.205815,1.030098,1.802383,0.002201,0.002381,8892.728175,5879.170711,1.000195
"theta_t_zerosum__[0, 145]",1.606609,0.111973,1.397404,1.815379,0.001417,0.001258,6292.508803,5721.390324,1.000442
"theta_t_zerosum__[0, 146]",1.212663,0.144698,0.954506,1.502573,0.001655,0.001675,7725.537717,5427.771372,1.000403
"theta_t_zerosum__[0, 147]",1.638013,0.070954,1.505431,1.770527,0.001175,0.000708,3676.39166,5721.357389,1.001434
"theta_t_zerosum__[0, 148]",1.498567,0.144814,1.223764,1.772416,0.00158,0.001612,8406.323053,6201.39273,1.000402
"theta_t_zerosum__[0, 149]",1.044428,0.572269,-0.097399,2.008163,0.008003,0.008199,5879.068709,4510.326023,1.000139
"theta_t_zerosum__[0, 150]",1.595262,0.114607,1.38707,1.816089,0.001326,0.001277,7500.707789,5619.970925,1.000468
"theta_t_zerosum__[0, 151]",-0.354749,0.145767,-0.634857,-0.088972,0.001933,0.001741,5753.37832,4733.475162,1.000798
"theta_t_zerosum__[0, 152]",0.026676,0.148871,-0.261155,0.298829,0.001644,0.00177,8291.711852,5221.386911,1.000141
"theta_t_zerosum__[0, 153]",-0.005524,0.270958,-0.507408,0.529236,0.002785,0.003914,9637.089217,5136.307925,1.000606
"theta_t_zerosum__[0, 154]",0.155534,0.297897,-0.372523,0.73746,0.003645,0.004658,7499.284284,4892.948949,1.000273
"theta_t_zerosum__[0, 155]",-0.186415,0.154363,-0.490859,0.083607,0.00166,0.001892,9017.602023,5680.756712,1.000326
"theta_t_zerosum__[0, 156]",-0.057336,0.16105,-0.349957,0.250261,0.002059,0.001778,6139.157963,5995.169191,0.99993
"theta_t_zerosum__[0, 157]",0.249433,0.149167,-0.034435,0.523923,0.001527,0.001655,9589.202852,5644.496924,1.000363
"theta_t_zerosum__[0, 158]",0.023729,0.09256,-0.158661,0.191837,0.00128,0.001035,5213.676909,6026.978812,1.000618
"theta_t_zerosum__[0, 159]",-0.035589,0.554078,-1.110542,0.944018,0.006405,0.006961,7961.210774,5012.084811,1.00013
"theta_t_zerosum__[0, 160]",0.361446,0.333349,-0.265078,0.962133,0.004259,0.005793,7656.118856,4185.466828,1.000418
"theta_t_zerosum__[0, 161]",0.226093,0.123033,0.001368,0.462669,0.001347,0.001456,8554.443445,5341.036153,0.999832
"theta_t_zerosum__[0, 162]",0.297947,0.326845,-0.303846,0.937141,0.004062,0.004313,6772.491355,5197.313897,1.000401
"theta_t_zerosum__[0, 163]",0.429295,0.255795,-0.044293,0.913001,0.002467,0.003306,11088.387246,5724.791142,1.000447
"theta_t_zerosum__[0, 164]",0.524884,0.127826,0.275938,0.756415,0.001747,0.001467,5477.490327,4689.032335,0.999911
"theta_t_zerosum__[0, 165]",-0.092456,0.561974,-1.182757,0.91504,0.006377,0.006905,8104.939537,5845.705763,1.000541
"theta_t_zerosum__[0, 166]",0.512077,0.142055,0.241669,0.774566,0.001985,0.001547,5227.175887,5305.649913,1.001172
"theta_t_zerosum__[0, 167]",0.519706,0.128825,0.266512,0.750623,0.001535,0.001474,7044.842972,5573.931836,1.000393
"theta_t_zerosum__[0, 168]",0.237207,0.514157,-0.723599,1.175284,0.0057,0.006242,8641.868351,5227.265351,1.001272
"theta_t_zerosum__[0, 169]",0.678022,0.141965,0.414468,0.943868,0.001749,0.001572,6719.571218,5757.786677,1.000216
"theta_t_zerosum__[0, 170]",0.56179,0.212393,0.161446,0.954678,0.002608,0.002759,6921.592939,5089.69923,1.000619
"theta_t_zerosum__[0, 171]",1.023812,0.06674,0.905661,1.152384,0.001013,0.000763,4456.463862,4234.307771,1.000122
"theta_t_zerosum__[0, 172]",0.679054,0.158383,0.385741,0.987271,0.001936,0.001825,6696.823037,5657.068364,1.000007
"theta_t_zerosum__[0, 173]",1.142932,0.219124,0.717777,1.540486,0.002599,0.003344,7909.371044,4817.0331,1.000749
"theta_t_zerosum__[0, 174]",1.051871,0.126915,0.813203,1.2939,0.001345,0.001557,8942.460454,5106.497396,0.99993
"theta_t_zerosum__[0, 175]",-0.667739,0.454737,-1.559015,0.101885,0.005294,0.005796,8707.170681,4961.916375,1.000238
"theta_t_zerosum__[0, 176]",-0.527222,0.460393,-1.420558,0.258797,0.005601,0.00598,7689.912039,5183.988382,1.000589
"theta_t_zerosum__[0, 177]",-2.195696,0.310727,-2.775367,-1.620714,0.003682,0.003621,7148.02286,5929.04051,1.000673
"theta_t_zerosum__[0, 178]",-0.446089,0.25968,-0.93423,0.018774,0.003119,0.003912,7664.579848,4994.509073,1.000137
"theta_t_zerosum__[0, 179]",0.491097,0.254612,0.031402,0.983042,0.002548,0.003215,10178.10138,5327.297551,1.000658
"theta_t_zerosum__[0, 180]",-0.132532,0.319137,-0.744276,0.42839,0.004087,0.004622,7000.608431,3661.035985,1.00105
"theta_t_zerosum__[0, 181]",0.411573,0.248714,-0.042594,0.890883,0.002561,0.003385,9409.372766,5800.855875,1.000639
"theta_t_zerosum__[0, 182]",0.820218,0.070176,0.688205,0.951704,0.0009,0.000772,6111.91328,5658.145482,1.000649
"theta_t_zerosum__[0, 183]",0.044054,0.228698,-0.380111,0.47434,0.002165,0.002569,11302.99668,6239.59995,1.000391
"theta_t_zerosum__[0, 184]",0.199448,0.240561,-0.253888,0.656727,0.002312,0.0029,10911.4598,5921.148982,1.00015
"theta_t_zerosum__[0, 185]",0.352536,0.134072,0.113043,0.615526,0.001712,0.001569,6216.54521,5587.947894,1.000232
"theta_t_zerosum__[0, 186]",0.445515,0.071603,0.313544,0.584308,0.001055,0.000808,4737.569962,4807.304626,1.000289
"theta_t_zerosum__[0, 187]",-0.232508,0.225942,-0.653878,0.197887,0.002789,0.002961,6592.486708,5406.003577,1.000152
"theta_t_zerosum__[0, 188]",-1.22175,0.735413,-2.633817,0.130988,0.007578,0.008799,9447.018946,6247.734715,0.999981
"theta_t_zerosum__[0, 189]",-0.668772,0.455137,-1.550079,0.104683,0.005228,0.005793,8719.740291,5258.75833,1.001757
"theta_t_zerosum__[0, 190]",1.61583,0.124845,1.386735,1.850284,0.001666,0.001648,5964.174096,4744.941859,1.001288
"theta_t_zerosum__[0, 191]",-1.982045,0.231666,-2.4332,-1.566806,0.002592,0.002473,7996.502035,6036.068196,1.000144
"theta_t_zerosum__[0, 192]",-1.536002,0.375784,-2.249814,-0.86192,0.004604,0.004737,7558.773294,5115.999002,1.000461
"theta_t_zerosum__[0, 193]",-0.794545,0.177374,-1.142202,-0.487984,0.001718,0.002168,10925.78911,6366.397678,1.000211
"theta_t_zerosum__[0, 194]",-1.346751,0.354374,-2.01775,-0.73926,0.00421,0.005352,8423.659898,4671.37198,1.000273
"theta_t_zerosum__[0, 195]",-1.177578,0.149479,-1.446011,-0.882275,0.001555,0.001574,9231.700537,6519.119924,0.999852
"theta_t_zerosum__[0, 196]",-0.731044,0.141615,-0.991945,-0.458841,0.00145,0.001762,9645.108554,5136.359754,1.000051
"theta_t_zerosum__[0, 197]",-0.543769,0.104046,-0.737817,-0.343019,0.001339,0.001154,6062.508624,5560.708459,1.000559
"theta_t_zerosum__[0, 198]",-0.566739,0.131059,-0.806295,-0.317354,0.001881,0.001659,5156.142356,5058.287216,0.999812
"theta_t_zerosum__[0, 199]",-0.836745,0.134202,-1.093692,-0.587839,0.001603,0.001946,7088.743996,4843.84572,1.000087
"theta_t_zerosum__[0, 200]",-0.561012,0.737407,-1.936673,0.83507,0.007202,0.008664,10481.469533,6051.639864,1.000091
"theta_t_zerosum__[0, 201]",-0.842007,0.163263,-1.150872,-0.517796,0.002168,0.002754,5915.669654,4233.301073,1.000777
"theta_t_zerosum__[0, 202]",-0.321661,0.099139,-0.5066,-0.138121,0.001139,0.001136,7569.143131,6376.039953,1.00092
"theta_t_zerosum__[0, 203]",-0.434411,0.116602,-0.647333,-0.207463,0.001325,0.001416,7756.498592,5465.242504,1.000227
"theta_t_zerosum__[0, 204]",-0.295089,0.238348,-0.752876,0.125448,0.002612,0.002783,8544.312554,5324.802115,1.001085
"theta_t_zerosum__[0, 205]",-0.524533,0.219583,-0.928028,-0.091509,0.002302,0.002808,9205.513969,5440.962112,1.000366
"theta_t_zerosum__[0, 206]",-0.338236,0.259441,-0.797646,0.179349,0.0026,0.003277,10185.066142,5411.263881,1.000974
"theta_t_zerosum__[0, 207]",0.041347,0.153306,-0.240676,0.329137,0.001552,0.0018,9737.219171,6000.274732,1.000105
"theta_t_zerosum__[0, 208]",-0.131555,0.25973,-0.608228,0.361155,0.002521,0.003209,10763.092521,6021.590234,1.000367
"theta_t_zerosum__[0, 209]",-0.001399,0.130101,-0.248121,0.240253,0.001415,0.001429,8468.862016,6131.526611,0.999889
"theta_t_zerosum__[0, 210]",-0.134421,0.257494,-0.624561,0.33428,0.002549,0.003022,10291.40726,5685.947358,1.000597
"theta_t_zerosum__[0, 211]",-0.103401,0.264298,-0.6255,0.370584,0.002676,0.003765,10128.386625,5868.321291,1.001487
"theta_t_zerosum__[0, 212]",-0.027512,0.084521,-0.190592,0.12496,0.001346,0.0009,4002.345246,5346.5061,1.000397
"theta_t_zerosum__[0, 213]",0.356031,0.105734,0.151151,0.553064,0.00118,0.001292,8041.118,5354.537993,1.000556
"theta_t_zerosum__[0, 214]",0.257987,0.380734,-0.428917,1.004974,0.00523,0.005848,6101.742394,4608.196185,1.000564
"theta_t_zerosum__[0, 215]",0.174221,0.137334,-0.082326,0.430553,0.001495,0.001567,8505.27174,5713.068543,1.00041
"theta_t_zerosum__[0, 216]",0.274594,0.126629,0.03632,0.507216,0.001462,0.001452,7558.317164,5770.729793,1.0004
"theta_t_zerosum__[0, 217]",0.30707,0.258283,-0.191885,0.795301,0.002645,0.003887,9783.669697,5397.61738,1.000167
"theta_t_zerosum__[0, 218]",1.408543,0.21556,0.991796,1.80056,0.002585,0.003044,7276.321418,4744.694058,1.000584
"theta_t_zerosum__[0, 219]",0.630711,0.068247,0.497024,0.752175,0.000983,0.000869,4950.743032,4341.154294,1.000938
"theta_t_zerosum__[0, 220]",0.850028,0.248231,0.420809,1.342742,0.002688,0.002951,8947.515362,5399.030292,1.000847
"theta_t_zerosum__[0, 221]",0.487063,0.540113,-0.518833,1.466486,0.006745,0.008905,7340.477008,4972.14167,1.000384
"theta_t_zerosum__[0, 222]",0.429228,0.537233,-0.584747,1.385769,0.007247,0.007826,6074.021975,4668.317655,1.000923
"theta_t_zerosum__[0, 223]",0.761088,0.086163,0.590818,0.915369,0.001232,0.000959,4905.342725,5337.719679,1.002008
"theta_t_zerosum__[0, 224]",-0.027534,0.127794,-0.266769,0.206497,0.001315,0.001336,9473.289514,6157.212224,1.000671
"theta_t_zerosum__[0, 225]",0.271387,0.213541,-0.100875,0.708753,0.002181,0.002705,9981.386233,5201.653136,1.000118
"theta_t_zerosum__[0, 226]",-0.198376,0.263975,-0.6834,0.299841,0.002674,0.003323,9913.427916,5441.295845,1.000351
"theta_t_zerosum__[0, 227]",-0.319463,0.264783,-0.832753,0.186502,0.002718,0.003628,9711.473941,5602.810122,1.000262
"theta_t_zerosum__[0, 228]",0.955963,0.060673,0.84251,1.07048,0.000965,0.000623,3951.883856,5285.350118,1.000321
"theta_t_zerosum__[0, 229]",0.524777,0.161767,0.22927,0.832953,0.002341,0.001764,4782.804521,6026.254565,1.000453
"theta_t_zerosum__[0, 230]",0.635785,0.523252,-0.390863,1.587048,0.006138,0.007362,7983.356581,4466.665316,1.001157
"theta_t_zerosum__[0, 231]",0.796018,0.519849,-0.244146,1.709444,0.006511,0.007537,6878.359283,4963.970232,1.000502
"theta_t_zerosum__[0, 232]",-0.308324,0.342265,-0.983762,0.265358,0.004276,0.004752,7388.067849,4467.269759,1.000311
"theta_t_zerosum__[0, 233]",0.016037,0.17559,-0.314661,0.350303,0.001735,0.002157,10261.838706,6029.41479,1.000095
"theta_t_zerosum__[0, 234]",0.050272,0.240861,-0.368799,0.542755,0.002501,0.002998,9430.506553,5506.908017,1.000349
"theta_t_zerosum__[0, 235]",-0.153675,0.234109,-0.586044,0.301985,0.002365,0.003084,9938.066758,5591.395935,1.001015
"theta_t_zerosum__[0, 236]",0.930549,0.062552,0.812088,1.047899,0.000863,0.000693,5286.87138,5397.450311,1.000399
"theta_t_zerosum__[0, 237]",0.880896,0.288453,0.317712,1.393303,0.002972,0.003415,9785.824885,5408.855285,1.00002
"theta_t_zerosum__[0, 238]",0.62508,0.161743,0.317225,0.922344,0.001988,0.002008,6653.851206,5622.627078,0.999967
"theta_t_zerosum__[0, 239]",0.689077,0.367202,0.025324,1.393169,0.004109,0.004469,8855.362497,5577.341944,1.000308
"theta_t_zerosum__[0, 240]",0.703043,0.180796,0.373298,1.059582,0.002173,0.002362,7096.714357,4926.022779,1.000403
"theta_t_zerosum__[0, 241]",0.826357,0.066911,0.705348,0.960771,0.000879,0.000785,5801.683582,5672.049215,1.00037
"theta_t_zerosum__[0, 242]",0.647817,0.28513,0.120599,1.183134,0.003203,0.003519,8264.282975,5952.626107,1.000961
"theta_t_zerosum__[0, 243]",0.57784,0.270675,0.080597,1.086131,0.002881,0.003097,8961.877007,6045.629402,1.000686
"theta_t_zerosum__[0, 244]",1.022833,0.261502,0.534617,1.514506,0.002921,0.003368,8385.82676,5568.434007,1.000401
"theta_t_zerosum__[0, 245]",-0.419253,0.169647,-0.71998,-0.089034,0.002651,0.003373,4572.025738,3561.567182,1.000701
"theta_t_zerosum__[0, 246]",-0.465621,0.557039,-1.520824,0.53025,0.006428,0.00725,8109.364535,5543.835013,0.999984
"theta_t_zerosum__[0, 247]",-1.465018,0.154417,-1.762694,-1.188327,0.002334,0.002165,4638.992409,3957.724187,1.00095
"theta_t_zerosum__[0, 248]",-1.824178,0.174654,-2.146738,-1.486349,0.00236,0.002171,5652.412872,5189.451155,1.00174
"theta_t_zerosum__[0, 249]",-0.671576,0.455662,-1.574695,0.101625,0.00553,0.005822,7782.794975,5445.643474,1.00004
"theta_t_zerosum__[0, 250]",-0.934901,0.13859,-1.203243,-0.676131,0.001747,0.001772,6404.278908,4678.98032,1.001495
"theta_t_zerosum__[0, 251]",-0.428189,0.228061,-0.847225,0.016572,0.002266,0.002856,10649.183447,5486.819507,1.001599
"theta_t_zerosum__[0, 252]",0.153576,0.205853,-0.242537,0.529443,0.002064,0.00261,10244.317435,5556.609779,0.999918
"theta_t_zerosum__[0, 253]",0.068435,0.232123,-0.333658,0.530165,0.002434,0.002995,9146.245104,4862.98387,1.000242
"theta_t_zerosum__[0, 254]",-0.124518,0.263506,-0.590676,0.37327,0.003976,0.004845,5028.387115,4535.644076,1.001092
"theta_t_zerosum__[0, 255]",-0.294823,0.287448,-0.827587,0.224108,0.003898,0.005255,6715.525552,4543.554081,1.000239
"theta_t_zerosum__[0, 256]",-0.149757,0.257508,-0.625206,0.338244,0.002674,0.003049,9402.243053,6145.628423,0.999745
"theta_t_zerosum__[0, 257]",-0.463782,0.358528,-1.161745,0.165563,0.004119,0.004955,8560.834612,4879.230544,1.000209
"theta_t_zerosum__[0, 258]",0.118443,0.145217,-0.162085,0.379845,0.001574,0.001913,8872.942709,5410.048308,1.000732
"theta_t_zerosum__[0, 259]",0.259286,0.159147,-0.026144,0.570314,0.001524,0.002053,10842.094263,5854.144713,1.001257
"theta_t_zerosum__[0, 260]",0.588306,0.131301,0.333366,0.830079,0.001289,0.001504,10348.486187,6172.580325,1.000229
"theta_t_zerosum__[0, 261]",0.662214,0.110781,0.460655,0.880033,0.001396,0.001299,6284.581883,6029.114649,1.000547
"theta_t_zerosum__[0, 262]",0.883702,0.061972,0.765061,0.997963,0.000843,0.000657,5411.220699,5626.3913,1.000319
"theta_t_zerosum__[0, 263]",0.285205,0.285691,-0.234957,0.804209,0.004118,0.004296,5875.954531,3946.460341,1.000063
"theta_t_zerosum__[0, 264]",1.148221,0.242116,0.695821,1.603874,0.00248,0.002799,9593.257954,5872.725774,1.000277
"theta_t_zerosum__[0, 265]",-2.245059,0.336174,-2.886263,-1.646399,0.003839,0.004216,8382.265809,4954.202443,1.000296
"theta_t_zerosum__[0, 266]",-1.837116,0.280105,-2.367479,-1.32552,0.003028,0.003263,8613.206286,5756.128346,1.000346
"theta_t_zerosum__[0, 267]",-1.086316,0.251778,-1.58017,-0.634407,0.002874,0.003402,8103.7822,5638.025748,1.001149
"theta_t_zerosum__[0, 268]",-1.349411,0.198845,-1.708588,-0.950299,0.002367,0.002396,7374.78969,5657.311654,1.000257
"theta_t_zerosum__[0, 269]",-1.416056,0.140712,-1.674366,-1.147875,0.001819,0.001526,6031.568065,5370.51877,1.001118
"theta_t_zerosum__[0, 270]",-0.835837,0.243733,-1.321966,-0.400335,0.002794,0.003001,7664.575352,5690.735426,1.000602
"theta_t_zerosum__[0, 271]",-1.098316,0.197647,-1.484882,-0.741653,0.002742,0.002214,5197.368038,5374.418029,1.000687
"theta_t_zerosum__[0, 272]",-1.143472,0.140599,-1.411787,-0.888914,0.001548,0.00165,8395.206789,5307.291116,1.000745
"theta_t_zerosum__[0, 273]",-0.277404,0.118962,-0.489851,-0.044659,0.001286,0.00132,8531.987635,6318.628127,1.000577
"theta_t_zerosum__[0, 274]",-0.33656,0.13742,-0.594808,-0.076947,0.001428,0.001632,9426.999811,5276.189019,1.000594
"theta_t_zerosum__[0, 275]",-0.956209,0.187295,-1.307965,-0.607111,0.002259,0.002367,7210.400133,5213.340363,1.000085
"theta_t_zerosum__[0, 276]",-0.293652,0.090933,-0.468339,-0.127711,0.000993,0.001101,8418.896147,5365.39826,1.001419
"theta_t_zerosum__[0, 277]",-0.799563,0.172859,-1.135708,-0.48561,0.002207,0.00201,6148.874548,5573.886866,1.000318
"theta_t_zerosum__[0, 278]",-0.903754,0.099752,-1.089623,-0.718294,0.001534,0.001162,4301.431404,4768.44799,1.00116
"theta_t_zerosum__[0, 279]",-0.922012,0.094165,-1.09434,-0.74181,0.001101,0.001063,7335.91684,5774.624479,1.000647
"theta_t_zerosum__[0, 280]",-1.287883,0.125196,-1.530428,-1.056176,0.001513,0.001525,6934.498545,5404.131801,1.000627
"theta_t_zerosum__[0, 281]",0.736407,0.06073,0.624063,0.851375,0.000795,0.000735,5874.579001,5054.487025,1.000587
"theta_t_zerosum__[0, 282]",0.426396,0.561777,-0.666541,1.44646,0.005882,0.007682,9770.897633,4970.099183,1.000911
"theta_t_zerosum__[0, 283]",0.490058,0.130637,0.248592,0.738706,0.001595,0.001436,6751.354486,5014.645951,1.000626
"theta_t_zerosum__[0, 284]",-0.343088,0.214104,-0.739431,0.054027,0.002128,0.002806,10679.204414,5645.488134,1.001509
"theta_t_zerosum__[0, 285]",0.576481,0.130904,0.340314,0.827872,0.001341,0.001605,9720.254684,5499.515897,1.00058
"theta_t_zerosum__[0, 286]",-0.173956,0.254974,-0.647444,0.301145,0.002573,0.003024,9966.96275,6034.88963,1.000461
"theta_t_zerosum__[0, 287]",0.319243,0.25103,-0.155479,0.792276,0.002445,0.003199,10630.604257,5525.550038,1.00018
"theta_t_zerosum__[0, 288]",0.429506,0.208701,0.056543,0.834861,0.00211,0.00244,9835.743475,5599.84293,1.000655
"theta_t_zerosum__[0, 289]",0.460978,0.076779,0.316038,0.604035,0.001463,0.000849,2783.928028,4890.254988,1.000832
"theta_t_zerosum__[0, 290]",-0.115004,0.585269,-1.20922,0.953509,0.006388,0.008143,9182.021031,5640.04911,1.001302
"theta_t_zerosum__[0, 291]",0.192518,0.228953,-0.211012,0.639996,0.002719,0.003119,7574.645251,5204.021968,1.000075
"theta_t_zerosum__[0, 292]",-0.165573,0.250891,-0.646582,0.300673,0.002532,0.003753,10058.229555,5134.634371,1.000435
"theta_t_zerosum__[0, 293]",0.435041,0.143672,0.16429,0.694933,0.001579,0.001937,8449.3556,5525.672841,1.000564
"theta_t_zerosum__[0, 294]",-0.053214,0.091804,-0.225591,0.119744,0.001224,0.001064,5628.901288,5540.422446,1.0006
"theta_t_zerosum__[0, 295]",-0.45912,0.18174,-0.807323,-0.133518,0.001921,0.002117,9077.620738,5655.313812,1.000344
"theta_t_zerosum__[0, 296]",-0.169615,0.236523,-0.600927,0.286687,0.003625,0.002711,4259.687449,5401.516194,1.000061
"theta_t_zerosum__[0, 297]",-0.648074,0.272239,-1.17796,-0.163707,0.003115,0.003878,8775.065693,4920.507283,1.001073
"theta_t_zerosum__[0, 298]",-0.068236,0.718819,-1.417126,1.293897,0.006812,0.008956,11128.26507,5627.27076,0.999985
"theta_t_zerosum__[0, 299]",0.735458,0.072141,0.596036,0.864193,0.000967,0.000863,5622.837324,5023.979105,1.000527
"theta_t_zerosum__[0, 300]",0.91203,0.128589,0.665777,1.152497,0.001429,0.001424,8089.618217,5895.653086,0.999955
"theta_t_zerosum__[0, 301]",0.389461,0.123443,0.152577,0.615716,0.002145,0.001362,3300.283703,4982.646712,1.000596
"theta_t_zerosum__[0, 302]",0.043834,0.258599,-0.438038,0.537504,0.002589,0.003447,10255.185904,5409.671818,1.000748
"theta_t_zerosum__[0, 303]",0.556647,0.336343,-0.051687,1.186001,0.004216,0.005167,7581.396184,4396.323187,1.001151
"theta_t_zerosum__[0, 304]",-0.44979,0.165084,-0.766451,-0.15312,0.001759,0.00194,9053.423825,5865.043153,0.999822
"theta_t_zerosum__[0, 305]",0.513591,0.147472,0.237499,0.783195,0.001735,0.001869,7554.866355,5514.331529,1.00066
"theta_t_zerosum__[0, 306]",0.557309,0.352016,-0.109522,1.194874,0.00441,0.006015,7366.986338,4644.128816,1.000331
"theta_t_zerosum__[0, 307]",0.487177,0.190863,0.120346,0.835704,0.002022,0.002362,8992.433697,5332.777354,0.999992
"theta_t_zerosum__[0, 308]",0.903296,0.1637,0.600137,1.212889,0.001733,0.001939,8928.784745,5856.110291,0.99996
"theta_t_zerosum__[0, 309]",0.272679,0.181026,-0.061356,0.617775,0.001805,0.002311,10236.850817,5393.857348,0.999982
"theta_t_zerosum__[0, 310]",0.724106,0.172494,0.401418,1.049756,0.001782,0.002069,9560.180946,5791.884179,1.000308
"theta_t_zerosum__[0, 311]",0.11029,0.177657,-0.217286,0.451007,0.002056,0.001998,7506.850866,6170.060886,1.00036
"theta_t_zerosum__[0, 312]",0.59021,0.113917,0.380502,0.805447,0.00126,0.00123,8383.055784,5799.800218,0.999787
"theta_t_zerosum__[0, 313]",0.995546,0.064407,0.881735,1.122512,0.000799,0.000728,6503.922747,4948.901718,1.000141
"theta_t_zerosum__[0, 314]",0.767811,0.186661,0.433962,1.141614,0.002161,0.002401,7584.625525,5039.440962,1.000515
"theta_t_zerosum__[0, 315]",1.182222,0.074187,1.039953,1.318145,0.000954,0.000888,6050.30679,5106.888589,1.001351
"theta_t_zerosum__[0, 316]",1.082966,0.166959,0.772297,1.402976,0.001722,0.001976,9385.023359,5847.943575,1.000504
"theta_t_zerosum__[0, 317]",1.266935,0.291893,0.747945,1.832325,0.002907,0.003624,10787.345217,5486.824038,1.001003
"theta_t_zerosum__[0, 318]",1.13738,0.310186,0.566588,1.715987,0.003116,0.003822,10432.881547,5429.957683,1.00084
"theta_t_zerosum__[0, 319]",0.491143,0.268631,0.021122,1.015405,0.002788,0.003352,9794.386729,5100.15966,1.000614
"theta_t_zerosum__[0, 320]",1.027891,0.318431,0.47729,1.661835,0.003175,0.00388,10881.834786,5679.335743,1.00006
"theta_t_zerosum__[0, 321]",0.114125,0.185708,-0.228288,0.463458,0.001909,0.00219,9485.077029,5931.934424,1.000462
"theta_t_zerosum__[0, 322]",1.020979,0.198607,0.643366,1.38643,0.002153,0.002665,8558.771601,5770.386887,1.000294
"theta_t_zerosum__[0, 323]",1.194171,0.056961,1.089504,1.303873,0.000868,0.000586,4307.193158,5876.214073,1.000782
"theta_t_zerosum__[0, 324]",0.527697,0.189156,0.165401,0.872783,0.0021,0.002286,8320.125498,5078.442096,1.000528
"theta_t_zerosum__[0, 325]",-0.496412,0.184289,-0.842926,-0.149083,0.001953,0.002203,8881.691257,5920.692633,1.000782
"theta_t_zerosum__[0, 326]",0.547582,0.365265,-0.137566,1.194994,0.005315,0.005633,5452.514641,4346.119419,1.000193
"theta_t_zerosum__[0, 327]",0.604492,0.069733,0.471034,0.738128,0.00096,0.000769,5344.656521,5362.252454,1.000388
"theta_t_zerosum__[0, 328]",0.481617,0.075701,0.335578,0.619322,0.001202,0.000912,4045.54556,4156.321234,1.000722
"theta_t_zerosum__[0, 329]",0.164317,0.260608,-0.320753,0.658861,0.003039,0.003738,8013.138782,4809.425209,1.00049
"theta_t_zerosum__[0, 330]",-0.317413,0.174909,-0.63906,0.010942,0.001845,0.002306,9165.54148,5283.661661,0.999898
"theta_t_zerosum__[0, 331]",0.18365,0.403987,-0.590917,0.898329,0.005488,0.006416,6504.035194,4148.963039,1.000954
"theta_t_zerosum__[0, 332]",0.670883,0.344755,-0.003634,1.252427,0.005011,0.007251,6249.103607,3863.992461,1.000062
"theta_t_zerosum__[0, 333]",0.420348,0.258035,-0.054311,0.91758,0.002678,0.003608,9625.538982,5390.005174,1.000185
"theta_t_zerosum__[0, 334]",1.194883,0.119274,0.959994,1.410847,0.001427,0.0013,6989.346344,5972.612985,1.000352
"theta_t_zerosum__[0, 335]",1.436911,0.082613,1.289716,1.600393,0.001212,0.001014,4788.403847,4271.175099,1.000949
"theta_t_zerosum__[0, 336]",0.936289,0.436842,0.060649,1.658525,0.008015,0.009259,3861.917761,3060.053266,1.00042
"theta_t_zerosum__[0, 337]",-0.670327,0.443695,-1.515228,0.095846,0.005134,0.006127,8736.370235,5266.865384,1.00004
"theta_t_zerosum__[0, 338]",1.627104,0.322447,1.060424,2.276615,0.00339,0.003622,9554.987471,5200.556825,1.000589
"theta_t_zerosum__[0, 339]",1.794541,0.357234,1.158375,2.460252,0.00348,0.004451,11067.946869,6075.073898,1.001273
"theta_t_zerosum__[0, 340]",1.660797,0.08968,1.493338,1.826267,0.001303,0.00107,4781.539795,5567.99398,1.000473
"theta_t_zerosum__[0, 341]",1.419806,0.105719,1.225285,1.625685,0.001433,0.001207,5584.113086,5787.912217,0.999959
"theta_t_zerosum__[0, 342]",0.582026,0.121187,0.354847,0.816432,0.001278,0.001502,8921.90792,5472.121037,1.000512
"theta_t_zerosum__[0, 343]",1.147559,0.108469,0.933083,1.341665,0.001206,0.001336,8167.494235,5581.402925,0.999911
"theta_t_zerosum__[0, 344]",0.330423,0.164258,0.019028,0.635269,0.001984,0.001865,6888.591632,5812.14588,1.000049
"theta_t_zerosum__[0, 345]",1.233346,0.211344,0.840884,1.637447,0.00271,0.003128,6356.517652,4810.835476,1.000481
"theta_t_zerosum__[0, 346]",1.476557,0.066336,1.352733,1.600015,0.000973,0.000699,4655.494525,5640.913948,1.000667
"theta_t_zerosum__[0, 347]",1.171593,0.439623,0.344595,2.02544,0.004693,0.005755,8990.950622,5766.669551,1.000132
"theta_t_zerosum__[0, 348]",0.893866,0.151473,0.606933,1.174643,0.001777,0.001895,7494.227773,4875.015437,1.000946
"theta_t_zerosum__[0, 349]",-0.320369,0.199658,-0.708152,0.033301,0.002952,0.002548,4782.652186,4702.850719,1.000723
"theta_t_zerosum__[0, 350]",1.38895,0.070009,1.255227,1.520558,0.000952,0.000755,5437.91045,5601.378487,1.000583
"theta_t_zerosum__[0, 351]",0.293444,0.165692,-0.024368,0.591589,0.002527,0.001937,4450.331012,4579.024709,1.000756
"theta_t_zerosum__[0, 352]",-0.512028,0.228024,-0.940552,-0.088687,0.002485,0.0033,9292.78658,5100.335821,1.001582
"theta_t_zerosum__[0, 353]",1.06872,0.305479,0.44759,1.607598,0.004096,0.005062,6199.100875,4003.494038,1.000625
"theta_t_zerosum__[0, 354]",1.254279,0.145864,0.983528,1.536325,0.00159,0.001606,8481.700317,5872.850406,1.000405
"theta_t_zerosum__[0, 355]",1.584173,0.105394,1.392416,1.779143,0.001291,0.001116,6709.211897,5869.946346,1.000588
"theta_t_zerosum__[0, 356]",0.97976,0.144753,0.709014,1.255344,0.001476,0.001802,9657.869769,5418.749982,1.000323
"theta_t_zerosum__[0, 357]",1.692826,0.072692,1.563315,1.837862,0.001115,0.000783,4255.489187,5142.890389,1.000351
"theta_t_zerosum__[0, 358]",1.337734,0.147574,1.059765,1.615871,0.001559,0.001709,8976.94837,5786.727686,0.999723
"theta_t_zerosum__[0, 359]",0.146616,0.225404,-0.291094,0.554756,0.002135,0.002781,11162.713538,5954.306279,1.000543
"theta_t_zerosum__[0, 360]",1.70971,0.113123,1.501005,1.927616,0.00145,0.001336,6247.668474,5315.384787,1.000686
"theta_t_zerosum__[0, 361]",1.3903,0.297756,0.829811,1.940013,0.003844,0.004848,6543.136384,4305.474959,1.000769
"theta_t_zerosum__[0, 362]",1.526348,0.117257,1.309606,1.744625,0.001344,0.001312,7654.345707,5508.895919,1.001219
"theta_t_zerosum__[0, 363]",1.253834,0.13864,0.998603,1.512958,0.00148,0.001673,8787.758051,5567.752057,1.000801
"theta_t_zerosum__[0, 364]",0.542682,0.152553,0.240785,0.810681,0.001537,0.001787,9880.864228,5902.319847,0.99996
"theta_t_zerosum__[0, 365]",1.564981,0.078233,1.418777,1.712973,0.001116,0.000929,4958.567685,5035.984996,1.001095
"theta_t_zerosum__[0, 366]",0.862874,0.18168,0.537198,1.213554,0.002008,0.002336,8280.188579,5643.813056,1.000438
"theta_t_zerosum__[0, 367]",-0.180086,0.219672,-0.600465,0.222966,0.002185,0.002738,10241.807146,5698.067341,1.000588
"theta_t_zerosum__[0, 368]",1.187138,0.30526,0.59248,1.736895,0.004336,0.004754,5432.619315,3873.684618,1.000902
"theta_t_zerosum__[0, 369]",1.417201,0.126117,1.175569,1.646371,0.001515,0.001388,6937.868425,6200.52645,1.000458
"theta_t_zerosum__[0, 370]",-0.219232,0.156299,-0.510227,0.072436,0.001869,0.001843,7178.245371,5293.622101,1.000293
"theta_t_zerosum__[0, 371]",0.262237,0.14781,-0.010767,0.543229,0.001633,0.001686,8197.419612,5849.845767,1.000654
"theta_t_zerosum__[0, 372]",-0.099724,0.26035,-0.580931,0.402848,0.002589,0.003189,10277.552293,5649.945091,1.001194
"theta_t_zerosum__[0, 373]",-0.115712,0.220557,-0.519018,0.298951,0.002188,0.002431,10264.583344,5976.026621,1.001026
"theta_t_zerosum__[0, 374]",-0.276748,0.261891,-0.754755,0.225914,0.002591,0.003343,10411.956063,5769.491329,1.000211
"theta_t_zerosum__[0, 375]",-2.721595,0.353822,-3.375208,-2.061053,0.004154,0.004139,7331.916632,5638.991301,1.000011
"theta_t_zerosum__[0, 376]",-0.665319,0.451648,-1.471866,0.166375,0.005012,0.005934,9282.410314,5153.603946,1.000723
"theta_t_zerosum__[0, 377]",-0.928628,0.114562,-1.140842,-0.71245,0.001599,0.001334,5371.345533,4655.849095,1.001122
"theta_t_zerosum__[0, 378]",-0.470434,0.228682,-0.90103,-0.045671,0.002471,0.003141,8971.277154,4574.637639,1.001348
"theta_t_zerosum__[0, 379]",-0.123065,0.205641,-0.509197,0.264281,0.002219,0.002814,8703.71923,5522.6311,1.001233
"theta_t_zerosum__[0, 380]",0.109204,0.18267,-0.240467,0.439146,0.001908,0.002246,9290.155926,5357.255943,1.000714
"theta_t_zerosum__[0, 381]",0.017803,0.289529,-0.509088,0.570077,0.003491,0.005621,8254.590755,4119.73292,1.000586
"theta_t_zerosum__[0, 382]",0.050644,0.386617,-0.649409,0.807763,0.005406,0.006892,5668.880729,4385.942404,1.000333
"theta_t_zerosum__[0, 383]",-0.075904,0.250559,-0.559235,0.388208,0.002463,0.003138,10420.612698,5731.364221,0.999961
"theta_t_zerosum__[0, 384]",0.386183,0.12486,0.140023,0.61398,0.001385,0.001538,8144.812041,5601.949345,0.999928
"theta_t_zerosum__[0, 385]",-0.412491,0.543547,-1.498865,0.529335,0.006777,0.007475,6764.952141,5182.79896,1.000463
"theta_t_zerosum__[0, 386]",0.115007,0.394706,-0.638765,0.793165,0.004719,0.005697,8106.321011,5343.151122,1.00008
"theta_t_zerosum__[0, 387]",-0.060874,0.368602,-0.780554,0.573974,0.004398,0.005222,8116.159731,4459.031074,1.000004
"theta_t_zerosum__[0, 388]",0.142537,0.21681,-0.273588,0.54162,0.002243,0.002679,9490.594421,6077.834646,1.000373
"theta_t_zerosum__[0, 389]",-0.120493,0.183675,-0.457956,0.231246,0.001938,0.002177,9127.618806,5784.757841,1.00042
"theta_t_zerosum__[0, 390]",0.045572,0.196873,-0.332624,0.405381,0.002038,0.002466,9468.421432,5763.45722,1.00075
"theta_t_zerosum__[0, 391]",0.556305,0.076852,0.419334,0.711895,0.001058,0.000909,5261.88206,5466.376774,1.000678
"theta_t_zerosum__[0, 392]",0.519259,0.076133,0.376894,0.660983,0.000984,0.000926,6002.114152,5202.307934,1.000421
"theta_t_zerosum__[0, 393]",0.866755,0.066595,0.739818,0.990758,0.000987,0.000719,4650.59265,5480.230158,0.999894
"theta_t_zerosum__[0, 394]",0.783061,0.235284,0.322481,1.197803,0.004099,0.002295,3320.625835,5060.548535,1.000924
"theta_t_zerosum__[0, 395]",0.663754,0.350205,0.019118,1.262342,0.005175,0.007287,6158.908782,3495.880941,1.000136
"theta_t_zerosum__[0, 396]",-0.342715,0.264854,-0.851386,0.152019,0.002656,0.003399,10261.756884,5726.791958,1.001162
"theta_t_zerosum__[0, 397]",0.511024,0.200326,0.121296,0.87194,0.002306,0.002384,7752.363604,4643.787494,1.000051
"theta_t_zerosum__[0, 398]",-0.191343,0.260744,-0.685921,0.285697,0.002665,0.003192,9581.989579,5966.441727,0.999831
"theta_t_zerosum__[0, 399]",-0.113144,0.159378,-0.408419,0.193599,0.001709,0.001947,8864.084032,5374.598909,1.000084
"theta_t_zerosum__[0, 400]",0.456007,0.266959,-0.021532,0.976659,0.002796,0.003368,9733.243227,4850.17546,0.999997
"theta_t_zerosum__[0, 401]",0.173303,0.099097,-0.016106,0.355028,0.001388,0.001062,5100.650656,5476.205996,1.000148
"theta_t_zerosum__[0, 402]",0.708796,0.06464,0.584022,0.826744,0.001049,0.000733,3904.818709,4774.269886,1.000223
"theta_t_zerosum__[0, 403]",0.645964,0.067014,0.520623,0.769213,0.001084,0.000762,3883.776772,4625.597131,1.000554
"theta_t_zerosum__[0, 404]",0.777831,0.287253,0.237175,1.30156,0.003014,0.003424,9765.163349,5235.911712,1.000573
"theta_t_zerosum__[0, 405]",0.199219,0.21835,-0.20527,0.617373,0.002056,0.002402,11294.713703,6541.72785,1.000203
"theta_t_zerosum__[0, 406]",1.206259,0.070754,1.073902,1.337318,0.001183,0.000789,3703.720564,4395.800493,1.000939
"theta_t_zerosum__[0, 407]",1.51926,0.143122,1.25341,1.798343,0.001757,0.001556,6698.188697,5637.301778,1.001151
"theta_t_zerosum__[0, 408]",-0.635493,0.26692,-1.131509,-0.150523,0.003625,0.003351,5910.628033,5109.201418,1.000212
"theta_t_zerosum__[0, 409]",-0.786497,0.440186,-1.615584,-0.016163,0.005518,0.005705,7099.204359,5418.514069,1.000295
"theta_t_zerosum__[0, 410]",-0.878873,0.164097,-1.195398,-0.566341,0.002193,0.002697,6043.1932,3088.721771,1.001622
"theta_t_zerosum__[0, 411]",-0.523006,0.453699,-1.431998,0.22564,0.005809,0.006149,7113.85418,4909.260315,1.001429
"theta_t_zerosum__[0, 412]",-0.595452,0.288706,-1.143938,-0.041101,0.003185,0.004583,9176.176083,4616.68434,1.000985
"theta_t_zerosum__[0, 413]",-0.523554,0.463152,-1.409173,0.290129,0.005921,0.006434,7348.455467,4748.395974,1.000024
"theta_t_zerosum__[0, 414]",-0.098222,0.211733,-0.495184,0.297663,0.00206,0.002491,10779.766855,6129.197844,1.000645
"theta_t_zerosum__[0, 415]",-0.673069,0.451592,-1.519666,0.134732,0.005698,0.005683,7338.592073,4777.399718,0.99996
"theta_t_zerosum__[0, 416]",0.345568,0.281576,-0.181941,0.838952,0.003573,0.004653,7626.64705,4467.978259,1.000504
"theta_t_zerosum__[0, 417]",0.484836,0.248243,0.030618,0.941919,0.003119,0.003827,7490.646978,4592.388361,1.001254
"theta_t_zerosum__[0, 418]",-1.526585,0.186198,-1.874182,-1.183011,0.002239,0.002047,7017.659861,5845.845435,1.000201
"theta_t_zerosum__[0, 419]",-1.1645,0.155336,-1.460737,-0.879031,0.001842,0.001783,7110.507562,5602.886371,1.000593
"theta_t_zerosum__[0, 420]",-1.069171,0.143752,-1.341781,-0.794118,0.001758,0.00211,6936.594216,4847.572267,1.000596
"theta_t_zerosum__[0, 421]",-0.666288,0.449228,-1.52772,0.088017,0.005366,0.005794,8177.116822,5087.937405,1.000212
"theta_t_zerosum__[0, 422]",-0.653122,0.196037,-1.002886,-0.276652,0.001969,0.002532,10412.617919,5066.150745,0.999637
"theta_t_zerosum__[0, 423]",-0.47961,0.231542,-0.913632,-0.051561,0.002294,0.003057,10789.171651,5416.221794,1.000222
"theta_t_zerosum__[0, 424]",-0.15189,0.199499,-0.520914,0.22208,0.002006,0.002466,10395.412595,5408.730471,1.001694
"theta_t_zerosum__[0, 425]",-0.218786,0.262645,-0.732661,0.24425,0.004224,0.003918,4270.610064,4003.574967,1.000044
"theta_t_zerosum__[0, 426]",-1.269222,0.14688,-1.541591,-0.98662,0.001996,0.00203,5576.324932,4412.450614,1.000407
"theta_t_zerosum__[0, 427]",-1.199133,0.14443,-1.485138,-0.946371,0.001744,0.001954,6970.202666,5160.578119,1.000554
"theta_t_zerosum__[0, 428]",-0.679274,0.46124,-1.562606,0.117254,0.005884,0.006623,7326.326535,4451.239396,1.00123
"theta_t_zerosum__[0, 429]",1.020329,0.106365,0.812695,1.214242,0.001279,0.001239,6915.957119,5975.127766,0.999878
"theta_t_zerosum__[0, 430]",1.29009,0.118064,1.069451,1.510359,0.001446,0.001317,6686.134839,5447.837974,0.999783
"theta_t_zerosum__[0, 431]",0.371564,0.2307,-0.054897,0.824253,0.003169,0.003991,5709.360378,4735.68021,1.000673
"theta_t_zerosum__[0, 432]",1.111512,0.209441,0.710193,1.495904,0.002479,0.002945,7331.377679,4984.509975,1.000131
"theta_t_zerosum__[0, 433]",-0.133288,0.238383,-0.567364,0.323745,0.002404,0.002724,9963.767911,5792.680707,0.999998
"theta_t_zerosum__[0, 434]",-0.02203,0.17313,-0.349539,0.301204,0.001747,0.00198,10115.864681,5983.32887,1.00049
"theta_t_zerosum__[0, 435]",-0.673929,0.447789,-1.509244,0.136955,0.005224,0.005881,8416.489457,4768.893966,0.999834
"theta_t_zerosum__[0, 436]",-0.66865,0.452581,-1.508965,0.13684,0.005477,0.005822,7721.546835,5389.911181,0.999927
"theta_t_zerosum__[0, 437]",-0.663852,0.452146,-1.475286,0.185557,0.005282,0.005929,8307.846622,5415.320288,1.000347
"theta_t_zerosum__[0, 438]",-0.051206,0.113211,-0.262064,0.162996,0.001359,0.00151,6953.265543,5075.080646,1.000462
"theta_t_zerosum__[0, 439]",-0.20048,0.247244,-0.669471,0.260471,0.0024,0.003287,10751.533144,5061.56981,0.999751
"theta_t_zerosum__[0, 440]",0.04764,0.128788,-0.196099,0.293255,0.001441,0.001448,8069.908755,5995.277818,1.000276
"theta_t_zerosum__[0, 441]",0.033954,0.143796,-0.241162,0.295268,0.001614,0.001549,7954.198717,6238.293311,0.99988
"theta_t_zerosum__[0, 442]",-0.267084,0.279588,-0.796405,0.245734,0.002889,0.00436,9915.715044,5173.664763,1.0008
"theta_t_zerosum__[0, 443]",-0.537053,0.140721,-0.794243,-0.266321,0.002828,0.001525,2546.723809,4041.309941,1.000478
"theta_t_zerosum__[0, 444]",-0.263251,0.265835,-0.770195,0.230132,0.003516,0.003355,5902.480501,5232.093399,1.000903
"theta_t_zerosum__[0, 445]",-0.243201,0.127086,-0.479607,0.000125,0.001486,0.001432,7329.653651,5664.103619,1.000895
"theta_t_zerosum__[0, 446]",-0.05072,0.161112,-0.366364,0.231806,0.001708,0.001782,9050.994112,6131.916466,1.000683
"theta_t_zerosum__[0, 447]",0.436424,0.103611,0.23747,0.622323,0.001086,0.001172,9114.333961,5859.886717,0.999959
"theta_t_zerosum__[0, 448]",0.090198,0.285089,-0.443928,0.627171,0.003133,0.004339,9089.593462,5273.638027,1.000709
"theta_t_zerosum__[0, 449]",0.602935,0.099563,0.417204,0.794439,0.001256,0.001014,6280.615916,6272.105569,1.000539
"theta_t_zerosum__[0, 450]",0.317482,0.248657,-0.137748,0.785722,0.002855,0.003706,8044.684246,5731.824693,1.000381
"theta_t_zerosum__[0, 451]",-0.118364,0.078299,-0.265424,0.024997,0.001123,0.000913,4905.986567,4651.40032,1.000276
"theta_t_zerosum__[0, 452]",-0.453871,0.139501,-0.712564,-0.186383,0.002007,0.001936,5065.449954,4178.517296,1.000356
"theta_t_zerosum__[0, 453]",-0.160286,0.11069,-0.374432,0.041312,0.001461,0.001279,5820.030296,5383.942657,1.000123
"theta_t_zerosum__[0, 454]",0.051937,0.716577,-1.243137,1.41831,0.007027,0.008514,10407.41172,5755.788378,1.00053
"theta_t_zerosum__[0, 455]",-0.506307,0.42719,-1.327084,0.27241,0.005514,0.006019,6538.992176,4319.795153,1.000227
"theta_t_zerosum__[0, 456]",0.509545,0.220584,0.107625,0.94524,0.002169,0.002696,10394.113085,5757.185007,1.000246
"theta_t_zerosum__[0, 457]",0.580987,0.415923,-0.135546,1.419938,0.005535,0.007097,6686.864532,4284.999409,1.000383
"theta_t_zerosum__[0, 458]",0.304918,0.069145,0.175979,0.436474,0.000928,0.000848,5612.654403,4964.117825,1.000353
"theta_t_zerosum__[0, 459]",-0.051237,0.253083,-0.521037,0.430945,0.002452,0.003334,10921.305285,5664.470891,1.0
"theta_t_zerosum__[0, 460]",0.190905,0.104443,0.002251,0.394952,0.001141,0.001205,8376.001285,5674.2108,1.00146
"theta_t_zerosum__[0, 461]",0.590263,0.743025,-0.815335,1.958879,0.007333,0.009823,10270.711013,5606.606372,1.000517
"theta_t_zerosum__[0, 462]",-0.671398,0.451155,-1.563969,0.097119,0.005103,0.005692,8918.304425,5480.196172,1.00009
"theta_t_zerosum__[0, 463]",-0.339707,0.377014,-1.061811,0.403391,0.005207,0.00627,5590.360597,4194.11049,1.000865
"theta_t_zerosum__[0, 464]",-1.244003,0.155832,-1.54426,-0.950661,0.002026,0.002156,5978.941829,4817.314054,1.000807
"theta_t_zerosum__[0, 465]",-0.836664,0.316189,-1.439209,-0.267239,0.003434,0.003786,8889.49803,5244.436097,1.00154
"theta_t_zerosum__[0, 466]",-0.921772,0.315697,-1.522391,-0.368884,0.003661,0.004924,8505.926665,4304.593201,1.000381
"theta_t_zerosum__[0, 467]",-0.876082,0.306589,-1.504848,-0.356758,0.00347,0.004336,8799.715161,4930.881692,1.002451
"theta_t_zerosum__[0, 468]",-1.262683,0.332882,-1.907714,-0.67558,0.003837,0.0044,8567.647122,5129.443563,1.000413
"theta_t_zerosum__[0, 469]",-0.407043,0.721396,-1.758204,0.972705,0.007374,0.009183,9598.480438,5440.646484,1.000588
"theta_t_zerosum__[0, 470]",-1.429577,0.207009,-1.83707,-1.059367,0.002287,0.002422,8435.386522,5826.056319,1.000374
"theta_t_zerosum__[0, 471]",-1.209412,0.337095,-1.873913,-0.626097,0.004077,0.00447,7839.072951,5081.246141,1.000046
"theta_t_zerosum__[0, 472]",-1.145992,0.168302,-1.456996,-0.833229,0.001809,0.002023,8964.639878,5958.632415,1.000625
"theta_t_zerosum__[0, 473]",-0.489495,0.168803,-0.802038,-0.157844,0.002533,0.003199,4981.664606,3203.429725,1.000942
"theta_t_zerosum__[0, 474]",-0.24036,0.254776,-0.718066,0.2345,0.002649,0.003335,9398.669855,5191.30734,0.999987
"theta_t_zerosum__[0, 475]",-0.449504,0.230429,-0.89818,-0.029046,0.002295,0.002817,10370.530375,5670.032626,1.00042
"theta_t_zerosum__[0, 476]",0.045259,0.228562,-0.37613,0.491969,0.00231,0.003182,9890.110697,5114.690489,1.000447
"theta_t_zerosum__[0, 477]",-0.186563,0.258111,-0.668068,0.305023,0.002607,0.003066,9775.006714,5918.058328,1.000314
"theta_t_zerosum__[0, 478]",-0.521725,0.459508,-1.367733,0.30289,0.005921,0.005954,7015.143497,4532.81211,1.000053
"theta_t_zerosum__[0, 479]",0.505747,0.281575,-0.012145,1.04159,0.003055,0.00362,9157.082873,5733.484434,1.000769
"theta_t_zerosum__[0, 480]",-0.153659,0.555138,-1.191853,0.860018,0.007043,0.008089,6913.380875,4918.066807,0.99998
"theta_t_zerosum__[0, 481]",0.382858,0.180253,0.048667,0.725486,0.0018,0.002003,10032.568796,6150.954527,1.000313
"theta_t_zerosum__[0, 482]",-0.159128,0.569292,-1.281063,0.83342,0.006836,0.007711,7345.583484,4819.692858,1.000169
"theta_t_zerosum__[0, 483]",0.090659,0.127288,-0.158614,0.316396,0.001608,0.001424,6379.999555,4789.611246,1.00006
"theta_t_zerosum__[0, 484]",0.489847,0.271525,-0.019864,1.000811,0.002943,0.003442,9044.721396,5095.832581,1.000993
"theta_t_zerosum__[0, 485]",-0.229483,0.566907,-1.319176,0.769319,0.006339,0.007038,8673.096284,5502.656385,1.000766
"theta_t_zerosum__[0, 486]",0.652458,0.268574,0.162673,1.162965,0.002718,0.003159,10171.362805,5753.848602,1.000566
"theta_t_zerosum__[0, 487]",-0.097757,0.562254,-1.189456,0.908707,0.006919,0.007526,7365.980708,4477.004635,1.00113
"theta_t_zerosum__[0, 488]",0.50377,0.17429,0.161853,0.817539,0.001641,0.001993,11283.113903,5632.750476,1.000322
"theta_t_zerosum__[0, 489]",0.548246,0.533321,-0.4579,1.522248,0.006459,0.008045,7291.683571,5107.847203,1.000238
"theta_t_zerosum__[0, 490]",0.952102,0.065241,0.828447,1.07444,0.000842,0.000793,6033.443316,5228.255009,1.000429
"theta_t_zerosum__[0, 491]",0.362415,0.188508,0.016031,0.725667,0.002771,0.001977,4634.59012,5026.001831,1.000325
"theta_t_zerosum__[0, 492]",1.198847,0.073089,1.063819,1.341262,0.00093,0.000849,6193.773218,5526.113946,1.000276
"theta_t_zerosum__[0, 493]",-0.668188,0.460702,-1.537395,0.136659,0.005552,0.005739,7923.322925,4755.768224,1.000454
"theta_t_zerosum__[0, 494]",-1.080844,0.167323,-1.415864,-0.77576,0.002322,0.003111,5604.673002,3370.96304,1.002626
"theta_t_zerosum__[0, 495]",-0.017613,0.431455,-0.840157,0.708621,0.005947,0.005476,6068.841456,4462.978793,0.999992
"theta_t_zerosum__[0, 496]",-0.66118,0.501178,-1.601046,0.267577,0.006955,0.007724,5968.838135,3858.68542,1.000765
"theta_t_zerosum__[0, 497]",1.094837,0.389319,0.369458,1.78337,0.006504,0.009697,4567.244409,2836.024443,1.000612
"logA_z_zerosum__[0, 0]",0.253176,0.126551,0.030334,0.502847,0.00235,0.001524,2894.546623,4450.885627,1.001893
"logA_z_zerosum__[0, 1]",0.550683,0.29259,0.008287,1.105156,0.006158,0.003779,2276.729215,3725.714624,1.00145
"logA_z_zerosum__[0, 2]",-0.029284,0.133753,-0.276222,0.223692,0.002269,0.001591,3604.408176,4370.264892,1.002791
"logA_z_zerosum__[0, 3]",0.798953,0.125186,0.560143,1.02464,0.004132,0.001732,917.165889,2467.153163,1.003313
"logA_z_zerosum__[0, 4]",-0.289755,0.153603,-0.592267,-0.01672,0.003369,0.002275,2214.269239,2701.882482,1.000731
"logA_z_zerosum__[0, 5]",0.707733,0.156202,0.407045,0.991061,0.004386,0.001976,1266.363507,2858.695203,1.002977
"logA_z_zerosum__[0, 6]",1.083046,0.226322,0.658271,1.514687,0.006237,0.003128,1318.136143,2302.550411,1.003284
"logA_z_zerosum__[0, 7]",0.621282,0.128879,0.389514,0.881833,0.003579,0.001742,1310.717879,2440.808307,1.002434
"logA_z_zerosum__[0, 8]",0.992008,0.333419,0.395829,1.644566,0.008592,0.005465,1527.219582,2307.024898,1.002334
"logA_z_zerosum__[0, 9]",-3.617198,0.456214,-4.511899,-2.803087,0.016003,0.007042,808.102496,1677.992621,1.003937
"logA_z_zerosum__[0, 10]",-0.133027,0.278989,-0.664298,0.368971,0.007325,0.007529,1655.383383,1901.334664,1.001689
"logA_z_zerosum__[0, 11]",0.841758,0.130722,0.58949,1.082133,0.004415,0.002002,879.673954,2061.712607,1.005288
"logA_z_zerosum__[0, 12]",1.509307,0.206651,1.134156,1.901243,0.007623,0.003566,734.146231,1664.486109,1.00533
"logA_z_zerosum__[0, 13]",-0.257391,0.440838,-1.087386,0.564142,0.008238,0.005662,2994.438334,3550.326224,1.000574
"logA_z_zerosum__[0, 14]",-0.764469,0.343267,-1.427499,-0.158186,0.006165,0.004704,3381.396473,3757.572266,1.001411
"logA_z_zerosum__[0, 15]",0.474362,0.124918,0.235828,0.708017,0.003013,0.001594,1736.231711,3223.670631,1.001033
"logA_z_zerosum__[0, 16]",-0.637192,0.214017,-1.056081,-0.254368,0.003867,0.002461,3089.549481,4652.969601,1.001285
"logA_z_zerosum__[0, 17]",-1.729826,0.255248,-2.207625,-1.249015,0.00817,0.003489,967.007015,2250.023208,1.003068
"logA_z_zerosum__[0, 18]",-0.79201,0.181236,-1.123825,-0.454445,0.003895,0.002622,2240.240572,3381.448693,1.001242
"logA_z_zerosum__[0, 19]",-0.860502,0.179549,-1.202317,-0.523633,0.004321,0.002199,1734.51309,3718.332628,1.002439
"logA_z_zerosum__[0, 20]",0.032998,0.114387,-0.183358,0.25003,0.00324,0.00181,1264.720598,2039.74036,1.001695
"logA_z_zerosum__[0, 21]",-0.242891,0.265563,-0.726928,0.25428,0.005351,0.004423,2627.824839,3364.200092,0.999716
"logA_z_zerosum__[0, 22]",-0.289013,0.095274,-0.466959,-0.111945,0.001743,0.001212,3049.139953,3556.0289,1.00047
"logA_z_zerosum__[0, 23]",-0.429,0.273404,-0.951282,0.066527,0.006927,0.00469,1633.840958,2312.297588,1.003299
"logA_z_zerosum__[0, 24]",0.195801,0.3794,-0.493833,0.912377,0.007721,0.00837,2652.129038,2608.926724,1.00073
"logA_z_zerosum__[0, 25]",1.07058,0.153984,0.790463,1.360233,0.005382,0.002426,820.691234,2067.434435,1.003575
"logA_z_zerosum__[0, 26]",0.922148,0.190463,0.566827,1.287956,0.005159,0.002464,1364.385699,2770.922342,1.00223
"logA_z_zerosum__[0, 27]",0.302544,0.32319,-0.326806,0.889958,0.008652,0.007642,1535.495355,1577.747955,1.000638
"logA_z_zerosum__[0, 28]",-1.066041,0.324927,-1.663509,-0.469136,0.007252,0.005087,2101.270505,2631.559349,1.003238
"logA_z_zerosum__[0, 29]",-0.388039,0.161865,-0.695812,-0.092694,0.003126,0.002227,2784.620274,3384.144322,1.000749
"logA_z_zerosum__[0, 30]",0.442158,0.235409,0.018445,0.882878,0.005174,0.007934,2439.97997,3259.855521,1.001823
"logA_z_zerosum__[0, 31]",0.833703,0.206343,0.440142,1.218176,0.005359,0.002603,1479.249719,3458.70878,1.001328
"logA_z_zerosum__[0, 32]",-1.193476,0.191191,-1.544294,-0.834977,0.005961,0.002715,1016.885454,2029.603026,1.002257
D_z[APEX Agents],1.089355,0.143498,0.827803,1.363383,0.006674,0.003761,463.073671,783.863931,1.009789
D_z[BlueprintBench 2],1.522507,0.264903,1.025202,2.011252,0.010505,0.005695,642.264189,1191.813544,1.008186
D_z[Chess Puzzles],0.902768,0.116746,0.691768,1.1293,0.005379,0.00289,468.127147,832.20827,1.009445
D_z[CritPt],1.891778,0.236099,1.442549,2.329293,0.011446,0.006256,423.522506,718.081327,1.011547
D_z[CursorBench],0.281094,0.061157,0.170386,0.395812,0.002161,0.0009,795.948808,2232.974854,1.005314
D_z[DeepSWE],0.914261,0.142643,0.652246,1.179997,0.005545,0.002579,661.38745,1448.652053,1.006688
D_z[EBR-bench],1.983513,0.301469,1.420092,2.562665,0.012587,0.006412,570.947199,1160.636735,1.007527
D_z[EnigmaEval],1.579468,0.199941,1.220455,1.967605,0.00968,0.005275,423.905458,740.370092,1.011879
D_z[Fiction.LiveBench],-0.330357,0.087489,-0.494087,-0.166991,0.002467,0.001204,1274.780231,2798.202187,1.004095
D_z[ForecastBench],-0.200064,0.025315,-0.247955,-0.153501,0.001222,0.00068,426.380961,710.580551,1.011483
D_z[FrontierCode],0.761663,0.13749,0.51749,1.028014,0.005184,0.002597,703.000463,1578.73704,1.005492
D_z[FrontierMath],0.566491,0.085517,0.411599,0.729259,0.003835,0.002047,499.139938,942.798528,1.00736
D_z[FrontierMath Tier 4],1.846397,0.24282,1.409999,2.325977,0.01157,0.006303,438.248727,797.644475,1.010809
D_z[GDPval],0.421974,0.096654,0.251615,0.616491,0.002801,0.001243,1194.015997,2815.212579,1.00367
D_z[GeoBench],-0.397403,0.079554,-0.542749,-0.244655,0.002538,0.001166,991.600914,2846.356184,1.004066
D_z[Humanity's Last Exam],1.01612,0.130218,0.772643,1.260915,0.006169,0.003392,442.284317,749.087495,1.011181
D_z[LAB-Bench Cloning],-0.032758,0.055856,-0.138433,0.073908,0.000763,0.000663,5433.080081,5095.834133,1.000842
D_z[LAB-Bench LitQA2],0.074763,0.023001,0.032126,0.117391,0.00054,0.000303,1854.365774,2749.28163,1.001912
D_z[LAB-Bench Protocol],-0.402481,0.06453,-0.52686,-0.285446,0.002462,0.001291,683.70486,1591.097189,1.006948
D_z[LAB-Bench SeqQA],-0.277312,0.05014,-0.373696,-0.187464,0.001793,0.000908,789.746867,1827.376633,1.004973
D_z[LiveBench],-0.546358,0.078249,-0.697571,-0.405055,0.003366,0.00197,538.459798,816.076121,1.00716
D_z[MCP Atlas],-0.152529,0.071764,-0.282652,-0.016475,0.001299,0.000817,3073.405233,4099.517795,0.99996
D_z[METR Time Horizons],-0.188292,0.031391,-0.247492,-0.131247,0.001213,0.000582,663.791137,1443.952781,1.006289
D_z[Mystery Game Puzzles],0.799082,0.123711,0.572364,1.027719,0.004837,0.002514,654.612319,1441.066719,1.00864
D_z[OS World 2],1.657387,0.258307,1.194516,2.154999,0.010054,0.004753,653.595682,1556.214382,1.006117
D_z[OTIS Mock AIME 2024-2025],-0.290046,0.047241,-0.382455,-0.206214,0.001834,0.000868,664.223829,1536.013397,1.006762
D_z[ProofBench],1.261157,0.185123,0.919766,1.605758,0.007886,0.004088,553.16589,1169.768277,1.007621
D_z[Remote Labor Index],2.132685,0.299984,1.573253,2.683432,0.01272,0.007172,553.181298,1100.269218,1.010049
D_z[SEAL Instruction Following],-1.078528,0.143156,-1.359226,-0.824448,0.006721,0.003622,450.241977,877.919607,1.009585
D_z[SEAL Tool Use (Enterprise)],-0.434716,0.069066,-0.558372,-0.303407,0.002552,0.001341,735.675151,1655.457907,1.005281
D_z[SWE-Bench Pro (Private)],0.986402,0.159375,0.700523,1.290216,0.00648,0.003276,607.292856,1180.041272,1.010234
D_z[Surface Evolver Bench],0.297348,0.109241,0.108855,0.521625,0.002576,0.001417,1839.580286,3168.60297,1.001542
D_z[Visual Task Assessment (VISTA)],0.119057,0.020622,0.079841,0.156534,0.000718,0.000343,836.427485,1849.21058,1.005777
D_z[WeirdML],0.092826,0.020745,0.054186,0.131529,0.000579,0.000279,1312.888199,2636.498051,1.00356
sigma_b[APEX Agents],0.077789,0.009743,0.060285,0.096069,0.000165,0.000103,3524.274261,5264.574545,1.002216
sigma_b[BlueprintBench 2],0.15893,0.02344,0.114844,0.202052,0.000358,0.000248,4268.371292,6056.14504,1.000763
sigma_b[Chess Puzzles],0.126004,0.007756,0.11148,0.140505,9.4e-05,9.2e-05,6820.286272,5865.116814,1.001034
sigma_b[CritPt],0.074085,0.006196,0.06309,0.08632,9.1e-05,6.5e-05,4674.199585,5526.598813,1.000155
sigma_b[CursorBench],0.035424,0.0067,0.023269,0.048103,0.000131,8e-05,2579.823879,3701.579755,1.000136
sigma_b[DeepSWE],0.080381,0.012729,0.057073,0.104541,0.000249,0.000141,2554.401855,3479.239304,1.000302
sigma_b[EBR-bench],0.100758,0.022868,0.061938,0.143469,0.000396,0.000348,3624.120315,4408.344461,1.000301
sigma_b[EnigmaEval],0.052045,0.006508,0.040178,0.064128,8.5e-05,7.3e-05,5857.390484,5933.619166,1.000223
sigma_b[Fiction.LiveBench],0.163334,0.021377,0.123804,0.20332,0.000458,0.000222,2174.310912,4091.71749,1.000669
sigma_b[ForecastBench],0.020851,0.00197,0.017412,0.024738,2.6e-05,2.4e-05,6314.735039,5377.827865,1.00125
sigma_b[FrontierCode],0.077555,0.01769,0.046358,0.111121,0.000391,0.000234,2026.670404,3259.347282,1.001151
sigma_b[FrontierMath],0.035541,0.007672,0.021466,0.049885,0.000203,0.000103,1405.243014,2834.600138,1.002467
sigma_b[FrontierMath Tier 4],0.068109,0.00969,0.050163,0.085687,0.000181,0.000112,2928.300602,4038.440661,1.002588
sigma_b[GDPval],0.105115,0.021252,0.067826,0.144697,0.0003,0.000287,5258.980365,5583.372424,1.000311
sigma_b[GeoBench],0.137713,0.015649,0.109813,0.167077,0.000179,0.000182,7863.606898,6452.106558,1.000299
sigma_b[Humanity's Last Exam],0.05512,0.007599,0.041184,0.069488,0.000121,8.2e-05,4003.283108,5098.011426,1.001979
sigma_b[LAB-Bench Cloning],0.104241,0.01229,0.081429,0.126944,0.000137,0.000145,8132.622392,6522.462798,1.000502
sigma_b[LAB-Bench LitQA2],0.040108,0.005523,0.030382,0.050662,6.7e-05,6.7e-05,7172.511609,5790.942041,1.000073
sigma_b[LAB-Bench Protocol],0.061744,0.008131,0.047319,0.076998,0.000102,9.9e-05,6626.908677,6119.203679,1.000516
sigma_b[LAB-Bench SeqQA],0.056405,0.007829,0.041568,0.070962,9.7e-05,9.1e-05,6457.79621,6003.538859,1.000522
sigma_b[LiveBench],0.038696,0.009795,0.021238,0.057018,0.000375,0.000194,677.910878,1235.591794,1.004299
sigma_b[MCP Atlas],0.082701,0.011889,0.062567,0.10635,0.000169,0.000126,4927.034593,6328.206293,1.000259
sigma_b[METR Time Horizons],0.048441,0.007998,0.034519,0.063987,0.00014,0.000103,3235.352089,4513.995049,1.000957
sigma_b[Mystery Game Puzzles],0.090449,0.010909,0.069413,0.110035,0.000179,0.00011,3746.649446,5635.506501,1.002202
sigma_b[OS World 2],0.068792,0.017436,0.040376,0.100734,0.000228,0.000257,6249.737059,5851.934722,1.000446
sigma_b[OTIS Mock AIME 2024-2025],0.133949,0.011945,0.111926,0.156257,0.000306,0.000129,1514.526742,2764.776534,1.001618
sigma_b[ProofBench],0.126886,0.014139,0.100859,0.153118,0.000185,0.00014,5827.487643,6053.721389,1.000186
sigma_b[Remote Labor Index],0.050258,0.011879,0.030108,0.072288,0.000249,0.000176,2327.625266,4041.533026,1.001512
sigma_b[SEAL Instruction Following],0.032252,0.006639,0.020903,0.045101,8.8e-05,8.4e-05,5859.210744,6110.33886,1.001061
sigma_b[SEAL Tool Use (Enterprise)],0.061761,0.009385,0.045842,0.080134,0.000134,0.000101,4979.593893,5621.026814,1.000101
sigma_b[SWE-Bench Pro (Private)],0.070475,0.017149,0.040878,0.103789,0.000299,0.000216,3235.439941,4791.921002,1.000222
sigma_b[Surface Evolver Bench],0.089367,0.017761,0.05874,0.124186,0.000344,0.000218,2560.168006,4185.934312,1.000879
sigma_b[Visual Task Assessment (VISTA)],0.04695,0.005006,0.03753,0.056162,6.7e-05,5.3e-05,5795.42423,5582.112965,1.00017
sigma_b[WeirdML],0.071572,0.006673,0.059674,0.084814,0.000139,7.2e-05,2293.929771,3442.695463,1.002762
tau_CD,1.963646,0.248513,1.543312,2.456671,0.01227,0.00843,411.521679,648.517552,1.011973
sigma_A,0.709798,0.092401,0.545226,0.878988,0.003597,0.002206,669.118872,1466.112634,1.004461
"theta_t[axis1, ChatGPT agent]",-0.128683,0.536675,-1.163268,0.789308,0.007652,0.007561,5770.622152,4098.165613,1.000014
"theta_t[axis1, Committee of Domain Experts]",0.254479,0.095804,0.07174,0.434456,0.001376,0.001339,4989.407187,4646.427046,1.000983
"theta_t[axis1, Composer 2.5]",0.344148,0.42377,-0.485037,1.086423,0.006238,0.007301,5335.792733,3850.522797,1.001922
"theta_t[axis1, DeepSeek-R1]",-0.231488,0.089225,-0.40061,-0.066904,0.000928,0.001036,9233.218445,5847.027346,1.000708
"theta_t[axis1, DeepSeek-R1-0528]",-0.122323,0.144497,-0.379425,0.163628,0.00151,0.001751,9119.876144,5607.071067,1.000428
"theta_t[axis1, DeepSeek-R1-Distill-Llama-70B]",-0.681371,0.166271,-0.986836,-0.356382,0.003548,0.002232,2321.835784,3690.008676,1.000453
"theta_t[axis1, DeepSeek-R1-Distill-Qwen-32B]",-1.156455,0.167612,-1.469711,-0.83238,0.002206,0.003136,5979.72526,4200.110604,1.000627
"theta_t[axis1, DeepSeek-V3]",-0.667788,0.09817,-0.854115,-0.48591,0.001168,0.001205,7081.471619,6026.165584,1.001102
"theta_t[axis1, DeepSeek-V3-0324]",-0.395905,0.096509,-0.569071,-0.207514,0.001038,0.001167,8626.067024,5485.653406,1.000807
"theta_t[axis1, DeepSeek-V3.1]",-0.280999,0.201686,-0.648136,0.113957,0.002077,0.002529,9582.648159,5702.12029,1.000266
"theta_t[axis1, DeepSeek-V3.1-Terminus]",-0.143621,0.461798,-1.003521,0.668835,0.006747,0.007785,5788.58739,3455.642601,1.001173
"theta_t[axis1, DeepSeek-V3.1_thinking]",-0.24917,0.256727,-0.732856,0.243392,0.002535,0.003068,10452.752576,6036.108213,1.000456
"theta_t[axis1, DeepSeek-V3.2-Exp_thinking]",-0.119122,0.234107,-0.561252,0.319927,0.002323,0.002833,10304.851931,5882.262758,1.000426
"theta_t[axis1, DeepSeek-V3.2-Speciale]",0.037309,0.255711,-0.453299,0.518258,0.002477,0.003136,10737.201447,6016.273157,1.000489
"theta_t[axis1, Domain Expert]",2.451293,0.250482,1.984326,2.914071,0.004154,0.003062,3700.215199,4145.664431,1.001563
"theta_t[axis1, Dracarys2-72B-Instruct]",-0.887336,0.163791,-1.195905,-0.56656,0.002387,0.002956,5100.785989,3759.630113,1.000353
"theta_t[axis1, Dracarys2-Llama-3.1-70B-Instruct]",-1.130451,0.167055,-1.450196,-0.813783,0.0024,0.002879,5151.090425,3543.512533,1.000577
"theta_t[axis1, GLM-4.5-Air]",-0.319015,0.28008,-0.864223,0.164605,0.003387,0.004352,7821.402752,5029.635881,0.99997
"theta_t[axis1, Hermes-2-Theta-Llama-3-70B]",-1.503287,0.345424,-2.154375,-0.892563,0.004184,0.004496,7625.552107,5381.783146,1.000062
"theta_t[axis1, High School Qualifier]",-0.18084,0.283175,-0.715368,0.347133,0.002967,0.004666,9735.934963,4822.120082,1.000039
"theta_t[axis1, High School Top Performer]",0.803356,0.365895,0.136087,1.480616,0.004584,0.005227,7692.502673,4895.174716,1.00031
"theta_t[axis1, Inkling]",-0.338813,0.339586,-0.952297,0.288374,0.005014,0.005379,5297.787006,4019.1703,1.0004
"theta_t[axis1, Inkling_high]",-0.466578,0.264405,-0.945491,0.037175,0.002673,0.003409,10248.747022,6108.265083,1.000403
"theta_t[axis1, Inkling_xhigh]",0.608703,0.230901,0.162861,1.029686,0.002877,0.003141,7078.99331,4233.12499,1.000405
"theta_t[axis1, Kimi-K2-Instruct]",-0.177506,0.244529,-0.633784,0.282793,0.002405,0.002981,10553.989052,5768.590696,1.001223
"theta_t[axis1, Kimi-K2-Instruct-0905]",-0.34901,0.200903,-0.73385,0.019692,0.002083,0.002673,9400.399324,5300.098222,1.000728
"theta_t[axis1, Llama-2-70b-chat-hf]",-2.175004,0.399756,-2.955369,-1.493912,0.004869,0.004966,7583.136832,5051.44858,1.000678
"theta_t[axis1, Llama-3.1-405B-Instruct]",-0.991979,0.131253,-1.228534,-0.735377,0.001445,0.001648,8340.687693,6001.844415,1.000126
"theta_t[axis1, Llama-3.1-70B-Instruct]",-1.435487,0.155187,-1.714607,-1.142292,0.001591,0.001677,9579.450035,6221.500005,1.000679
"theta_t[axis1, Llama-3.1-8B-Instruct]",-2.18751,0.19516,-2.556201,-1.826458,0.002331,0.002103,7030.917229,6021.780925,1.000298
"theta_t[axis1, Llama-3.1-Tulu-3-70B-DPO]",-1.379042,0.35356,-2.051245,-0.758245,0.004236,0.004963,8244.494701,5031.079542,1.000305
"theta_t[axis1, Llama-3.2-11B-Vision-Instruct]",-2.038906,0.452526,-2.87043,-1.165484,0.004734,0.005278,9107.810868,5976.189685,1.001148
"theta_t[axis1, Llama-3.2-90B-Vision-Instruct]",-1.380792,0.201768,-1.751385,-1.004857,0.002408,0.002398,7318.572693,5763.68952,1.000076
"theta_t[axis1, Llama-3.3-70B-Instruct]",-1.083115,0.122896,-1.312308,-0.854979,0.001602,0.001645,6127.781394,4837.254348,1.000197
"theta_t[axis1, Llama-4-Maverick-17B-128E-Instruct]",-0.649466,0.124114,-0.891207,-0.425716,0.001303,0.001379,9146.537884,5549.529356,0.999757
"theta_t[axis1, Llama-4-Maverick-17B-128E-Instruct-FP8]",-0.842344,0.28862,-1.422619,-0.351884,0.003253,0.004217,9123.181445,4682.849733,0.999976
"theta_t[axis1, Llama-4-Scout-17B-16E-Instruct]",-1.322183,0.206867,-1.708478,-0.937006,0.002202,0.002588,9102.409445,5303.296064,1.000064
"theta_t[axis1, Manus 1.0]",0.241654,0.535526,-0.781406,1.163219,0.009057,0.010319,4721.539424,3523.171501,1.001064
"theta_t[axis1, Manus 1.5]",0.251335,0.513478,-0.749374,1.11681,0.008753,0.009094,4519.187496,3658.939171,1.001878
"theta_t[axis1, Manus_1.6 (Max)]",0.342993,0.497138,-0.663662,1.152267,0.008742,0.009051,4001.506806,3088.936306,1.000411
"theta_t[axis1, Meta-Llama-3-70B]",-0.577973,0.741342,-1.987427,0.782651,0.007382,0.008598,10096.97564,6168.664342,0.999897
"theta_t[axis1, Meta-Llama-3-70B-Instruct]",-1.528637,0.198743,-1.900446,-1.157675,0.002389,0.002221,6909.060227,6212.940261,1.000131
"theta_t[axis1, Meta-Llama-3-8B]",-1.584147,0.743978,-2.925063,-0.136382,0.007885,0.009008,9065.139062,5484.027151,1.00088
"theta_t[axis1, Meta-Llama-3-8B-Instruct]",-1.569512,0.302309,-2.139917,-1.016686,0.003495,0.004113,8406.85342,4796.314857,1.000907
"theta_t[axis1, MiniMax-M1-80k]",-0.08441,0.399467,-0.820842,0.704745,0.005777,0.008761,5514.788794,3890.044637,1.001145
"theta_t[axis1, MiniMax-M2.5]",-0.306367,0.331284,-0.930855,0.292249,0.003841,0.004327,8331.467216,5371.582132,1.000361
"theta_t[axis1, MiniMax-M2.7]",-0.29145,0.202565,-0.694522,0.065064,0.00206,0.002487,10081.096213,5602.55659,1.000907
"theta_t[axis1, MiniMax-M3]",0.297665,0.156986,-6.3e-05,0.585739,0.002019,0.001875,6272.762102,5386.401333,1.000041
"theta_t[axis1, Mixtral-8x22B-Instruct-v0.1]",-2.156767,0.35142,-2.849403,-1.534586,0.003746,0.004249,9269.035494,5744.504773,0.999913
"theta_t[axis1, Mixtral-8x7B-Instruct-v0.1]",-2.432441,0.269858,-2.941674,-1.930021,0.003198,0.002931,7171.214859,5626.652011,1.000002
"theta_t[axis1, OLMo-2-1124-13B-Instruct]",-2.155171,0.208194,-2.533272,-1.754135,0.002811,0.002884,5682.083866,4235.422692,1.000243
"theta_t[axis1, Phi-3-mini-4k-instruct]",-2.139893,0.2085,-2.54353,-1.757663,0.002873,0.003038,5370.082874,4131.524571,1.00009
"theta_t[axis1, Phi-3-small-8k-instruct]",-2.059671,0.199682,-2.424414,-1.667833,0.002841,0.002948,5144.352469,4558.31297,1.000106
"theta_t[axis1, Phi-3.5-vision-instruct]",-2.624711,0.470241,-3.563214,-1.793263,0.004957,0.005231,9066.851181,5955.806017,1.000041
"theta_t[axis1, Phi-4-mini-instruct]",-0.69312,0.467123,-1.55329,0.148125,0.006273,0.006791,6691.460084,4826.845637,1.000675
"theta_t[axis1, Pixtral-12B-2409]",-1.603001,0.391373,-2.354695,-0.889008,0.004086,0.004565,9207.894631,6345.169557,1.000214
"theta_t[axis1, QwQ-32B]",-0.100992,0.185584,-0.443286,0.258516,0.003024,0.003193,4178.145798,3530.529885,1.000366
"theta_t[axis1, QwQ-32B-Preview]",-1.341357,0.171484,-1.671051,-1.014597,0.00238,0.00294,5415.710731,3641.056718,1.00069
"theta_t[axis1, Qwen2-VL-72B-Instruct]",-1.271755,0.413345,-2.015419,-0.480237,0.004445,0.004643,8690.75803,6384.891201,1.001195
"theta_t[axis1, Qwen2.5-Coder-32B-Instruct]",-1.126504,0.164952,-1.433343,-0.806169,0.002153,0.003194,6198.95358,3358.439142,1.001131
"theta_t[axis1, Qwen2.5-VL-72B-Instruct]",-0.223487,0.707106,-1.523727,1.128008,0.007229,0.008569,9738.978586,6098.200252,1.00028
"theta_t[axis1, Qwen3-235B-A22B-Instruct-2507]",-0.23644,0.26107,-0.75804,0.249396,0.002558,0.003416,10504.244302,5643.945305,1.000211
"theta_t[axis1, Qwen3-235B-A22B-Thinking-2507]",0.005861,0.129708,-0.233454,0.252855,0.001521,0.00156,7309.343744,5163.69575,1.001269
"theta_t[axis1, Qwen3-30B-A3B]",-0.565283,0.26893,-1.055231,-0.046501,0.002742,0.003358,9864.865414,5769.034596,1.000546
"theta_t[axis1, Qwen3-32B]",-0.542793,0.45803,-1.433795,0.227974,0.005501,0.006321,8218.104728,5154.599251,1.000344
"theta_t[axis1, Qwen3-Coder-480B-A35B-Instruct]",-0.14525,0.255955,-0.631458,0.33035,0.002567,0.003166,9982.752753,6453.503823,1.000598
"theta_t[axis1, Qwen3-Next-80B-A3B-Instruct]",-0.031563,0.390394,-0.714427,0.790679,0.005927,0.008178,5013.951664,3440.887914,1.000216
"theta_t[axis1, Ring-2.6-1T]",0.151745,0.432241,-0.692665,0.868454,0.005801,0.006438,6949.201073,4337.883035,1.000247
"theta_t[axis1, Skilled Generalist]",0.858502,0.398149,0.07339,1.566149,0.004523,0.004557,7788.719582,5522.966889,1.000186
"theta_t[axis1, Top Performer]",0.961793,0.715836,-0.377846,2.284203,0.007342,0.008656,9596.325489,6086.607323,1.002177
"theta_t[axis1, amazon.nova-lite-v1:0]",-1.499802,0.12851,-1.741054,-1.258412,0.001672,0.001532,5946.003894,5182.548108,1.000217
"theta_t[axis1, amazon.nova-micro-v1:0]",-1.907934,0.150657,-2.19671,-1.629999,0.00251,0.001689,3674.855094,4956.422776,1.000113
"theta_t[axis1, amazon.nova-pro-v1:0]",-1.23147,0.120662,-1.467516,-1.013482,0.001373,0.001638,7741.242139,5838.881821,0.999984
"theta_t[axis1, c4ai-command-r-08-2024]",-1.888738,0.193428,-2.280042,-1.543763,0.00274,0.002776,5043.828446,4769.994076,1.00074
"theta_t[axis1, c4ai-command-r-plus-08-2024]",-1.788274,0.172727,-2.124781,-1.476406,0.002749,0.002459,4191.500353,3852.390469,1.000474
"theta_t[axis1, chatgpt-4o-01-29-2025]",0.030926,0.400827,-0.708936,0.819346,0.005615,0.007269,5649.137812,4180.209955,1.000707
"theta_t[axis1, chutes/Llama-4-Scout-17B-16E Instruct]",-0.692935,0.381353,-1.418247,-0.009176,0.004911,0.006224,6460.850451,4656.501197,1.000667
"theta_t[axis1, claude-2.0]",-1.504707,0.349676,-2.155532,-0.873022,0.004268,0.005343,8150.445414,4835.806349,1.001635
"theta_t[axis1, claude-2.1]",-1.817105,0.284743,-2.357956,-1.296054,0.003256,0.003479,8261.793115,5470.710015,1.000409
"theta_t[axis1, claude-3-5-haiku-20241022]",-1.172182,0.136223,-1.43321,-0.924824,0.001909,0.001612,5124.634466,5535.162492,1.000914
"theta_t[axis1, claude-3-5-sonnet-20240620]",-0.645859,0.10903,-0.847273,-0.439782,0.001326,0.001184,6797.365405,6097.493506,1.000104
"theta_t[axis1, claude-3-5-sonnet-20241022]",-0.594655,0.091478,-0.771299,-0.425715,0.001229,0.000984,5552.682578,5407.899434,1.000697
"theta_t[axis1, claude-3-7-sonnet-20250219]",-0.24785,0.102626,-0.442359,-0.056904,0.0022,0.00112,2170.88681,4015.653871,1.001159
"theta_t[axis1, claude-3-7-sonnet-20250219_15K]",-0.113684,0.720524,-1.412437,1.284533,0.007563,0.008687,9141.042779,5996.989996,0.999914
"theta_t[axis1, claude-3-7-sonnet-20250219_16K]",-0.075522,0.147858,-0.35718,0.200183,0.001644,0.001747,8123.867409,5807.527449,1.000554
"theta_t[axis1, claude-3-7-sonnet-20250219_32K]",-0.177613,0.278099,-0.700527,0.338292,0.002823,0.00458,10570.068014,4769.22992,1.000588
"theta_t[axis1, claude-3-7-sonnet-20250219_64K]",-0.089547,0.278405,-0.638752,0.403729,0.002918,0.00448,10015.950509,4899.48428,1.00101
"theta_t[axis1, claude-3-7-sonnet-20250219_8K]",-0.206291,0.379758,-0.970323,0.4844,0.005615,0.007044,5274.952507,3249.058314,1.000495
"theta_t[axis1, claude-3-7-sonnet-20250219_unknown]",-0.108419,0.158982,-0.417672,0.169816,0.00169,0.00177,9007.695537,6448.200125,1.000238
"theta_t[axis1, claude-3-haiku-20240307]",-1.596299,0.187587,-1.940869,-1.248317,0.002102,0.00212,8102.523003,6340.874351,1.000374
"theta_t[axis1, claude-3-opus-20240229]",-1.023547,0.093507,-1.205901,-0.85597,0.001075,0.001118,7615.399944,6113.595995,1.000484
"theta_t[axis1, claude-3-sonnet-20240229]",-1.418816,0.159168,-1.722979,-1.130812,0.001873,0.001915,7311.282573,6185.264166,0.999979
"theta_t[axis1, claude-fable-5]",1.669466,0.202553,1.279225,2.038557,0.002856,0.002297,5061.942739,5218.564159,1.000514
"theta_t[axis1, claude-fable-5_high]",1.64034,0.100861,1.462871,1.841184,0.001292,0.001118,6188.696613,5444.081302,1.001696
"theta_t[axis1, claude-fable-5_low]",1.18207,0.171934,0.869259,1.512464,0.001961,0.002053,7704.111257,5094.991796,1.000921
"theta_t[axis1, claude-fable-5_max]",1.707253,0.075409,1.565932,1.84778,0.001165,0.000759,4183.143495,5045.513044,1.000737
"theta_t[axis1, claude-fable-5_medium]",1.381188,0.211432,1.001582,1.800162,0.002429,0.00325,8054.633042,5507.811783,1.000396
"theta_t[axis1, claude-fable-5_unknown]",1.737469,0.222402,1.336998,2.174004,0.003177,0.003237,4966.807258,4469.734947,1.000741
"theta_t[axis1, claude-fable-5_xhigh]",1.653311,0.155804,1.370445,1.954481,0.001804,0.001899,7609.219634,5858.808114,1.000266
"theta_t[axis1, claude-haiku-4-5-20251001]",-0.352312,0.172364,-0.678553,-0.028406,0.001832,0.002178,8859.730367,5532.221445,0.999831
"theta_t[axis1, claude-haiku-4-5-20251001_16K]",-0.05165,0.248776,-0.520751,0.408724,0.002597,0.003212,9374.910419,5702.765419,1.001523
"theta_t[axis1, claude-haiku-4-5-20251001_32K]",-0.009167,0.244147,-0.487954,0.443569,0.002384,0.003201,10602.764389,5514.355796,1.00157
"theta_t[axis1, claude-haiku-4-5-20251001_unknown]",-0.358876,0.267867,-0.893613,0.102452,0.003039,0.003631,8643.183113,4689.755243,1.001048
"theta_t[axis1, claude-mythos-preview-early]",1.529939,0.316446,0.968656,2.152861,0.003693,0.003863,7537.926563,5610.551119,1.000024
"theta_t[axis1, claude-opus-4-1-20250805]",0.086091,0.156665,-0.199156,0.385352,0.002316,0.001686,4585.752913,5902.86415,1.000179
"theta_t[axis1, claude-opus-4-1-20250805_16K]",0.118929,0.149017,-0.166525,0.383588,0.001603,0.001752,8702.448843,5945.329117,0.999857
"theta_t[axis1, claude-opus-4-1-20250805_24K]",0.184879,0.545635,-0.841962,1.174175,0.006404,0.006536,7779.981321,5574.030863,1.000392
"theta_t[axis1, claude-opus-4-1-20250805_27K]",0.127609,0.294138,-0.434381,0.670676,0.003254,0.004393,9158.440629,4753.0755,1.001123
"theta_t[axis1, claude-opus-4-1-20250805_32K]",-0.420226,0.134438,-0.669859,-0.1703,0.002197,0.001768,3908.304486,3857.04918,1.000372
"theta_t[axis1, claude-opus-4-1-20250805_unknown]",0.15882,0.161961,-0.135003,0.469234,0.001786,0.001886,8464.639329,5713.253111,1.000281
"theta_t[axis1, claude-opus-4-20250514]",-0.365932,0.186468,-0.720061,-0.011777,0.001922,0.002565,9564.233231,5543.823489,1.000561
"theta_t[axis1, claude-opus-4-20250514_16K]",0.047002,0.146457,-0.233995,0.316079,0.001489,0.001806,9666.872004,5831.435258,1.000096
"theta_t[axis1, claude-opus-4-20250514_27K]",0.031772,0.289465,-0.490768,0.599492,0.003393,0.004349,7995.789282,4954.348633,1.000887
"theta_t[axis1, claude-opus-4-20250514_32K]",-0.658447,0.728368,-2.038,0.743447,0.007831,0.008734,8736.305494,5814.128227,1.000362
"theta_t[axis1, claude-opus-4-20250514_unknown]",0.018476,0.126034,-0.21526,0.259889,0.001283,0.001442,9780.610715,6085.757606,1.000434
"theta_t[axis1, claude-opus-4-5-20251101]",0.325981,0.160843,0.022668,0.62857,0.002534,0.00171,4091.884356,5339.135732,1.00027
"theta_t[axis1, claude-opus-4-5-20251101_128K]",0.797585,0.366756,0.06614,1.366851,0.00685,0.009157,4050.901762,2823.464473,1.001463
"theta_t[axis1, claude-opus-4-5-20251101_16K]",0.668338,0.171841,0.358535,1.002277,0.001859,0.001926,8616.233002,6275.676301,1.000505
"theta_t[axis1, claude-opus-4-5-20251101_32K]",0.25655,0.081555,0.107019,0.412763,0.001071,0.00096,5877.339478,5241.249117,1.000204
"theta_t[axis1, claude-opus-4-5-20251101_48K]",0.24478,0.550916,-0.871978,1.201361,0.006662,0.007319,7395.621948,5266.248568,1.001215
"theta_t[axis1, claude-opus-4-5-20251101_high]",0.546345,0.416735,-0.206039,1.374947,0.004983,0.005563,7177.043351,4970.22602,1.000429
"theta_t[axis1, claude-opus-4-5-20251101_unknown]",0.659318,0.10997,0.444883,0.857896,0.001148,0.001256,9289.272233,5823.974779,1.000566
"theta_t[axis1, claude-opus-4-6]",0.437188,0.1222,0.210864,0.664326,0.001326,0.001397,8513.11521,5775.816203,1.000689
"theta_t[axis1, claude-opus-4-6_120K]",-0.090312,0.586753,-1.16097,0.985703,0.006425,0.007211,9102.939366,5244.810857,1.000247
"theta_t[axis1, claude-opus-4-6_32K]",0.643708,0.262934,0.150628,1.12414,0.002796,0.00333,9245.729738,5778.505837,1.000468
"theta_t[axis1, claude-opus-4-6_64K]",0.589349,0.24185,0.151129,1.053971,0.002406,0.002865,10672.222461,5984.715634,1.000024
"theta_t[axis1, claude-opus-4-6_high]",1.145977,0.198471,0.781411,1.519633,0.001885,0.002491,11197.421778,5983.47607,1.000303
"theta_t[axis1, claude-opus-4-6_low]",-0.821915,0.575202,-1.899331,0.226038,0.00644,0.006879,8394.385165,5752.617488,1.000215
"theta_t[axis1, claude-opus-4-6_max]",0.873971,0.059997,0.760386,0.986548,0.00086,0.000631,4889.555109,5533.780009,1.000462
"theta_t[axis1, claude-opus-4-6_unknown]",1.041857,0.137869,0.78118,1.296413,0.001865,0.001653,5576.1017,5740.554084,0.999878
"theta_t[axis1, claude-opus-4-7]",0.802684,0.234508,0.357644,1.248263,0.002887,0.002763,6606.757348,5591.295343,1.001027
"theta_t[axis1, claude-opus-4-7_high]",1.099544,0.155088,0.802041,1.386216,0.001783,0.002047,7627.12155,5424.36096,1.000098
"theta_t[axis1, claude-opus-4-7_low]",0.542334,0.176412,0.20536,0.865021,0.002475,0.002442,5336.646523,4631.826735,1.000601
"theta_t[axis1, claude-opus-4-7_max]",1.060165,0.060648,0.944949,1.171663,0.000921,0.000705,4394.640636,4805.174697,1.000462
"theta_t[axis1, claude-opus-4-7_medium]",0.755216,0.183635,0.409874,1.097706,0.002369,0.00233,6079.461285,4895.976869,1.000073
"theta_t[axis1, claude-opus-4-7_unknown]",1.02377,0.12832,0.786182,1.269245,0.001534,0.001399,7036.025002,5761.181417,1.000079
"theta_t[axis1, claude-opus-4-7_xhigh]",1.151242,0.155764,0.865282,1.454781,0.001628,0.001756,9197.805723,5997.048261,1.000074
"theta_t[axis1, claude-opus-4-8_high]",1.117773,0.115839,0.905033,1.339769,0.001321,0.00128,7721.643879,5794.801505,1.000214
"theta_t[axis1, claude-opus-4-8_low]",0.922013,0.120755,0.697854,1.142343,0.001345,0.001524,8297.965493,5495.279332,0.999705
"theta_t[axis1, claude-opus-4-8_max]",1.333844,0.061027,1.216485,1.445305,0.00085,0.000691,5179.562935,4970.54029,1.000167
"theta_t[axis1, claude-opus-4-8_medium]",1.005167,0.119274,0.781632,1.23299,0.0013,0.001546,8423.187371,5136.060327,1.000238
"theta_t[axis1, claude-opus-4-8_none]",0.658135,0.145482,0.371928,0.92364,0.001507,0.001662,9357.164655,5777.410399,1.000217
"theta_t[axis1, claude-opus-4-8_unknown]",1.164722,0.230327,0.709184,1.569273,0.00368,0.003361,4437.831878,3232.978058,1.000682
"theta_t[axis1, claude-opus-4-8_xhigh]",1.209589,0.097024,1.031685,1.394357,0.001157,0.001159,6999.156389,5186.489332,1.0004
"theta_t[axis1, claude-opus-5]",1.382794,0.205667,0.998364,1.769004,0.002189,0.002372,8982.503213,5879.11062,1.00019
"theta_t[axis1, claude-opus-5_high]",1.584125,0.111356,1.380941,1.796551,0.001378,0.001273,6590.743548,5339.468083,1.000447
"theta_t[axis1, claude-opus-5_low]",1.190179,0.144034,0.933151,1.47743,0.001625,0.001668,7936.279868,5577.726052,1.000389
"theta_t[axis1, claude-opus-5_max]",1.615529,0.070036,1.490221,1.752186,0.001142,0.000691,3797.539594,5881.802905,1.001304
"theta_t[axis1, claude-opus-5_medium]",1.476083,0.144381,1.204174,1.7507,0.001566,0.001615,8501.726566,5959.821062,1.000515
"theta_t[axis1, claude-opus-5_unknown]",1.021944,0.572289,-0.12769,1.981642,0.007998,0.008209,5893.541478,4466.971058,1.000071
"theta_t[axis1, claude-opus-5_xhigh]",1.572778,0.11366,1.357898,1.781303,0.001293,0.001287,7766.558007,5651.950655,1.000343
"theta_t[axis1, claude-sonnet-4-20250514]",-0.377233,0.145156,-0.648177,-0.104932,0.001927,0.00174,5742.763672,4583.312432,1.000978
"theta_t[axis1, claude-sonnet-4-20250514_16K]",0.004192,0.148375,-0.276311,0.280475,0.001631,0.001767,8317.363212,5389.64071,1.000168
"theta_t[axis1, claude-sonnet-4-20250514_32K]",-0.028008,0.270898,-0.536847,0.500431,0.002803,0.003912,9510.423575,5050.007527,1.000618
"theta_t[axis1, claude-sonnet-4-20250514_59K]",0.13305,0.297693,-0.39305,0.71638,0.003658,0.004662,7424.367978,4884.804509,1.000306
"theta_t[axis1, claude-sonnet-4-20250514_unknown]",-0.208899,0.154053,-0.511001,0.06337,0.001648,0.001882,9116.689068,5630.734763,1.000244
"theta_t[axis1, claude-sonnet-4-5-20250929]",-0.07982,0.160627,-0.366018,0.234573,0.002025,0.001775,6310.900661,5853.803024,0.999881
"theta_t[axis1, claude-sonnet-4-5-20250929_16K]",0.226949,0.14869,-0.049879,0.507516,0.001505,0.001653,9810.323938,5944.61254,1.000214
"theta_t[axis1, claude-sonnet-4-5-20250929_32K]",0.001245,0.091821,-0.183209,0.16533,0.001252,0.001037,5375.365416,5697.016841,1.000782
"theta_t[axis1, claude-sonnet-4-5-20250929_48K]",-0.058073,0.553881,-1.133636,0.919454,0.006404,0.006958,7962.520808,5037.43576,1.0001
"theta_t[axis1, claude-sonnet-4-5-20250929_59K]",0.338962,0.333081,-0.284781,0.942668,0.004262,0.005809,7649.13328,4084.28934,1.000365
"theta_t[axis1, claude-sonnet-4-5-20250929_unknown]",0.203609,0.12258,-0.038668,0.422259,0.001329,0.001444,8725.207221,5387.821009,0.999958
"theta_t[axis1, claude-sonnet-4-6]",0.275463,0.326428,-0.316185,0.921191,0.004056,0.004298,6771.516463,5381.526603,1.000401
"theta_t[axis1, claude-sonnet-4-6_32K]",0.406811,0.255534,-0.075229,0.88342,0.002461,0.003296,11123.142268,5871.056476,1.000273
"theta_t[axis1, claude-sonnet-4-6_high]",0.5024,0.127177,0.259044,0.735872,0.001735,0.00146,5493.973773,4917.121949,0.999884
"theta_t[axis1, claude-sonnet-4-6_low]",-0.11494,0.562028,-1.194384,0.900132,0.006385,0.006905,8100.909178,5867.109704,1.00047
"theta_t[axis1, claude-sonnet-4-6_max]",0.489593,0.141889,0.206931,0.740217,0.001975,0.00154,5281.915293,5192.819557,1.000875
"theta_t[axis1, claude-sonnet-4-6_medium]",0.497222,0.128622,0.254068,0.735886,0.001512,0.001462,7256.955396,5767.092953,1.000244
"theta_t[axis1, claude-sonnet-4-6_unknown]",0.214723,0.513739,-0.743892,1.150781,0.005699,0.006249,8627.662542,5281.908353,1.001285
"theta_t[axis1, claude-sonnet-5_high]",0.655538,0.14143,0.394994,0.923008,0.001725,0.001568,6856.494375,5710.57157,1.000178
"theta_t[axis1, claude-sonnet-5_low]",0.539306,0.212231,0.131728,0.926115,0.002596,0.002754,6978.107934,5118.951164,1.000851
"theta_t[axis1, claude-sonnet-5_max]",1.001328,0.065743,0.884638,1.129172,0.000978,0.00076,4618.520277,4132.571739,1.000039
"theta_t[axis1, claude-sonnet-5_medium]",0.65657,0.158448,0.355039,0.957368,0.001932,0.001831,6736.500919,5606.763002,0.999916
"theta_t[axis1, claude-sonnet-5_unknown]",1.120448,0.218963,0.719073,1.542492,0.002571,0.003366,7844.564333,5176.271114,1.000765
"theta_t[axis1, claude-sonnet-5_xhigh]",1.029387,0.126375,0.798095,1.277752,0.001328,0.001533,9086.194693,5670.219752,1.000033
"theta_t[axis1, cogito-671b-v2.1]",-0.690223,0.454516,-1.572507,0.086407,0.005332,0.005813,8692.664972,4994.443672,1.000223
"theta_t[axis1, command-a-plus-05-2026]",-0.549706,0.460284,-1.405552,0.276349,0.0056,0.005983,7702.614508,5193.256507,1.000653
"theta_t[axis1, davinci-002]",-2.21818,0.310747,-2.801119,-1.647026,0.003678,0.003632,7163.380482,5919.669601,1.000633
"theta_t[axis1, deepseek-chat]",-0.468573,0.259454,-0.962888,-0.010408,0.003111,0.003906,7701.210185,4820.355896,1.000119
"theta_t[axis1, deepseek-reasoner]",0.468613,0.254428,0.021708,0.972562,0.002547,0.003219,10168.037676,5635.517094,1.000547
"theta_t[axis1, deepseek-v3.2]",-0.155016,0.319163,-0.760771,0.412071,0.004107,0.004626,6934.033354,3565.014627,1.000996
"theta_t[axis1, deepseek-v4-flash-0731_high]",0.389089,0.248178,-0.075715,0.857344,0.002531,0.003386,9653.038531,5817.063644,1.000604
"theta_t[axis1, deepseek-v4-flash-0731_max]",0.797734,0.06937,0.672602,0.932206,0.000873,0.000776,6364.938812,5794.345519,1.00055
"theta_t[axis1, deepseek-v4-flash_high]",0.02157,0.22848,-0.393857,0.462606,0.002166,0.002567,11260.931463,6132.153221,1.00036
"theta_t[axis1, deepseek-v4-flash_max]",0.176964,0.240312,-0.288271,0.620418,0.002309,0.002899,10900.755855,5948.286237,1.000181
"theta_t[axis1, deepseek-v4-pro_high]",0.330052,0.134363,0.068749,0.570575,0.001702,0.001569,6297.469212,5673.917351,1.000419
"theta_t[axis1, deepseek-v4-pro_max]",0.423031,0.070645,0.287218,0.555022,0.001021,0.000805,4952.821595,4806.903969,1.000475
"theta_t[axis1, deepseek-v4-pro_none]",-0.254992,0.22526,-0.679003,0.171485,0.002771,0.002957,6639.707405,5307.430704,1.000125
"theta_t[axis1, deepseek-v4-pro_unknown]",-1.244234,0.734987,-2.662134,0.101318,0.007573,0.008798,9446.819029,6247.797199,0.999991
"theta_t[axis1, devstral-small-2512]",-0.691256,0.454829,-1.573044,0.082023,0.005223,0.005779,8696.640193,5222.448124,1.001701
"theta_t[axis1, gdm-ai-co-mathematician]",1.593346,0.124312,1.366814,1.827947,0.001639,0.001644,6141.782188,4800.055615,1.001181
"theta_t[axis1, gemini-1.0-pro-001]",-2.004529,0.231309,-2.46237,-1.596043,0.002589,0.002485,7998.463662,5989.594941,1.000177
"theta_t[axis1, gemini-1.5-flash-001]",-1.558486,0.375343,-2.285467,-0.89934,0.004593,0.004723,7574.756182,5066.44696,1.000482
"theta_t[axis1, gemini-1.5-flash-002]",-0.817029,0.176869,-1.14954,-0.499014,0.001705,0.002153,11058.115758,6411.814422,1.000434
"theta_t[axis1, gemini-1.5-flash-8b-001]",-1.369235,0.354227,-2.069963,-0.793223,0.00421,0.005364,8428.413789,4614.23313,1.000311
"theta_t[axis1, gemini-1.5-pro-001]",-1.200062,0.149075,-1.475097,-0.911324,0.001535,0.001588,9540.159421,6408.533245,0.999846
"theta_t[axis1, gemini-1.5-pro-002]",-0.753528,0.141014,-1.017534,-0.48671,0.001436,0.001757,9769.824754,5082.221248,0.999948
"theta_t[axis1, gemini-2.0-flash-001]",-0.566253,0.102926,-0.749706,-0.361293,0.001313,0.001127,6164.046193,5944.41229,1.000705
"theta_t[axis1, gemini-2.0-flash-exp]",-0.589223,0.130571,-0.821676,-0.332997,0.001859,0.001683,5261.772349,4914.197384,0.999878
"theta_t[axis1, gemini-2.0-flash-lite]",-0.859229,0.133625,-1.109058,-0.605208,0.001608,0.001952,7116.330412,4767.013973,1.00016
"theta_t[axis1, gemini-2.0-flash-lite-001]",-0.583496,0.737296,-1.951936,0.822889,0.007214,0.00867,10442.539917,6066.230769,1.000036
"theta_t[axis1, gemini-2.0-flash-lite-preview-02-05]",-0.864491,0.162884,-1.180399,-0.548764,0.002186,0.002737,5730.440039,4219.630984,1.000914
"theta_t[axis1, gemini-2.0-flash-thinking-exp-01-21]",-0.344145,0.098126,-0.523617,-0.160532,0.001123,0.001128,7624.335156,6425.018309,1.000852
"theta_t[axis1, gemini-2.0-pro-exp-02-05]",-0.456895,0.115929,-0.682026,-0.246253,0.001306,0.001418,7908.633688,5487.678009,0.999965
"theta_t[axis1, gemini-2.5-flash]",-0.317573,0.238197,-0.781547,0.095268,0.002609,0.002799,8557.750192,5458.871989,1.001273
"theta_t[axis1, gemini-2.5-flash-lite-preview-06-17-thinking]",-0.547017,0.219125,-0.942709,-0.107918,0.002291,0.002787,9230.265046,5500.278591,1.000376
"theta_t[axis1, gemini-2.5-flash-lite-preview-06-17_16K]",-0.36072,0.259226,-0.833211,0.142107,0.002607,0.003276,10118.674002,5227.518962,1.001059
"theta_t[axis1, gemini-2.5-flash-preview-04-17]",0.018863,0.153087,-0.261301,0.306489,0.001547,0.001794,9761.501243,5892.125603,1.000076
"theta_t[axis1, gemini-2.5-flash-preview-04-17_16K]",-0.154039,0.259511,-0.639222,0.332353,0.002504,0.003217,10907.957533,5974.753002,1.000347
"theta_t[axis1, gemini-2.5-flash-preview-05-20]",-0.023883,0.129786,-0.265179,0.224707,0.001394,0.001441,8707.303611,6052.93742,0.999902
"theta_t[axis1, gemini-2.5-flash-preview-05-20_16K]",-0.156905,0.257089,-0.648029,0.310967,0.002538,0.003039,10345.84858,5919.79212,1.000587
"theta_t[axis1, gemini-2.5-flash-preview-09-2025_16k]",-0.125885,0.26378,-0.625475,0.367619,0.002673,0.003761,10097.671296,5937.389791,1.001495
"theta_t[axis1, gemini-2.5-pro]",-0.049996,0.083732,-0.213428,0.099398,0.001321,0.000888,4028.946668,5197.116916,1.000952
"theta_t[axis1, gemini-2.5-pro-exp-03-25]",0.333547,0.105136,0.130253,0.529965,0.001168,0.001282,8103.649168,5430.34169,1.000633
"theta_t[axis1, gemini-2.5-pro-preview-03-25]",0.235503,0.380511,-0.419097,1.013447,0.005244,0.005843,6067.288411,4538.907654,1.000633
"theta_t[axis1, gemini-2.5-pro-preview-05-06]",0.151737,0.136955,-0.106803,0.403542,0.001479,0.00156,8641.475372,5649.717264,1.000404
"theta_t[axis1, gemini-2.5-pro-preview-06-05]",0.25211,0.126094,0.010609,0.479731,0.001441,0.001453,7709.467594,5711.068367,1.000351
"theta_t[axis1, gemini-2.5-pro_16K]",0.284586,0.257833,-0.184154,0.797204,0.002627,0.00392,9901.582598,5321.098542,1.00006
"theta_t[axis1, gemini-3-deep-think-preview]",1.386059,0.215337,0.966124,1.774936,0.002551,0.003048,7478.67034,4602.092759,1.000611
"theta_t[axis1, gemini-3-flash-preview]",0.608227,0.067055,0.484519,0.735684,0.000927,0.000868,5397.173759,4347.40767,1.000971
"theta_t[axis1, gemini-3-flash-preview_high]",0.827544,0.248002,0.368422,1.287348,0.002693,0.002954,8876.395402,5704.558587,1.000968
"theta_t[axis1, gemini-3-flash-preview_low]",0.464579,0.539941,-0.532298,1.451215,0.006729,0.008903,7364.375409,4913.101773,1.000326
"theta_t[axis1, gemini-3-flash-preview_minimal]",0.406744,0.537208,-0.584474,1.382487,0.007248,0.007846,6073.116746,4667.628093,1.00091
"theta_t[axis1, gemini-3-pro-preview]",0.738604,0.085197,0.571813,0.891461,0.00118,0.000941,5223.647143,5190.405846,1.001631
"theta_t[axis1, gemini-3.1-flash-lite]",-0.050018,0.127331,-0.289419,0.182546,0.001294,0.001331,9726.068712,6161.963038,1.000656
"theta_t[axis1, gemini-3.1-flash-lite_high]",0.248903,0.2132,-0.149317,0.659419,0.00217,0.002699,10048.793527,5188.813631,1.000165
"theta_t[axis1, gemini-3.1-flash-lite_low]",-0.22086,0.263523,-0.69837,0.285309,0.00267,0.003322,9910.921615,5326.702742,1.000394
"theta_t[axis1, gemini-3.1-flash-lite_minimal]",-0.341947,0.26439,-0.843317,0.172708,0.00271,0.003631,9761.007851,5531.469173,1.000265
"theta_t[axis1, gemini-3.1-pro-preview]",0.933479,0.05953,0.818444,1.041442,0.000931,0.000612,4086.970084,5612.163993,1.000207
"theta_t[axis1, gemini-3.1-pro-preview_high]",0.502293,0.161369,0.211275,0.81395,0.002345,0.001757,4735.694368,5844.305739,1.0004
"theta_t[axis1, gemini-3.1-pro-preview_low]",0.613301,0.52327,-0.43754,1.541046,0.006142,0.007367,7970.910159,4536.158158,1.001232
"theta_t[axis1, gemini-3.1-pro-preview_medium]",0.773534,0.519642,-0.275185,1.680583,0.006524,0.007531,6837.867109,4931.96614,1.000506
"theta_t[axis1, gemini-3.5-flash-lite]",-0.330808,0.34213,-1.003769,0.24358,0.004271,0.004741,7388.843042,4467.405823,1.000376
"theta_t[axis1, gemini-3.5-flash-lite_high]",-0.006447,0.175375,-0.333091,0.330579,0.001724,0.002165,10379.174843,6100.873713,1.000092
"theta_t[axis1, gemini-3.5-flash-lite_low]",0.027788,0.240607,-0.394213,0.512376,0.002495,0.003013,9466.039547,5394.323017,1.000555
"theta_t[axis1, gemini-3.5-flash-lite_minimal]",-0.176159,0.233678,-0.606068,0.281043,0.002354,0.003101,10003.852973,5739.019029,1.001059
"theta_t[axis1, gemini-3.5-flash_high]",0.908065,0.061301,0.797786,1.028961,0.000814,0.000696,5722.25415,5229.405621,1.000241
"theta_t[axis1, gemini-3.5-flash_low]",0.858412,0.288026,0.298638,1.375728,0.002961,0.003414,9843.440076,5581.974195,0.99997
"theta_t[axis1, gemini-3.5-flash_medium]",0.602596,0.161903,0.307162,0.912088,0.001986,0.002024,6689.021215,5703.549532,1.00013
"theta_t[axis1, gemini-3.5-flash_minimal]",0.666593,0.367117,0.002453,1.368783,0.004111,0.004478,8844.211751,5600.19743,1.000337
"theta_t[axis1, gemini-3.5-flash_unknown]",0.680559,0.180284,0.348219,1.033708,0.002166,0.002373,7110.227372,5088.100089,1.000315
"theta_t[axis1, gemini-3.6-flash_high]",0.803873,0.065794,0.682333,0.933159,0.000835,0.000786,6217.193044,5516.447637,1.000238
"theta_t[axis1, gemini-3.6-flash_low]",0.625333,0.284596,0.113689,1.169613,0.003194,0.003499,8274.145887,5978.367042,1.00096
"theta_t[axis1, gemini-3.6-flash_minimal]",0.555356,0.270437,0.076962,1.081393,0.002863,0.003101,9030.362848,6093.510581,1.000661
"theta_t[axis1, gemini-3.6-flash_unknown]",1.000349,0.261373,0.513453,1.488186,0.002916,0.003371,8370.627558,5374.453371,1.000342
"theta_t[axis1, gemini-exp-1206]",-0.441737,0.169196,-0.744841,-0.115512,0.00265,0.003381,4565.981461,3478.069667,1.000674
"theta_t[axis1, gemini-robotics-er-1.6-preview]",-0.488105,0.557068,-1.541662,0.512,0.006431,0.007247,8100.890342,5522.027588,0.999983
"theta_t[axis1, gemma-2-27b-it]",-1.487502,0.1543,-1.784688,-1.212628,0.002327,0.002181,4661.532662,3953.302309,1.000874
"theta_t[axis1, gemma-2-9b-it]",-1.846662,0.174277,-2.166082,-1.505158,0.002359,0.00218,5638.271624,5117.823753,1.001634
"theta_t[axis1, gemma-3-12b-it]",-0.69406,0.455392,-1.590569,0.080934,0.005521,0.005822,7812.079847,5368.394379,1.000101
"theta_t[axis1, gemma-3-27b-it]",-0.957385,0.138133,-1.21812,-0.697163,0.001743,0.001801,6399.70221,4864.67115,1.001454
"theta_t[axis1, gemma-4-26b-a4b]",-0.450673,0.227898,-0.864778,-0.000294,0.002253,0.002854,10777.382246,5488.32833,1.001592
"theta_t[axis1, gemma-4-31b-it]",0.131092,0.205314,-0.25457,0.517192,0.002049,0.002618,10268.805412,5558.595839,0.99998
"theta_t[axis1, gemma-4-31b-it_minimal]",0.045951,0.231885,-0.360507,0.502562,0.002432,0.002996,9138.140665,4855.721293,1.000073
"theta_t[axis1, gemma-4-31b-it_none]",-0.147002,0.265327,-0.615769,0.351901,0.004031,0.004852,4935.230693,4416.920191,1.001064
"theta_t[axis1, glm-4.5]",-0.317307,0.287163,-0.853241,0.198368,0.003901,0.005272,6715.150989,4516.19766,1.000197
"theta_t[axis1, glm-4.5_thinking]",-0.172241,0.256883,-0.621839,0.339579,0.002663,0.003043,9439.368692,6144.319467,0.999738
"theta_t[axis1, glm-4.6]",-0.486266,0.358498,-1.196491,0.130931,0.004121,0.00496,8543.253933,4720.858857,1.00018
"theta_t[axis1, glm-4.7]",0.095959,0.144962,-0.16823,0.370888,0.001558,0.001878,8995.174379,5336.8778,1.00079
"theta_t[axis1, glm-5]",0.236802,0.158558,-0.055382,0.53713,0.001508,0.002061,11060.028759,5803.267289,1.000939
"theta_t[axis1, glm-5.1]",0.565822,0.130674,0.323521,0.817884,0.001266,0.001491,10649.583084,5931.445247,1.000296
"theta_t[axis1, glm-5.2_high]",0.63973,0.110233,0.437626,0.854961,0.001374,0.001299,6428.560086,5681.728172,1.000512
"theta_t[axis1, glm-5.2_max]",0.861218,0.060892,0.749788,0.978128,0.000807,0.000658,5703.214501,5425.313238,1.000211
"theta_t[axis1, glm-5.2_none]",0.262721,0.285216,-0.273647,0.764014,0.00415,0.004289,5827.63271,3959.075809,1.0
"theta_t[axis1, glm-5.2_unknown]",1.125737,0.241747,0.675252,1.582398,0.002477,0.002805,9552.169909,5849.801195,1.00027
"theta_t[axis1, gpt-3.5-turbo-0125]",-2.267543,0.335931,-2.92601,-1.68803,0.003841,0.004221,8362.345443,5081.120926,1.000349
"theta_t[axis1, gpt-3.5-turbo-instruct]",-1.8596,0.27964,-2.402719,-1.361055,0.003032,0.003267,8554.619067,5683.115963,1.000241
"theta_t[axis1, gpt-4-0125-preview]",-1.1088,0.251257,-1.57826,-0.636287,0.002871,0.003406,8095.875091,5723.548608,1.001157
"theta_t[axis1, gpt-4-0314]",-1.371895,0.198291,-1.745633,-0.98799,0.002348,0.002397,7445.512135,5595.650252,1.000258
"theta_t[axis1, gpt-4-0613]",-1.43854,0.1399,-1.715304,-1.190583,0.001792,0.001519,6117.336371,5312.347196,1.001199
"theta_t[axis1, gpt-4-1106-preview]",-0.858321,0.243442,-1.332744,-0.413891,0.002801,0.003,7601.333513,5722.423858,1.000535
"theta_t[axis1, gpt-4-turbo]",-1.1208,0.197233,-1.49327,-0.754269,0.002726,0.002221,5236.233027,5482.9353,1.000626
"theta_t[axis1, gpt-4-turbo-2024-04-09]",-1.165956,0.140119,-1.434856,-0.913298,0.001519,0.001635,8675.800571,5349.515156,1.000708
"theta_t[axis1, gpt-4.1-2025-04-14]",-0.299888,0.118319,-0.529016,-0.085688,0.001257,0.001326,8809.414727,6375.392324,1.000595
"theta_t[axis1, gpt-4.1-mini-2025-04-14]",-0.359044,0.136983,-0.626239,-0.107541,0.001398,0.001635,9791.700115,5482.42847,1.000665
"theta_t[axis1, gpt-4.1-nano-2025-04-14]",-0.978693,0.186685,-1.326973,-0.629955,0.002236,0.002345,7272.950657,5148.010455,1.000086
"theta_t[axis1, gpt-4.5-preview-2025-02-27]",-0.316136,0.090333,-0.490923,-0.153441,0.000972,0.001118,8669.612587,5439.263953,1.001138
"theta_t[axis1, gpt-4o-2024-05-13]",-0.822047,0.172587,-1.155174,-0.506709,0.002188,0.002006,6230.114521,5699.585984,1.000291
"theta_t[axis1, gpt-4o-2024-08-06]",-0.926238,0.098721,-1.113521,-0.744756,0.001511,0.001157,4347.118707,4666.458014,1.0012
"theta_t[axis1, gpt-4o-2024-11-20]",-0.944496,0.093358,-1.117239,-0.769014,0.001088,0.001066,7374.694655,5910.301634,1.000508
"theta_t[axis1, gpt-4o-mini-2024-07-18]",-1.310367,0.124363,-1.540909,-1.071009,0.001489,0.001514,7070.34789,5474.304718,1.000351
"theta_t[axis1, gpt-5-2025-08-07_high]",0.713923,0.059747,0.598761,0.821699,0.000748,0.000731,6445.653715,4947.497513,1.00015
"theta_t[axis1, gpt-5-2025-08-07_low]",0.403912,0.561744,-0.682302,1.42591,0.005892,0.007674,9758.609835,5001.42921,1.000937
"theta_t[axis1, gpt-5-2025-08-07_medium]",0.467574,0.130065,0.230349,0.719128,0.001575,0.001439,6886.474322,4933.663249,1.000528
"theta_t[axis1, gpt-5-2025-08-07_minimal]",-0.365572,0.213645,-0.771155,0.019352,0.002116,0.002795,10758.725347,5587.212144,1.001403
"theta_t[axis1, gpt-5-2025-08-07_unknown]",0.553997,0.130409,0.305929,0.790392,0.001328,0.001604,9855.487484,5532.70828,1.000571
"theta_t[axis1, gpt-5-chat]",-0.19644,0.254996,-0.664553,0.287117,0.002578,0.003024,9944.476959,5897.860395,1.000524
"theta_t[axis1, gpt-5-codex]",0.296759,0.250814,-0.17264,0.7738,0.002436,0.003197,10701.602505,5579.842723,1.000339
"theta_t[axis1, gpt-5-codex_high]",0.407022,0.208253,0.020365,0.794359,0.002105,0.002449,9853.735057,5504.723377,1.000811
"theta_t[axis1, gpt-5-mini-2025-08-07_high]",0.438494,0.075865,0.298774,0.584043,0.001416,0.000855,2909.506275,5135.529043,1.00086
"theta_t[axis1, gpt-5-mini-2025-08-07_low]",-0.137488,0.585107,-1.218177,0.939584,0.006376,0.008148,9215.994626,5588.872249,1.00133
"theta_t[axis1, gpt-5-mini-2025-08-07_medium]",0.170034,0.228776,-0.230429,0.623312,0.002714,0.003118,7611.212882,5204.809004,0.999955
"theta_t[axis1, gpt-5-mini-2025-08-07_minimal]",-0.188057,0.250449,-0.653291,0.290205,0.002517,0.003741,10091.417399,5069.519773,1.000376
"theta_t[axis1, gpt-5-mini-2025-08-07_unknown]",0.412557,0.143442,0.146668,0.675352,0.001546,0.00195,8851.851106,5482.38786,1.000481
"theta_t[axis1, gpt-5-nano-2025-08-07_high]",-0.075698,0.091303,-0.233609,0.111474,0.001196,0.001059,5828.482421,5460.259123,1.000634
"theta_t[axis1, gpt-5-nano-2025-08-07_low]",-0.481604,0.181182,-0.830192,-0.162613,0.001925,0.00211,8985.541784,5851.482369,1.000261
"theta_t[axis1, gpt-5-nano-2025-08-07_medium]",-0.192099,0.236293,-0.628366,0.258349,0.003622,0.002692,4257.910463,5303.636933,1.00014
"theta_t[axis1, gpt-5-nano-2025-08-07_minimal]",-0.670558,0.271992,-1.189202,-0.179231,0.003096,0.00388,8949.853656,4969.773031,1.001089
"theta_t[axis1, gpt-5-nano-2025-08-07_unknown]",-0.09072,0.718597,-1.46587,1.240279,0.006816,0.008926,11098.374617,5691.072428,0.99994
"theta_t[axis1, gpt-5-pro-2025-10-06_high]",0.712974,0.071109,0.583955,0.849482,0.000926,0.000886,5989.855657,5184.641669,1.000474
"theta_t[axis1, gpt-5-pro-2025-10-06_unknown]",0.889546,0.127875,0.645591,1.126434,0.001403,0.001426,8325.897418,5828.670468,0.999881
"theta_t[axis1, gpt-5.1-2025-11-13_high]",0.366977,0.123115,0.141072,0.604277,0.002151,0.00136,3261.510165,4768.952083,1.000669
"theta_t[axis1, gpt-5.1-2025-11-13_low]",0.02135,0.258397,-0.467055,0.510753,0.002579,0.003451,10326.432788,5511.587923,1.000634
"theta_t[axis1, gpt-5.1-2025-11-13_medium]",0.534163,0.336267,-0.068606,1.17042,0.004209,0.005165,7619.232912,4434.899539,1.001085
"theta_t[axis1, gpt-5.1-2025-11-13_none]",-0.472274,0.164875,-0.783706,-0.167427,0.001747,0.001943,9181.814872,5464.249907,0.999816
"theta_t[axis1, gpt-5.1-2025-11-13_unknown]",0.491107,0.147034,0.224322,0.768818,0.001713,0.001883,7723.371984,5245.066987,1.00056
"theta_t[axis1, gpt-5.1-codex]",0.534825,0.351786,-0.130665,1.175833,0.004403,0.005997,7379.686207,4753.208531,1.00033
"theta_t[axis1, gpt-5.1-codex-max]",0.464693,0.190396,0.090301,0.8039,0.002018,0.002376,8980.478054,5351.224381,1.000087
"theta_t[axis1, gpt-5.2-2025-12-11_high]",0.880812,0.163269,0.593962,1.206113,0.001728,0.001942,8938.862773,5821.73311,0.999917
"theta_t[axis1, gpt-5.2-2025-12-11_low]",0.250195,0.180704,-0.087732,0.591274,0.001793,0.002316,10344.807638,5431.47103,1.000045
"theta_t[axis1, gpt-5.2-2025-12-11_medium]",0.701622,0.171848,0.38428,1.02747,0.001755,0.002051,9744.23052,5780.84097,1.000469
"theta_t[axis1, gpt-5.2-2025-12-11_none]",0.087806,0.177463,-0.23158,0.435749,0.002028,0.002,7699.134207,6080.356542,1.000389
"theta_t[axis1, gpt-5.2-2025-12-11_unknown]",0.567726,0.112884,0.360178,0.778921,0.00124,0.001229,8514.165237,5665.277563,0.999785
"theta_t[axis1, gpt-5.2-2025-12-11_xhigh]",0.973062,0.063131,0.860353,1.094687,0.000749,0.000703,7115.056695,5559.944741,1.000043
"theta_t[axis1, gpt-5.2-codex]",0.745327,0.186481,0.410921,1.119265,0.002155,0.002409,7616.152105,5197.062898,1.000347
"theta_t[axis1, gpt-5.2-pro-2025-12-11_xhigh]",1.159738,0.073015,1.023202,1.295754,0.000913,0.000903,6431.769275,5314.354074,1.000935
"theta_t[axis1, gpt-5.3-codex]",1.060482,0.166554,0.751245,1.381279,0.001698,0.001989,9616.237572,6117.5235,1.000369
"theta_t[axis1, gpt-5.3-codex_xhigh]",1.244451,0.291453,0.724776,1.80863,0.002876,0.003626,11000.749067,5568.357397,1.000882
"theta_t[axis1, gpt-5.4-2026-03-05_high]",1.114896,0.310032,0.545708,1.69549,0.003113,0.003815,10462.960565,5564.27318,1.000754
"theta_t[axis1, gpt-5.4-2026-03-05_low]",0.468659,0.268618,0.007802,1.005638,0.002789,0.003347,9782.399817,5011.227385,1.000595
"theta_t[axis1, gpt-5.4-2026-03-05_medium]",1.005407,0.318309,0.456671,1.641855,0.00317,0.003887,10912.08039,5883.381471,1.000066
"theta_t[axis1, gpt-5.4-2026-03-05_none]",0.091641,0.185242,-0.244379,0.447344,0.001904,0.002185,9504.690878,5801.646382,1.000574
"theta_t[axis1, gpt-5.4-2026-03-05_unknown]",0.998495,0.198093,0.635377,1.375522,0.002129,0.002653,8688.088045,5774.039201,1.000241
"theta_t[axis1, gpt-5.4-2026-03-05_xhigh]",1.171687,0.055544,1.070472,1.279409,0.000801,0.000579,4811.652396,5699.722573,1.000602
"theta_t[axis1, gpt-5.4-mini-2026-03-17_high]",0.505213,0.188851,0.137249,0.842317,0.002077,0.002298,8493.793074,5112.54098,1.000311
"theta_t[axis1, gpt-5.4-mini-2026-03-17_none]",-0.518896,0.183917,-0.861063,-0.168805,0.001931,0.002201,9093.880376,5924.226291,1.000691
"theta_t[axis1, gpt-5.4-mini-2026-03-17_unknown]",0.525098,0.364743,-0.163553,1.165607,0.005297,0.005625,5474.686764,4343.457046,1.000182
"theta_t[axis1, gpt-5.4-mini-2026-03-17_xhigh]",0.582008,0.068687,0.454308,0.716159,0.000926,0.000766,5593.378139,5251.557772,1.000203
"theta_t[axis1, gpt-5.4-nano-2026-03-17_high]",0.459133,0.074554,0.318367,0.595319,0.001167,0.000906,4186.798258,4903.40302,1.000696
"theta_t[axis1, gpt-5.4-nano-2026-03-17_low]",0.141833,0.260527,-0.329308,0.647034,0.003042,0.003737,7992.722049,4860.012431,1.000423
"theta_t[axis1, gpt-5.4-nano-2026-03-17_none]",-0.339897,0.174505,-0.670129,-0.018523,0.001825,0.0023,9310.999461,5341.477666,0.99981
"theta_t[axis1, gpt-5.4-nano-2026-03-17_unknown]",0.161166,0.403436,-0.596313,0.892487,0.005479,0.006408,6509.62678,4125.857004,1.001068
"theta_t[axis1, gpt-5.4-nano-2026-03-17_xhigh]",0.648399,0.344478,-0.045935,1.207899,0.005015,0.007238,6238.200863,3738.325084,1.000127
"theta_t[axis1, gpt-5.4-pro-2026-03-05_none]",0.397864,0.257779,-0.083864,0.886485,0.002661,0.003591,9717.4512,5453.05244,1.000146
"theta_t[axis1, gpt-5.4-pro-2026-03-05_unknown]",1.172399,0.118736,0.940789,1.390296,0.001401,0.001288,7178.671589,6035.044424,1.000334
"theta_t[axis1, gpt-5.4-pro-2026-03-05_xhigh]",1.414427,0.081835,1.26897,1.575643,0.001175,0.001019,5011.451099,4402.210844,1.001164
"theta_t[axis1, gpt-5.5-codex]",0.913805,0.436989,0.041726,1.642981,0.008055,0.009283,3789.093369,3078.04335,1.000507
"theta_t[axis1, gpt-5.5-instant]",-0.692811,0.443798,-1.51496,0.096084,0.005134,0.00612,8743.921278,5173.890772,1.000064
"theta_t[axis1, gpt-5.5-pre-release_xhigh]",1.60462,0.322275,0.991889,2.206428,0.003393,0.003629,9524.067701,5254.456828,1.000547
"theta_t[axis1, gpt-5.5-pro-pre-release_xhigh]",1.772057,0.357029,1.12234,2.421847,0.003479,0.004464,11057.081621,5954.847984,1.001095
"theta_t[axis1, gpt-5.5-pro_xhigh]",1.638313,0.088769,1.47367,1.804632,0.001259,0.001062,5023.462075,5333.085357,1.000521
"theta_t[axis1, gpt-5.5_high]",1.397322,0.104908,1.206003,1.602371,0.001377,0.001206,5962.684157,5602.262832,0.99996
"theta_t[axis1, gpt-5.5_low]",0.559542,0.121016,0.317323,0.778617,0.001277,0.00153,9000.44033,5896.900349,1.000483
"theta_t[axis1, gpt-5.5_medium]",1.125075,0.107736,0.922512,1.326347,0.001173,0.001336,8495.963346,5700.442107,1.000073
"theta_t[axis1, gpt-5.5_none]",0.307939,0.163617,-0.006271,0.607974,0.00197,0.001868,6922.615613,5604.344865,1.000067
"theta_t[axis1, gpt-5.5_unknown]",1.210862,0.210858,0.813814,1.607603,0.002701,0.003138,6407.510149,4752.597586,1.000557
"theta_t[axis1, gpt-5.5_xhigh]",1.454073,0.065251,1.331067,1.574551,0.000926,0.000702,4985.338317,5425.307477,1.00041
"theta_t[axis1, gpt-5.6 (sol)]",1.149109,0.439593,0.276879,1.958477,0.004692,0.005756,9008.848806,5721.705421,1.000098
"theta_t[axis1, gpt-5.6-luna_high]",0.871382,0.150989,0.585549,1.153788,0.001748,0.001893,7707.402476,4657.407271,1.001181
"theta_t[axis1, gpt-5.6-luna_low]",-0.342853,0.199766,-0.73412,0.005962,0.002957,0.002557,4787.268542,4716.764601,1.000694
"theta_t[axis1, gpt-5.6-luna_max]",1.366466,0.068996,1.234644,1.495397,0.0009,0.000752,5909.789791,5802.907972,1.00048
"theta_t[axis1, gpt-5.6-luna_medium]",0.27096,0.16684,-0.054901,0.563433,0.002585,0.001938,4308.939693,4558.945592,1.000605
"theta_t[axis1, gpt-5.6-luna_none]",-0.534512,0.227634,-0.990335,-0.136157,0.002483,0.003288,9300.515688,5016.9415,1.001659
"theta_t[axis1, gpt-5.6-luna_unknown]",1.046236,0.305126,0.431366,1.591842,0.004075,0.005067,6238.526047,3856.808439,1.000543
"theta_t[axis1, gpt-5.6-luna_xhigh]",1.231795,0.145167,0.946556,1.49394,0.001562,0.001598,8710.968241,5893.637903,1.000217
"theta_t[axis1, gpt-5.6-sol_high]",1.561689,0.104564,1.376296,1.762793,0.001261,0.001122,6918.922767,6092.911691,1.000541
"theta_t[axis1, gpt-5.6-sol_low]",0.957276,0.14427,0.668231,1.214607,0.001468,0.0018,9707.034618,5577.534355,1.00033
"theta_t[axis1, gpt-5.6-sol_max]",1.670342,0.071826,1.536769,1.805081,0.001062,0.000771,4585.506866,5435.880555,1.000205
"theta_t[axis1, gpt-5.6-sol_medium]",1.31525,0.14702,1.036394,1.591927,0.00155,0.001695,9027.199563,6001.343337,0.999687
"theta_t[axis1, gpt-5.6-sol_none]",0.124132,0.225041,-0.298056,0.547933,0.002119,0.002791,11282.143881,6103.829501,1.000438
"theta_t[axis1, gpt-5.6-sol_promax]",1.687226,0.112356,1.479103,1.902333,0.001404,0.001329,6625.047762,5285.836163,1.000575
"theta_t[axis1, gpt-5.6-sol_unknown]",1.367816,0.297367,0.81494,1.922799,0.003854,0.004837,6551.768493,4160.905963,1.000785
"theta_t[axis1, gpt-5.6-sol_xhigh]",1.503864,0.116311,1.285487,1.718472,0.001298,0.001303,8074.812112,5927.160942,1.001224
"theta_t[axis1, gpt-5.6-terra_high]",1.23135,0.138484,0.97707,1.493401,0.001455,0.001664,9073.44291,5726.499282,1.000656
"theta_t[axis1, gpt-5.6-terra_low]",0.520198,0.15243,0.229126,0.797977,0.001535,0.001781,9901.817591,6091.0607,1.000074
"theta_t[axis1, gpt-5.6-terra_max]",1.542497,0.077317,1.394322,1.683658,0.001066,0.000934,5326.126101,5155.700969,1.000947
"theta_t[axis1, gpt-5.6-terra_medium]",0.84039,0.181473,0.502833,1.180025,0.002009,0.002344,8243.238608,5664.569675,1.0004
"theta_t[axis1, gpt-5.6-terra_none]",-0.20257,0.219293,-0.631019,0.18993,0.002171,0.00272,10336.125408,5741.893964,1.00051
"theta_t[axis1, gpt-5.6-terra_unknown]",1.164654,0.305013,0.569449,1.714315,0.004331,0.00475,5435.886436,3812.236858,1.000846
"theta_t[axis1, gpt-5.6-terra_xhigh]",1.394717,0.125326,1.161084,1.628205,0.001472,0.001393,7268.242714,6104.698065,1.000424
"theta_t[axis1, gpt-oss-120b]",-0.241716,0.157401,-0.534503,0.049416,0.001909,0.001855,6964.380368,5722.224731,1.000359
"theta_t[axis1, gpt-oss-120b_high]",0.239753,0.147274,-0.035257,0.517815,0.001616,0.001692,8324.212127,5904.747503,1.00077
"theta_t[axis1, gpt-oss-120b_medium]",-0.122208,0.260285,-0.613476,0.371643,0.002589,0.003191,10285.18444,5628.394099,1.001075
"theta_t[axis1, gpt-oss-20b_high]",-0.138196,0.220317,-0.536347,0.280934,0.002176,0.002424,10360.726314,6061.309269,1.000906
"theta_t[axis1, gpt-oss-20b_medium]",-0.299232,0.261657,-0.780589,0.199381,0.002573,0.003349,10548.892338,5796.638811,1.000173
"theta_t[axis1, gpt2-xl]",-2.744079,0.353566,-3.403805,-2.091984,0.004154,0.004149,7321.502728,5746.833924,1.000006
"theta_t[axis1, granite-4.1-30b]",-0.687803,0.451434,-1.511984,0.12774,0.005004,0.005936,9300.094582,5152.802552,1.000824
"theta_t[axis1, grok-2-1212]",-0.951112,0.11403,-1.16121,-0.733106,0.001566,0.001317,5557.880957,5170.212077,1.001187
"theta_t[axis1, grok-3]",-0.492918,0.228625,-0.933139,-0.082656,0.002477,0.003143,8923.500181,4609.493787,1.001346
"theta_t[axis1, grok-3-beta]",-0.145549,0.205339,-0.532123,0.240153,0.002212,0.002811,8750.890677,5594.899889,1.001138
"theta_t[axis1, grok-3-mini-beta_high]",0.08672,0.182303,-0.256977,0.425169,0.001884,0.002243,9449.793229,5428.022652,1.000893
"theta_t[axis1, grok-3-mini-beta_low]",-0.004681,0.288864,-0.552948,0.524005,0.003483,0.005614,8255.462029,4109.890021,1.000624
"theta_t[axis1, grok-3-mini-beta_medium]",0.02816,0.386355,-0.656433,0.800645,0.005406,0.006919,5668.619453,4361.892235,1.000364
"theta_t[axis1, grok-3-mini_high]",-0.098388,0.250114,-0.564359,0.379271,0.002446,0.003142,10528.675259,5732.017414,0.99991
"theta_t[axis1, grok-4-0709]",0.363699,0.124039,0.114124,0.586661,0.00136,0.00151,8329.167574,4907.130863,1.000183
"theta_t[axis1, grok-4-0709_high]",-0.434975,0.543302,-1.519966,0.502967,0.006813,0.007472,6791.718151,5201.010155,1.000465
"theta_t[axis1, grok-4-1]",0.092523,0.39456,-0.663819,0.767104,0.004726,0.005689,8057.726305,5380.772975,1.000112
"theta_t[axis1, grok-4-1-fast-reasoning]",-0.083358,0.368547,-0.794272,0.562111,0.004391,0.005218,8135.619248,4459.686617,0.999974
"theta_t[axis1, grok-4-20]",0.120053,0.216569,-0.299888,0.515281,0.00222,0.002672,9660.119089,6076.427109,1.000291
"theta_t[axis1, grok-4-3]",-0.142977,0.183376,-0.503452,0.184201,0.001912,0.00216,9287.222546,6151.603844,1.000313
"theta_t[axis1, grok-4-fast]",0.023088,0.196464,-0.339897,0.393762,0.002036,0.00246,9450.988844,5828.428802,1.000655
"theta_t[axis1, grok-4.20-0309-reasoning]",0.533821,0.075712,0.387476,0.675481,0.001014,0.000892,5557.341657,5584.233651,1.000471
"theta_t[axis1, grok-4.3_high]",0.496775,0.075084,0.357357,0.63855,0.00095,0.000918,6261.670063,5201.074653,1.000318
"theta_t[axis1, grok-4.5_high]",0.844271,0.065707,0.72645,0.974057,0.000946,0.000708,4929.428972,5461.059893,0.999762
"theta_t[axis1, grok-4.5_unknown]",0.760577,0.234731,0.303165,1.171804,0.004081,0.002278,3335.504491,5248.882415,1.00095
"theta_t[axis1, grok-build-0.1]",0.64127,0.349829,-0.008976,1.23229,0.005182,0.007288,6118.59446,3485.250655,1.000169
"theta_t[axis1, grok-code-fast-1]",-0.365199,0.264788,-0.891225,0.109403,0.002655,0.003404,10259.634852,5620.299208,1.001127
"theta_t[axis1, inkling-small]",0.48854,0.199876,0.09986,0.848059,0.002278,0.002382,7907.982603,4799.378843,1.000133
"theta_t[axis1, kimi-k2-0711-preview]",-0.213827,0.260738,-0.711883,0.260851,0.002676,0.003205,9676.693228,5743.66487,0.999934
"theta_t[axis1, kimi-k2-thinking]",-0.135628,0.159199,-0.425329,0.178154,0.001704,0.001951,8895.852298,5314.298467,1.000203
"theta_t[axis1, kimi-k2-thinking-turbo]",0.433523,0.266812,-0.041864,0.958481,0.002786,0.003366,9799.192036,4897.655157,0.999992
"theta_t[axis1, kimi-k2.5]",0.150819,0.098404,-0.04256,0.328571,0.001364,0.001073,5196.332843,5402.003217,1.00016
"theta_t[axis1, kimi-k2.6]",0.686312,0.063543,0.563352,0.801872,0.00101,0.000727,4051.015387,5299.857183,1.000283
"theta_t[axis1, kimi-k2.7-code]",0.62348,0.065836,0.503137,0.747199,0.00103,0.000747,4184.233682,4665.540724,1.00054
"theta_t[axis1, kimi-k3_high]",0.755347,0.287293,0.211202,1.275632,0.00301,0.003429,9803.723765,5091.134441,1.000562
"theta_t[axis1, kimi-k3_low]",0.176735,0.217805,-0.23552,0.58305,0.002055,0.002395,11265.652088,6479.581116,1.000157
"theta_t[axis1, kimi-k3_max]",1.183775,0.070078,1.056021,1.316245,0.001159,0.000782,3783.166802,4188.638713,1.000859
"theta_t[axis1, kimi-k3_unknown]",1.496776,0.142594,1.211087,1.755986,0.001753,0.001565,6681.084857,5576.298688,1.001167
"theta_t[axis1, laguna-m.1]",-0.657977,0.268738,-1.151523,-0.163113,0.003689,0.00335,5761.751702,5005.107306,1.000166
"theta_t[axis1, laguna-xs.2]",-0.808981,0.440122,-1.63562,-0.037336,0.005517,0.005703,7091.231401,5342.032244,1.000282
"theta_t[axis1, learnlm-1.5-pro-experimental]",-0.901357,0.163744,-1.222655,-0.593926,0.00215,0.002696,6097.25388,3165.749841,1.00131
"theta_t[axis1, magistral-medium-2509]",-0.54549,0.453379,-1.442674,0.21332,0.005792,0.006146,7149.499307,4909.694294,1.001252
"theta_t[axis1, magistral-small-2506]",-0.617936,0.288238,-1.199574,-0.098759,0.003175,0.00458,9205.288792,4658.348493,1.000963
"theta_t[axis1, magistral-small-2509]",-0.546038,0.463211,-1.468959,0.239086,0.005951,0.006431,7266.049357,4718.534551,1.000035
"theta_t[axis1, mercury-2]",-0.120706,0.211496,-0.493326,0.301126,0.002054,0.002475,10819.153553,6178.984226,1.000601
"theta_t[axis1, mimo-v2-flash]",-0.695553,0.451342,-1.537645,0.118487,0.005706,0.005678,7312.202262,4995.029611,0.999981
"theta_t[axis1, mimo-v2.5]",0.323084,0.281085,-0.197446,0.817656,0.003563,0.004622,7642.957566,4458.182088,1.000454
"theta_t[axis1, mimo-v2.5-pro]",0.462352,0.248278,0.01158,0.917461,0.003123,0.003829,7496.03193,4611.401283,1.001401
"theta_t[axis1, mistral-large-2402]",-1.549069,0.185628,-1.902411,-1.211085,0.002218,0.002035,7124.718671,5855.491836,1.000111
"theta_t[axis1, mistral-large-2407]",-1.186984,0.154806,-1.478141,-0.901111,0.001815,0.001796,7284.250265,5440.411865,1.000549
"theta_t[axis1, mistral-large-2411]",-1.091655,0.143193,-1.35637,-0.812679,0.001756,0.002094,6923.700578,4714.333192,1.000639
"theta_t[axis1, mistral-large-2512]",-0.688772,0.449063,-1.541987,0.073668,0.005368,0.005784,8161.574489,5005.974834,1.00014
"theta_t[axis1, mistral-medium-2505]",-0.675606,0.195574,-1.032131,-0.307468,0.00198,0.002535,10415.793193,5250.07299,0.999665
"theta_t[axis1, mistral-medium-2508]",-0.502094,0.231243,-0.934458,-0.071975,0.002271,0.003056,11003.017427,5499.623858,1.000145
"theta_t[axis1, mistral-medium-2604]",-0.174374,0.199368,-0.537517,0.208052,0.001999,0.002458,10449.959639,5540.628429,1.002018
"theta_t[axis1, mistral-medium-2604_high]",-0.24127,0.264829,-0.772896,0.213782,0.004298,0.003924,4182.304129,4079.298719,1.000145
"theta_t[axis1, mistral-small-2501]",-1.291706,0.146454,-1.559621,-1.005347,0.001978,0.002068,5646.107365,4498.788887,1.000431
"theta_t[axis1, mistral-small-2503]",-1.221617,0.143925,-1.503628,-0.965385,0.001738,0.001994,6986.227656,5023.871498,1.000706
"theta_t[axis1, mistral-small-2506]",-0.701758,0.461128,-1.574574,0.104704,0.005894,0.00664,7285.939065,4426.04629,1.001178
"theta_t[axis1, muse-spark]",0.997845,0.105725,0.79578,1.197198,0.00124,0.00124,7266.384763,5661.814896,0.99987
"theta_t[axis1, muse-spark-1.1]",1.267606,0.117402,1.049946,1.488887,0.001414,0.001328,6934.91006,5401.063991,0.999827
"theta_t[axis1, muse-spark-1.1_high]",0.34908,0.23169,-0.081397,0.802637,0.003197,0.004001,5657.54059,4718.448462,1.000616
"theta_t[axis1, muse-spark-1.1_xhigh]",1.089028,0.20893,0.679813,1.463824,0.002466,0.002955,7380.049283,4824.346401,1.000093
"theta_t[axis1, nemotron-3-super]",-0.155772,0.2381,-0.589032,0.300473,0.002402,0.002711,9957.888792,5905.929215,0.999994
"theta_t[axis1, nemotron-3-ultra]",-0.044514,0.172798,-0.365506,0.28287,0.001733,0.001975,10270.758889,5982.827271,1.000443
"theta_t[axis1, nova-2.0-pro-preview_low]",-0.696413,0.447518,-1.563628,0.080316,0.005219,0.005869,8408.978449,4829.655445,0.999863
"theta_t[axis1, nova-2.0-pro-preview_medium]",-0.691134,0.452234,-1.529385,0.11644,0.005476,0.005814,7715.945803,5371.150247,0.999994
"theta_t[axis1, nova-2.0-pro-preview_none]",-0.686336,0.452037,-1.538215,0.121871,0.005291,0.005936,8276.315376,5433.825467,1.000325
"theta_t[axis1, o1-2024-12-17_high]",-0.07369,0.11255,-0.284103,0.136657,0.001341,0.0015,7059.314594,5155.640361,1.000433
"theta_t[axis1, o1-2024-12-17_low]",-0.222964,0.246981,-0.69179,0.237463,0.002388,0.003322,10846.14579,4876.804466,0.999769
"theta_t[axis1, o1-2024-12-17_medium]",0.025156,0.128397,-0.213123,0.273634,0.001429,0.001442,8155.558875,5997.94951,1.00029
"theta_t[axis1, o1-2024-12-17_unknown]",0.01147,0.143413,-0.2648,0.270552,0.001603,0.001543,7998.860293,6162.754966,0.999825
"theta_t[axis1, o1-mini-2024-09-12_high]",-0.289568,0.279405,-0.827592,0.219421,0.002883,0.004365,9943.36232,5301.493797,1.000901
"theta_t[axis1, o1-mini-2024-09-12_medium]",-0.559537,0.140488,-0.812842,-0.286842,0.002826,0.001535,2541.450237,4380.630811,1.000541
"theta_t[axis1, o1-preview]",-0.285735,0.265564,-0.788941,0.209445,0.003501,0.003344,5948.92819,5196.586145,1.000936
"theta_t[axis1, o1-preview-2024-09-12]",-0.265685,0.126577,-0.506743,-0.030172,0.001474,0.001419,7377.468447,5405.589116,1.000736
"theta_t[axis1, o1-pro-2025-03-19]",-0.073204,0.160927,-0.37055,0.222859,0.001698,0.001787,9126.642894,5999.624167,1.000895
"theta_t[axis1, o3-2025-04-16_high]",0.41394,0.102964,0.208994,0.59351,0.001064,0.001173,9370.014299,5822.56657,0.999885
"theta_t[axis1, o3-2025-04-16_low]",0.067714,0.284815,-0.461529,0.613796,0.003123,0.004334,9178.484345,5292.973591,1.000634
"theta_t[axis1, o3-2025-04-16_medium]",0.580451,0.098907,0.388689,0.762102,0.001224,0.001016,6526.528631,6197.280178,1.000853
"theta_t[axis1, o3-2025-04-16_unknown]",0.294998,0.248341,-0.164528,0.753996,0.002844,0.003697,8101.138239,5723.692189,1.000295
"theta_t[axis1, o3-mini-2025-01-31_high]",-0.140848,0.077373,-0.285774,0.003015,0.001093,0.000899,5058.654954,4821.322539,1.000114
"theta_t[axis1, o3-mini-2025-01-31_low]",-0.476355,0.139143,-0.732044,-0.207677,0.002,0.001938,5093.490828,4233.265556,1.000341
"theta_t[axis1, o3-mini-2025-01-31_medium]",-0.18277,0.110361,-0.384726,0.031653,0.001448,0.001274,5896.12216,5809.385889,1.000106
"theta_t[axis1, o3-mini-2025-01-31_unknown]",0.029453,0.716215,-1.265081,1.394574,0.007034,0.008528,10371.672374,5666.821576,1.000519
"theta_t[axis1, o3-pro-2025-06-10]",-0.528791,0.42711,-1.332161,0.265301,0.00551,0.006042,6542.794452,4257.96316,1.000135
"theta_t[axis1, o3-pro-2025-06-10_high]",0.487061,0.220342,0.057818,0.89377,0.002168,0.002712,10384.826324,5732.291228,1.00031
"theta_t[axis1, o3-pro-2025-06-10_medium]",0.558503,0.415619,-0.137186,1.415503,0.005531,0.007109,6703.427079,4271.856988,1.00043
"theta_t[axis1, o4-mini-2025-04-16_high]",0.282434,0.068283,0.154239,0.412147,0.000892,0.000847,5928.100447,4939.893073,1.000692
"theta_t[axis1, o4-mini-2025-04-16_low]",-0.073721,0.252968,-0.539861,0.407581,0.002446,0.003363,10967.475303,5579.504719,1.000036
"theta_t[axis1, o4-mini-2025-04-16_medium]",0.168421,0.103963,-0.031367,0.356865,0.001119,0.001192,8626.86628,6115.697393,1.001389
"theta_t[axis1, o4-mini-2025-04-16_unknown]",0.567779,0.742659,-0.783834,1.988426,0.007335,0.0098,10252.231481,5596.623606,1.000479
"theta_t[axis1, openai/gpt-oss-120b_low]",-0.693882,0.450903,-1.542662,0.112749,0.005104,0.00569,8895.661652,5411.119369,1.000118
"theta_t[axis1, parasail-qwen3-235b-a22b-instruct-2507]",-0.362191,0.377045,-1.074948,0.393264,0.005211,0.006242,5584.021967,4170.96544,1.000982
"theta_t[axis1, phi-4]",-1.266487,0.155177,-1.557369,-0.967628,0.002021,0.002161,5974.441468,4575.350027,1.001202
"theta_t[axis1, pixtral-large-2411]",-0.859148,0.315904,-1.473592,-0.301045,0.003419,0.003763,8963.611388,5239.202423,1.001417
"theta_t[axis1, qwen-max-2025-01-25]",-0.944256,0.315098,-1.544867,-0.392295,0.003642,0.004928,8575.187954,4347.869994,1.00036
"theta_t[axis1, qwen-plus-2025-01-25]",-0.898566,0.306333,-1.52115,-0.376037,0.003465,0.004341,8723.815923,4915.6125,1.002442
"theta_t[axis1, qwen-turbo-2024-11-01]",-1.285167,0.332879,-1.917551,-0.686293,0.003831,0.004395,8605.277022,5191.30199,1.000255
"theta_t[axis1, qwen1.5-110b-chat]",-0.429527,0.72108,-1.716648,1.012453,0.007375,0.009179,9585.308564,5500.748116,1.000514
"theta_t[axis1, qwen2-72b-instruct]",-1.452061,0.206741,-1.851764,-1.07383,0.002279,0.002426,8455.254282,5963.116613,1.000404
"theta_t[axis1, qwen2.5-32b-instruct]",-1.231896,0.336818,-1.86908,-0.62446,0.004081,0.004472,7809.264702,5060.416486,1.000048
"theta_t[axis1, qwen2.5-72b-instruct]",-1.168476,0.167932,-1.481021,-0.858946,0.00179,0.002019,9023.48151,5901.293391,1.00066
"theta_t[axis1, qwen2.5-max]",-0.511979,0.168091,-0.826938,-0.184593,0.002505,0.003193,5058.704442,3204.022942,1.00085
"theta_t[axis1, qwen3-235b-a22b]",-0.262844,0.254224,-0.749625,0.198892,0.002639,0.003325,9422.140705,5368.492441,1.00006
"theta_t[axis1, qwen3-coder-next]",-0.471988,0.230202,-0.895707,-0.025083,0.00227,0.00284,10606.986229,5990.315957,1.000419
"theta_t[axis1, qwen3-max-2025-09-23]",0.022775,0.228329,-0.403345,0.465158,0.002301,0.00318,9943.070534,5100.398502,1.000462
"theta_t[axis1, qwen3.5-27B]",-0.209047,0.257585,-0.687682,0.28378,0.002604,0.00306,9747.869073,5941.30528,1.000339
"theta_t[axis1, qwen3.5-9B]",-0.544209,0.459428,-1.450396,0.229466,0.005925,0.005946,7016.63559,4519.500655,1.000053
"theta_t[axis1, qwen3.5-flash]",0.483263,0.281184,-0.037029,1.011113,0.003032,0.003608,9174.614437,5647.761259,1.000735
"theta_t[axis1, qwen3.5-flash_none]",-0.176143,0.554945,-1.224195,0.827116,0.007043,0.008112,6909.959479,4887.539517,0.999985
"theta_t[axis1, qwen3.5-plus]",0.360374,0.180029,0.0274,0.703405,0.001784,0.002004,10181.9031,6051.691423,1.000301
"theta_t[axis1, qwen3.5-plus_none]",-0.181612,0.569604,-1.290332,0.830105,0.006845,0.007722,7334.37676,4884.464714,1.000225
"theta_t[axis1, qwen3.6-35b-a3b]",0.068175,0.127996,-0.173447,0.303287,0.001636,0.001404,6220.508525,4924.450718,0.999971
"theta_t[axis1, qwen3.6-flash]",0.467363,0.271068,-0.016492,1.001758,0.002965,0.003443,9030.908624,5112.757646,1.001141
"theta_t[axis1, qwen3.6-flash_none]",-0.251967,0.566659,-1.334197,0.751366,0.006333,0.007037,8682.659096,5531.495981,1.000746
"theta_t[axis1, qwen3.6-max-preview]",0.629974,0.268352,0.144423,1.141998,0.002723,0.00316,10133.505948,5797.613006,1.000708
"theta_t[axis1, qwen3.6-max-preview_none]",-0.120241,0.562018,-1.222438,0.874366,0.006896,0.007522,7366.144923,4572.469507,1.001086
"theta_t[axis1, qwen3.6-plus]",0.481286,0.173973,0.155183,0.808964,0.001638,0.001987,11277.664527,5653.68284,1.000218
"theta_t[axis1, qwen3.6-plus_none]",0.525762,0.533288,-0.495579,1.484005,0.006459,0.008039,7285.674094,5247.749927,1.000224
"theta_t[axis1, qwen3.7-max]",0.929618,0.064145,0.811805,1.053996,0.000801,0.000789,6437.939864,5327.367281,1.000102
"theta_t[axis1, qwen3.7-plus]",0.339931,0.188624,-0.017373,0.691555,0.002786,0.001984,4593.28912,4968.489456,1.000301
"theta_t[axis1, qwen3.8-max_xhigh]",1.176363,0.072271,1.042324,1.315122,0.000888,0.000834,6638.775131,5272.242815,1.00026
"theta_t[axis1, solar-pro-3]",-0.690672,0.460483,-1.561959,0.111666,0.005543,0.005737,7953.20207,4683.526091,1.000421
"theta_t[axis1, sonar]",-1.103328,0.166537,-1.436806,-0.79788,0.002308,0.003117,5631.066736,3171.524729,1.002513
"theta_t[axis1, step-3.7-flash]",-0.040097,0.431642,-0.851284,0.694048,0.005969,0.005496,6033.589124,4289.04333,0.999956
"theta_t[axis1, swe-1.6]",-0.683664,0.500978,-1.653419,0.211596,0.006953,0.007725,5965.792945,3804.94829,1.000777
"theta_t[axis1, swe-1.7]",1.072353,0.388818,0.342699,1.754692,0.006497,0.009686,4555.949845,2902.186886,1.000573
"theta_t[axis1, trinity-large-thinking]",-0.524739,0.26399,-1.026251,-0.051908,0.004131,0.003798,4380.47272,4356.119413,1.001214
"logA_z[axis1, APEX Agents]",0.280463,0.126971,0.050785,0.524362,0.002408,0.001504,2772.049682,4318.387107,1.002181
"logA_z[axis1, BlueprintBench 2]",0.57797,0.291836,0.037858,1.130487,0.006171,0.003774,2253.861309,3813.238071,1.001368
"logA_z[axis1, Chess Puzzles]",-0.001997,0.133913,-0.248686,0.251486,0.002276,0.001587,3567.079931,4377.631014,1.00313
"logA_z[axis1, CritPt]",0.82624,0.128105,0.577638,1.055607,0.004297,0.001808,887.633259,2385.294781,1.003648
"logA_z[axis1, CursorBench]",-0.262468,0.152752,-0.549172,0.023445,0.003334,0.002241,2227.641985,2864.277963,1.00074
"logA_z[axis1, DeepSWE]",0.73502,0.157713,0.429557,1.018283,0.004524,0.002024,1212.993889,2723.674549,1.003114
"logA_z[axis1, EBR-bench]",1.110333,0.227736,0.696624,1.561316,0.006338,0.003157,1292.153193,2361.156431,1.003256
"logA_z[axis1, EnigmaEval]",0.648569,0.131583,0.410045,0.911176,0.003733,0.001782,1254.750165,2478.782581,1.002667
"logA_z[axis1, Fiction.LiveBench]",1.019295,0.334432,0.413642,1.671269,0.00868,0.005446,1502.529297,2441.890991,1.002478
"logA_z[axis1, ForecastBench]",-3.589911,0.453235,-4.476685,-2.780618,0.015846,0.006963,813.587749,1679.647812,1.003859
"logA_z[axis1, FrontierCode]",-0.10574,0.276959,-0.634397,0.391431,0.007242,0.007488,1670.460239,1889.825566,1.001575
"logA_z[axis1, FrontierMath]",0.869045,0.133306,0.625664,1.126709,0.004545,0.002081,862.789416,1982.574298,1.005621
"logA_z[axis1, FrontierMath Tier 4]",1.536595,0.209608,1.154499,1.933173,0.007765,0.003646,727.358669,1684.142447,1.005504
"logA_z[axis1, GDPval]",-0.230104,0.439981,-1.063922,0.583453,0.008207,0.005642,2994.318843,3721.864952,1.000539
"logA_z[axis1, GeoBench]",-0.737182,0.341715,-1.395026,-0.12703,0.006045,0.004681,3443.428221,3972.579118,1.00137
"logA_z[axis1, Humanity's Last Exam]",0.501649,0.127187,0.2616,0.741285,0.003152,0.001624,1640.973178,3212.180394,1.001203
"logA_z[axis1, LAB-Bench Cloning]",-0.609905,0.212975,-1.021228,-0.220275,0.003768,0.002462,3210.50776,4566.895424,1.001119
"logA_z[axis1, LAB-Bench LitQA2]",-1.702539,0.252455,-2.193173,-1.244767,0.008014,0.003425,983.673087,2253.780509,1.002937
"logA_z[axis1, LAB-Bench Protocol]",-0.764723,0.179659,-1.090184,-0.425656,0.003787,0.002593,2333.610283,3509.650761,1.0011
"logA_z[axis1, LAB-Bench SeqQA]",-0.833215,0.177612,-1.161171,-0.491602,0.004183,0.002163,1816.348609,3653.263531,1.002224
"logA_z[axis1, LiveBench]",0.060285,0.115038,-0.159163,0.276387,0.003274,0.00179,1248.89545,2053.262624,1.001731
"logA_z[axis1, MCP Atlas]",-0.215604,0.264599,-0.72554,0.257543,0.005296,0.004402,2663.690284,3357.563304,0.999753
"logA_z[axis1, METR Time Horizons]",-0.261726,0.095811,-0.442239,-0.086368,0.001693,0.001212,3261.63453,3838.640832,1.00066
"logA_z[axis1, Mystery Game Puzzles]",-0.401713,0.27236,-0.92983,0.083104,0.006859,0.00466,1651.412124,2269.040333,1.003193
"logA_z[axis1, OS World 2]",0.223088,0.378653,-0.511512,0.89041,0.007714,0.008309,2639.706226,2659.502643,1.000808
"logA_z[axis1, OTIS Mock AIME 2024-2025]",1.097867,0.157121,0.799873,1.381648,0.005526,0.002507,810.092335,2006.670913,1.00369
"logA_z[axis1, ProofBench]",0.949435,0.192233,0.598914,1.322466,0.005297,0.002515,1319.246046,2671.123643,1.002408
"logA_z[axis1, Remote Labor Index]",0.329832,0.322439,-0.30595,0.90985,0.008622,0.007601,1536.188892,1570.727325,1.000588
"logA_z[axis1, SEAL Instruction Following]",-1.038753,0.323331,-1.649475,-0.46082,0.007165,0.005052,2132.454161,2701.580678,1.003201
"logA_z[axis1, SEAL Tool Use (Enterprise)]",-0.360752,0.16133,-0.671847,-0.07001,0.003065,0.002198,2877.323534,3426.733594,1.000689
"logA_z[axis1, SWE-Bench Pro (Private)]",0.469445,0.23627,0.033908,0.904477,0.005251,0.007838,2363.287355,3383.738455,1.001979
"logA_z[axis1, Surface Evolver Bench]",0.86099,0.207867,0.463706,1.245009,0.005486,0.002635,1434.122343,3315.550147,1.001497
"logA_z[axis1, Visual Task Assessment (VISTA)]",-1.166189,0.188913,-1.527819,-0.827615,0.005813,0.002632,1045.660315,2202.235981,1.002098
"logA_z[axis1, WeirdML]",0.186398,0.069799,0.058195,0.322264,0.001655,0.000796,1799.992969,3847.253353,1.003473
tau_A[axis1],1.0,0.0,1.0,1.0,0.0,,8000.0,8000.0,
"theta[ChatGPT agent, axis1]",-0.128683,0.536675,-1.163268,0.789308,0.007652,0.007561,5770.622152,4098.165613,1.000014
"theta[Committee of Domain Experts, axis1]",0.254479,0.095804,0.07174,0.434456,0.001376,0.001339,4989.407187,4646.427046,1.000983
"theta[Composer 2.5, axis1]",0.344148,0.42377,-0.485037,1.086423,0.006238,0.007301,5335.792733,3850.522797,1.001922
"theta[DeepSeek-R1, axis1]",-0.231488,0.089225,-0.40061,-0.066904,0.000928,0.001036,9233.218445,5847.027346,1.000708
"theta[DeepSeek-R1-0528, axis1]",-0.122323,0.144497,-0.379425,0.163628,0.00151,0.001751,9119.876144,5607.071067,1.000428
"theta[DeepSeek-R1-Distill-Llama-70B, axis1]",-0.681371,0.166271,-0.986836,-0.356382,0.003548,0.002232,2321.835784,3690.008676,1.000453
"theta[DeepSeek-R1-Distill-Qwen-32B, axis1]",-1.156455,0.167612,-1.469711,-0.83238,0.002206,0.003136,5979.72526,4200.110604,1.000627
"theta[DeepSeek-V3, axis1]",-0.667788,0.09817,-0.854115,-0.48591,0.001168,0.001205,7081.471619,6026.165584,1.001102
"theta[DeepSeek-V3-0324, axis1]",-0.395905,0.096509,-0.569071,-0.207514,0.001038,0.001167,8626.067024,5485.653406,1.000807
"theta[DeepSeek-V3.1, axis1]",-0.280999,0.201686,-0.648136,0.113957,0.002077,0.002529,9582.648159,5702.12029,1.000266
"theta[DeepSeek-V3.1-Terminus, axis1]",-0.143621,0.461798,-1.003521,0.668835,0.006747,0.007785,5788.58739,3455.642601,1.001173
"theta[DeepSeek-V3.1_thinking, axis1]",-0.24917,0.256727,-0.732856,0.243392,0.002535,0.003068,10452.752576,6036.108213,1.000456
"theta[DeepSeek-V3.2-Exp_thinking, axis1]",-0.119122,0.234107,-0.561252,0.319927,0.002323,0.002833,10304.851931,5882.262758,1.000426
"theta[DeepSeek-V3.2-Speciale, axis1]",0.037309,0.255711,-0.453299,0.518258,0.002477,0.003136,10737.201447,6016.273157,1.000489
"theta[Domain Expert, axis1]",2.451293,0.250482,1.984326,2.914071,0.004154,0.003062,3700.215199,4145.664431,1.001563
"theta[Dracarys2-72B-Instruct, axis1]",-0.887336,0.163791,-1.195905,-0.56656,0.002387,0.002956,5100.785989,3759.630113,1.000353
"theta[Dracarys2-Llama-3.1-70B-Instruct, axis1]",-1.130451,0.167055,-1.450196,-0.813783,0.0024,0.002879,5151.090425,3543.512533,1.000577
"theta[GLM-4.5-Air, axis1]",-0.319015,0.28008,-0.864223,0.164605,0.003387,0.004352,7821.402752,5029.635881,0.99997
"theta[Hermes-2-Theta-Llama-3-70B, axis1]",-1.503287,0.345424,-2.154375,-0.892563,0.004184,0.004496,7625.552107,5381.783146,1.000062
"theta[High School Qualifier, axis1]",-0.18084,0.283175,-0.715368,0.347133,0.002967,0.004666,9735.934963,4822.120082,1.000039
"theta[High School Top Performer, axis1]",0.803356,0.365895,0.136087,1.480616,0.004584,0.005227,7692.502673,4895.174716,1.00031
"theta[Inkling, axis1]",-0.338813,0.339586,-0.952297,0.288374,0.005014,0.005379,5297.787006,4019.1703,1.0004
"theta[Inkling_high, axis1]",-0.466578,0.264405,-0.945491,0.037175,0.002673,0.003409,10248.747022,6108.265083,1.000403
"theta[Inkling_xhigh, axis1]",0.608703,0.230901,0.162861,1.029686,0.002877,0.003141,7078.99331,4233.12499,1.000405
"theta[Kimi-K2-Instruct, axis1]",-0.177506,0.244529,-0.633784,0.282793,0.002405,0.002981,10553.989052,5768.590696,1.001223
"theta[Kimi-K2-Instruct-0905, axis1]",-0.34901,0.200903,-0.73385,0.019692,0.002083,0.002673,9400.399324,5300.098222,1.000728
"theta[Llama-2-70b-chat-hf, axis1]",-2.175004,0.399756,-2.955369,-1.493912,0.004869,0.004966,7583.136832,5051.44858,1.000678
"theta[Llama-3.1-405B-Instruct, axis1]",-0.991979,0.131253,-1.228534,-0.735377,0.001445,0.001648,8340.687693,6001.844415,1.000126
"theta[Llama-3.1-70B-Instruct, axis1]",-1.435487,0.155187,-1.714607,-1.142292,0.001591,0.001677,9579.450035,6221.500005,1.000679
"theta[Llama-3.1-8B-Instruct, axis1]",-2.18751,0.19516,-2.556201,-1.826458,0.002331,0.002103,7030.917229,6021.780925,1.000298
"theta[Llama-3.1-Tulu-3-70B-DPO, axis1]",-1.379042,0.35356,-2.051245,-0.758245,0.004236,0.004963,8244.494701,5031.079542,1.000305
"theta[Llama-3.2-11B-Vision-Instruct, axis1]",-2.038906,0.452526,-2.87043,-1.165484,0.004734,0.005278,9107.810868,5976.189685,1.001148
"theta[Llama-3.2-90B-Vision-Instruct, axis1]",-1.380792,0.201768,-1.751385,-1.004857,0.002408,0.002398,7318.572693,5763.68952,1.000076
"theta[Llama-3.3-70B-Instruct, axis1]",-1.083115,0.122896,-1.312308,-0.854979,0.001602,0.001645,6127.781394,4837.254348,1.000197
"theta[Llama-4-Maverick-17B-128E-Instruct, axis1]",-0.649466,0.124114,-0.891207,-0.425716,0.001303,0.001379,9146.537884,5549.529356,0.999757
"theta[Llama-4-Maverick-17B-128E-Instruct-FP8, axis1]",-0.842344,0.28862,-1.422619,-0.351884,0.003253,0.004217,9123.181445,4682.849733,0.999976
"theta[Llama-4-Scout-17B-16E-Instruct, axis1]",-1.322183,0.206867,-1.708478,-0.937006,0.002202,0.002588,9102.409445,5303.296064,1.000064
"theta[Manus 1.0, axis1]",0.241654,0.535526,-0.781406,1.163219,0.009057,0.010319,4721.539424,3523.171501,1.001064
"theta[Manus 1.5, axis1]",0.251335,0.513478,-0.749374,1.11681,0.008753,0.009094,4519.187496,3658.939171,1.001878
"theta[Manus_1.6 (Max), axis1]",0.342993,0.497138,-0.663662,1.152267,0.008742,0.009051,4001.506806,3088.936306,1.000411
"theta[Meta-Llama-3-70B, axis1]",-0.577973,0.741342,-1.987427,0.782651,0.007382,0.008598,10096.97564,6168.664342,0.999897
"theta[Meta-Llama-3-70B-Instruct, axis1]",-1.528637,0.198743,-1.900446,-1.157675,0.002389,0.002221,6909.060227,6212.940261,1.000131
"theta[Meta-Llama-3-8B, axis1]",-1.584147,0.743978,-2.925063,-0.136382,0.007885,0.009008,9065.139062,5484.027151,1.00088
"theta[Meta-Llama-3-8B-Instruct, axis1]",-1.569512,0.302309,-2.139917,-1.016686,0.003495,0.004113,8406.85342,4796.314857,1.000907
"theta[MiniMax-M1-80k, axis1]",-0.08441,0.399467,-0.820842,0.704745,0.005777,0.008761,5514.788794,3890.044637,1.001145
"theta[MiniMax-M2.5, axis1]",-0.306367,0.331284,-0.930855,0.292249,0.003841,0.004327,8331.467216,5371.582132,1.000361
"theta[MiniMax-M2.7, axis1]",-0.29145,0.202565,-0.694522,0.065064,0.00206,0.002487,10081.096213,5602.55659,1.000907
"theta[MiniMax-M3, axis1]",0.297665,0.156986,-6.3e-05,0.585739,0.002019,0.001875,6272.762102,5386.401333,1.000041
"theta[Mixtral-8x22B-Instruct-v0.1, axis1]",-2.156767,0.35142,-2.849403,-1.534586,0.003746,0.004249,9269.035494,5744.504773,0.999913
"theta[Mixtral-8x7B-Instruct-v0.1, axis1]",-2.432441,0.269858,-2.941674,-1.930021,0.003198,0.002931,7171.214859,5626.652011,1.000002
"theta[OLMo-2-1124-13B-Instruct, axis1]",-2.155171,0.208194,-2.533272,-1.754135,0.002811,0.002884,5682.083866,4235.422692,1.000243
"theta[Phi-3-mini-4k-instruct, axis1]",-2.139893,0.2085,-2.54353,-1.757663,0.002873,0.003038,5370.082874,4131.524571,1.00009
"theta[Phi-3-small-8k-instruct, axis1]",-2.059671,0.199682,-2.424414,-1.667833,0.002841,0.002948,5144.352469,4558.31297,1.000106
"theta[Phi-3.5-vision-instruct, axis1]",-2.624711,0.470241,-3.563214,-1.793263,0.004957,0.005231,9066.851181,5955.806017,1.000041
"theta[Phi-4-mini-instruct, axis1]",-0.69312,0.467123,-1.55329,0.148125,0.006273,0.006791,6691.460084,4826.845637,1.000675
"theta[Pixtral-12B-2409, axis1]",-1.603001,0.391373,-2.354695,-0.889008,0.004086,0.004565,9207.894631,6345.169557,1.000214
"theta[QwQ-32B, axis1]",-0.100992,0.185584,-0.443286,0.258516,0.003024,0.003193,4178.145798,3530.529885,1.000366
"theta[QwQ-32B-Preview, axis1]",-1.341357,0.171484,-1.671051,-1.014597,0.00238,0.00294,5415.710731,3641.056718,1.00069
"theta[Qwen2-VL-72B-Instruct, axis1]",-1.271755,0.413345,-2.015419,-0.480237,0.004445,0.004643,8690.75803,6384.891201,1.001195
"theta[Qwen2.5-Coder-32B-Instruct, axis1]",-1.126504,0.164952,-1.433343,-0.806169,0.002153,0.003194,6198.95358,3358.439142,1.001131
"theta[Qwen2.5-VL-72B-Instruct, axis1]",-0.223487,0.707106,-1.523727,1.128008,0.007229,0.008569,9738.978586,6098.200252,1.00028
"theta[Qwen3-235B-A22B-Instruct-2507, axis1]",-0.23644,0.26107,-0.75804,0.249396,0.002558,0.003416,10504.244302,5643.945305,1.000211
"theta[Qwen3-235B-A22B-Thinking-2507, axis1]",0.005861,0.129708,-0.233454,0.252855,0.001521,0.00156,7309.343744,5163.69575,1.001269
"theta[Qwen3-30B-A3B, axis1]",-0.565283,0.26893,-1.055231,-0.046501,0.002742,0.003358,9864.865414,5769.034596,1.000546
"theta[Qwen3-32B, axis1]",-0.542793,0.45803,-1.433795,0.227974,0.005501,0.006321,8218.104728,5154.599251,1.000344
"theta[Qwen3-Coder-480B-A35B-Instruct, axis1]",-0.14525,0.255955,-0.631458,0.33035,0.002567,0.003166,9982.752753,6453.503823,1.000598
"theta[Qwen3-Next-80B-A3B-Instruct, axis1]",-0.031563,0.390394,-0.714427,0.790679,0.005927,0.008178,5013.951664,3440.887914,1.000216
"theta[Ring-2.6-1T, axis1]",0.151745,0.432241,-0.692665,0.868454,0.005801,0.006438,6949.201073,4337.883035,1.000247
"theta[Skilled Generalist, axis1]",0.858502,0.398149,0.07339,1.566149,0.004523,0.004557,7788.719582,5522.966889,1.000186
"theta[Top Performer, axis1]",0.961793,0.715836,-0.377846,2.284203,0.007342,0.008656,9596.325489,6086.607323,1.002177
"theta[amazon.nova-lite-v1:0, axis1]",-1.499802,0.12851,-1.741054,-1.258412,0.001672,0.001532,5946.003894,5182.548108,1.000217
"theta[amazon.nova-micro-v1:0, axis1]",-1.907934,0.150657,-2.19671,-1.629999,0.00251,0.001689,3674.855094,4956.422776,1.000113
"theta[amazon.nova-pro-v1:0, axis1]",-1.23147,0.120662,-1.467516,-1.013482,0.001373,0.001638,7741.242139,5838.881821,0.999984
"theta[c4ai-command-r-08-2024, axis1]",-1.888738,0.193428,-2.280042,-1.543763,0.00274,0.002776,5043.828446,4769.994076,1.00074
"theta[c4ai-command-r-plus-08-2024, axis1]",-1.788274,0.172727,-2.124781,-1.476406,0.002749,0.002459,4191.500353,3852.390469,1.000474
"theta[chatgpt-4o-01-29-2025, axis1]",0.030926,0.400827,-0.708936,0.819346,0.005615,0.007269,5649.137812,4180.209955,1.000707
"theta[chutes/Llama-4-Scout-17B-16E Instruct, axis1]",-0.692935,0.381353,-1.418247,-0.009176,0.004911,0.006224,6460.850451,4656.501197,1.000667
"theta[claude-2.0, axis1]",-1.504707,0.349676,-2.155532,-0.873022,0.004268,0.005343,8150.445414,4835.806349,1.001635
"theta[claude-2.1, axis1]",-1.817105,0.284743,-2.357956,-1.296054,0.003256,0.003479,8261.793115,5470.710015,1.000409
"theta[claude-3-5-haiku-20241022, axis1]",-1.172182,0.136223,-1.43321,-0.924824,0.001909,0.001612,5124.634466,5535.162492,1.000914
"theta[claude-3-5-sonnet-20240620, axis1]",-0.645859,0.10903,-0.847273,-0.439782,0.001326,0.001184,6797.365405,6097.493506,1.000104
"theta[claude-3-5-sonnet-20241022, axis1]",-0.594655,0.091478,-0.771299,-0.425715,0.001229,0.000984,5552.682578,5407.899434,1.000697
"theta[claude-3-7-sonnet-20250219, axis1]",-0.24785,0.102626,-0.442359,-0.056904,0.0022,0.00112,2170.88681,4015.653871,1.001159
"theta[claude-3-7-sonnet-20250219_15K, axis1]",-0.113684,0.720524,-1.412437,1.284533,0.007563,0.008687,9141.042779,5996.989996,0.999914
"theta[claude-3-7-sonnet-20250219_16K, axis1]",-0.075522,0.147858,-0.35718,0.200183,0.001644,0.001747,8123.867409,5807.527449,1.000554
"theta[claude-3-7-sonnet-20250219_32K, axis1]",-0.177613,0.278099,-0.700527,0.338292,0.002823,0.00458,10570.068014,4769.22992,1.000588
"theta[claude-3-7-sonnet-20250219_64K, axis1]",-0.089547,0.278405,-0.638752,0.403729,0.002918,0.00448,10015.950509,4899.48428,1.00101
"theta[claude-3-7-sonnet-20250219_8K, axis1]",-0.206291,0.379758,-0.970323,0.4844,0.005615,0.007044,5274.952507,3249.058314,1.000495
"theta[claude-3-7-sonnet-20250219_unknown, axis1]",-0.108419,0.158982,-0.417672,0.169816,0.00169,0.00177,9007.695537,6448.200125,1.000238
"theta[claude-3-haiku-20240307, axis1]",-1.596299,0.187587,-1.940869,-1.248317,0.002102,0.00212,8102.523003,6340.874351,1.000374
"theta[claude-3-opus-20240229, axis1]",-1.023547,0.093507,-1.205901,-0.85597,0.001075,0.001118,7615.399944,6113.595995,1.000484
"theta[claude-3-sonnet-20240229, axis1]",-1.418816,0.159168,-1.722979,-1.130812,0.001873,0.001915,7311.282573,6185.264166,0.999979
"theta[claude-fable-5, axis1]",1.669466,0.202553,1.279225,2.038557,0.002856,0.002297,5061.942739,5218.564159,1.000514
"theta[claude-fable-5_high, axis1]",1.64034,0.100861,1.462871,1.841184,0.001292,0.001118,6188.696613,5444.081302,1.001696
"theta[claude-fable-5_low, axis1]",1.18207,0.171934,0.869259,1.512464,0.001961,0.002053,7704.111257,5094.991796,1.000921
"theta[claude-fable-5_max, axis1]",1.707253,0.075409,1.565932,1.84778,0.001165,0.000759,4183.143495,5045.513044,1.000737
"theta[claude-fable-5_medium, axis1]",1.381188,0.211432,1.001582,1.800162,0.002429,0.00325,8054.633042,5507.811783,1.000396
"theta[claude-fable-5_unknown, axis1]",1.737469,0.222402,1.336998,2.174004,0.003177,0.003237,4966.807258,4469.734947,1.000741
"theta[claude-fable-5_xhigh, axis1]",1.653311,0.155804,1.370445,1.954481,0.001804,0.001899,7609.219634,5858.808114,1.000266
"theta[claude-haiku-4-5-20251001, axis1]",-0.352312,0.172364,-0.678553,-0.028406,0.001832,0.002178,8859.730367,5532.221445,0.999831
"theta[claude-haiku-4-5-20251001_16K, axis1]",-0.05165,0.248776,-0.520751,0.408724,0.002597,0.003212,9374.910419,5702.765419,1.001523
"theta[claude-haiku-4-5-20251001_32K, axis1]",-0.009167,0.244147,-0.487954,0.443569,0.002384,0.003201,10602.764389,5514.355796,1.00157
"theta[claude-haiku-4-5-20251001_unknown, axis1]",-0.358876,0.267867,-0.893613,0.102452,0.003039,0.003631,8643.183113,4689.755243,1.001048
"theta[claude-mythos-preview-early, axis1]",1.529939,0.316446,0.968656,2.152861,0.003693,0.003863,7537.926563,5610.551119,1.000024
"theta[claude-opus-4-1-20250805, axis1]",0.086091,0.156665,-0.199156,0.385352,0.002316,0.001686,4585.752913,5902.86415,1.000179
"theta[claude-opus-4-1-20250805_16K, axis1]",0.118929,0.149017,-0.166525,0.383588,0.001603,0.001752,8702.448843,5945.329117,0.999857
"theta[claude-opus-4-1-20250805_24K, axis1]",0.184879,0.545635,-0.841962,1.174175,0.006404,0.006536,7779.981321,5574.030863,1.000392
"theta[claude-opus-4-1-20250805_27K, axis1]",0.127609,0.294138,-0.434381,0.670676,0.003254,0.004393,9158.440629,4753.0755,1.001123
"theta[claude-opus-4-1-20250805_32K, axis1]",-0.420226,0.134438,-0.669859,-0.1703,0.002197,0.001768,3908.304486,3857.04918,1.000372
"theta[claude-opus-4-1-20250805_unknown, axis1]",0.15882,0.161961,-0.135003,0.469234,0.001786,0.001886,8464.639329,5713.253111,1.000281
"theta[claude-opus-4-20250514, axis1]",-0.365932,0.186468,-0.720061,-0.011777,0.001922,0.002565,9564.233231,5543.823489,1.000561
"theta[claude-opus-4-20250514_16K, axis1]",0.047002,0.146457,-0.233995,0.316079,0.001489,0.001806,9666.872004,5831.435258,1.000096
"theta[claude-opus-4-20250514_27K, axis1]",0.031772,0.289465,-0.490768,0.599492,0.003393,0.004349,7995.789282,4954.348633,1.000887
"theta[claude-opus-4-20250514_32K, axis1]",-0.658447,0.728368,-2.038,0.743447,0.007831,0.008734,8736.305494,5814.128227,1.000362
"theta[claude-opus-4-20250514_unknown, axis1]",0.018476,0.126034,-0.21526,0.259889,0.001283,0.001442,9780.610715,6085.757606,1.000434
"theta[claude-opus-4-5-20251101, axis1]",0.325981,0.160843,0.022668,0.62857,0.002534,0.00171,4091.884356,5339.135732,1.00027
"theta[claude-opus-4-5-20251101_128K, axis1]",0.797585,0.366756,0.06614,1.366851,0.00685,0.009157,4050.901762,2823.464473,1.001463
"theta[claude-opus-4-5-20251101_16K, axis1]",0.668338,0.171841,0.358535,1.002277,0.001859,0.001926,8616.233002,6275.676301,1.000505
"theta[claude-opus-4-5-20251101_32K, axis1]",0.25655,0.081555,0.107019,0.412763,0.001071,0.00096,5877.339478,5241.249117,1.000204
"theta[claude-opus-4-5-20251101_48K, axis1]",0.24478,0.550916,-0.871978,1.201361,0.006662,0.007319,7395.621948,5266.248568,1.001215
"theta[claude-opus-4-5-20251101_high, axis1]",0.546345,0.416735,-0.206039,1.374947,0.004983,0.005563,7177.043351,4970.22602,1.000429
"theta[claude-opus-4-5-20251101_unknown, axis1]",0.659318,0.10997,0.444883,0.857896,0.001148,0.001256,9289.272233,5823.974779,1.000566
"theta[claude-opus-4-6, axis1]",0.437188,0.1222,0.210864,0.664326,0.001326,0.001397,8513.11521,5775.816203,1.000689
"theta[claude-opus-4-6_120K, axis1]",-0.090312,0.586753,-1.16097,0.985703,0.006425,0.007211,9102.939366,5244.810857,1.000247
"theta[claude-opus-4-6_32K, axis1]",0.643708,0.262934,0.150628,1.12414,0.002796,0.00333,9245.729738,5778.505837,1.000468
"theta[claude-opus-4-6_64K, axis1]",0.589349,0.24185,0.151129,1.053971,0.002406,0.002865,10672.222461,5984.715634,1.000024
"theta[claude-opus-4-6_high, axis1]",1.145977,0.198471,0.781411,1.519633,0.001885,0.002491,11197.421778,5983.47607,1.000303
"theta[claude-opus-4-6_low, axis1]",-0.821915,0.575202,-1.899331,0.226038,0.00644,0.006879,8394.385165,5752.617488,1.000215
"theta[claude-opus-4-6_max, axis1]",0.873971,0.059997,0.760386,0.986548,0.00086,0.000631,4889.555109,5533.780009,1.000462
"theta[claude-opus-4-6_unknown, axis1]",1.041857,0.137869,0.78118,1.296413,0.001865,0.001653,5576.1017,5740.554084,0.999878
"theta[claude-opus-4-7, axis1]",0.802684,0.234508,0.357644,1.248263,0.002887,0.002763,6606.757348,5591.295343,1.001027
"theta[claude-opus-4-7_high, axis1]",1.099544,0.155088,0.802041,1.386216,0.001783,0.002047,7627.12155,5424.36096,1.000098
"theta[claude-opus-4-7_low, axis1]",0.542334,0.176412,0.20536,0.865021,0.002475,0.002442,5336.646523,4631.826735,1.000601
"theta[claude-opus-4-7_max, axis1]",1.060165,0.060648,0.944949,1.171663,0.000921,0.000705,4394.640636,4805.174697,1.000462
"theta[claude-opus-4-7_medium, axis1]",0.755216,0.183635,0.409874,1.097706,0.002369,0.00233,6079.461285,4895.976869,1.000073
"theta[claude-opus-4-7_unknown, axis1]",1.02377,0.12832,0.786182,1.269245,0.001534,0.001399,7036.025002,5761.181417,1.000079
"theta[claude-opus-4-7_xhigh, axis1]",1.151242,0.155764,0.865282,1.454781,0.001628,0.001756,9197.805723,5997.048261,1.000074
"theta[claude-opus-4-8_high, axis1]",1.117773,0.115839,0.905033,1.339769,0.001321,0.00128,7721.643879,5794.801505,1.000214
"theta[claude-opus-4-8_low, axis1]",0.922013,0.120755,0.697854,1.142343,0.001345,0.001524,8297.965493,5495.279332,0.999705
"theta[claude-opus-4-8_max, axis1]",1.333844,0.061027,1.216485,1.445305,0.00085,0.000691,5179.562935,4970.54029,1.000167
"theta[claude-opus-4-8_medium, axis1]",1.005167,0.119274,0.781632,1.23299,0.0013,0.001546,8423.187371,5136.060327,1.000238
"theta[claude-opus-4-8_none, axis1]",0.658135,0.145482,0.371928,0.92364,0.001507,0.001662,9357.164655,5777.410399,1.000217
"theta[claude-opus-4-8_unknown, axis1]",1.164722,0.230327,0.709184,1.569273,0.00368,0.003361,4437.831878,3232.978058,1.000682
"theta[claude-opus-4-8_xhigh, axis1]",1.209589,0.097024,1.031685,1.394357,0.001157,0.001159,6999.156389,5186.489332,1.0004
"theta[claude-opus-5, axis1]",1.382794,0.205667,0.998364,1.769004,0.002189,0.002372,8982.503213,5879.11062,1.00019
"theta[claude-opus-5_high, axis1]",1.584125,0.111356,1.380941,1.796551,0.001378,0.001273,6590.743548,5339.468083,1.000447
"theta[claude-opus-5_low, axis1]",1.190179,0.144034,0.933151,1.47743,0.001625,0.001668,7936.279868,5577.726052,1.000389
"theta[claude-opus-5_max, axis1]",1.615529,0.070036,1.490221,1.752186,0.001142,0.000691,3797.539594,5881.802905,1.001304
"theta[claude-opus-5_medium, axis1]",1.476083,0.144381,1.204174,1.7507,0.001566,0.001615,8501.726566,5959.821062,1.000515
"theta[claude-opus-5_unknown, axis1]",1.021944,0.572289,-0.12769,1.981642,0.007998,0.008209,5893.541478,4466.971058,1.000071
"theta[claude-opus-5_xhigh, axis1]",1.572778,0.11366,1.357898,1.781303,0.001293,0.001287,7766.558007,5651.950655,1.000343
"theta[claude-sonnet-4-20250514, axis1]",-0.377233,0.145156,-0.648177,-0.104932,0.001927,0.00174,5742.763672,4583.312432,1.000978
"theta[claude-sonnet-4-20250514_16K, axis1]",0.004192,0.148375,-0.276311,0.280475,0.001631,0.001767,8317.363212,5389.64071,1.000168
"theta[claude-sonnet-4-20250514_32K, axis1]",-0.028008,0.270898,-0.536847,0.500431,0.002803,0.003912,9510.423575,5050.007527,1.000618
"theta[claude-sonnet-4-20250514_59K, axis1]",0.13305,0.297693,-0.39305,0.71638,0.003658,0.004662,7424.367978,4884.804509,1.000306
"theta[claude-sonnet-4-20250514_unknown, axis1]",-0.208899,0.154053,-0.511001,0.06337,0.001648,0.001882,9116.689068,5630.734763,1.000244
"theta[claude-sonnet-4-5-20250929, axis1]",-0.07982,0.160627,-0.366018,0.234573,0.002025,0.001775,6310.900661,5853.803024,0.999881
"theta[claude-sonnet-4-5-20250929_16K, axis1]",0.226949,0.14869,-0.049879,0.507516,0.001505,0.001653,9810.323938,5944.61254,1.000214
"theta[claude-sonnet-4-5-20250929_32K, axis1]",0.001245,0.091821,-0.183209,0.16533,0.001252,0.001037,5375.365416,5697.016841,1.000782
"theta[claude-sonnet-4-5-20250929_48K, axis1]",-0.058073,0.553881,-1.133636,0.919454,0.006404,0.006958,7962.520808,5037.43576,1.0001
"theta[claude-sonnet-4-5-20250929_59K, axis1]",0.338962,0.333081,-0.284781,0.942668,0.004262,0.005809,7649.13328,4084.28934,1.000365
"theta[claude-sonnet-4-5-20250929_unknown, axis1]",0.203609,0.12258,-0.038668,0.422259,0.001329,0.001444,8725.207221,5387.821009,0.999958
"theta[claude-sonnet-4-6, axis1]",0.275463,0.326428,-0.316185,0.921191,0.004056,0.004298,6771.516463,5381.526603,1.000401
"theta[claude-sonnet-4-6_32K, axis1]",0.406811,0.255534,-0.075229,0.88342,0.002461,0.003296,11123.142268,5871.056476,1.000273
"theta[claude-sonnet-4-6_high, axis1]",0.5024,0.127177,0.259044,0.735872,0.001735,0.00146,5493.973773,4917.121949,0.999884
"theta[claude-sonnet-4-6_low, axis1]",-0.11494,0.562028,-1.194384,0.900132,0.006385,0.006905,8100.909178,5867.109704,1.00047
"theta[claude-sonnet-4-6_max, axis1]",0.489593,0.141889,0.206931,0.740217,0.001975,0.00154,5281.915293,5192.819557,1.000875
"theta[claude-sonnet-4-6_medium, axis1]",0.497222,0.128622,0.254068,0.735886,0.001512,0.001462,7256.955396,5767.092953,1.000244
"theta[claude-sonnet-4-6_unknown, axis1]",0.214723,0.513739,-0.743892,1.150781,0.005699,0.006249,8627.662542,5281.908353,1.001285
"theta[claude-sonnet-5_high, axis1]",0.655538,0.14143,0.394994,0.923008,0.001725,0.001568,6856.494375,5710.57157,1.000178
"theta[claude-sonnet-5_low, axis1]",0.539306,0.212231,0.131728,0.926115,0.002596,0.002754,6978.107934,5118.951164,1.000851
"theta[claude-sonnet-5_max, axis1]",1.001328,0.065743,0.884638,1.129172,0.000978,0.00076,4618.520277,4132.571739,1.000039
"theta[claude-sonnet-5_medium, axis1]",0.65657,0.158448,0.355039,0.957368,0.001932,0.001831,6736.500919,5606.763002,0.999916
"theta[claude-sonnet-5_unknown, axis1]",1.120448,0.218963,0.719073,1.542492,0.002571,0.003366,7844.564333,5176.271114,1.000765
"theta[claude-sonnet-5_xhigh, axis1]",1.029387,0.126375,0.798095,1.277752,0.001328,0.001533,9086.194693,5670.219752,1.000033
"theta[cogito-671b-v2.1, axis1]",-0.690223,0.454516,-1.572507,0.086407,0.005332,0.005813,8692.664972,4994.443672,1.000223
"theta[command-a-plus-05-2026, axis1]",-0.549706,0.460284,-1.405552,0.276349,0.0056,0.005983,7702.614508,5193.256507,1.000653
"theta[davinci-002, axis1]",-2.21818,0.310747,-2.801119,-1.647026,0.003678,0.003632,7163.380482,5919.669601,1.000633
"theta[deepseek-chat, axis1]",-0.468573,0.259454,-0.962888,-0.010408,0.003111,0.003906,7701.210185,4820.355896,1.000119
"theta[deepseek-reasoner, axis1]",0.468613,0.254428,0.021708,0.972562,0.002547,0.003219,10168.037676,5635.517094,1.000547
"theta[deepseek-v3.2, axis1]",-0.155016,0.319163,-0.760771,0.412071,0.004107,0.004626,6934.033354,3565.014627,1.000996
"theta[deepseek-v4-flash-0731_high, axis1]",0.389089,0.248178,-0.075715,0.857344,0.002531,0.003386,9653.038531,5817.063644,1.000604
"theta[deepseek-v4-flash-0731_max, axis1]",0.797734,0.06937,0.672602,0.932206,0.000873,0.000776,6364.938812,5794.345519,1.00055
"theta[deepseek-v4-flash_high, axis1]",0.02157,0.22848,-0.393857,0.462606,0.002166,0.002567,11260.931463,6132.153221,1.00036
"theta[deepseek-v4-flash_max, axis1]",0.176964,0.240312,-0.288271,0.620418,0.002309,0.002899,10900.755855,5948.286237,1.000181
"theta[deepseek-v4-pro_high, axis1]",0.330052,0.134363,0.068749,0.570575,0.001702,0.001569,6297.469212,5673.917351,1.000419
"theta[deepseek-v4-pro_max, axis1]",0.423031,0.070645,0.287218,0.555022,0.001021,0.000805,4952.821595,4806.903969,1.000475
"theta[deepseek-v4-pro_none, axis1]",-0.254992,0.22526,-0.679003,0.171485,0.002771,0.002957,6639.707405,5307.430704,1.000125
"theta[deepseek-v4-pro_unknown, axis1]",-1.244234,0.734987,-2.662134,0.101318,0.007573,0.008798,9446.819029,6247.797199,0.999991
"theta[devstral-small-2512, axis1]",-0.691256,0.454829,-1.573044,0.082023,0.005223,0.005779,8696.640193,5222.448124,1.001701
"theta[gdm-ai-co-mathematician, axis1]",1.593346,0.124312,1.366814,1.827947,0.001639,0.001644,6141.782188,4800.055615,1.001181
"theta[gemini-1.0-pro-001, axis1]",-2.004529,0.231309,-2.46237,-1.596043,0.002589,0.002485,7998.463662,5989.594941,1.000177
"theta[gemini-1.5-flash-001, axis1]",-1.558486,0.375343,-2.285467,-0.89934,0.004593,0.004723,7574.756182,5066.44696,1.000482
"theta[gemini-1.5-flash-002, axis1]",-0.817029,0.176869,-1.14954,-0.499014,0.001705,0.002153,11058.115758,6411.814422,1.000434
"theta[gemini-1.5-flash-8b-001, axis1]",-1.369235,0.354227,-2.069963,-0.793223,0.00421,0.005364,8428.413789,4614.23313,1.000311
"theta[gemini-1.5-pro-001, axis1]",-1.200062,0.149075,-1.475097,-0.911324,0.001535,0.001588,9540.159421,6408.533245,0.999846
"theta[gemini-1.5-pro-002, axis1]",-0.753528,0.141014,-1.017534,-0.48671,0.001436,0.001757,9769.824754,5082.221248,0.999948
"theta[gemini-2.0-flash-001, axis1]",-0.566253,0.102926,-0.749706,-0.361293,0.001313,0.001127,6164.046193,5944.41229,1.000705
"theta[gemini-2.0-flash-exp, axis1]",-0.589223,0.130571,-0.821676,-0.332997,0.001859,0.001683,5261.772349,4914.197384,0.999878
"theta[gemini-2.0-flash-lite, axis1]",-0.859229,0.133625,-1.109058,-0.605208,0.001608,0.001952,7116.330412,4767.013973,1.00016
"theta[gemini-2.0-flash-lite-001, axis1]",-0.583496,0.737296,-1.951936,0.822889,0.007214,0.00867,10442.539917,6066.230769,1.000036
"theta[gemini-2.0-flash-lite-preview-02-05, axis1]",-0.864491,0.162884,-1.180399,-0.548764,0.002186,0.002737,5730.440039,4219.630984,1.000914
"theta[gemini-2.0-flash-thinking-exp-01-21, axis1]",-0.344145,0.098126,-0.523617,-0.160532,0.001123,0.001128,7624.335156,6425.018309,1.000852
"theta[gemini-2.0-pro-exp-02-05, axis1]",-0.456895,0.115929,-0.682026,-0.246253,0.001306,0.001418,7908.633688,5487.678009,0.999965
"theta[gemini-2.5-flash, axis1]",-0.317573,0.238197,-0.781547,0.095268,0.002609,0.002799,8557.750192,5458.871989,1.001273
"theta[gemini-2.5-flash-lite-preview-06-17-thinking, axis1]",-0.547017,0.219125,-0.942709,-0.107918,0.002291,0.002787,9230.265046,5500.278591,1.000376
"theta[gemini-2.5-flash-lite-preview-06-17_16K, axis1]",-0.36072,0.259226,-0.833211,0.142107,0.002607,0.003276,10118.674002,5227.518962,1.001059
"theta[gemini-2.5-flash-preview-04-17, axis1]",0.018863,0.153087,-0.261301,0.306489,0.001547,0.001794,9761.501243,5892.125603,1.000076
"theta[gemini-2.5-flash-preview-04-17_16K, axis1]",-0.154039,0.259511,-0.639222,0.332353,0.002504,0.003217,10907.957533,5974.753002,1.000347
"theta[gemini-2.5-flash-preview-05-20, axis1]",-0.023883,0.129786,-0.265179,0.224707,0.001394,0.001441,8707.303611,6052.93742,0.999902
"theta[gemini-2.5-flash-preview-05-20_16K, axis1]",-0.156905,0.257089,-0.648029,0.310967,0.002538,0.003039,10345.84858,5919.79212,1.000587
"theta[gemini-2.5-flash-preview-09-2025_16k, axis1]",-0.125885,0.26378,-0.625475,0.367619,0.002673,0.003761,10097.671296,5937.389791,1.001495
"theta[gemini-2.5-pro, axis1]",-0.049996,0.083732,-0.213428,0.099398,0.001321,0.000888,4028.946668,5197.116916,1.000952
"theta[gemini-2.5-pro-exp-03-25, axis1]",0.333547,0.105136,0.130253,0.529965,0.001168,0.001282,8103.649168,5430.34169,1.000633
"theta[gemini-2.5-pro-preview-03-25, axis1]",0.235503,0.380511,-0.419097,1.013447,0.005244,0.005843,6067.288411,4538.907654,1.000633
"theta[gemini-2.5-pro-preview-05-06, axis1]",0.151737,0.136955,-0.106803,0.403542,0.001479,0.00156,8641.475372,5649.717264,1.000404
"theta[gemini-2.5-pro-preview-06-05, axis1]",0.25211,0.126094,0.010609,0.479731,0.001441,0.001453,7709.467594,5711.068367,1.000351
"theta[gemini-2.5-pro_16K, axis1]",0.284586,0.257833,-0.184154,0.797204,0.002627,0.00392,9901.582598,5321.098542,1.00006
"theta[gemini-3-deep-think-preview, axis1]",1.386059,0.215337,0.966124,1.774936,0.002551,0.003048,7478.67034,4602.092759,1.000611
"theta[gemini-3-flash-preview, axis1]",0.608227,0.067055,0.484519,0.735684,0.000927,0.000868,5397.173759,4347.40767,1.000971
"theta[gemini-3-flash-preview_high, axis1]",0.827544,0.248002,0.368422,1.287348,0.002693,0.002954,8876.395402,5704.558587,1.000968
"theta[gemini-3-flash-preview_low, axis1]",0.464579,0.539941,-0.532298,1.451215,0.006729,0.008903,7364.375409,4913.101773,1.000326
"theta[gemini-3-flash-preview_minimal, axis1]",0.406744,0.537208,-0.584474,1.382487,0.007248,0.007846,6073.116746,4667.628093,1.00091
"theta[gemini-3-pro-preview, axis1]",0.738604,0.085197,0.571813,0.891461,0.00118,0.000941,5223.647143,5190.405846,1.001631
"theta[gemini-3.1-flash-lite, axis1]",-0.050018,0.127331,-0.289419,0.182546,0.001294,0.001331,9726.068712,6161.963038,1.000656
"theta[gemini-3.1-flash-lite_high, axis1]",0.248903,0.2132,-0.149317,0.659419,0.00217,0.002699,10048.793527,5188.813631,1.000165
"theta[gemini-3.1-flash-lite_low, axis1]",-0.22086,0.263523,-0.69837,0.285309,0.00267,0.003322,9910.921615,5326.702742,1.000394
"theta[gemini-3.1-flash-lite_minimal, axis1]",-0.341947,0.26439,-0.843317,0.172708,0.00271,0.003631,9761.007851,5531.469173,1.000265
"theta[gemini-3.1-pro-preview, axis1]",0.933479,0.05953,0.818444,1.041442,0.000931,0.000612,4086.970084,5612.163993,1.000207
"theta[gemini-3.1-pro-preview_high, axis1]",0.502293,0.161369,0.211275,0.81395,0.002345,0.001757,4735.694368,5844.305739,1.0004
"theta[gemini-3.1-pro-preview_low, axis1]",0.613301,0.52327,-0.43754,1.541046,0.006142,0.007367,7970.910159,4536.158158,1.001232
"theta[gemini-3.1-pro-preview_medium, axis1]",0.773534,0.519642,-0.275185,1.680583,0.006524,0.007531,6837.867109,4931.96614,1.000506
"theta[gemini-3.5-flash-lite, axis1]",-0.330808,0.34213,-1.003769,0.24358,0.004271,0.004741,7388.843042,4467.405823,1.000376
"theta[gemini-3.5-flash-lite_high, axis1]",-0.006447,0.175375,-0.333091,0.330579,0.001724,0.002165,10379.174843,6100.873713,1.000092
"theta[gemini-3.5-flash-lite_low, axis1]",0.027788,0.240607,-0.394213,0.512376,0.002495,0.003013,9466.039547,5394.323017,1.000555
"theta[gemini-3.5-flash-lite_minimal, axis1]",-0.176159,0.233678,-0.606068,0.281043,0.002354,0.003101,10003.852973,5739.019029,1.001059
"theta[gemini-3.5-flash_high, axis1]",0.908065,0.061301,0.797786,1.028961,0.000814,0.000696,5722.25415,5229.405621,1.000241
"theta[gemini-3.5-flash_low, axis1]",0.858412,0.288026,0.298638,1.375728,0.002961,0.003414,9843.440076,5581.974195,0.99997
"theta[gemini-3.5-flash_medium, axis1]",0.602596,0.161903,0.307162,0.912088,0.001986,0.002024,6689.021215,5703.549532,1.00013
"theta[gemini-3.5-flash_minimal, axis1]",0.666593,0.367117,0.002453,1.368783,0.004111,0.004478,8844.211751,5600.19743,1.000337
"theta[gemini-3.5-flash_unknown, axis1]",0.680559,0.180284,0.348219,1.033708,0.002166,0.002373,7110.227372,5088.100089,1.000315
"theta[gemini-3.6-flash_high, axis1]",0.803873,0.065794,0.682333,0.933159,0.000835,0.000786,6217.193044,5516.447637,1.000238
"theta[gemini-3.6-flash_low, axis1]",0.625333,0.284596,0.113689,1.169613,0.003194,0.003499,8274.145887,5978.367042,1.00096
"theta[gemini-3.6-flash_minimal, axis1]",0.555356,0.270437,0.076962,1.081393,0.002863,0.003101,9030.362848,6093.510581,1.000661
"theta[gemini-3.6-flash_unknown, axis1]",1.000349,0.261373,0.513453,1.488186,0.002916,0.003371,8370.627558,5374.453371,1.000342
"theta[gemini-exp-1206, axis1]",-0.441737,0.169196,-0.744841,-0.115512,0.00265,0.003381,4565.981461,3478.069667,1.000674
"theta[gemini-robotics-er-1.6-preview, axis1]",-0.488105,0.557068,-1.541662,0.512,0.006431,0.007247,8100.890342,5522.027588,0.999983
"theta[gemma-2-27b-it, axis1]",-1.487502,0.1543,-1.784688,-1.212628,0.002327,0.002181,4661.532662,3953.302309,1.000874
"theta[gemma-2-9b-it, axis1]",-1.846662,0.174277,-2.166082,-1.505158,0.002359,0.00218,5638.271624,5117.823753,1.001634
"theta[gemma-3-12b-it, axis1]",-0.69406,0.455392,-1.590569,0.080934,0.005521,0.005822,7812.079847,5368.394379,1.000101
"theta[gemma-3-27b-it, axis1]",-0.957385,0.138133,-1.21812,-0.697163,0.001743,0.001801,6399.70221,4864.67115,1.001454
"theta[gemma-4-26b-a4b, axis1]",-0.450673,0.227898,-0.864778,-0.000294,0.002253,0.002854,10777.382246,5488.32833,1.001592
"theta[gemma-4-31b-it, axis1]",0.131092,0.205314,-0.25457,0.517192,0.002049,0.002618,10268.805412,5558.595839,0.99998
"theta[gemma-4-31b-it_minimal, axis1]",0.045951,0.231885,-0.360507,0.502562,0.002432,0.002996,9138.140665,4855.721293,1.000073
"theta[gemma-4-31b-it_none, axis1]",-0.147002,0.265327,-0.615769,0.351901,0.004031,0.004852,4935.230693,4416.920191,1.001064
"theta[glm-4.5, axis1]",-0.317307,0.287163,-0.853241,0.198368,0.003901,0.005272,6715.150989,4516.19766,1.000197
"theta[glm-4.5_thinking, axis1]",-0.172241,0.256883,-0.621839,0.339579,0.002663,0.003043,9439.368692,6144.319467,0.999738
"theta[glm-4.6, axis1]",-0.486266,0.358498,-1.196491,0.130931,0.004121,0.00496,8543.253933,4720.858857,1.00018
"theta[glm-4.7, axis1]",0.095959,0.144962,-0.16823,0.370888,0.001558,0.001878,8995.174379,5336.8778,1.00079
"theta[glm-5, axis1]",0.236802,0.158558,-0.055382,0.53713,0.001508,0.002061,11060.028759,5803.267289,1.000939
"theta[glm-5.1, axis1]",0.565822,0.130674,0.323521,0.817884,0.001266,0.001491,10649.583084,5931.445247,1.000296
"theta[glm-5.2_high, axis1]",0.63973,0.110233,0.437626,0.854961,0.001374,0.001299,6428.560086,5681.728172,1.000512
"theta[glm-5.2_max, axis1]",0.861218,0.060892,0.749788,0.978128,0.000807,0.000658,5703.214501,5425.313238,1.000211
"theta[glm-5.2_none, axis1]",0.262721,0.285216,-0.273647,0.764014,0.00415,0.004289,5827.63271,3959.075809,1.0
"theta[glm-5.2_unknown, axis1]",1.125737,0.241747,0.675252,1.582398,0.002477,0.002805,9552.169909,5849.801195,1.00027
"theta[gpt-3.5-turbo-0125, axis1]",-2.267543,0.335931,-2.92601,-1.68803,0.003841,0.004221,8362.345443,5081.120926,1.000349
"theta[gpt-3.5-turbo-instruct, axis1]",-1.8596,0.27964,-2.402719,-1.361055,0.003032,0.003267,8554.619067,5683.115963,1.000241
"theta[gpt-4-0125-preview, axis1]",-1.1088,0.251257,-1.57826,-0.636287,0.002871,0.003406,8095.875091,5723.548608,1.001157
"theta[gpt-4-0314, axis1]",-1.371895,0.198291,-1.745633,-0.98799,0.002348,0.002397,7445.512135,5595.650252,1.000258
"theta[gpt-4-0613, axis1]",-1.43854,0.1399,-1.715304,-1.190583,0.001792,0.001519,6117.336371,5312.347196,1.001199
"theta[gpt-4-1106-preview, axis1]",-0.858321,0.243442,-1.332744,-0.413891,0.002801,0.003,7601.333513,5722.423858,1.000535
"theta[gpt-4-turbo, axis1]",-1.1208,0.197233,-1.49327,-0.754269,0.002726,0.002221,5236.233027,5482.9353,1.000626
"theta[gpt-4-turbo-2024-04-09, axis1]",-1.165956,0.140119,-1.434856,-0.913298,0.001519,0.001635,8675.800571,5349.515156,1.000708
"theta[gpt-4.1-2025-04-14, axis1]",-0.299888,0.118319,-0.529016,-0.085688,0.001257,0.001326,8809.414727,6375.392324,1.000595
"theta[gpt-4.1-mini-2025-04-14, axis1]",-0.359044,0.136983,-0.626239,-0.107541,0.001398,0.001635,9791.700115,5482.42847,1.000665
"theta[gpt-4.1-nano-2025-04-14, axis1]",-0.978693,0.186685,-1.326973,-0.629955,0.002236,0.002345,7272.950657,5148.010455,1.000086
"theta[gpt-4.5-preview-2025-02-27, axis1]",-0.316136,0.090333,-0.490923,-0.153441,0.000972,0.001118,8669.612587,5439.263953,1.001138
"theta[gpt-4o-2024-05-13, axis1]",-0.822047,0.172587,-1.155174,-0.506709,0.002188,0.002006,6230.114521,5699.585984,1.000291
"theta[gpt-4o-2024-08-06, axis1]",-0.926238,0.098721,-1.113521,-0.744756,0.001511,0.001157,4347.118707,4666.458014,1.0012
"theta[gpt-4o-2024-11-20, axis1]",-0.944496,0.093358,-1.117239,-0.769014,0.001088,0.001066,7374.694655,5910.301634,1.000508
"theta[gpt-4o-mini-2024-07-18, axis1]",-1.310367,0.124363,-1.540909,-1.071009,0.001489,0.001514,7070.34789,5474.304718,1.000351
"theta[gpt-5-2025-08-07_high, axis1]",0.713923,0.059747,0.598761,0.821699,0.000748,0.000731,6445.653715,4947.497513,1.00015
"theta[gpt-5-2025-08-07_low, axis1]",0.403912,0.561744,-0.682302,1.42591,0.005892,0.007674,9758.609835,5001.42921,1.000937
"theta[gpt-5-2025-08-07_medium, axis1]",0.467574,0.130065,0.230349,0.719128,0.001575,0.001439,6886.474322,4933.663249,1.000528
"theta[gpt-5-2025-08-07_minimal, axis1]",-0.365572,0.213645,-0.771155,0.019352,0.002116,0.002795,10758.725347,5587.212144,1.001403
"theta[gpt-5-2025-08-07_unknown, axis1]",0.553997,0.130409,0.305929,0.790392,0.001328,0.001604,9855.487484,5532.70828,1.000571
"theta[gpt-5-chat, axis1]",-0.19644,0.254996,-0.664553,0.287117,0.002578,0.003024,9944.476959,5897.860395,1.000524
"theta[gpt-5-codex, axis1]",0.296759,0.250814,-0.17264,0.7738,0.002436,0.003197,10701.602505,5579.842723,1.000339
"theta[gpt-5-codex_high, axis1]",0.407022,0.208253,0.020365,0.794359,0.002105,0.002449,9853.735057,5504.723377,1.000811
"theta[gpt-5-mini-2025-08-07_high, axis1]",0.438494,0.075865,0.298774,0.584043,0.001416,0.000855,2909.506275,5135.529043,1.00086
"theta[gpt-5-mini-2025-08-07_low, axis1]",-0.137488,0.585107,-1.218177,0.939584,0.006376,0.008148,9215.994626,5588.872249,1.00133
"theta[gpt-5-mini-2025-08-07_medium, axis1]",0.170034,0.228776,-0.230429,0.623312,0.002714,0.003118,7611.212882,5204.809004,0.999955
"theta[gpt-5-mini-2025-08-07_minimal, axis1]",-0.188057,0.250449,-0.653291,0.290205,0.002517,0.003741,10091.417399,5069.519773,1.000376
"theta[gpt-5-mini-2025-08-07_unknown, axis1]",0.412557,0.143442,0.146668,0.675352,0.001546,0.00195,8851.851106,5482.38786,1.000481
"theta[gpt-5-nano-2025-08-07_high, axis1]",-0.075698,0.091303,-0.233609,0.111474,0.001196,0.001059,5828.482421,5460.259123,1.000634
"theta[gpt-5-nano-2025-08-07_low, axis1]",-0.481604,0.181182,-0.830192,-0.162613,0.001925,0.00211,8985.541784,5851.482369,1.000261
"theta[gpt-5-nano-2025-08-07_medium, axis1]",-0.192099,0.236293,-0.628366,0.258349,0.003622,0.002692,4257.910463,5303.636933,1.00014
"theta[gpt-5-nano-2025-08-07_minimal, axis1]",-0.670558,0.271992,-1.189202,-0.179231,0.003096,0.00388,8949.853656,4969.773031,1.001089
"theta[gpt-5-nano-2025-08-07_unknown, axis1]",-0.09072,0.718597,-1.46587,1.240279,0.006816,0.008926,11098.374617,5691.072428,0.99994
"theta[gpt-5-pro-2025-10-06_high, axis1]",0.712974,0.071109,0.583955,0.849482,0.000926,0.000886,5989.855657,5184.641669,1.000474
"theta[gpt-5-pro-2025-10-06_unknown, axis1]",0.889546,0.127875,0.645591,1.126434,0.001403,0.001426,8325.897418,5828.670468,0.999881
"theta[gpt-5.1-2025-11-13_high, axis1]",0.366977,0.123115,0.141072,0.604277,0.002151,0.00136,3261.510165,4768.952083,1.000669
"theta[gpt-5.1-2025-11-13_low, axis1]",0.02135,0.258397,-0.467055,0.510753,0.002579,0.003451,10326.432788,5511.587923,1.000634
"theta[gpt-5.1-2025-11-13_medium, axis1]",0.534163,0.336267,-0.068606,1.17042,0.004209,0.005165,7619.232912,4434.899539,1.001085
"theta[gpt-5.1-2025-11-13_none, axis1]",-0.472274,0.164875,-0.783706,-0.167427,0.001747,0.001943,9181.814872,5464.249907,0.999816
"theta[gpt-5.1-2025-11-13_unknown, axis1]",0.491107,0.147034,0.224322,0.768818,0.001713,0.001883,7723.371984,5245.066987,1.00056
"theta[gpt-5.1-codex, axis1]",0.534825,0.351786,-0.130665,1.175833,0.004403,0.005997,7379.686207,4753.208531,1.00033
"theta[gpt-5.1-codex-max, axis1]",0.464693,0.190396,0.090301,0.8039,0.002018,0.002376,8980.478054,5351.224381,1.000087
"theta[gpt-5.2-2025-12-11_high, axis1]",0.880812,0.163269,0.593962,1.206113,0.001728,0.001942,8938.862773,5821.73311,0.999917
"theta[gpt-5.2-2025-12-11_low, axis1]",0.250195,0.180704,-0.087732,0.591274,0.001793,0.002316,10344.807638,5431.47103,1.000045
"theta[gpt-5.2-2025-12-11_medium, axis1]",0.701622,0.171848,0.38428,1.02747,0.001755,0.002051,9744.23052,5780.84097,1.000469
"theta[gpt-5.2-2025-12-11_none, axis1]",0.087806,0.177463,-0.23158,0.435749,0.002028,0.002,7699.134207,6080.356542,1.000389
"theta[gpt-5.2-2025-12-11_unknown, axis1]",0.567726,0.112884,0.360178,0.778921,0.00124,0.001229,8514.165237,5665.277563,0.999785
"theta[gpt-5.2-2025-12-11_xhigh, axis1]",0.973062,0.063131,0.860353,1.094687,0.000749,0.000703,7115.056695,5559.944741,1.000043
"theta[gpt-5.2-codex, axis1]",0.745327,0.186481,0.410921,1.119265,0.002155,0.002409,7616.152105,5197.062898,1.000347
"theta[gpt-5.2-pro-2025-12-11_xhigh, axis1]",1.159738,0.073015,1.023202,1.295754,0.000913,0.000903,6431.769275,5314.354074,1.000935
"theta[gpt-5.3-codex, axis1]",1.060482,0.166554,0.751245,1.381279,0.001698,0.001989,9616.237572,6117.5235,1.000369
"theta[gpt-5.3-codex_xhigh, axis1]",1.244451,0.291453,0.724776,1.80863,0.002876,0.003626,11000.749067,5568.357397,1.000882
"theta[gpt-5.4-2026-03-05_high, axis1]",1.114896,0.310032,0.545708,1.69549,0.003113,0.003815,10462.960565,5564.27318,1.000754
"theta[gpt-5.4-2026-03-05_low, axis1]",0.468659,0.268618,0.007802,1.005638,0.002789,0.003347,9782.399817,5011.227385,1.000595
"theta[gpt-5.4-2026-03-05_medium, axis1]",1.005407,0.318309,0.456671,1.641855,0.00317,0.003887,10912.08039,5883.381471,1.000066
"theta[gpt-5.4-2026-03-05_none, axis1]",0.091641,0.185242,-0.244379,0.447344,0.001904,0.002185,9504.690878,5801.646382,1.000574
"theta[gpt-5.4-2026-03-05_unknown, axis1]",0.998495,0.198093,0.635377,1.375522,0.002129,0.002653,8688.088045,5774.039201,1.000241
"theta[gpt-5.4-2026-03-05_xhigh, axis1]",1.171687,0.055544,1.070472,1.279409,0.000801,0.000579,4811.652396,5699.722573,1.000602
"theta[gpt-5.4-mini-2026-03-17_high, axis1]",0.505213,0.188851,0.137249,0.842317,0.002077,0.002298,8493.793074,5112.54098,1.000311
"theta[gpt-5.4-mini-2026-03-17_none, axis1]",-0.518896,0.183917,-0.861063,-0.168805,0.001931,0.002201,9093.880376,5924.226291,1.000691
"theta[gpt-5.4-mini-2026-03-17_unknown, axis1]",0.525098,0.364743,-0.163553,1.165607,0.005297,0.005625,5474.686764,4343.457046,1.000182
"theta[gpt-5.4-mini-2026-03-17_xhigh, axis1]",0.582008,0.068687,0.454308,0.716159,0.000926,0.000766,5593.378139,5251.557772,1.000203
"theta[gpt-5.4-nano-2026-03-17_high, axis1]",0.459133,0.074554,0.318367,0.595319,0.001167,0.000906,4186.798258,4903.40302,1.000696
"theta[gpt-5.4-nano-2026-03-17_low, axis1]",0.141833,0.260527,-0.329308,0.647034,0.003042,0.003737,7992.722049,4860.012431,1.000423
"theta[gpt-5.4-nano-2026-03-17_none, axis1]",-0.339897,0.174505,-0.670129,-0.018523,0.001825,0.0023,9310.999461,5341.477666,0.99981
"theta[gpt-5.4-nano-2026-03-17_unknown, axis1]",0.161166,0.403436,-0.596313,0.892487,0.005479,0.006408,6509.62678,4125.857004,1.001068
"theta[gpt-5.4-nano-2026-03-17_xhigh, axis1]",0.648399,0.344478,-0.045935,1.207899,0.005015,0.007238,6238.200863,3738.325084,1.000127
"theta[gpt-5.4-pro-2026-03-05_none, axis1]",0.397864,0.257779,-0.083864,0.886485,0.002661,0.003591,9717.4512,5453.05244,1.000146
"theta[gpt-5.4-pro-2026-03-05_unknown, axis1]",1.172399,0.118736,0.940789,1.390296,0.001401,0.001288,7178.671589,6035.044424,1.000334
"theta[gpt-5.4-pro-2026-03-05_xhigh, axis1]",1.414427,0.081835,1.26897,1.575643,0.001175,0.001019,5011.451099,4402.210844,1.001164
"theta[gpt-5.5-codex, axis1]",0.913805,0.436989,0.041726,1.642981,0.008055,0.009283,3789.093369,3078.04335,1.000507
"theta[gpt-5.5-instant, axis1]",-0.692811,0.443798,-1.51496,0.096084,0.005134,0.00612,8743.921278,5173.890772,1.000064
"theta[gpt-5.5-pre-release_xhigh, axis1]",1.60462,0.322275,0.991889,2.206428,0.003393,0.003629,9524.067701,5254.456828,1.000547
"theta[gpt-5.5-pro-pre-release_xhigh, axis1]",1.772057,0.357029,1.12234,2.421847,0.003479,0.004464,11057.081621,5954.847984,1.001095
"theta[gpt-5.5-pro_xhigh, axis1]",1.638313,0.088769,1.47367,1.804632,0.001259,0.001062,5023.462075,5333.085357,1.000521
"theta[gpt-5.5_high, axis1]",1.397322,0.104908,1.206003,1.602371,0.001377,0.001206,5962.684157,5602.262832,0.99996
"theta[gpt-5.5_low, axis1]",0.559542,0.121016,0.317323,0.778617,0.001277,0.00153,9000.44033,5896.900349,1.000483
"theta[gpt-5.5_medium, axis1]",1.125075,0.107736,0.922512,1.326347,0.001173,0.001336,8495.963346,5700.442107,1.000073
"theta[gpt-5.5_none, axis1]",0.307939,0.163617,-0.006271,0.607974,0.00197,0.001868,6922.615613,5604.344865,1.000067
"theta[gpt-5.5_unknown, axis1]",1.210862,0.210858,0.813814,1.607603,0.002701,0.003138,6407.510149,4752.597586,1.000557
"theta[gpt-5.5_xhigh, axis1]",1.454073,0.065251,1.331067,1.574551,0.000926,0.000702,4985.338317,5425.307477,1.00041
"theta[gpt-5.6 (sol), axis1]",1.149109,0.439593,0.276879,1.958477,0.004692,0.005756,9008.848806,5721.705421,1.000098
"theta[gpt-5.6-luna_high, axis1]",0.871382,0.150989,0.585549,1.153788,0.001748,0.001893,7707.402476,4657.407271,1.001181
"theta[gpt-5.6-luna_low, axis1]",-0.342853,0.199766,-0.73412,0.005962,0.002957,0.002557,4787.268542,4716.764601,1.000694
"theta[gpt-5.6-luna_max, axis1]",1.366466,0.068996,1.234644,1.495397,0.0009,0.000752,5909.789791,5802.907972,1.00048
"theta[gpt-5.6-luna_medium, axis1]",0.27096,0.16684,-0.054901,0.563433,0.002585,0.001938,4308.939693,4558.945592,1.000605
"theta[gpt-5.6-luna_none, axis1]",-0.534512,0.227634,-0.990335,-0.136157,0.002483,0.003288,9300.515688,5016.9415,1.001659
"theta[gpt-5.6-luna_unknown, axis1]",1.046236,0.305126,0.431366,1.591842,0.004075,0.005067,6238.526047,3856.808439,1.000543
"theta[gpt-5.6-luna_xhigh, axis1]",1.231795,0.145167,0.946556,1.49394,0.001562,0.001598,8710.968241,5893.637903,1.000217
"theta[gpt-5.6-sol_high, axis1]",1.561689,0.104564,1.376296,1.762793,0.001261,0.001122,6918.922767,6092.911691,1.000541
"theta[gpt-5.6-sol_low, axis1]",0.957276,0.14427,0.668231,1.214607,0.001468,0.0018,9707.034618,5577.534355,1.00033
"theta[gpt-5.6-sol_max, axis1]",1.670342,0.071826,1.536769,1.805081,0.001062,0.000771,4585.506866,5435.880555,1.000205
"theta[gpt-5.6-sol_medium, axis1]",1.31525,0.14702,1.036394,1.591927,0.00155,0.001695,9027.199563,6001.343337,0.999687
"theta[gpt-5.6-sol_none, axis1]",0.124132,0.225041,-0.298056,0.547933,0.002119,0.002791,11282.143881,6103.829501,1.000438
"theta[gpt-5.6-sol_promax, axis1]",1.687226,0.112356,1.479103,1.902333,0.001404,0.001329,6625.047762,5285.836163,1.000575
"theta[gpt-5.6-sol_unknown, axis1]",1.367816,0.297367,0.81494,1.922799,0.003854,0.004837,6551.768493,4160.905963,1.000785
"theta[gpt-5.6-sol_xhigh, axis1]",1.503864,0.116311,1.285487,1.718472,0.001298,0.001303,8074.812112,5927.160942,1.001224
"theta[gpt-5.6-terra_high, axis1]",1.23135,0.138484,0.97707,1.493401,0.001455,0.001664,9073.44291,5726.499282,1.000656
"theta[gpt-5.6-terra_low, axis1]",0.520198,0.15243,0.229126,0.797977,0.001535,0.001781,9901.817591,6091.0607,1.000074
"theta[gpt-5.6-terra_max, axis1]",1.542497,0.077317,1.394322,1.683658,0.001066,0.000934,5326.126101,5155.700969,1.000947
"theta[gpt-5.6-terra_medium, axis1]",0.84039,0.181473,0.502833,1.180025,0.002009,0.002344,8243.238608,5664.569675,1.0004
"theta[gpt-5.6-terra_none, axis1]",-0.20257,0.219293,-0.631019,0.18993,0.002171,0.00272,10336.125408,5741.893964,1.00051
"theta[gpt-5.6-terra_unknown, axis1]",1.164654,0.305013,0.569449,1.714315,0.004331,0.00475,5435.886436,3812.236858,1.000846
"theta[gpt-5.6-terra_xhigh, axis1]",1.394717,0.125326,1.161084,1.628205,0.001472,0.001393,7268.242714,6104.698065,1.000424
"theta[gpt-oss-120b, axis1]",-0.241716,0.157401,-0.534503,0.049416,0.001909,0.001855,6964.380368,5722.224731,1.000359
"theta[gpt-oss-120b_high, axis1]",0.239753,0.147274,-0.035257,0.517815,0.001616,0.001692,8324.212127,5904.747503,1.00077
"theta[gpt-oss-120b_medium, axis1]",-0.122208,0.260285,-0.613476,0.371643,0.002589,0.003191,10285.18444,5628.394099,1.001075
"theta[gpt-oss-20b_high, axis1]",-0.138196,0.220317,-0.536347,0.280934,0.002176,0.002424,10360.726314,6061.309269,1.000906
"theta[gpt-oss-20b_medium, axis1]",-0.299232,0.261657,-0.780589,0.199381,0.002573,0.003349,10548.892338,5796.638811,1.000173
"theta[gpt2-xl, axis1]",-2.744079,0.353566,-3.403805,-2.091984,0.004154,0.004149,7321.502728,5746.833924,1.000006
"theta[granite-4.1-30b, axis1]",-0.687803,0.451434,-1.511984,0.12774,0.005004,0.005936,9300.094582,5152.802552,1.000824
"theta[grok-2-1212, axis1]",-0.951112,0.11403,-1.16121,-0.733106,0.001566,0.001317,5557.880957,5170.212077,1.001187
"theta[grok-3, axis1]",-0.492918,0.228625,-0.933139,-0.082656,0.002477,0.003143,8923.500181,4609.493787,1.001346
"theta[grok-3-beta, axis1]",-0.145549,0.205339,-0.532123,0.240153,0.002212,0.002811,8750.890677,5594.899889,1.001138
"theta[grok-3-mini-beta_high, axis1]",0.08672,0.182303,-0.256977,0.425169,0.001884,0.002243,9449.793229,5428.022652,1.000893
"theta[grok-3-mini-beta_low, axis1]",-0.004681,0.288864,-0.552948,0.524005,0.003483,0.005614,8255.462029,4109.890021,1.000624
"theta[grok-3-mini-beta_medium, axis1]",0.02816,0.386355,-0.656433,0.800645,0.005406,0.006919,5668.619453,4361.892235,1.000364
"theta[grok-3-mini_high, axis1]",-0.098388,0.250114,-0.564359,0.379271,0.002446,0.003142,10528.675259,5732.017414,0.99991
"theta[grok-4-0709, axis1]",0.363699,0.124039,0.114124,0.586661,0.00136,0.00151,8329.167574,4907.130863,1.000183
"theta[grok-4-0709_high, axis1]",-0.434975,0.543302,-1.519966,0.502967,0.006813,0.007472,6791.718151,5201.010155,1.000465
"theta[grok-4-1, axis1]",0.092523,0.39456,-0.663819,0.767104,0.004726,0.005689,8057.726305,5380.772975,1.000112
"theta[grok-4-1-fast-reasoning, axis1]",-0.083358,0.368547,-0.794272,0.562111,0.004391,0.005218,8135.619248,4459.686617,0.999974
"theta[grok-4-20, axis1]",0.120053,0.216569,-0.299888,0.515281,0.00222,0.002672,9660.119089,6076.427109,1.000291
"theta[grok-4-3, axis1]",-0.142977,0.183376,-0.503452,0.184201,0.001912,0.00216,9287.222546,6151.603844,1.000313
"theta[grok-4-fast, axis1]",0.023088,0.196464,-0.339897,0.393762,0.002036,0.00246,9450.988844,5828.428802,1.000655
"theta[grok-4.20-0309-reasoning, axis1]",0.533821,0.075712,0.387476,0.675481,0.001014,0.000892,5557.341657,5584.233651,1.000471
"theta[grok-4.3_high, axis1]",0.496775,0.075084,0.357357,0.63855,0.00095,0.000918,6261.670063,5201.074653,1.000318
"theta[grok-4.5_high, axis1]",0.844271,0.065707,0.72645,0.974057,0.000946,0.000708,4929.428972,5461.059893,0.999762
"theta[grok-4.5_unknown, axis1]",0.760577,0.234731,0.303165,1.171804,0.004081,0.002278,3335.504491,5248.882415,1.00095
"theta[grok-build-0.1, axis1]",0.64127,0.349829,-0.008976,1.23229,0.005182,0.007288,6118.59446,3485.250655,1.000169
"theta[grok-code-fast-1, axis1]",-0.365199,0.264788,-0.891225,0.109403,0.002655,0.003404,10259.634852,5620.299208,1.001127
"theta[inkling-small, axis1]",0.48854,0.199876,0.09986,0.848059,0.002278,0.002382,7907.982603,4799.378843,1.000133
"theta[kimi-k2-0711-preview, axis1]",-0.213827,0.260738,-0.711883,0.260851,0.002676,0.003205,9676.693228,5743.66487,0.999934
"theta[kimi-k2-thinking, axis1]",-0.135628,0.159199,-0.425329,0.178154,0.001704,0.001951,8895.852298,5314.298467,1.000203
"theta[kimi-k2-thinking-turbo, axis1]",0.433523,0.266812,-0.041864,0.958481,0.002786,0.003366,9799.192036,4897.655157,0.999992
"theta[kimi-k2.5, axis1]",0.150819,0.098404,-0.04256,0.328571,0.001364,0.001073,5196.332843,5402.003217,1.00016
"theta[kimi-k2.6, axis1]",0.686312,0.063543,0.563352,0.801872,0.00101,0.000727,4051.015387,5299.857183,1.000283
"theta[kimi-k2.7-code, axis1]",0.62348,0.065836,0.503137,0.747199,0.00103,0.000747,4184.233682,4665.540724,1.00054
"theta[kimi-k3_high, axis1]",0.755347,0.287293,0.211202,1.275632,0.00301,0.003429,9803.723765,5091.134441,1.000562
"theta[kimi-k3_low, axis1]",0.176735,0.217805,-0.23552,0.58305,0.002055,0.002395,11265.652088,6479.581116,1.000157
"theta[kimi-k3_max, axis1]",1.183775,0.070078,1.056021,1.316245,0.001159,0.000782,3783.166802,4188.638713,1.000859
"theta[kimi-k3_unknown, axis1]",1.496776,0.142594,1.211087,1.755986,0.001753,0.001565,6681.084857,5576.298688,1.001167
"theta[laguna-m.1, axis1]",-0.657977,0.268738,-1.151523,-0.163113,0.003689,0.00335,5761.751702,5005.107306,1.000166
"theta[laguna-xs.2, axis1]",-0.808981,0.440122,-1.63562,-0.037336,0.005517,0.005703,7091.231401,5342.032244,1.000282
"theta[learnlm-1.5-pro-experimental, axis1]",-0.901357,0.163744,-1.222655,-0.593926,0.00215,0.002696,6097.25388,3165.749841,1.00131
"theta[magistral-medium-2509, axis1]",-0.54549,0.453379,-1.442674,0.21332,0.005792,0.006146,7149.499307,4909.694294,1.001252
"theta[magistral-small-2506, axis1]",-0.617936,0.288238,-1.199574,-0.098759,0.003175,0.00458,9205.288792,4658.348493,1.000963
"theta[magistral-small-2509, axis1]",-0.546038,0.463211,-1.468959,0.239086,0.005951,0.006431,7266.049357,4718.534551,1.000035
"theta[mercury-2, axis1]",-0.120706,0.211496,-0.493326,0.301126,0.002054,0.002475,10819.153553,6178.984226,1.000601
"theta[mimo-v2-flash, axis1]",-0.695553,0.451342,-1.537645,0.118487,0.005706,0.005678,7312.202262,4995.029611,0.999981
"theta[mimo-v2.5, axis1]",0.323084,0.281085,-0.197446,0.817656,0.003563,0.004622,7642.957566,4458.182088,1.000454
"theta[mimo-v2.5-pro, axis1]",0.462352,0.248278,0.01158,0.917461,0.003123,0.003829,7496.03193,4611.401283,1.001401
"theta[mistral-large-2402, axis1]",-1.549069,0.185628,-1.902411,-1.211085,0.002218,0.002035,7124.718671,5855.491836,1.000111
"theta[mistral-large-2407, axis1]",-1.186984,0.154806,-1.478141,-0.901111,0.001815,0.001796,7284.250265,5440.411865,1.000549
"theta[mistral-large-2411, axis1]",-1.091655,0.143193,-1.35637,-0.812679,0.001756,0.002094,6923.700578,4714.333192,1.000639
"theta[mistral-large-2512, axis1]",-0.688772,0.449063,-1.541987,0.073668,0.005368,0.005784,8161.574489,5005.974834,1.00014
"theta[mistral-medium-2505, axis1]",-0.675606,0.195574,-1.032131,-0.307468,0.00198,0.002535,10415.793193,5250.07299,0.999665
"theta[mistral-medium-2508, axis1]",-0.502094,0.231243,-0.934458,-0.071975,0.002271,0.003056,11003.017427,5499.623858,1.000145
"theta[mistral-medium-2604, axis1]",-0.174374,0.199368,-0.537517,0.208052,0.001999,0.002458,10449.959639,5540.628429,1.002018
"theta[mistral-medium-2604_high, axis1]",-0.24127,0.264829,-0.772896,0.213782,0.004298,0.003924,4182.304129,4079.298719,1.000145
"theta[mistral-small-2501, axis1]",-1.291706,0.146454,-1.559621,-1.005347,0.001978,0.002068,5646.107365,4498.788887,1.000431
"theta[mistral-small-2503, axis1]",-1.221617,0.143925,-1.503628,-0.965385,0.001738,0.001994,6986.227656,5023.871498,1.000706
"theta[mistral-small-2506, axis1]",-0.701758,0.461128,-1.574574,0.104704,0.005894,0.00664,7285.939065,4426.04629,1.001178
"theta[muse-spark, axis1]",0.997845,0.105725,0.79578,1.197198,0.00124,0.00124,7266.384763,5661.814896,0.99987
"theta[muse-spark-1.1, axis1]",1.267606,0.117402,1.049946,1.488887,0.001414,0.001328,6934.91006,5401.063991,0.999827
"theta[muse-spark-1.1_high, axis1]",0.34908,0.23169,-0.081397,0.802637,0.003197,0.004001,5657.54059,4718.448462,1.000616
"theta[muse-spark-1.1_xhigh, axis1]",1.089028,0.20893,0.679813,1.463824,0.002466,0.002955,7380.049283,4824.346401,1.000093
"theta[nemotron-3-super, axis1]",-0.155772,0.2381,-0.589032,0.300473,0.002402,0.002711,9957.888792,5905.929215,0.999994
"theta[nemotron-3-ultra, axis1]",-0.044514,0.172798,-0.365506,0.28287,0.001733,0.001975,10270.758889,5982.827271,1.000443
"theta[nova-2.0-pro-preview_low, axis1]",-0.696413,0.447518,-1.563628,0.080316,0.005219,0.005869,8408.978449,4829.655445,0.999863
"theta[nova-2.0-pro-preview_medium, axis1]",-0.691134,0.452234,-1.529385,0.11644,0.005476,0.005814,7715.945803,5371.150247,0.999994
"theta[nova-2.0-pro-preview_none, axis1]",-0.686336,0.452037,-1.538215,0.121871,0.005291,0.005936,8276.315376,5433.825467,1.000325
"theta[o1-2024-12-17_high, axis1]",-0.07369,0.11255,-0.284103,0.136657,0.001341,0.0015,7059.314594,5155.640361,1.000433
"theta[o1-2024-12-17_low, axis1]",-0.222964,0.246981,-0.69179,0.237463,0.002388,0.003322,10846.14579,4876.804466,0.999769
"theta[o1-2024-12-17_medium, axis1]",0.025156,0.128397,-0.213123,0.273634,0.001429,0.001442,8155.558875,5997.94951,1.00029
"theta[o1-2024-12-17_unknown, axis1]",0.01147,0.143413,-0.2648,0.270552,0.001603,0.001543,7998.860293,6162.754966,0.999825
"theta[o1-mini-2024-09-12_high, axis1]",-0.289568,0.279405,-0.827592,0.219421,0.002883,0.004365,9943.36232,5301.493797,1.000901
"theta[o1-mini-2024-09-12_medium, axis1]",-0.559537,0.140488,-0.812842,-0.286842,0.002826,0.001535,2541.450237,4380.630811,1.000541
"theta[o1-preview, axis1]",-0.285735,0.265564,-0.788941,0.209445,0.003501,0.003344,5948.92819,5196.586145,1.000936
"theta[o1-preview-2024-09-12, axis1]",-0.265685,0.126577,-0.506743,-0.030172,0.001474,0.001419,7377.468447,5405.589116,1.000736
"theta[o1-pro-2025-03-19, axis1]",-0.073204,0.160927,-0.37055,0.222859,0.001698,0.001787,9126.642894,5999.624167,1.000895
"theta[o3-2025-04-16_high, axis1]",0.41394,0.102964,0.208994,0.59351,0.001064,0.001173,9370.014299,5822.56657,0.999885
"theta[o3-2025-04-16_low, axis1]",0.067714,0.284815,-0.461529,0.613796,0.003123,0.004334,9178.484345,5292.973591,1.000634
"theta[o3-2025-04-16_medium, axis1]",0.580451,0.098907,0.388689,0.762102,0.001224,0.001016,6526.528631,6197.280178,1.000853
"theta[o3-2025-04-16_unknown, axis1]",0.294998,0.248341,-0.164528,0.753996,0.002844,0.003697,8101.138239,5723.692189,1.000295
"theta[o3-mini-2025-01-31_high, axis1]",-0.140848,0.077373,-0.285774,0.003015,0.001093,0.000899,5058.654954,4821.322539,1.000114
"theta[o3-mini-2025-01-31_low, axis1]",-0.476355,0.139143,-0.732044,-0.207677,0.002,0.001938,5093.490828,4233.265556,1.000341
"theta[o3-mini-2025-01-31_medium, axis1]",-0.18277,0.110361,-0.384726,0.031653,0.001448,0.001274,5896.12216,5809.385889,1.000106
"theta[o3-mini-2025-01-31_unknown, axis1]",0.029453,0.716215,-1.265081,1.394574,0.007034,0.008528,10371.672374,5666.821576,1.000519
"theta[o3-pro-2025-06-10, axis1]",-0.528791,0.42711,-1.332161,0.265301,0.00551,0.006042,6542.794452,4257.96316,1.000135
"theta[o3-pro-2025-06-10_high, axis1]",0.487061,0.220342,0.057818,0.89377,0.002168,0.002712,10384.826324,5732.291228,1.00031
"theta[o3-pro-2025-06-10_medium, axis1]",0.558503,0.415619,-0.137186,1.415503,0.005531,0.007109,6703.427079,4271.856988,1.00043
"theta[o4-mini-2025-04-16_high, axis1]",0.282434,0.068283,0.154239,0.412147,0.000892,0.000847,5928.100447,4939.893073,1.000692
"theta[o4-mini-2025-04-16_low, axis1]",-0.073721,0.252968,-0.539861,0.407581,0.002446,0.003363,10967.475303,5579.504719,1.000036
"theta[o4-mini-2025-04-16_medium, axis1]",0.168421,0.103963,-0.031367,0.356865,0.001119,0.001192,8626.86628,6115.697393,1.001389
"theta[o4-mini-2025-04-16_unknown, axis1]",0.567779,0.742659,-0.783834,1.988426,0.007335,0.0098,10252.231481,5596.623606,1.000479
"theta[openai/gpt-oss-120b_low, axis1]",-0.693882,0.450903,-1.542662,0.112749,0.005104,0.00569,8895.661652,5411.119369,1.000118
"theta[parasail-qwen3-235b-a22b-instruct-2507, axis1]",-0.362191,0.377045,-1.074948,0.393264,0.005211,0.006242,5584.021967,4170.96544,1.000982
"theta[phi-4, axis1]",-1.266487,0.155177,-1.557369,-0.967628,0.002021,0.002161,5974.441468,4575.350027,1.001202
"theta[pixtral-large-2411, axis1]",-0.859148,0.315904,-1.473592,-0.301045,0.003419,0.003763,8963.611388,5239.202423,1.001417
"theta[qwen-max-2025-01-25, axis1]",-0.944256,0.315098,-1.544867,-0.392295,0.003642,0.004928,8575.187954,4347.869994,1.00036
"theta[qwen-plus-2025-01-25, axis1]",-0.898566,0.306333,-1.52115,-0.376037,0.003465,0.004341,8723.815923,4915.6125,1.002442
"theta[qwen-turbo-2024-11-01, axis1]",-1.285167,0.332879,-1.917551,-0.686293,0.003831,0.004395,8605.277022,5191.30199,1.000255
"theta[qwen1.5-110b-chat, axis1]",-0.429527,0.72108,-1.716648,1.012453,0.007375,0.009179,9585.308564,5500.748116,1.000514
"theta[qwen2-72b-instruct, axis1]",-1.452061,0.206741,-1.851764,-1.07383,0.002279,0.002426,8455.254282,5963.116613,1.000404
"theta[qwen2.5-32b-instruct, axis1]",-1.231896,0.336818,-1.86908,-0.62446,0.004081,0.004472,7809.264702,5060.416486,1.000048
"theta[qwen2.5-72b-instruct, axis1]",-1.168476,0.167932,-1.481021,-0.858946,0.00179,0.002019,9023.48151,5901.293391,1.00066
"theta[qwen2.5-max, axis1]",-0.511979,0.168091,-0.826938,-0.184593,0.002505,0.003193,5058.704442,3204.022942,1.00085
"theta[qwen3-235b-a22b, axis1]",-0.262844,0.254224,-0.749625,0.198892,0.002639,0.003325,9422.140705,5368.492441,1.00006
"theta[qwen3-coder-next, axis1]",-0.471988,0.230202,-0.895707,-0.025083,0.00227,0.00284,10606.986229,5990.315957,1.000419
"theta[qwen3-max-2025-09-23, axis1]",0.022775,0.228329,-0.403345,0.465158,0.002301,0.00318,9943.070534,5100.398502,1.000462
"theta[qwen3.5-27B, axis1]",-0.209047,0.257585,-0.687682,0.28378,0.002604,0.00306,9747.869073,5941.30528,1.000339
"theta[qwen3.5-9B, axis1]",-0.544209,0.459428,-1.450396,0.229466,0.005925,0.005946,7016.63559,4519.500655,1.000053
"theta[qwen3.5-flash, axis1]",0.483263,0.281184,-0.037029,1.011113,0.003032,0.003608,9174.614437,5647.761259,1.000735
"theta[qwen3.5-flash_none, axis1]",-0.176143,0.554945,-1.224195,0.827116,0.007043,0.008112,6909.959479,4887.539517,0.999985
"theta[qwen3.5-plus, axis1]",0.360374,0.180029,0.0274,0.703405,0.001784,0.002004,10181.9031,6051.691423,1.000301
"theta[qwen3.5-plus_none, axis1]",-0.181612,0.569604,-1.290332,0.830105,0.006845,0.007722,7334.37676,4884.464714,1.000225
"theta[qwen3.6-35b-a3b, axis1]",0.068175,0.127996,-0.173447,0.303287,0.001636,0.001404,6220.508525,4924.450718,0.999971
"theta[qwen3.6-flash, axis1]",0.467363,0.271068,-0.016492,1.001758,0.002965,0.003443,9030.908624,5112.757646,1.001141
"theta[qwen3.6-flash_none, axis1]",-0.251967,0.566659,-1.334197,0.751366,0.006333,0.007037,8682.659096,5531.495981,1.000746
"theta[qwen3.6-max-preview, axis1]",0.629974,0.268352,0.144423,1.141998,0.002723,0.00316,10133.505948,5797.613006,1.000708
"theta[qwen3.6-max-preview_none, axis1]",-0.120241,0.562018,-1.222438,0.874366,0.006896,0.007522,7366.144923,4572.469507,1.001086
"theta[qwen3.6-plus, axis1]",0.481286,0.173973,0.155183,0.808964,0.001638,0.001987,11277.664527,5653.68284,1.000218
"theta[qwen3.6-plus_none, axis1]",0.525762,0.533288,-0.495579,1.484005,0.006459,0.008039,7285.674094,5247.749927,1.000224
"theta[qwen3.7-max, axis1]",0.929618,0.064145,0.811805,1.053996,0.000801,0.000789,6437.939864,5327.367281,1.000102
"theta[qwen3.7-plus, axis1]",0.339931,0.188624,-0.017373,0.691555,0.002786,0.001984,4593.28912,4968.489456,1.000301
"theta[qwen3.8-max_xhigh, axis1]",1.176363,0.072271,1.042324,1.315122,0.000888,0.000834,6638.775131,5272.242815,1.00026
"theta[solar-pro-3, axis1]",-0.690672,0.460483,-1.561959,0.111666,0.005543,0.005737,7953.20207,4683.526091,1.000421
"theta[sonar, axis1]",-1.103328,0.166537,-1.436806,-0.79788,0.002308,0.003117,5631.066736,3171.524729,1.002513
"theta[step-3.7-flash, axis1]",-0.040097,0.431642,-0.851284,0.694048,0.005969,0.005496,6033.589124,4289.04333,0.999956
"theta[swe-1.6, axis1]",-0.683664,0.500978,-1.653419,0.211596,0.006953,0.007725,5965.792945,3804.94829,1.000777
"theta[swe-1.7, axis1]",1.072353,0.388818,0.342699,1.754692,0.006497,0.009686,4555.949845,2902.186886,1.000573
"theta[trinity-large-thinking, axis1]",-0.524739,0.26399,-1.026251,-0.051908,0.004131,0.003798,4380.47272,4356.119413,1.001214
"A[APEX Agents, axis1]",1.221558,0.103888,1.036352,1.430448,0.001846,0.00108,3160.718381,4276.291877,1.000704
"A[BlueprintBench 2, axis1]",1.528557,0.299432,0.982487,2.088427,0.005801,0.00351,2596.431242,3670.405409,1.001596
"A[Chess Puzzles, axis1]",1.003265,0.092634,0.830016,1.178445,0.001485,0.000947,3870.612353,5206.349823,1.002754
"A[CritPt, axis1]",1.784333,0.101118,1.600637,1.974707,0.001724,0.001012,3437.761567,4921.281453,1.000265
"A[CursorBench, axis1]",0.837122,0.084919,0.676378,0.994456,0.001816,0.000951,2160.444988,3208.433084,1.00157
"A[DeepSWE, axis1]",1.67929,0.154497,1.391208,1.969857,0.002985,0.001859,2677.680615,3162.804725,1.00153
"A[EBR-bench, axis1]",2.19405,0.288067,1.691971,2.767339,0.006025,0.003556,2290.491616,3009.60983,1.002187
"A[EnigmaEval, axis1]",1.577619,0.114993,1.356664,1.788898,0.001807,0.001284,4056.641177,4527.231156,1.000368
"A[Fiction.LiveBench, axis1]",2.089528,0.438204,1.303956,2.927815,0.01075,0.005145,1636.952152,2284.350179,1.001537
"A[ForecastBench, axis1]",0.081956,0.010868,0.061373,0.102569,0.000152,0.000119,5069.37031,5235.164801,1.000447
"A[FrontierCode, axis1]",0.946397,0.173076,0.618891,1.271401,0.004158,0.002695,1724.530926,2081.546617,1.001543
"A[FrontierMath, axis1]",1.839235,0.110127,1.648333,2.060807,0.002453,0.001277,2005.51783,3884.894464,1.00123
"A[FrontierMath Tier 4, axis1]",2.933227,0.198875,2.559263,3.301971,0.004366,0.002155,2070.200319,3868.260709,1.002259
"A[GDPval, axis1]",0.890265,0.264063,0.382608,1.361507,0.004591,0.002884,3166.018825,4073.742918,1.000617
"A[GeoBench, axis1]",0.612451,0.137099,0.359181,0.87453,0.002159,0.001384,3940.644104,4247.589213,1.001151
"A[Humanity's Last Exam, axis1]",1.424192,0.1101,1.221777,1.636338,0.001775,0.001232,3848.688787,4215.515439,1.00021
"A[LAB-Bench Cloning, axis1]",0.658839,0.092143,0.478322,0.825059,0.001269,0.000929,5251.231345,5841.802427,1.001287
"A[LAB-Bench LitQA2, axis1]",0.305908,0.032223,0.249526,0.370743,0.000439,0.000345,5415.886329,6000.692926,0.999857
"A[LAB-Bench Protocol, axis1]",0.589136,0.065096,0.468948,0.709962,0.000974,0.000676,4449.234236,5135.020148,0.999989
"A[LAB-Bench SeqQA, axis1]",0.561432,0.057576,0.450331,0.669902,0.000903,0.000634,4090.830779,4804.698624,1.000168
"A[LiveBench, axis1]",1.045973,0.08284,0.889544,1.202172,0.002298,0.0011,1297.951005,1934.193016,1.001872
"A[MCP Atlas, axis1]",0.874186,0.15419,0.576382,1.158516,0.002894,0.001803,2822.302269,3525.553703,0.999997
"A[METR Time Horizons, axis1]",0.834377,0.052537,0.737823,0.93473,0.000809,0.000587,4232.501302,5015.777424,1.00231
"A[Mystery Game Puzzles, axis1]",0.767999,0.139334,0.499985,1.023868,0.003166,0.001623,1904.408177,3101.965055,1.00244
"A[OS World 2, axis1]",1.208608,0.30251,0.647464,1.77786,0.005646,0.003705,2794.065599,2793.701788,1.001019
"A[OTIS Mock AIME 2024-2025, axis1]",2.157004,0.122541,1.924323,2.383921,0.002874,0.001292,1819.556952,3978.747643,1.001806
"A[ProofBench, axis1]",1.954411,0.212525,1.563311,2.364434,0.003721,0.002208,3267.036377,4308.173232,1.000426
"A[Remote Labor Index, axis1]",1.29158,0.272279,0.770933,1.797857,0.006834,0.003928,1571.444291,1612.382972,1.000504
"A[SEAL Instruction Following, axis1]",0.493929,0.104487,0.304185,0.693964,0.002042,0.001315,2551.503882,3405.924038,1.002123
"A[SEAL Tool Use (Enterprise), axis1]",0.781273,0.084576,0.621617,0.937985,0.001428,0.000937,3492.773077,3988.583611,1.000051
"A[SWE-Bench Pro (Private), axis1]",1.405587,0.215244,1.013564,1.817771,0.003994,0.003665,3023.811783,3219.648254,1.001121
"A[Surface Evolver Bench, axis1]",1.840496,0.230974,1.407972,2.276722,0.004626,0.002566,2484.2779,4298.43638,1.000653
"A[Visual Task Assessment (VISTA), axis1]",0.444371,0.037328,0.374486,0.51506,0.000459,0.000392,6571.47847,5897.482303,1.000266
"A[WeirdML, axis1]",1.140226,0.05186,1.043356,1.238198,0.000933,0.000506,3086.02054,5237.199593,1.001948
D[APEX Agents],2.106605,0.104966,1.913866,2.310236,0.00168,0.001047,3903.962394,5097.254396,1.000304
D[BlueprintBench 2],2.945576,0.373703,2.24199,3.639918,0.006718,0.004394,3098.265592,4370.003202,1.001195
D[Chess Puzzles],1.745862,0.076588,1.607339,1.892272,0.001036,0.000752,5459.971317,6351.03603,1.001458
D[CritPt],3.658502,0.105533,3.463705,3.856656,0.001595,0.001,4372.776205,5476.860642,0.99999
D[CursorBench],0.543749,0.098524,0.35931,0.730606,0.002042,0.001103,2324.902321,3639.175538,1.001091
D[DeepSWE],1.768679,0.1778,1.450813,2.115746,0.003262,0.002018,2969.281777,4080.858576,1.000653
D[EBR-bench],3.842266,0.412789,3.054867,4.61572,0.008397,0.005105,2461.213219,3416.942188,1.001108
D[EnigmaEval],3.054213,0.099936,2.877574,3.250951,0.001396,0.00107,5143.11985,5773.202654,1.000659
D[Fiction.LiveBench],-0.638283,0.146623,-0.915544,-0.357373,0.0022,0.001506,4458.044802,5617.0995,1.000378
D[ForecastBench],-0.386825,0.01112,-0.408228,-0.366312,0.000116,0.000115,9283.67777,6563.137361,1.000383
D[FrontierCode],1.473061,0.195598,1.08877,1.823602,0.004469,0.002509,1908.46077,2889.968571,1.001227
D[FrontierMath],1.096303,0.105325,0.902286,1.297859,0.002307,0.001118,2075.938024,4206.325449,1.000579
D[FrontierMath Tier 4],3.572498,0.209901,3.198624,3.986401,0.004725,0.002138,1969.765346,3947.897402,1.001669
D[GDPval],0.81607,0.157758,0.528405,1.115245,0.001979,0.001881,6408.758855,5696.341745,1.000042
D[GeoBench],-0.768249,0.119047,-0.994846,-0.545647,0.001274,0.001381,8754.385463,5997.09215,1.00047
D[Humanity's Last Exam],1.964834,0.073932,1.828632,2.107398,0.001071,0.00078,4797.766999,5896.793952,1.000786
D[LAB-Bench Cloning],-0.063324,0.106961,-0.271888,0.134115,0.001413,0.001101,5765.846716,5363.864632,1.00069
D[LAB-Bench LitQA2],0.144648,0.040641,0.068036,0.218553,0.000567,0.000459,5211.325183,5419.02135,1.000073
D[LAB-Bench Protocol],-0.77811,0.07866,-0.927533,-0.630502,0.001122,0.00081,4924.259824,5489.56296,1.000319
D[LAB-Bench SeqQA],-0.535987,0.068399,-0.665398,-0.406703,0.001026,0.000765,4461.96388,5038.411614,1.000199
D[LiveBench],-1.05662,0.079273,-1.210447,-0.911643,0.002289,0.001248,1225.797452,1996.237506,1.0006
D[MCP Atlas],-0.29556,0.134618,-0.536598,-0.038662,0.002279,0.001356,3479.014245,5108.401605,1.00003
D[METR Time Horizons],-0.363956,0.039566,-0.437671,-0.289172,0.000572,0.000431,4782.38878,5307.35783,1.000391
D[Mystery Game Puzzles],1.545507,0.148696,1.268666,1.821277,0.003018,0.001632,2430.158598,4324.558842,1.001952
D[OS World 2],3.207748,0.339795,2.601504,3.86646,0.006146,0.00386,3089.997478,3952.32843,1.00048
D[OTIS Mock AIME 2024-2025],-0.560682,0.058473,-0.674365,-0.452776,0.000816,0.000563,5132.006248,6252.716485,1.000583
D[ProofBench],2.439659,0.207773,2.06211,2.839552,0.003534,0.002065,3458.591953,5050.184561,1.000415
D[Remote Labor Index],4.12607,0.314265,3.526017,4.710103,0.007634,0.003842,1697.594725,2598.090427,1.000782
D[SEAL Instruction Following],-2.085426,0.105008,-2.279115,-1.887332,0.002035,0.001417,2676.122608,3746.502656,1.001476
D[SEAL Tool Use (Enterprise)],-0.84062,0.084268,-0.999991,-0.684762,0.001265,0.000844,4456.10484,4898.538208,1.000189
D[SWE-Bench Pro (Private)],1.906961,0.194802,1.546907,2.272853,0.003363,0.002468,3363.546575,4164.87386,1.00133
D[Surface Evolver Bench],0.576228,0.201485,0.208818,0.962913,0.003884,0.002221,2676.489884,4155.734462,1.000922
D[Visual Task Assessment (VISTA)],0.23021,0.027825,0.179467,0.284396,0.000304,0.00032,8387.767394,5657.606245,1.000285
D[WeirdML],0.179522,0.033349,0.117333,0.243928,0.000449,0.000332,5506.957863,6258.421617,1.000737
phi_b[APEX Agents],42.27105,10.839287,24.009789,63.202906,0.1796,0.115825,3524.274261,5264.574545,1.002216
phi_b[BlueprintBench 2],9.553262,3.137059,3.964349,15.125733,0.047573,0.037176,4268.371292,6056.14504,1.000763
phi_b[Chess Puzzles],14.924009,1.9478,11.444977,18.74159,0.023391,0.022524,6820.286272,5865.116814,1.001034
phi_b[CritPt],45.502576,7.747132,31.687831,60.322726,0.112709,0.080371,4674.199585,5526.598813,1.000155
phi_b[CursorBench],220.8425,89.054322,88.373103,385.783252,1.794344,2.069308,2579.823879,3701.579755,1.000136
phi_b[DeepSWE],40.804329,14.202787,18.207812,66.622356,0.289389,0.283592,2554.401855,3479.239304,1.000302
phi_b[EBR-bench],27.301287,12.111178,7.523924,49.528487,0.189514,0.140901,3624.120315,4408.344461,1.000301
phi_b[EnigmaEval],95.619121,24.024497,53.98432,141.549939,0.313839,0.272628,5857.390484,5933.619166,1.000362
phi_b[Fiction.LiveBench],8.87572,2.712436,4.477386,13.91723,0.057766,0.047705,2174.310912,4091.71749,1.000669
phi_b[ForecastBench],589.353432,110.581065,396.099054,801.769855,1.358887,1.267923,6314.735039,5377.827865,1.00125
phi_b[FrontierCode],48.051437,27.920225,14.144332,92.108482,0.617137,1.970711,2026.670404,3259.347282,1.001151
phi_b[FrontierMath],228.284937,112.587432,68.152411,426.690258,2.993718,3.489839,1405.243014,2834.600138,1.002467
phi_b[FrontierMath Tier 4],56.208121,16.336733,28.374365,87.751826,0.294506,0.189906,2928.300602,4038.440661,1.002588
phi_b[GDPval],24.398037,10.222942,7.374202,42.581936,0.135712,0.180116,5258.980365,5583.372424,1.000311
phi_b[GeoBench],12.686411,3.051998,7.307684,18.588571,0.034244,0.034378,7863.606898,6452.106558,1.000299
phi_b[Humanity's Last Exam],86.043753,24.203116,45.82674,132.489918,0.371904,0.27658,4003.283108,5098.011426,1.001979
phi_b[LAB-Bench Cloning],22.962516,5.595015,13.029684,33.40136,0.0626,0.064592,8132.622392,6522.462798,1.000271
phi_b[LAB-Bench LitQA2],163.122649,44.234135,88.030719,248.070283,0.516769,0.532733,7172.511609,5790.942041,0.999985
phi_b[LAB-Bench Protocol],67.951368,17.869638,36.523958,101.572648,0.215752,0.214563,6626.908677,6119.203679,1.00064
phi_b[LAB-Bench SeqQA],82.112946,22.890537,41.716908,125.327466,0.286667,0.278184,6457.79621,6003.538859,1.000522
phi_b[LiveBench],204.013759,126.124271,48.849707,413.741605,4.674867,8.145076,677.910878,1235.591794,1.004299
phi_b[MCP Atlas],37.837048,11.176273,18.615257,57.866812,0.160321,0.137533,4927.034593,6328.206293,1.000259
phi_b[METR Time Horizons],114.601287,39.770294,50.314001,186.7369,0.694218,0.659227,3235.352089,4513.995049,1.000957
phi_b[Mystery Game Puzzles],30.902236,7.709918,17.504476,45.666422,0.124441,0.085548,3746.649446,5635.506501,1.002202
phi_b[OS World 2],61.750249,30.384209,16.717064,118.660372,0.376391,0.467893,6249.737059,5851.934722,1.000446
phi_b[OTIS Mock AIME 2024-2025],13.27433,2.607659,8.534015,17.955238,0.067833,0.03681,1514.526742,2764.776534,1.001618
phi_b[ProofBench],15.108029,3.581927,8.903402,22.005939,0.047124,0.039074,5827.487643,6053.721389,1.000087
phi_b[Remote Labor Index],114.898006,54.798491,30.393945,213.732889,1.063772,0.830773,2327.625266,4041.533026,1.001512
phi_b[SEAL Instruction Following],270.289904,113.018106,90.33535,475.267278,1.491924,1.968469,5859.210744,6110.33886,1.000493
phi_b[SEAL Tool Use (Enterprise)],69.163049,21.640752,33.986007,109.609852,0.302714,0.297267,4979.593893,5621.026814,1.000101
phi_b[SWE-Bench Pro (Private)],59.274576,32.933927,14.767686,115.519332,0.571247,0.857717,3235.439941,4791.921002,1.000222
phi_b[Surface Evolver Bench],34.249428,14.873769,11.773235,61.056623,0.30069,0.338252,2560.168006,4185.934312,1.000879
phi_b[Visual Task Assessment (VISTA)],116.272616,24.853807,71.409937,161.992571,0.322025,0.262496,5795.42423,5582.112965,1.00003
phi_b[WeirdML],49.110184,9.617951,31.582698,66.307854,0.203517,0.144116,2293.929771,3442.695463,1.002762
