,mean,sd,hdi_3%,hdi_97%,mcse_mean,mcse_sd,ess_bulk,ess_tail,r_hat
D_z[ARC AI2],-1.356746,0.18869,-1.702227,-0.997133,0.005842,0.002937,1025.929877,1659.118927,1.004732
D_z[Aider Polyglot],0.124352,0.060897,0.010305,0.239065,0.00089,0.000705,4722.574602,5651.062422,1.000414
D_z[AudioMultiChallenge],0.226576,0.10738,0.034358,0.443615,0.002329,0.002119,2242.333163,3042.623948,1.001518
D_z[Balrog],0.562559,0.075912,0.420687,0.701513,0.002289,0.001203,1084.956027,1818.419561,1.006058
D_z[BioLP-bench],0.848949,0.118921,0.633274,1.075542,0.003388,0.001653,1206.762323,2174.267952,1.005478
D_z[CL-bench],1.185425,0.147752,0.907074,1.466268,0.005002,0.003071,864.622964,1096.271717,1.007555
D_z[CL-bench Life],1.438353,0.189712,1.086983,1.803321,0.006077,0.003467,956.398116,1374.076421,1.004054
D_z[CTI-REALM],0.204646,0.083601,0.051215,0.366949,0.001675,0.001202,2531.881291,3693.342646,1.001082
D_z[CadEval],0.132378,0.083153,-0.024036,0.292974,0.00111,0.001003,5658.407015,5622.575483,1.000064
D_z[Cybench],0.808318,0.114531,0.596556,1.021084,0.003539,0.001822,1030.188194,1843.68854,1.005131
D_z[CyberGym],-0.059149,0.140004,-0.335821,0.193494,0.002303,0.001905,3748.706284,4524.106663,1.000781
D_z[DeepResearch Bench],0.135273,0.036348,0.068769,0.202794,0.000795,0.000452,2136.334861,3720.478769,1.001333
D_z[ExploitBench],1.525729,0.259475,1.032219,2.017024,0.008838,0.00552,868.350643,799.022838,1.006805
D_z[FrontierSWE v2],1.814557,0.411934,1.081404,2.616099,0.01459,0.00663,772.655645,1301.997655,1.006183
D_z[GBAEval],1.498075,0.433166,0.750851,2.333612,0.01064,0.006639,1724.417261,3338.906308,1.003407
D_z[GDP.pdf],1.159234,0.159861,0.86881,1.467747,0.00508,0.002813,973.59828,1503.203494,1.005901
D_z[GPQA Diamond],-0.43164,0.051627,-0.5262,-0.335261,0.001754,0.001023,854.259475,1247.629308,1.007581
D_z[GPQA Diamond Biology],-0.381078,0.076596,-0.529989,-0.243243,0.00168,0.000886,2059.543002,3772.671253,1.002436
D_z[GPQA Diamond Chemistry],-0.063309,0.053634,-0.163087,0.037431,0.000769,0.000662,4928.73923,4821.972594,1.000325
D_z[GPQA Main Biology],-0.518773,0.082791,-0.675094,-0.365676,0.002195,0.001192,1413.522379,3057.265074,1.004234
D_z[GPQA Main Chemistry],0.004342,0.041412,-0.069437,0.087084,0.000578,0.000475,5139.373481,4965.954457,1.001089
D_z[GSM8K],-1.755817,0.250684,-2.210194,-1.279882,0.007863,0.003774,1005.685258,1915.053404,1.006267
D_z[GSO-Bench],2.071712,0.261255,1.579706,2.570808,0.00868,0.00505,900.523614,1428.090907,1.007928
D_z[InterCode-CTF],-1.066641,0.147136,-1.331604,-0.78041,0.004486,0.002274,1068.817595,2153.623525,1.007297
D_z[Lech Mazur Writing],-0.746799,0.089008,-0.915992,-0.579333,0.003054,0.001696,836.784477,1246.826793,1.00802
D_z[MATH Level 5],-0.996893,0.127698,-1.23125,-0.754176,0.004129,0.002266,935.158127,1518.138729,1.006335
D_z[MMLU],-1.279984,0.145527,-1.547092,-1.003296,0.005246,0.003062,761.166745,1091.209044,1.008984
D_z[MMLU Biology],-0.740054,0.086723,-0.90025,-0.5734,0.003014,0.001772,820.129994,1320.801936,1.007536
D_z[MMLU Chemistry],-0.572193,0.069596,-0.710131,-0.449476,0.002318,0.001342,888.028804,1420.95314,1.00821
D_z[MMLU Pro Biology],-1.415444,0.16452,-1.715826,-1.095959,0.005726,0.003356,816.067056,1243.621047,1.00842
D_z[MMLU Pro Chemistry],-1.076459,0.132487,-1.324382,-0.831503,0.004351,0.002488,909.671442,1553.264794,1.006676
D_z[MMLU-Pro],-0.782262,0.092701,-0.953819,-0.607381,0.003288,0.001875,787.440584,1108.096372,1.00812
D_z[MultiChallenge],0.102283,0.062918,-0.018173,0.220881,0.001003,0.000695,3916.360422,4653.33878,1.000216
D_z[MultiNRC],0.891909,0.115932,0.667822,1.098551,0.003517,0.001975,1069.875187,1716.701592,1.00419
D_z[NL2Bash],-0.828591,0.136046,-1.08653,-0.577793,0.003417,0.001758,1590.166448,2819.650129,1.005129
D_z[OSWorld],-0.008264,0.165322,-0.314206,0.305704,0.001902,0.0025,7977.672209,5571.662435,1.001758
D_z[PostTrainBench v1.1],0.839931,0.195686,0.514479,1.206719,0.004956,0.0045,1597.948748,2339.103639,1.002652
D_z[SEAL Tool Use (Enterprise)],-0.353977,0.065385,-0.477623,-0.233945,0.00165,0.000965,1582.146465,2892.654597,1.002806
D_z[SimpleQA Verified],0.649653,0.092405,0.470463,0.815017,0.002665,0.001423,1186.306864,2385.936509,1.00431
D_z[Terminal Bench 2.0],0.806567,0.135604,0.548618,1.05184,0.003746,0.001805,1293.754148,1993.92004,1.002664
D_z[The Agent Company],0.498508,0.121385,0.264037,0.723929,0.002483,0.001443,2416.998518,4120.84805,1.002165
D_z[TriviaQA],-1.005188,0.151534,-1.298701,-0.731791,0.004311,0.002402,1203.364259,1855.610475,1.002289
D_z[TutorBench],0.147046,0.043743,0.066417,0.232374,0.000801,0.000499,2972.266865,4275.699322,1.001223
D_z[VisualToolBench],2.053808,0.259574,1.561941,2.528138,0.008283,0.004596,972.7489,1547.171864,1.005759
D_z[WMDP Biology],-1.082804,0.130235,-1.328263,-0.844519,0.00435,0.002576,885.721555,1359.760017,1.006762
D_z[WMDP Chemistry],-0.59561,0.078893,-0.734809,-0.439383,0.002469,0.001383,1006.644037,1674.316287,1.005131
"delta_h_log__[0, 0]",0.26431,0.157234,-0.044232,0.538546,0.002665,0.002323,3643.25671,3887.814969,1.000593
"delta_h_log__[1, 0]",0.046341,0.125874,-0.201298,0.271385,0.001851,0.001525,4723.920338,4808.762758,1.001215
"A[ARC AI2, axis1]",1.113472,0.119077,0.886369,1.32756,0.002043,0.001365,3381.324259,3740.095371,1.001067
"A[Aider Polyglot, axis1]",2.471677,0.281595,1.943571,2.989369,0.004936,0.002851,3248.581721,5002.884919,1.000387
"A[AudioMultiChallenge, axis1]",0.567426,0.189459,0.235652,0.923432,0.003814,0.003296,2277.36681,1912.947464,1.000886
"A[Balrog, axis1]",0.92904,0.104439,0.730878,1.124714,0.001357,0.001161,5919.136321,4348.108015,1.001067
"A[BioLP-bench, axis1]",2.543599,0.274609,2.014232,3.055143,0.003766,0.002867,5309.899505,5344.323107,1.000412
"A[CL-bench, axis1]",0.49499,0.119063,0.279356,0.72735,0.002486,0.001618,2259.185124,2380.292552,1.001
"A[CL-bench Life, axis1]",0.475893,0.13751,0.226158,0.73557,0.002958,0.001984,2096.62255,2856.498198,1.001004
"A[CTI-REALM, axis1]",0.58204,0.143884,0.314611,0.846039,0.003336,0.00204,1912.993509,2779.609544,1.001444
"A[CadEval, axis1]",1.728152,0.371886,1.015391,2.420103,0.005184,0.003926,5082.174846,4138.517666,1.000785
"A[Cybench, axis1]",2.407051,0.191924,2.071242,2.793579,0.003424,0.002658,3201.020701,4578.26815,1.000227
"A[CyberGym, axis1]",0.75982,0.161016,0.466732,1.073057,0.002798,0.00207,3322.793364,3469.65358,1.000623
"A[DeepResearch Bench, axis1]",0.165734,0.054355,0.070531,0.266926,0.001073,0.000675,2546.025497,4097.981072,1.00082
"A[ExploitBench, axis1]",1.217495,0.207361,0.803183,1.591671,0.006329,0.004439,1107.410018,978.415001,1.00299
"A[FrontierSWE v2, axis1]",1.339601,0.480448,0.467201,2.196775,0.017518,0.009675,703.106422,904.36688,1.007672
"A[GBAEval, axis1]",1.132889,0.453457,0.351991,1.980639,0.010443,0.006499,1802.220039,2928.476347,1.00193
"A[GDP.pdf, axis1]",0.338017,0.11807,0.137758,0.570699,0.002536,0.00156,2145.882485,3317.585836,1.000485
"A[GPQA Diamond, axis1]",1.51828,0.058636,1.404217,1.625662,0.001227,0.000596,2276.448567,4322.822285,1.000314
"A[GPQA Diamond Biology, axis1]",0.845374,0.167673,0.514393,1.151666,0.002396,0.001745,4834.892216,4516.868027,1.000507
"A[GPQA Diamond Chemistry, axis1]",1.203759,0.137255,0.951109,1.46518,0.002034,0.001536,4559.784653,4376.343177,1.000627
"A[GPQA Main Biology, axis1]",1.026905,0.153293,0.756117,1.344036,0.002081,0.001643,5406.857177,4881.637991,1.000709
"A[GPQA Main Chemistry, axis1]",1.160517,0.104772,0.963559,1.360454,0.001556,0.001103,4532.336633,5420.402431,1.000259
"A[GSM8K, axis1]",2.002625,0.197251,1.629781,2.36983,0.004073,0.002143,2342.635154,3518.499991,1.001273
"A[GSO-Bench, axis1]",1.905298,0.215132,1.507705,2.31712,0.004518,0.002465,2261.717663,3524.926124,1.002285
"A[InterCode-CTF, axis1]",2.521423,0.200033,2.14855,2.895758,0.003107,0.002316,4138.704531,4976.601417,1.001659
"A[Lech Mazur Writing, axis1]",0.602324,0.142337,0.342645,0.87622,0.001891,0.001352,5540.216862,4883.003933,1.001035
"A[MATH Level 5, axis1]",3.225818,0.185831,2.877828,3.567391,0.003445,0.001858,2910.123291,4192.572659,1.000519
"A[MMLU, axis1]",1.165112,0.053258,1.065887,1.265115,0.001187,0.000565,2009.900822,4478.421498,1.003685
"A[MMLU Biology, axis1]",0.558895,0.068267,0.439553,0.698975,0.000902,0.000675,5681.33462,5906.874871,0.999796
"A[MMLU Chemistry, axis1]",0.849081,0.067317,0.723095,0.974672,0.001134,0.000701,3493.453257,4906.119457,1.001141
"A[MMLU Pro Biology, axis1]",1.339219,0.123334,1.105341,1.567554,0.001846,0.001271,4457.269639,4937.320944,1.001191
"A[MMLU Pro Chemistry, axis1]",1.870656,0.13743,1.616215,2.130511,0.002175,0.00139,3978.017655,5915.792825,1.000668
"A[MMLU-Pro, axis1]",1.223133,0.083799,1.074844,1.38747,0.001624,0.00086,2664.453975,4767.792963,1.00185
"A[MultiChallenge, axis1]",0.763928,0.145211,0.485941,1.030112,0.002422,0.001539,3588.00588,3630.727644,1.000678
"A[MultiNRC, axis1]",1.565955,0.153979,1.278077,1.85557,0.002879,0.001669,2858.069993,4284.138101,1.000865
"A[NL2Bash, axis1]",1.287345,0.137894,1.042027,1.554035,0.001839,0.001547,5590.082089,5543.025655,1.001141
"A[OSWorld, axis1]",0.546592,0.249874,0.138938,0.998684,0.003249,0.004208,5636.200847,4858.73228,1.001216
"A[PostTrainBench v1.1, axis1]",0.395072,0.192291,0.10634,0.754868,0.004504,0.004379,1717.178604,2636.866607,1.002775
"A[SEAL Tool Use (Enterprise), axis1]",1.137659,0.157042,0.844891,1.429433,0.002479,0.001778,3990.401205,4508.483675,1.000136
"A[SimpleQA Verified, axis1]",0.890507,0.105845,0.696546,1.090775,0.001543,0.001132,4714.186158,5445.271528,0.999963
"A[Terminal Bench 2.0, axis1]",1.77016,0.226423,1.338804,2.190509,0.005292,0.002813,1832.743948,3228.807057,1.000461
"A[The Agent Company, axis1]",2.500571,0.540354,1.487526,3.497653,0.009851,0.006761,2983.877416,3329.675245,1.000905
"A[TriviaQA, axis1]",0.374952,0.10849,0.177407,0.57638,0.001759,0.00113,3673.347348,4218.307034,1.001013
"A[TutorBench, axis1]",0.48696,0.09124,0.313739,0.658905,0.001528,0.001068,3563.662142,3226.494738,1.000895
"A[VisualToolBench, axis1]",1.990496,0.256631,1.498762,2.470222,0.005068,0.003072,2565.876012,3029.524756,1.000925
"A[WMDP Biology, axis1]",0.664493,0.126169,0.427484,0.903751,0.001901,0.001306,4351.618729,4240.784086,1.000873
"A[WMDP Chemistry, axis1]",0.806839,0.09564,0.62334,0.98195,0.001265,0.000952,5676.50174,5695.337687,1.000231
"delta_h[0, 0]",1.318331,0.201207,0.956732,1.713514,0.003331,0.002328,3643.25671,3887.814969,1.00047
"delta_h[1, 0]",1.055648,0.130761,0.803342,1.297332,0.001901,0.001444,4723.920338,4808.762758,1.001215
D[ARC AI2],-2.105789,0.188311,-2.47933,-1.764691,0.003001,0.002056,3929.395999,4394.349033,1.000439
D[Aider Polyglot],0.192731,0.091049,0.021816,0.363291,0.001189,0.000975,5878.899258,6212.024404,1.001207
D[AudioMultiChallenge],0.351326,0.16048,0.052344,0.665921,0.003299,0.003175,2527.776596,2937.630217,1.001295
D[Balrog],0.872787,0.067754,0.74615,1.00109,0.00073,0.000725,8667.283612,6488.400866,1.000421
D[BioLP-bench],1.316905,0.11066,1.103725,1.519023,0.001498,0.001036,5462.490854,6009.097235,1.00033
D[CL-bench],1.838858,0.10282,1.637396,2.025136,0.002009,0.001236,2618.426731,3650.941927,1.000926
D[CL-bench Life],2.231422,0.160534,1.934095,2.525121,0.003107,0.002232,2679.726107,3960.246413,1.00097
D[CTI-REALM],0.317572,0.12412,0.080985,0.547086,0.002298,0.001573,2925.385536,4303.196293,1.000689
D[CadEval],0.20522,0.126483,-0.041299,0.439438,0.001494,0.00149,7205.189548,5751.653599,0.999802
D[Cybench],1.253777,0.107707,1.054949,1.460181,0.00161,0.001154,4471.444167,5151.507558,1.00029
D[CyberGym],-0.092503,0.21632,-0.489466,0.322066,0.003564,0.002823,3721.884426,4310.075136,1.000303
D[DeepResearch Bench],0.209839,0.050986,0.115253,0.30671,0.000876,0.00056,3451.864438,4979.815694,1.000758
D[ExploitBench],2.368952,0.320152,1.713509,2.944813,0.010108,0.007863,1119.289586,999.577735,1.003397
D[FrontierSWE v2],2.829708,0.632868,1.622866,3.980697,0.022575,0.011861,768.788908,1283.188979,1.006551
D[GBAEval],2.33192,0.65053,1.246132,3.634608,0.014099,0.009045,2189.925396,3610.593408,1.001317
D[GDP.pdf],1.798784,0.152195,1.531609,2.090658,0.003067,0.002014,2557.968543,3066.240234,1.000702
D[GPQA Diamond],-0.669651,0.030686,-0.7261,-0.611838,0.000505,0.000309,3693.989894,5053.791593,1.000809
D[GPQA Diamond Biology],-0.591257,0.099127,-0.781277,-0.407429,0.00132,0.001014,5622.444118,5735.635458,1.000933
D[GPQA Diamond Chemistry],-0.098293,0.081794,-0.259261,0.047243,0.001107,0.000897,5488.265748,5383.73991,1.000455
D[GPQA Main Biology],-0.804796,0.091644,-0.982304,-0.634918,0.001119,0.000928,6712.405512,5922.99605,1.000306
D[GPQA Main Chemistry],0.00668,0.063816,-0.109575,0.129687,0.000884,0.000667,5228.712399,5393.469574,1.00068
D[GSM8K],-2.726175,0.268791,-3.229654,-2.241624,0.005105,0.002925,2776.51976,3894.194024,1.000773
D[GSO-Bench],3.214646,0.205047,2.821695,3.586942,0.003857,0.00233,2841.78795,4316.303447,1.002497
D[InterCode-CTF],-1.655152,0.140377,-1.90569,-1.370782,0.002185,0.001612,4159.255401,4580.702748,1.001084
D[Lech Mazur Writing],-1.158545,0.050381,-1.252473,-1.064421,0.000572,0.00056,7741.935596,6509.08534,1.000026
D[MATH Level 5],-1.546809,0.102739,-1.738212,-1.353023,0.001579,0.000965,4242.556357,5675.714552,1.000164
D[MMLU],-1.985741,0.052395,-2.08156,-1.885771,0.001012,0.000492,2677.246902,5011.221472,1.001992
D[MMLU Biology],-1.148073,0.043495,-1.228711,-1.067238,0.000515,0.000452,7157.270342,6653.542758,0.999817
D[MMLU Chemistry],-0.887757,0.046048,-0.974162,-0.800415,0.000618,0.000427,5564.321744,6516.662878,1.000066
D[MMLU Pro Biology],-2.195961,0.080709,-2.347207,-2.044177,0.001086,0.000765,5528.387006,6004.092878,1.000124
D[MMLU Pro Chemistry],-1.670103,0.091171,-1.836198,-1.496052,0.00131,0.000944,4866.436303,5219.264046,1.000382
D[MMLU-Pro],-1.213478,0.049242,-1.310474,-1.12636,0.000842,0.00047,3409.745595,5189.469928,1.000203
D[MultiChallenge],0.159083,0.096022,-0.03003,0.330023,0.001495,0.000975,4138.710637,4681.436937,1.000773
D[MultiNRC],1.38376,0.095287,1.200984,1.562216,0.001606,0.000974,3529.654521,5038.472202,1.002269
D[NL2Bash],-1.28616,0.160225,-1.591619,-0.987363,0.002018,0.001983,6444.914603,5327.201878,1.000311
D[OSWorld],-0.012648,0.255763,-0.50276,0.457489,0.002955,0.00406,8074.245851,5194.450856,1.001331
D[PostTrainBench v1.1],1.303694,0.268855,0.869016,1.828046,0.006198,0.006207,2082.513945,2252.381465,1.002787
D[SEAL Tool Use (Enterprise)],-0.549163,0.080429,-0.69458,-0.395661,0.001092,0.000909,5449.863464,5794.895025,1.000276
D[SimpleQA Verified],1.007761,0.08877,0.84239,1.173371,0.001124,0.000855,6241.980561,6364.921868,0.999835
D[Terminal Bench 2.0],1.251792,0.163013,0.935968,1.546753,0.003568,0.001872,2088.718356,3626.012818,1.000667
D[The Agent Company],0.773638,0.16778,0.452387,1.087214,0.002417,0.001726,4882.452073,5440.016986,1.000265
D[TriviaQA],-1.559258,0.157507,-1.853335,-1.266419,0.002351,0.001767,4512.001976,4900.320879,1.000847
D[TutorBench],0.228063,0.062606,0.10449,0.342085,0.000923,0.000684,4616.470741,4093.814706,1.000411
D[VisualToolBench],3.187167,0.210084,2.781698,3.563428,0.003919,0.002437,2908.217998,3920.379372,1.001335
D[WMDP Biology],-1.679863,0.079705,-1.832927,-1.535132,0.001024,0.000772,6060.012112,6019.039982,1.000166
D[WMDP Chemistry],-0.924013,0.066875,-1.054079,-0.8031,0.000852,0.000668,6161.832938,6249.434828,0.999972
"logA_z[axis1, ARC AI2]",0.148237,0.159713,-0.150411,0.447593,0.002827,0.002237,3242.735475,3823.468821,1.001117
"logA_z[axis1, Aider Polyglot]",1.315125,0.214929,0.912013,1.71596,0.005049,0.002591,1832.314861,3442.798818,1.000868
"logA_z[axis1, AudioMultiChallenge]",-0.909887,0.502052,-1.894475,-0.004547,0.011461,0.010335,2137.054213,1717.863565,1.001017
"logA_z[axis1, Balrog]",-0.118536,0.168941,-0.426731,0.211176,0.002329,0.002042,5598.21076,4633.054142,1.001169
"logA_z[axis1, BioLP-bench]",1.357879,0.20848,0.971188,1.752716,0.004866,0.002642,1860.506571,2922.462448,1.00133
"logA_z[axis1, CL-bench]",-1.073779,0.386894,-1.837926,-0.417864,0.009094,0.008469,2027.723923,2341.10588,1.000779
"logA_z[axis1, CL-bench Life]",-1.148108,0.448409,-2.034967,-0.363764,0.010606,0.007546,1866.914955,2368.242088,1.00118
"logA_z[axis1, CTI-REALM]",-0.836752,0.380373,-1.597717,-0.200997,0.008329,0.006578,2026.567185,3307.594372,1.001989
"logA_z[axis1, CadEval]",0.761897,0.336201,0.100286,1.378036,0.005032,0.004733,4674.956197,4269.387766,1.00046
"logA_z[axis1, Cybench]",1.281815,0.177381,0.953647,1.608,0.004917,0.002398,1317.556281,2684.547867,1.001679
"logA_z[axis1, CyberGym]",-0.438527,0.333816,-1.06958,0.147863,0.006266,0.006227,3049.794612,3338.645041,1.000524
"logA_z[axis1, DeepResearch Bench]",-2.703289,0.515804,-3.701083,-1.795036,0.010415,0.005994,2427.692981,4281.955334,1.001276
"logA_z[axis1, ExploitBench]",0.263393,0.26858,-0.227747,0.766553,0.008976,0.010337,1068.321168,940.395062,1.00367
"logA_z[axis1, FrontierSWE v2]",0.323987,0.563984,-0.764433,1.330225,0.021517,0.016592,734.652411,879.857016,1.007532
"logA_z[axis1, GBAEval]",0.055338,0.630816,-1.150179,1.16524,0.015197,0.011431,1800.269469,2485.893151,1.00175
"logA_z[axis1, GDP.pdf]",-1.67452,0.535949,-2.682673,-0.717513,0.011793,0.008168,2069.285991,2769.37098,1.000505
"logA_z[axis1, GPQA Diamond]",0.610025,0.081257,0.455927,0.759381,0.002383,0.001266,1170.604075,2239.511312,1.001181
"logA_z[axis1, GPQA Diamond Biology]",-0.279328,0.307891,-0.874216,0.281206,0.004748,0.004022,4506.009796,4571.241232,1.000598
"logA_z[axis1, GPQA Diamond Chemistry]",0.260098,0.170686,-0.054869,0.581069,0.002604,0.002326,4373.093122,4354.893625,1.001575
"logA_z[axis1, GPQA Main Biology]",0.02016,0.225296,-0.418784,0.433153,0.003151,0.003181,5400.435253,4658.5838,1.00104
"logA_z[axis1, GPQA Main Chemistry]",0.210398,0.133088,-0.051943,0.451805,0.00197,0.001576,4542.590925,5381.840864,1.000305
"logA_z[axis1, GSM8K]",1.009724,0.178345,0.683521,1.357109,0.004489,0.002581,1591.260419,2539.313789,1.001566
"logA_z[axis1, GSO-Bench]",0.933959,0.191805,0.585734,1.304231,0.004712,0.00238,1663.241215,3748.593549,1.001643
"logA_z[axis1, InterCode-CTF]",1.350529,0.186914,0.995282,1.701607,0.005119,0.002569,1348.332143,2410.242976,1.001803
"logA_z[axis1, Lech Mazur Writing]",-0.786499,0.374722,-1.51013,-0.128878,0.005916,0.004887,4393.907466,4684.604057,1.001187
"logA_z[axis1, MATH Level 5]",1.71363,0.202089,1.344413,2.101977,0.006081,0.003194,1104.302333,1980.474,1.001311
"logA_z[axis1, MMLU]",0.221882,0.069897,0.090012,0.351556,0.001788,0.000956,1538.695713,2966.234424,1.004047
"logA_z[axis1, MMLU Biology]",-0.865863,0.213376,-1.274955,-0.483311,0.004637,0.002573,2245.335454,3682.777652,1.000572
"logA_z[axis1, MMLU Chemistry]",-0.24596,0.123352,-0.484293,-0.024354,0.002276,0.001457,3005.565135,3863.633085,1.00162
"logA_z[axis1, MMLU Pro Biology]",0.42024,0.139722,0.163931,0.686671,0.00249,0.001611,3117.352385,4450.800356,1.000615
"logA_z[axis1, MMLU Pro Chemistry]",0.912876,0.140871,0.6611,1.189505,0.003473,0.001812,1665.730613,2688.03484,1.001212
"logA_z[axis1, MMLU-Pro]",0.290946,0.104229,0.100783,0.49171,0.002265,0.001255,2121.732602,4377.476589,1.001863
"logA_z[axis1, MultiChallenge]",-0.424356,0.300263,-0.969414,0.108585,0.005467,0.005498,3338.215026,3272.515357,1.000437
"logA_z[axis1, MultiNRC]",0.649095,0.158661,0.354581,0.95378,0.003419,0.001872,2157.832773,3621.688653,1.001203
"logA_z[axis1, NL2Bash]",0.360999,0.161596,0.072731,0.678359,0.00258,0.001976,3947.034234,4111.16039,1.001267
"logA_z[axis1, OSWorld]",-1.027113,0.66879,-2.257604,0.244511,0.008845,0.007219,5838.360401,4979.136606,1.000982
"logA_z[axis1, PostTrainBench v1.1]",-1.512267,0.689894,-2.811091,-0.218086,0.015659,0.009987,1944.090356,2689.14458,1.001821
"logA_z[axis1, SEAL Tool Use (Enterprise)]",0.172481,0.207034,-0.206664,0.566073,0.003346,0.003049,3937.153181,4398.603974,1.000273
"logA_z[axis1, SimpleQA Verified]",-0.181679,0.180059,-0.514927,0.150555,0.002738,0.00229,4423.45752,5181.551634,0.999956
"logA_z[axis1, Terminal Bench 2.0]",0.822953,0.206605,0.44328,1.220985,0.005018,0.002899,1692.842031,2630.018651,1.000788
"logA_z[axis1, The Agent Company]",1.300938,0.35195,0.646662,1.950064,0.007622,0.007008,2243.551316,3693.998196,1.001892
"logA_z[axis1, TriviaQA]",-1.499276,0.463961,-2.364753,-0.683337,0.008363,0.006569,3239.01372,4061.31591,1.000387
"logA_z[axis1, TutorBench]",-1.082695,0.31593,-1.653351,-0.502949,0.006481,0.006985,2572.88331,3063.230881,1.000655
"logA_z[axis1, VisualToolBench]",0.995081,0.216643,0.580646,1.402441,0.004842,0.002824,2002.288621,3718.31762,1.002271
"logA_z[axis1, WMDP Biology]",-0.628748,0.302187,-1.187295,-0.083473,0.005327,0.004126,3476.937667,4024.865693,1.001263
"logA_z[axis1, WMDP Chemistry]",-0.326501,0.182979,-0.68024,0.000861,0.002828,0.002269,4443.435668,4799.303499,1.0005
"logA_z_zerosum__[0, 0]",0.190191,0.161573,-0.111013,0.488418,0.002869,0.002205,3203.778036,3700.903023,1.000984
"logA_z_zerosum__[0, 1]",1.35708,0.22033,0.956148,1.775609,0.005264,0.002696,1773.041079,3602.282395,1.000966
"logA_z_zerosum__[0, 2]",-0.867933,0.502914,-1.791723,0.103564,0.011431,0.010385,2155.789006,1728.901728,1.001031
"logA_z_zerosum__[0, 3]",-0.076582,0.1693,-0.390031,0.246701,0.002271,0.00203,6009.874037,4542.954623,1.001366
"logA_z_zerosum__[0, 4]",1.399833,0.211797,1.016134,1.808125,0.005104,0.002693,1740.494498,2960.705552,1.001393
"logA_z_zerosum__[0, 5]",-1.031825,0.386551,-1.770167,-0.351038,0.009024,0.008455,2058.786568,2357.655161,1.000814
"logA_z_zerosum__[0, 6]",-1.106154,0.44924,-1.994984,-0.321596,0.010573,0.007584,1882.342803,2427.853026,1.001141
"logA_z_zerosum__[0, 7]",-0.794798,0.380556,-1.510835,-0.113057,0.008319,0.00666,2031.085036,3190.317044,1.001944
"logA_z_zerosum__[0, 8]",0.803851,0.338248,0.14836,1.427571,0.005112,0.00473,4554.364335,3936.011337,1.000455
"logA_z_zerosum__[0, 9]",1.323769,0.18363,0.9879,1.663569,0.005145,0.002497,1289.011349,2560.40414,1.001783
"logA_z_zerosum__[0, 10]",-0.396573,0.33439,-1.028512,0.193846,0.006228,0.006289,3113.170926,3280.191024,1.000531
"logA_z_zerosum__[0, 11]",-2.661335,0.515068,-3.629147,-1.723939,0.010358,0.005954,2444.98606,4313.73851,1.001307
"logA_z_zerosum__[0, 12]",0.305347,0.271024,-0.218751,0.783989,0.009019,0.010183,1064.588753,997.324079,1.003873
"logA_z_zerosum__[0, 13]",0.365941,0.565293,-0.75555,1.339722,0.021473,0.016486,740.31366,906.277795,1.00738
"logA_z_zerosum__[0, 14]",0.097292,0.632577,-1.088053,1.230071,0.015186,0.011397,1812.334021,2425.340207,1.001716
"logA_z_zerosum__[0, 15]",-1.632566,0.537054,-2.649435,-0.675499,0.011765,0.008171,2087.618358,2961.842544,1.000444
"logA_z_zerosum__[0, 16]",0.651979,0.087088,0.496408,0.823594,0.002611,0.001339,1136.437631,2131.976611,1.001411
"logA_z_zerosum__[0, 17]",-0.237374,0.306962,-0.835276,0.307552,0.004684,0.004015,4609.986291,4437.697291,1.000663
"logA_z_zerosum__[0, 18]",0.302052,0.169919,-0.021777,0.610157,0.002587,0.0023,4389.43432,4585.129992,1.001645
"logA_z_zerosum__[0, 19]",0.062114,0.22441,-0.357887,0.491287,0.003106,0.003142,5516.7387,4617.142774,1.001274
"logA_z_zerosum__[0, 20]",0.252352,0.131346,0.00216,0.496522,0.001908,0.001535,4714.185701,5193.970481,1.000736
"logA_z_zerosum__[0, 21]",1.051678,0.182964,0.713421,1.404174,0.004623,0.002632,1578.254539,2816.377772,1.001609
"logA_z_zerosum__[0, 22]",0.975913,0.197516,0.614834,1.35356,0.004903,0.002457,1634.195567,3064.549383,1.001769
"logA_z_zerosum__[0, 23]",1.392484,0.19299,1.020838,1.748488,0.005342,0.002655,1321.742616,2689.690319,1.0019
"logA_z_zerosum__[0, 24]",-0.744545,0.37435,-1.436368,-0.056978,0.005801,0.004902,4563.896322,4746.870599,1.001208
"logA_z_zerosum__[0, 25]",1.755584,0.208011,1.377299,2.158051,0.006357,0.003298,1075.064412,1953.049752,1.001551
"logA_z_zerosum__[0, 26]",0.263836,0.07419,0.127168,0.403239,0.001911,0.00104,1515.629069,3217.87121,1.003622
"logA_z_zerosum__[0, 27]",-0.823909,0.210066,-1.216157,-0.434189,0.004377,0.002526,2450.526005,3857.769607,1.000444
"logA_z_zerosum__[0, 28]",-0.204006,0.118997,-0.432806,0.014313,0.002109,0.001436,3260.958921,4060.58757,1.001571
"logA_z_zerosum__[0, 29]",0.462194,0.1402,0.202816,0.7311,0.002655,0.00162,2747.269529,4379.47613,1.000537
"logA_z_zerosum__[0, 30]",0.954831,0.143208,0.695577,1.232409,0.003661,0.00191,1558.574307,2524.436797,1.001056
"logA_z_zerosum__[0, 31]",0.3329,0.107694,0.131806,0.533723,0.002386,0.001307,2038.692557,4521.106247,1.001856
"logA_z_zerosum__[0, 32]",-0.382402,0.300804,-0.937623,0.148808,0.005422,0.005366,3396.71907,3132.293072,1.00041
"logA_z_zerosum__[0, 33]",0.691049,0.163101,0.398312,1.01547,0.00356,0.001943,2110.462701,3351.115817,1.001353
"logA_z_zerosum__[0, 34]",0.402953,0.164847,0.092788,0.709014,0.002706,0.002039,3732.217912,3947.87039,1.001426
"logA_z_zerosum__[0, 35]",-0.985159,0.669741,-2.210097,0.30069,0.008801,0.007229,5913.646601,5011.06548,1.001041
"logA_z_zerosum__[0, 36]",-1.470313,0.691968,-2.793196,-0.20139,0.015692,0.010032,1946.61874,2693.730837,1.001843
"logA_z_zerosum__[0, 37]",0.214435,0.207411,-0.168495,0.605025,0.003368,0.00307,3885.634573,4286.295784,1.000186
"logA_z_zerosum__[0, 38]",-0.139725,0.180414,-0.470073,0.192169,0.00266,0.002285,4710.764879,4924.120596,0.999929
"logA_z_zerosum__[0, 39]",0.864907,0.211117,0.478912,1.269599,0.005135,0.002955,1688.813499,2706.943466,1.000915
"logA_z_zerosum__[0, 40]",1.342892,0.355104,0.664984,1.97925,0.007761,0.007056,2180.443524,3730.409511,1.001938
"logA_z_zerosum__[0, 41]",-1.457322,0.463362,-2.291544,-0.606748,0.008248,0.006565,3329.499444,3934.868746,1.000375
"logA_z_zerosum__[0, 42]",-1.040741,0.314361,-1.61901,-0.473004,0.006343,0.00684,2672.621769,3112.477787,1.000482
"logA_z_zerosum__[0, 43]",1.037035,0.221239,0.628539,1.469919,0.005009,0.002859,1950.228163,3699.278626,1.002445
"logA_z_zerosum__[0, 44]",-0.586794,0.300375,-1.161341,-0.066776,0.005183,0.004091,3663.836358,4024.89555,1.001102
sigma_A,0.69099,0.080177,0.538468,0.838461,0.002537,0.0013,981.940482,1957.544847,1.002929
sigma_A_log__,-0.3763,0.115439,-0.591205,-0.155876,0.003682,0.001778,981.940482,1957.544847,1.003165
phi_b[ARC AI2],16.558409,3.123703,11.032424,22.626482,0.042095,0.034607,5245.123837,4925.08339,1.000874
phi_b[Aider Polyglot],17.037695,4.334837,9.521675,24.9618,0.078658,0.063586,3052.104679,5139.66828,1.000357
phi_b[AudioMultiChallenge],255.0268,281.406938,7.03283,693.313481,4.809173,9.769535,2621.914864,3558.746555,1.000436
phi_b[Balrog],49.103365,13.55183,25.56598,74.66941,0.173423,0.146634,6278.164373,6212.28987,1.000318
phi_b[BioLP-bench],43.714402,12.160073,22.863896,66.503752,0.143668,0.144435,7162.967193,6029.670559,1.000447
phi_b[CL-bench],229.428706,102.204193,74.388115,413.196572,1.711598,2.088338,3468.915428,5163.722931,1.000218
phi_b[CL-bench Life],110.64701,49.040166,32.746661,197.935974,0.815055,0.733889,3537.655383,5127.119273,1.000932
phi_b[CTI-REALM],111.700319,92.790213,19.894333,231.33383,1.975214,8.255063,2422.50662,2856.370459,1.000417
phi_b[CadEval],26.235136,11.096881,8.983629,46.382103,0.151045,0.174688,5595.774028,5868.708325,1.000801
phi_b[Cybench],46.13373,17.858261,16.843453,78.252438,0.31035,0.248242,3037.463867,4701.880052,1.000061
phi_b[CyberGym],30.473083,11.009538,12.312272,52.013736,0.13934,0.123791,6095.130979,6200.019529,1.000625
phi_b[DeepResearch Bench],95.482569,24.408577,53.99944,142.614736,0.316036,0.31625,6143.315729,5973.970231,1.000424
phi_b[ExploitBench],80.244096,85.477945,6.186429,203.003525,2.209546,4.784947,1011.896811,1869.818355,1.003033
phi_b[FrontierSWE v2],52.272307,64.903724,4.736068,141.145359,1.848324,4.057735,998.831922,2016.518675,1.004302
phi_b[GBAEval],2.44281,0.865267,1.081439,4.039245,0.016235,0.016832,3218.702132,3968.918426,1.000528
phi_b[GDP.pdf],47.216187,12.92718,25.315309,71.061629,0.180839,0.192394,5311.131369,5460.833527,1.000574
phi_b[GPQA Diamond],77.905928,15.636838,50.263486,107.088653,0.460367,0.231711,1089.541866,1826.60449,1.0024
phi_b[GPQA Diamond Biology],22.141174,4.76996,13.520435,31.039361,0.048202,0.060704,9747.568639,5913.762189,0.999933
phi_b[GPQA Diamond Chemistry],35.290221,8.00236,20.869828,50.282155,0.087271,0.094505,8377.418023,5794.90381,1.000139
phi_b[GPQA Main Biology],31.905562,7.09689,19.874128,46.213184,0.073337,0.08127,9319.265136,6371.718596,1.000225
phi_b[GPQA Main Chemistry],67.393441,16.127673,38.662172,97.606133,0.184742,0.168541,7436.595719,5475.333187,1.000514
phi_b[GSM8K],15.127141,3.573869,8.903685,21.709557,0.057911,0.048494,3723.060825,5579.257854,1.000566
phi_b[GSO-Bench],45.92579,15.623906,19.560102,75.311458,0.294139,0.204339,2745.436194,4353.55253,1.00172
phi_b[InterCode-CTF],147.829406,103.464709,24.523235,312.32493,1.834121,4.582188,2886.574185,4165.653214,1.001551
phi_b[Lech Mazur Writing],49.822675,10.307643,30.521534,68.734097,0.121299,0.121101,7072.981572,5560.474007,1.000474
phi_b[MATH Level 5],24.807559,5.306444,15.166982,34.62486,0.083748,0.065955,4060.426596,4739.62055,1.000175
phi_b[MMLU],96.347156,17.985801,65.907326,132.28844,0.419011,0.257066,1902.327629,3103.176094,1.003026
phi_b[MMLU Biology],160.089757,38.733484,91.95716,234.588758,0.416892,0.422962,8428.509173,5816.570376,0.999925
phi_b[MMLU Chemistry],148.931768,37.330876,84.292293,221.880878,0.455197,0.412139,6494.775776,6253.797634,1.000283
phi_b[MMLU Pro Biology],131.911386,35.69754,68.540228,198.142806,0.42625,0.435958,6980.308511,5967.307887,1.001086
phi_b[MMLU Pro Chemistry],81.102066,22.481853,43.500012,124.088457,0.280487,0.29816,6461.181362,5409.410119,1.000192
phi_b[MMLU-Pro],116.480053,44.777884,51.249764,196.988331,1.182648,1.402105,1623.17181,2604.225744,1.000918
phi_b[MultiChallenge],54.985019,16.672955,27.192762,86.748259,0.223955,0.21026,5576.713374,6089.330169,1.000167
phi_b[MultiNRC],63.196592,22.596768,25.866122,102.325094,0.442875,0.550698,2457.524502,4822.040336,1.002114
phi_b[NL2Bash],28.849596,11.02224,10.182148,49.204011,0.136551,0.134962,6140.210448,5301.969575,1.000708
phi_b[OSWorld],9.893801,3.985839,3.326129,17.259645,0.042472,0.054582,9177.155631,6423.711048,1.001607
phi_b[PostTrainBench v1.1],48.814032,21.932591,14.142406,87.069856,0.292655,0.448458,6100.996802,5173.541536,1.000605
phi_b[SEAL Tool Use (Enterprise)],47.877907,12.617737,25.05887,71.278482,0.144729,0.138021,7333.001522,5987.094548,1.000161
phi_b[SimpleQA Verified],9.574347,1.263526,7.284096,11.957073,0.015496,0.013582,6654.410856,5726.662,0.999871
phi_b[Terminal Bench 2.0],24.774811,9.59051,10.611731,42.364848,0.234918,0.256766,1799.665571,2539.653706,1.001814
phi_b[The Agent Company],33.39833,16.666888,9.040706,63.659733,0.279313,0.332643,3083.61153,4299.93771,1.000954
phi_b[TriviaQA],22.947383,5.004495,13.602437,31.999783,0.051148,0.056998,9616.140597,5529.559538,1.000726
phi_b[TutorBench],163.077061,53.090184,69.090264,256.82411,0.69773,0.673199,5426.628093,6247.232374,1.000161
phi_b[VisualToolBench],96.259221,54.185027,20.365879,190.324423,1.049238,1.284065,2695.450508,3975.713691,1.001201
phi_b[WMDP Biology],64.951742,14.754997,38.204267,92.291449,0.150208,0.165734,9541.633752,6371.333974,1.000914
phi_b[WMDP Chemistry],55.702164,12.365452,33.747394,79.481164,0.134193,0.145156,8537.279694,6272.020191,0.999756
sigma_b_log__[0],-2.118069,0.088774,-2.287609,-1.957803,0.001237,0.001048,5245.123837,4925.08339,1.000874
sigma_b_log__[1],-2.125522,0.117353,-2.339481,-1.905646,0.002128,0.001199,3052.104679,5139.66828,1.000357
sigma_b_log__[2],-3.261102,0.452938,-4.085748,-2.390463,0.008834,0.004754,2621.914864,3558.746555,1.000448
sigma_b_log__[3],-2.631987,0.135922,-2.878981,-2.372521,0.001711,0.001314,6278.164373,6212.28987,1.000308
sigma_b_log__[4],-2.575171,0.135236,-2.821391,-2.318014,0.0016,0.001362,7162.967193,6029.670559,1.000517
sigma_b_log__[5],-3.369388,0.208249,-3.747538,-2.962754,0.003537,0.002069,3468.915428,5163.722931,1.000444
sigma_b_log__[6],-3.005888,0.213199,-3.404776,-2.60618,0.003588,0.002164,3537.655383,5127.119273,1.000739
sigma_b_log__[7],-2.968004,0.280427,-3.494975,-2.445805,0.005888,0.00434,2422.50662,2856.370459,1.000396
sigma_b_log__[8],-2.306885,0.196473,-2.666095,-1.925365,0.002626,0.00198,5595.774028,5868.708325,1.000801
sigma_b_log__[9],-2.586131,0.183068,-2.912874,-2.225054,0.003328,0.001863,3037.463867,4701.880052,1.000101
sigma_b_log__[10],-2.387526,0.175738,-2.721115,-2.057484,0.00226,0.001709,6095.130979,6200.019529,1.000625
sigma_b_log__[11],-2.962233,0.125165,-3.200868,-2.730543,0.001596,0.001331,6143.315729,5973.970231,1.000424
sigma_b_log__[12],-2.725705,0.39576,-3.472215,-2.005076,0.012338,0.006112,1011.896811,1869.818355,1.003033
sigma_b_log__[13],-2.503283,0.387273,-3.273505,-1.82563,0.012385,0.007073,998.831922,2016.518675,1.004302
sigma_b_log__[14],-1.297109,0.116888,-1.51702,-1.085832,0.002119,0.001505,3218.702132,3968.918426,1.000528
sigma_b_log__[15],-2.613826,0.130825,-2.845972,-2.354665,0.001797,0.001391,5311.131369,5460.833527,1.000574
sigma_b_log__[16],-2.867606,0.098454,-3.045151,-2.675308,0.002991,0.001361,1089.541866,1826.60449,1.0024
sigma_b_log__[17],-2.253331,0.103658,-2.449079,-2.060368,0.001056,0.001257,9747.568639,5913.762189,0.999966
sigma_b_log__[18],-2.476783,0.110867,-2.676405,-2.261218,0.001221,0.001255,8377.418023,5794.90381,1.000245
sigma_b_log__[19],-2.428325,0.108572,-2.623085,-2.216123,0.001129,0.001184,9319.265136,6371.718596,1.000274
sigma_b_log__[20],-2.791921,0.11843,-3.011306,-2.566555,0.001378,0.001182,7436.595719,5475.333187,1.000646
sigma_b_log__[21],-2.071582,0.108389,-2.268105,-1.862639,0.001773,0.001108,3723.060825,5579.257854,1.000566
sigma_b_log__[22],-2.590993,0.16291,-2.899071,-2.277977,0.003111,0.001717,2745.436194,4353.55253,1.00172
sigma_b_log__[23],-3.109046,0.286879,-3.635557,-2.549748,0.005347,0.003531,2886.574185,4165.653214,1.001551
sigma_b_log__[24],-2.64699,0.102277,-2.843699,-2.458318,0.001227,0.00118,7072.981572,5560.474007,1.000482
sigma_b_log__[25],-2.308261,0.100819,-2.505677,-2.125389,0.001582,0.001004,4060.426596,4739.62055,1.000175
sigma_b_log__[26],-2.973961,0.091092,-3.14745,-2.804298,0.002091,0.001013,1902.327629,3103.176094,1.003026
sigma_b_log__[27],-3.219604,0.121535,-3.446233,-2.992979,0.001334,0.001327,8428.509173,5816.570376,0.999925
sigma_b_log__[28],-3.182949,0.124185,-3.412367,-2.942839,0.001543,0.001239,6494.775776,6253.797634,1.000547
sigma_b_log__[29],-3.120238,0.133962,-3.369925,-2.86756,0.001606,0.001521,6980.308511,5967.307887,1.001086
sigma_b_log__[30],-2.878956,0.135061,-3.128375,-2.616632,0.001683,0.001398,6461.181362,5409.410119,1.000298
sigma_b_log__[31],-3.045921,0.170117,-3.390246,-2.750828,0.004333,0.002565,1623.17181,2604.225744,1.000918
sigma_b_log__[32],-2.684439,0.145857,-2.974001,-2.421714,0.001953,0.001467,5576.713374,6089.330169,1.000383
sigma_b_log__[33],-2.746164,0.165897,-3.05371,-2.433482,0.003346,0.001716,2457.524502,4822.040336,1.002114
sigma_b_log__[34],-2.358086,0.183912,-2.709587,-2.017271,0.002367,0.001928,6140.210448,5301.969575,1.000768
sigma_b_log__[35],-1.854649,0.18226,-2.19353,-1.516592,0.001908,0.001964,9177.155631,6423.711048,1.002139
sigma_b_log__[36],-2.603402,0.210005,-3.003873,-2.209875,0.002702,0.002371,6100.996802,5173.541536,1.000628
sigma_b_log__[37],-2.621151,0.130178,-2.872441,-2.383849,0.001533,0.001362,7333.001522,5987.094548,1.000161
sigma_b_log__[38],-1.868794,0.059851,-1.980605,-1.758082,0.000733,0.00063,6654.410856,5726.662,0.999871
sigma_b_log__[39],-2.287996,0.169273,-2.61038,-1.975608,0.004045,0.002477,1799.665571,2539.653706,1.001661
sigma_b_log__[40],-2.410118,0.227859,-2.848913,-1.991717,0.004107,0.002644,3083.61153,4299.93771,1.000954
sigma_b_log__[41],-2.270146,0.105132,-2.480022,-2.082143,0.001075,0.001172,9616.140597,5529.559538,1.000851
sigma_b_log__[42],-3.217987,0.160047,-3.50193,-2.89664,0.002168,0.001741,5426.628093,6247.232374,1.000161
sigma_b_log__[43],-2.917557,0.250952,-3.3955,-2.447953,0.00485,0.002771,2695.450508,3975.713691,1.001201
sigma_b_log__[44],-2.775057,0.112811,-2.974997,-2.554583,0.001161,0.001236,9541.633752,6371.333974,1.000887
sigma_b_log__[45],-2.700165,0.109711,-2.895936,-2.480642,0.001192,0.001228,8537.279694,6272.020191,0.999779
tau_CD,1.570814,0.178006,1.233735,1.898772,0.006541,0.004462,767.097032,985.265871,1.008552
sigma_b[ARC AI2],0.12074,0.010784,0.100982,0.140582,0.000154,0.000146,5245.123837,4925.08339,1.000874
sigma_b[Aider Polyglot],0.120193,0.014089,0.09481,0.146894,0.000255,0.000146,3052.104679,5139.66828,1.000357
sigma_b[AudioMultiChallenge],0.042478,0.020149,0.012128,0.079703,0.000405,0.000398,2621.914864,3558.746555,1.00068
sigma_b[Balrog],0.072608,0.010016,0.053916,0.090664,0.000125,0.000107,6278.164373,6212.28987,1.000255
sigma_b[BioLP-bench],0.076844,0.010519,0.059142,0.097912,0.000125,0.000116,7162.967193,6029.670559,1.000575
sigma_b[CL-bench],0.035162,0.007367,0.022045,0.048862,0.000124,8e-05,3468.915428,5163.722931,1.000651
sigma_b[CL-bench Life],0.050641,0.01106,0.031784,0.071605,0.000185,0.000159,3537.655383,5127.119273,1.000685
sigma_b[CTI-REALM],0.053403,0.014694,0.026264,0.080242,0.000281,0.000184,2422.50662,2856.370459,1.000396
sigma_b[CadEval],0.101513,0.020169,0.06544,0.139926,0.000268,0.000224,5595.774028,5868.708325,1.000801
sigma_b[Cybench],0.076584,0.014163,0.051159,0.103506,0.000261,0.000195,3037.463867,4701.880052,1.000129
sigma_b[CyberGym],0.093303,0.016816,0.062461,0.123236,0.000218,0.000197,6095.130979,6200.019529,1.000625
sigma_b[DeepResearch Bench],0.052111,0.006578,0.040429,0.064743,8.4e-05,7.5e-05,6143.315729,5973.970231,1.000424
sigma_b[ExploitBench],0.070668,0.027607,0.026711,0.126103,0.000891,0.000582,1011.896811,1869.818355,1.003625
sigma_b[FrontierSWE v2],0.087718,0.031622,0.031598,0.148993,0.000982,0.000451,998.831922,2016.518675,1.004302
sigma_b[GBAEval],0.275161,0.031412,0.215356,0.333179,0.000558,0.000349,3218.702132,3968.918426,1.000528
sigma_b[GDP.pdf],0.073883,0.009698,0.056155,0.092415,0.000133,0.000105,5311.131369,5460.833527,1.000574
sigma_b[GPQA Diamond],0.057111,0.005647,0.046462,0.067749,0.000173,8.6e-05,1089.541866,1826.60449,1.0024
sigma_b[GPQA Diamond Biology],0.105618,0.011077,0.085465,0.126256,0.000115,0.000144,9747.568639,5913.762189,0.999959
sigma_b[GPQA Diamond Chemistry],0.084534,0.009499,0.067262,0.102133,0.000107,0.000119,8377.418023,5794.90381,1.000279
sigma_b[GPQA Main Biology],0.088709,0.00975,0.071404,0.107526,0.000103,0.000113,9319.265136,6371.718596,1.000237
sigma_b[GPQA Main Chemistry],0.061737,0.007395,0.049029,0.076511,8.7e-05,8e-05,7436.595719,5475.333187,1.00065
sigma_b[GSM8K],0.126726,0.013724,0.100189,0.151569,0.000225,0.00014,3723.060825,5579.257854,1.000566
sigma_b[GSO-Bench],0.075949,0.012502,0.052839,0.099298,0.000238,0.000159,2745.436194,4353.55253,1.00172
sigma_b[InterCode-CTF],0.046503,0.01354,0.022841,0.071763,0.000252,0.00026,2886.574185,4165.653214,1.001551
sigma_b[Lech Mazur Writing],0.071238,0.007375,0.057908,0.0852,9e-05,9.2e-05,7072.981572,5560.474007,1.000456
sigma_b[MATH Level 5],0.099939,0.010066,0.081353,0.119018,0.000158,0.000101,4060.426596,4739.62055,1.000175
sigma_b[MMLU],0.051313,0.004671,0.042845,0.060407,0.000106,5.1e-05,1902.327629,3103.176094,1.003026
sigma_b[MMLU Biology],0.04027,0.004977,0.031277,0.049384,5.6e-05,6.1e-05,8428.509173,5816.570376,0.999925
sigma_b[MMLU Chemistry],0.041786,0.005244,0.032022,0.051583,6.5e-05,5.7e-05,6494.775776,6253.797634,1.000646
sigma_b[MMLU Pro Biology],0.044547,0.00605,0.033677,0.055842,7.3e-05,7.6e-05,6980.308511,5967.307887,1.001086
sigma_b[MMLU Pro Chemistry],0.056709,0.007717,0.042511,0.071317,9.7e-05,8.5e-05,6461.181362,5409.410119,1.000374
sigma_b[MMLU-Pro],0.048231,0.008015,0.033283,0.06341,0.000197,9.6e-05,1623.17181,2604.225744,1.000918
sigma_b[MultiChallenge],0.06899,0.010134,0.049712,0.087286,0.000135,0.00011,5576.713374,6089.330169,1.00045
sigma_b[MultiNRC],0.065056,0.010752,0.0455,0.085272,0.000216,0.000111,2457.524502,4822.040336,1.002114
sigma_b[NL2Bash],0.096232,0.018165,0.064343,0.129862,0.00024,0.000243,6140.210448,5301.969575,1.000755
sigma_b[OSWorld],0.159154,0.02967,0.106827,0.213856,0.000316,0.000364,9177.155631,6423.711048,1.002217
sigma_b[PostTrainBench v1.1],0.07568,0.016211,0.04809,0.107655,0.000208,0.000204,6100.996802,5173.541536,1.000657
sigma_b[SEAL Tool Use (Enterprise)],0.073343,0.009719,0.056546,0.092176,0.000117,0.000114,7333.001522,5987.094548,1.000161
sigma_b[SimpleQA Verified],0.154587,0.009286,0.137986,0.172375,0.000114,0.0001,6654.410856,5726.662,0.999871
sigma_b[Terminal Bench 2.0],0.102905,0.017044,0.070387,0.134273,0.000399,0.000212,1799.665571,2539.653706,1.0012
sigma_b[The Agent Company],0.092167,0.021297,0.056099,0.133433,0.00039,0.000301,3083.61153,4299.93771,1.000954
sigma_b[TriviaQA],0.103873,0.011039,0.083555,0.12441,0.000114,0.000132,9616.140597,5529.559538,1.00087
sigma_b[TutorBench],0.040555,0.006611,0.028789,0.052939,9e-05,9.2e-05,5426.628093,6247.232374,1.000161
sigma_b[VisualToolBench],0.055782,0.014088,0.030487,0.081982,0.000267,0.000184,2695.450508,3975.713691,1.001201
sigma_b[WMDP Biology],0.062747,0.007175,0.049881,0.076112,7.5e-05,8.5e-05,9541.633752,6371.333974,1.000815
sigma_b[WMDP Chemistry],0.067603,0.007512,0.053842,0.081979,8.2e-05,9e-05,8537.279694,6272.020191,0.999794
tau_A[axis1],1.0,0.0,1.0,1.0,0.0,,8000.0,8000.0,
tau_CD_log__,0.445301,0.111817,0.241788,0.664111,0.004066,0.002475,767.097032,985.265871,1.008552
"theta[Average Human, axis1]",-2.110486,0.185277,-2.467942,-1.774103,0.003007,0.002114,3800.446446,4036.976405,1.000243
"theta[Baichuan-13B-Base, axis1]",-1.67416,0.15518,-1.980546,-1.400712,0.001752,0.001893,7916.878407,5207.412532,1.000493
"theta[Baichuan-2-13B-Base, axis1]",-1.427285,0.149392,-1.694573,-1.133885,0.001587,0.001729,8864.695584,6168.783616,1.000244
"theta[Baichuan-2-7B-Base, axis1]",-1.719238,0.149812,-2.000425,-1.43731,0.001689,0.001738,7877.094711,5955.117621,1.000025
"theta[Baichuan-7B, axis1]",-2.04251,0.161709,-2.333839,-1.72495,0.001962,0.001798,6894.562323,5928.634371,1.000461
"theta[Baichuan2-13B-Chat, axis1]",-1.471193,0.152993,-1.772433,-1.191588,0.00168,0.001857,8316.942114,5689.86977,1.000688
"theta[Cerebras-GPT-13B, axis1]",-2.505835,0.196434,-2.882,-2.154176,0.002341,0.002153,7105.968769,5749.043228,1.000385
"theta[Chinchilla (70B), axis1]",-1.068245,0.191558,-1.412461,-0.695186,0.001976,0.002522,9546.270422,5866.884724,1.000051
"theta[CodeQwen1.5-7B, axis1]",-1.93167,0.158644,-2.224118,-1.633971,0.002003,0.001692,6315.388312,5507.673701,1.000088
"theta[DeepSeek-Coder-V2-Base, axis1]",-0.653516,0.289433,-1.167387,-0.09235,0.003462,0.004274,8150.171668,4196.154598,1.000507
"theta[DeepSeek-Coder-V2-Lite-Base, axis1]",-1.246586,0.147713,-1.52511,-0.96849,0.001626,0.001754,8245.474699,5921.823285,1.001337
"theta[DeepSeek-R1, axis1]",0.14486,0.058196,0.037823,0.255498,0.000703,0.000631,6871.957812,6283.908497,1.000239
"theta[DeepSeek-R1-0528, axis1]",0.329458,0.083439,0.172472,0.486603,0.000872,0.001016,9175.798495,5880.334281,1.000001
"theta[DeepSeek-R1-Distill-Llama-70B, axis1]",-0.04751,0.108915,-0.23738,0.171853,0.001316,0.001237,6957.48588,5302.839213,1.001171
"theta[DeepSeek-R1-Distill-Qwen-14B, axis1]",-0.201676,0.107243,-0.405895,0.000384,0.001315,0.001205,6714.280478,5427.623896,1.000054
"theta[DeepSeek-R1-Distill-Qwen-32B, axis1]",-0.137606,0.14207,-0.412615,0.124783,0.001422,0.001646,9967.564517,5468.983517,0.999894
"theta[DeepSeek-V2, axis1]",-0.46901,0.209134,-0.865663,-0.073566,0.002314,0.002776,8471.088335,5233.233811,1.000011
"theta[DeepSeek-V3, axis1]",-0.204997,0.056267,-0.31186,-0.10244,0.00071,0.000588,6285.042742,6445.610864,1.000534
"theta[DeepSeek-V3-0324, axis1]",0.008109,0.097187,-0.166351,0.195384,0.001017,0.001178,9238.50792,6254.518607,1.000225
"theta[DeepSeek-V3.1, axis1]",0.145474,0.083428,-0.016407,0.299281,0.000974,0.000988,7431.322184,5689.0694,1.000114
"theta[DeepSeek-V3.2-Exp, axis1]",0.369352,0.155661,0.101235,0.677499,0.002149,0.002316,5728.163392,4137.429433,1.000842
"theta[DeepSeek-V3.2-Exp_thinking, axis1]",0.335258,0.174289,-0.006822,0.652528,0.002111,0.00217,6877.862514,5817.077448,1.000026
"theta[Domain Expert, axis1]",0.263494,0.095984,0.078652,0.442967,0.001215,0.000952,6257.287036,6157.759611,1.000429
"theta[GLM-4.5-Air, axis1]",-0.378772,0.235781,-0.823954,0.044377,0.003096,0.003475,6412.477291,4382.057547,1.000152
"theta[Gopher (280B), axis1]",-1.352387,0.186489,-1.695802,-1.002722,0.001959,0.002122,9076.389578,5747.773909,1.000242
"theta[Hermes-2-Theta-Llama-3-70B, axis1]",-0.814195,0.114625,-1.042081,-0.609893,0.001311,0.001467,7832.366262,5143.343195,0.99993
"theta[High School Top Performer, axis1]",1.27282,0.255134,0.807456,1.755095,0.003326,0.002701,5987.09873,5024.861848,1.000897
"theta[INTELLECT-1-Instruct, axis1]",-1.648116,0.147569,-1.919699,-1.362549,0.001828,0.001758,6566.348816,6252.936536,1.000625
"theta[Inkling_thinking, axis1]",1.002151,0.426722,0.16923,1.81213,0.009244,0.012364,2619.738171,1839.680828,1.00009
"theta[Inkling_xhigh, axis1]",0.644792,0.18206,0.3037,0.987768,0.003003,0.002327,3704.222889,4525.469174,1.000836
"theta[Kimi-K2-Instruct, axis1]",0.153128,0.112467,-0.065978,0.359512,0.001293,0.001426,7714.96432,5502.899244,1.001709
"theta[LLaMA-13B, axis1]",-1.79088,0.147565,-2.047002,-1.493883,0.00164,0.001652,8088.366634,5902.80704,1.000648
"theta[LLaMA-33B, axis1]",-1.36771,0.147927,-1.647368,-1.092322,0.001587,0.001698,8707.613462,5811.368043,1.000382
"theta[LLaMA-65B, axis1]",-1.196166,0.146731,-1.48297,-0.926227,0.001602,0.001655,8389.365699,6183.251059,1.000393
"theta[LLaMA-7B, axis1]",-2.156915,0.162345,-2.456426,-1.852234,0.001933,0.001846,7101.824891,5525.102956,1.001104
"theta[Llama-2-13b, axis1]",-1.520524,0.146961,-1.801215,-1.241161,0.001641,0.001844,8041.415238,5662.730321,1.001197
"theta[Llama-2-13b-chat, axis1]",-1.620999,0.155674,-1.915275,-1.329014,0.001763,0.001685,7817.70288,6338.066309,1.000084
"theta[Llama-2-34b, axis1]",-1.339444,0.147093,-1.614361,-1.063319,0.001586,0.001818,8649.157311,5726.973891,0.999986
"theta[Llama-2-70b-chat, axis1]",-1.261092,0.108019,-1.457756,-1.060159,0.001347,0.001199,6547.438774,4647.120087,1.000412
"theta[Llama-2-70b-hf, axis1]",-0.915252,0.1587,-1.201225,-0.607436,0.001627,0.002014,9766.551964,5382.814948,1.000298
"theta[Llama-2-7b, axis1]",-1.893353,0.153266,-2.177172,-1.60156,0.001775,0.00188,7480.053389,5895.234734,1.001359
"theta[Llama-3.1-405B, axis1]",-0.125146,0.237356,-0.543606,0.341057,0.002786,0.002821,8042.015331,5571.605541,1.000084
"theta[Llama-3.1-405B-Instruct, axis1]",-0.440512,0.041979,-0.51898,-0.361988,0.000594,0.000466,5008.186443,5836.722293,1.000267
"theta[Llama-3.1-70B-Instruct, axis1]",-0.557834,0.058217,-0.667118,-0.447717,0.000721,0.000628,6511.42603,5892.579563,1.001545
"theta[Llama-3.1-8B-Instruct, axis1]",-1.087103,0.071219,-1.221634,-0.955248,0.001126,0.000713,4005.77084,5229.466746,1.001163
"theta[Llama-3.1-Tulu-3-70B-DPO, axis1]",-0.553478,0.101999,-0.746892,-0.367243,0.001116,0.001223,8368.662024,5424.290076,1.001478
"theta[Llama-3.2-11B-Vision-Instruct, axis1]",-1.344419,0.188443,-1.68987,-0.975214,0.001948,0.002195,9409.576117,5808.637478,1.000282
"theta[Llama-3.2-1B-Instruct, axis1]",-1.254101,0.178237,-1.591622,-0.925115,0.002234,0.002279,6816.122449,5309.763488,0.999945
"theta[Llama-3.2-90B-Vision-Instruct, axis1]",-0.585017,0.091127,-0.757616,-0.414307,0.001043,0.001004,7631.872586,5794.21431,1.000267
"theta[Llama-3.3-70B-Instruct, axis1]",-0.473994,0.088521,-0.638975,-0.307839,0.001051,0.001019,7099.01508,5781.758496,1.001669
"theta[Llama-4-Maverick-17B-128E-Instruct, axis1]",-0.100315,0.064298,-0.214769,0.026109,0.000775,0.000655,6900.801012,6382.390096,1.000272
"theta[Llama-4-Maverick-17B-128E-Instruct-FP8, axis1]",-0.074361,0.117149,-0.291847,0.148162,0.001212,0.001491,9513.908378,4487.351864,1.001195
"theta[Llama-4-Scout-17B-16E-Instruct, axis1]",-0.378249,0.061766,-0.494551,-0.263332,0.000705,0.00069,7674.585155,6495.857427,1.000526
"theta[Meta-Llama-3-70B-Instruct, axis1]",-0.787344,0.065146,-0.905911,-0.661013,0.000898,0.000734,5263.003205,5486.793491,1.000913
"theta[Meta-Llama-3-8B-Instruct, axis1]",-1.151939,0.078993,-1.302302,-1.008209,0.001113,0.000795,5096.411754,5936.56587,1.000289
"theta[MiniMax-M2.5, axis1]",0.111597,0.287804,-0.436291,0.601711,0.005202,0.003758,3159.154169,4710.11696,1.000227
"theta[MiniMax-M2.7, axis1]",0.480199,0.201143,0.105405,0.844496,0.002904,0.003262,5420.716837,3780.622992,1.000779
"theta[MiniMax-M3, axis1]",0.963104,0.217827,0.568751,1.37021,0.002284,0.002733,9591.195253,5909.174059,1.000538
"theta[MiniMax-M3_none, axis1]",0.52562,0.193933,0.174591,0.904534,0.001982,0.002327,10166.605469,5418.381543,1.00054
"theta[Mistral-7B-Instruct-v0.1, axis1]",-2.227813,0.182915,-2.588658,-1.906095,0.002753,0.002045,4486.303964,4715.050698,1.000727
"theta[Mistral-7B-Instruct-v0.2, axis1]",-1.363742,0.154131,-1.652723,-1.067905,0.001686,0.001741,8345.432384,5722.812844,1.000241
"theta[Mistral-7B-Instruct-v0.3, axis1]",-1.42555,0.122472,-1.650431,-1.189499,0.001456,0.001384,7131.726198,5438.968714,1.000097
"theta[Mistral-7B-v0.1, axis1]",-1.201975,0.146879,-1.47289,-0.91951,0.001617,0.001776,8341.842044,5605.806648,1.000794
"theta[Mixtral-8x22B-Instruct-v0.1, axis1]",-0.779477,0.083608,-0.942306,-0.627441,0.000913,0.000973,8459.556068,5453.654853,1.000047
"theta[Mixtral-8x7B-Instruct-v0.1, axis1]",-1.256146,0.085056,-1.409354,-1.089395,0.001376,0.000899,3809.256466,4907.994269,1.000707
"theta[Mixtral-8x7B-v0.1, axis1]",-0.82981,0.165864,-1.135162,-0.513871,0.001801,0.002306,8771.020636,4898.895074,1.000543
"theta[Nemotron-4 15B, axis1]",-1.414986,0.146076,-1.673098,-1.123416,0.00159,0.001681,8465.130354,5997.276919,0.999935
"theta[PaLM 2-L, axis1]",-0.703066,0.521293,-1.63161,0.282214,0.006704,0.007343,6799.062531,3973.177541,1.000524
"theta[PaLM 2-M, axis1]",-0.949991,0.482347,-1.803696,0.001638,0.005663,0.006456,8083.054093,4965.621519,1.000477
"theta[PaLM 2-S, axis1]",-1.235138,0.450376,-2.050101,-0.384631,0.004971,0.007112,8953.961698,4920.969488,1.000686
"theta[PaLM 540B, axis1]",-0.990256,0.157086,-1.291433,-0.695623,0.001757,0.00189,8123.551003,5153.053505,1.000298
"theta[PaLM 62B, axis1]",-1.604661,0.143901,-1.885297,-1.342469,0.001525,0.001704,8885.321569,5680.679187,1.001389
"theta[Phi-3-medium-128k-instruct, axis1]",-0.876586,0.09357,-1.044954,-0.694194,0.001112,0.001003,7118.211705,5963.930243,1.001363
"theta[Phi-3-mini-4k-instruct, axis1]",-0.946685,0.180769,-1.298538,-0.6196,0.001944,0.002281,8769.233205,5558.821972,1.000677
"theta[Phi-3-small-8k-instruct, axis1]",-0.65017,0.197782,-1.02674,-0.280235,0.002256,0.002364,7911.398867,5869.875042,1.000969
"theta[QwQ-32B, axis1]",-0.170331,0.124954,-0.399533,0.069039,0.001399,0.001527,8020.148115,5355.057979,1.000157
"theta[QwQ-32B_16K, axis1]",0.307647,0.519568,-0.666671,1.304543,0.006174,0.006578,7272.635251,5153.56562,1.000362
"theta[Qwen-14B, axis1]",-1.043399,0.156141,-1.33156,-0.749626,0.001619,0.001855,9430.981527,5483.810781,1.000437
"theta[Qwen-14B-Chat, axis1]",-1.134411,0.157966,-1.425487,-0.833721,0.001741,0.002056,8385.364434,5269.984752,1.000444
"theta[Qwen-1_8B, axis1]",-2.262479,0.175514,-2.601009,-1.938073,0.00207,0.00206,7223.00992,5565.976414,1.000704
"theta[Qwen-7B, axis1]",-1.597141,0.157455,-1.883419,-1.299614,0.001714,0.001832,8427.727015,6122.861156,1.000443
"theta[Qwen2.5-72B, axis1]",-0.147551,0.23723,-0.59237,0.291831,0.002636,0.00301,8715.092934,5280.300996,1.001274
"theta[Qwen2.5-Coder-0.5B, axis1]",-1.918465,0.164186,-2.220685,-1.593851,0.001985,0.001887,6928.000755,5621.745072,1.001012
"theta[Qwen2.5-Coder-1.5B, axis1]",-1.441458,0.152826,-1.728499,-1.155087,0.001689,0.001831,8218.029157,5481.955941,1.000397
"theta[Qwen2.5-Coder-14B, axis1]",-0.688715,0.165846,-1.00461,-0.379381,0.001728,0.002113,9576.512467,5559.604421,1.000495
"theta[Qwen2.5-Coder-32B, axis1]",-0.527783,0.178894,-0.861558,-0.195005,0.001964,0.002219,8895.260212,4733.290046,1.000365
"theta[Qwen2.5-Coder-32B-Instruct, axis1]",-0.430564,0.175797,-0.754334,-0.090565,0.001774,0.002061,9974.243918,6136.946351,0.999916
"theta[Qwen2.5-Coder-3B, axis1]",-0.983454,0.266737,-1.486986,-0.483299,0.003331,0.004544,6988.256673,4553.915207,1.001447
"theta[Qwen2.5-Coder-7B, axis1]",-0.935498,0.156967,-1.238607,-0.653062,0.001689,0.001909,8823.591163,5750.926604,1.000459
"theta[Qwen3-235B-A22B-Instruct-2507, axis1]",-0.101151,0.147016,-0.359706,0.179552,0.002298,0.001341,4091.07331,5984.374625,1.000273
"theta[Qwen3-235B-A22B-Thinking-2507, axis1]",-0.089561,0.17737,-0.446829,0.207093,0.004722,0.002302,1470.043978,1968.142672,1.002791
"theta[Qwen3-30B-A3B, axis1]",-0.121747,0.155027,-0.410781,0.177601,0.001523,0.001927,10387.341651,5719.053558,0.999874
"theta[Qwen3-30B-A3B_none, axis1]",-0.423815,0.153634,-0.714269,-0.127914,0.001573,0.00194,9542.063723,5615.902517,1.000108
"theta[Qwen3-32B, axis1]",-0.038501,0.124367,-0.271914,0.199105,0.001219,0.001596,10443.700248,5959.194214,1.00029
"theta[Qwen3-32B_none, axis1]",-0.322404,0.15683,-0.606347,-0.017816,0.001677,0.002202,8887.417698,5437.455428,1.00001
"theta[Qwen3-Coder-480B-A35B-Instruct, axis1]",0.150553,0.221244,-0.290126,0.533825,0.002894,0.004031,7119.322721,4127.700627,1.00034
"theta[RedPajama-INCITE-7B-Base, axis1]",-2.464761,0.191306,-2.834601,-2.118732,0.002165,0.002373,7848.858928,4504.497443,1.000226
"theta[Skilled Generalist, axis1]",-0.792155,0.093673,-0.977709,-0.627837,0.001384,0.00097,4603.953341,5436.677155,1.00102
"theta[StableBeluga2, axis1]",-0.928353,0.158771,-1.220705,-0.620913,0.001688,0.001976,9109.041351,5525.769948,1.00086
"theta[WizardLM-2-8x22B, axis1]",-0.716088,0.106216,-0.919,-0.519817,0.001255,0.001263,7321.201638,5127.739748,1.000407
"theta[Yi-1.5-34B-Chat, axis1]",-0.861422,0.116877,-1.075479,-0.637338,0.001353,0.00136,7714.680077,5397.166568,0.999931
"theta[Yi-34B, axis1]",-0.777774,0.176757,-1.094704,-0.433093,0.001948,0.00224,8496.351788,5359.935986,1.000191
"theta[Yi-34B-Chat, axis1]",-1.181009,0.099897,-1.371249,-1.000387,0.00137,0.001057,5345.649455,5688.569429,1.000297
"theta[Yi-6B, axis1]",-1.398514,0.148245,-1.664079,-1.10611,0.001868,0.001706,6307.176229,5458.51593,1.002526
"theta[Yi-6B-Chat, axis1]",-1.338007,0.155117,-1.628623,-1.047656,0.001696,0.001832,8369.508445,5453.769086,1.001122
"theta[Yi-9B, axis1]",-1.094928,0.184675,-1.454638,-0.767923,0.001949,0.002183,9032.889953,5540.382444,1.00065
"theta[amazon.nova-lite-v1:0, axis1]",-0.681294,0.068517,-0.811879,-0.557633,0.000857,0.0007,6399.666602,5735.656618,1.00002
"theta[amazon.nova-micro-v1:0, axis1]",-1.045991,0.081615,-1.198875,-0.891745,0.001137,0.000801,5156.620886,6120.412609,1.000174
"theta[amazon.nova-pro-v1:0, axis1]",-0.489063,0.065444,-0.614102,-0.36641,0.000788,0.0007,6906.117042,6222.688025,1.000352
"theta[c4ai-command-r-plus-08-2024, axis1]",-1.040743,0.15883,-1.331362,-0.736027,0.001676,0.001812,8988.968005,5542.935091,1.00039
"theta[chatglm2-6b, axis1]",-1.699836,0.148263,-1.974409,-1.424238,0.001733,0.001787,7395.160828,5144.109054,1.000981
"theta[claude-1.3, axis1]",-0.598134,0.215134,-0.985249,-0.180879,0.002261,0.002793,9569.953605,5443.968824,1.000687
"theta[claude-2.0, axis1]",-0.873982,0.094426,-1.051062,-0.699718,0.001118,0.001101,7142.410165,5702.831567,1.001407
"theta[claude-2.1, axis1]",-0.865878,0.122605,-1.095493,-0.637588,0.001225,0.001384,10014.006306,6177.027444,1.000136
"theta[claude-3-5-haiku-20241022, axis1]",-0.543903,0.077236,-0.687019,-0.400651,0.00095,0.000886,6625.2249,5497.897382,1.000522
"theta[claude-3-5-sonnet-20240620, axis1]",-0.30456,0.059105,-0.415684,-0.193108,0.000685,0.000639,7436.562073,5418.502321,1.000024
"theta[claude-3-5-sonnet-20241022, axis1]",-0.146294,0.062576,-0.261831,-0.025392,0.000878,0.000652,5081.774312,5976.949789,1.000918
"theta[claude-3-7-sonnet-20250219, axis1]",-0.064047,0.056978,-0.173894,0.03897,0.000841,0.000568,4598.364414,6181.429198,1.000453
"theta[claude-3-7-sonnet-20250219_16K, axis1]",0.230661,0.072309,0.097429,0.36666,0.000828,0.00075,7667.85705,6327.710791,0.999903
"theta[claude-3-7-sonnet-20250219_2K, axis1]",-0.079549,0.791873,-1.576617,1.406098,0.008751,0.009436,8196.277652,5662.546314,1.000342
"theta[claude-3-7-sonnet-20250219_32K, axis1]",0.28604,0.119009,0.069119,0.514283,0.001232,0.001554,9596.60691,5112.154803,1.000002
"theta[claude-3-7-sonnet-20250219_64K, axis1]",0.336293,0.15039,0.067205,0.627661,0.001635,0.002062,9242.492051,5550.557809,1.000015
"theta[claude-3-7-sonnet-20250219_thinking, axis1]",0.210722,0.14344,-0.055877,0.487376,0.001539,0.00172,8797.540681,5606.541565,1.000011
"theta[claude-3-7-sonnet-20250219_unknown, axis1]",-0.038426,0.151942,-0.335267,0.227188,0.00187,0.002479,7278.871779,4842.523753,1.000174
"theta[claude-3-haiku-20240307, axis1]",-0.927134,0.065913,-1.052571,-0.805843,0.000941,0.000663,4923.906534,6130.176209,1.000281
"theta[claude-3-opus-20240229, axis1]",-0.478522,0.052205,-0.57609,-0.381437,0.00071,0.000508,5418.049748,6119.143754,1.000662
"theta[claude-3-sonnet-20240229, axis1]",-0.782191,0.063286,-0.894241,-0.65625,0.000866,0.000665,5344.560546,6099.094096,1.000034
"theta[claude-fable-5-1_max, axis1]",2.102847,0.378064,1.38666,2.833078,0.00793,0.008208,2322.078582,2075.352977,1.002684
"theta[claude-fable-5_high, axis1]",0.612023,0.21079,0.222175,1.00339,0.002363,0.003731,9115.960697,4720.815265,0.999954
"theta[claude-fable-5_low, axis1]",0.4241,0.190277,0.071959,0.789656,0.001968,0.00252,10201.522476,5050.983817,1.000095
"theta[claude-fable-5_max, axis1]",0.974589,0.309678,0.461436,1.570725,0.005178,0.004684,4136.631477,3501.055606,1.000001
"theta[claude-fable-5_unknown, axis1]",1.728711,0.676036,0.487446,3.029707,0.008855,0.009184,6295.220489,4880.01555,1.000133
"theta[claude-fable-5_xhigh, axis1]",1.347723,0.613736,0.184689,2.520289,0.006611,0.00739,8708.821501,5616.428795,1.00027
"theta[claude-haiku-4-5-20251001, axis1]",0.003938,0.103806,-0.186497,0.205092,0.001259,0.001225,6932.278047,5793.208331,1.000602
"theta[claude-haiku-4-5-20251001_1K, axis1]",0.062235,0.346617,-0.602963,0.69119,0.003862,0.004852,8529.433248,4677.871641,1.001797
"theta[claude-haiku-4-5-20251001_32K, axis1]",0.24829,0.123859,0.023022,0.483593,0.001359,0.001618,8905.722083,5625.415855,1.001665
"theta[claude-haiku-4-5-20251001_low, axis1]",0.074047,0.81534,-1.412585,1.629538,0.008494,0.009934,9241.530904,5927.94261,1.000341
"theta[claude-haiku-4-5-20251001_thinking, axis1]",0.197215,0.379749,-0.519974,0.895091,0.004775,0.005181,6664.463162,5294.120987,1.000319
"theta[claude-haiku-4-5-20251001_unknown, axis1]",0.388355,0.226404,-0.035144,0.804852,0.003337,0.00399,5379.296153,4258.699537,1.000154
"theta[claude-instant-1.1, axis1]",-0.731442,0.161249,-1.042138,-0.43111,0.001709,0.002111,9156.501945,5606.807396,1.00052
"theta[claude-instant-1.2, axis1]",-0.676774,0.167169,-0.986086,-0.35735,0.001827,0.001996,8616.926883,5887.409977,1.000027
"theta[claude-mythos-5, axis1]",2.388487,0.302788,1.805215,2.955687,0.005092,0.004664,3713.600257,3475.600036,1.001906
"theta[claude-mythos-preview, axis1]",2.434474,0.230154,2.012845,2.873997,0.003303,0.002845,5019.761153,4615.191052,1.000087
"theta[claude-mythos-preview-early, axis1]",2.413446,0.398434,1.576775,3.10359,0.011331,0.007036,1384.299721,1615.788257,1.003819
"theta[claude-opus-4-1-20250805, axis1]",0.357499,0.072415,0.219862,0.491048,0.000836,0.000806,7496.867961,5971.657288,1.000384
"theta[claude-opus-4-1-20250805_16K, axis1]",0.401142,0.177703,0.078887,0.744872,0.001859,0.002135,9621.74483,5742.332168,1.000834
"theta[claude-opus-4-1-20250805_27K, axis1]",0.34938,0.18273,0.017642,0.699011,0.001941,0.002535,9515.476173,5097.827029,1.000299
"theta[claude-opus-4-1-20250805_thinking, axis1]",0.421677,0.122507,0.193385,0.654064,0.001594,0.001544,5991.366673,5546.863257,1.000349
"theta[claude-opus-4-1-20250805_unknown, axis1]",0.411515,0.119496,0.187917,0.641629,0.00134,0.00147,8019.065443,5626.965103,1.000785
"theta[claude-opus-4-20250514, axis1]",0.296428,0.073913,0.159797,0.436955,0.000877,0.000871,7117.666052,5310.66627,1.000862
"theta[claude-opus-4-20250514_16K, axis1]",0.362049,0.172193,0.051661,0.691824,0.001809,0.002404,9568.37056,5108.829264,1.000337
"theta[claude-opus-4-20250514_2K, axis1]",0.20387,0.783037,-1.272162,1.661054,0.008355,0.009312,8811.245309,5823.364578,1.000043
"theta[claude-opus-4-20250514_32K, axis1]",0.464978,0.255359,0.003113,0.947754,0.003231,0.005008,7832.191157,4038.21151,1.000865
"theta[claude-opus-4-20250514_thinking, axis1]",0.47693,0.148265,0.190728,0.747004,0.001574,0.002093,8954.432029,5648.638264,1.000397
"theta[claude-opus-4-20250514_unknown, axis1]",0.423037,0.095323,0.238041,0.595019,0.00109,0.001045,7632.077792,6181.053048,1.000041
"theta[claude-opus-4-5-20251101, axis1]",0.749195,0.111613,0.545103,0.969268,0.001721,0.001177,4230.861592,5200.728163,1.000381
"theta[claude-opus-4-5-20251101_128K, axis1]",0.866142,0.253214,0.40398,1.369242,0.003068,0.003532,7082.124142,5346.594638,0.999982
"theta[claude-opus-4-5-20251101_16K, axis1]",0.714052,0.212251,0.346755,1.137071,0.002335,0.002751,9139.420922,4847.318641,1.000997
"theta[claude-opus-4-5-20251101_32K, axis1]",0.758141,0.206148,0.371572,1.12675,0.002267,0.00281,8977.728119,5122.409412,1.000462
"theta[claude-opus-4-5-20251101_64K, axis1]",0.576158,0.330802,-0.059097,1.177083,0.003565,0.004321,8743.592057,5350.494089,1.000498
"theta[claude-opus-4-5-20251101_high, axis1]",0.898843,0.819033,-0.732238,2.337186,0.008773,0.009519,8819.48743,6008.554817,1.000112
"theta[claude-opus-4-5-20251101_low, axis1]",0.809095,0.811314,-0.735103,2.30917,0.009024,0.009608,8173.149297,5912.668744,1.000141
"theta[claude-opus-4-5-20251101_thinking, axis1]",0.753869,0.145145,0.490351,1.030665,0.001526,0.001777,9052.596081,5525.518018,1.000434
"theta[claude-opus-4-5-20251101_unknown, axis1]",1.047665,0.10418,0.85746,1.247634,0.001375,0.001113,5745.230343,5368.343071,1.00032
"theta[claude-opus-4-6, axis1]",1.230876,0.158617,0.93058,1.530901,0.00199,0.002076,6392.397467,5263.481453,1.001616
"theta[claude-opus-4-6_32K, axis1]",1.010325,0.246179,0.570383,1.478138,0.002812,0.004366,9061.81994,4770.298596,1.000129
"theta[claude-opus-4-6_64K, axis1]",0.900391,0.231509,0.488537,1.334271,0.002623,0.003174,8928.786876,4912.09705,1.0004
"theta[claude-opus-4-6_high, axis1]",1.465318,0.181566,1.12404,1.804861,0.002327,0.002237,6130.906707,5029.722083,0.999894
"theta[claude-opus-4-6_low, axis1]",0.586606,0.806474,-0.934859,2.117399,0.009331,0.009176,7568.410602,5724.782872,1.000628
"theta[claude-opus-4-6_max, axis1]",0.80764,0.136792,0.551815,1.070755,0.001812,0.001493,5728.922496,5317.604517,1.000516
"theta[claude-opus-4-6_medium, axis1]",0.75916,0.827417,-0.805075,2.284424,0.009125,0.009922,8340.289831,5742.365615,1.000746
"theta[claude-opus-4-6_none, axis1]",0.764298,0.149721,0.46779,1.033774,0.0017,0.002003,7781.629196,4918.649839,1.000881
"theta[claude-opus-4-6_thinking, axis1]",1.092326,0.163462,0.788889,1.413242,0.002382,0.002905,4903.9282,4250.656857,1.001425
"theta[claude-opus-4-6_unknown, axis1]",1.364264,0.108585,1.16589,1.573075,0.001533,0.001212,5057.583694,5729.285782,1.000132
"theta[claude-opus-4-7, axis1]",1.380902,0.172685,1.043238,1.693736,0.003041,0.00223,3247.774476,4121.16141,1.000287
"theta[claude-opus-4-7_high, axis1]",1.523585,0.196214,1.155961,1.889246,0.002641,0.002918,5709.61849,5056.092703,1.001118
"theta[claude-opus-4-7_max, axis1]",0.789593,0.224135,0.387393,1.2162,0.002549,0.00302,8544.910989,5063.62591,1.000095
"theta[claude-opus-4-7_unknown, axis1]",1.42368,0.164671,1.117008,1.732723,0.003809,0.001953,1896.85069,3127.653007,1.000667
"theta[claude-opus-4-7_xhigh, axis1]",1.002692,0.22694,0.608328,1.452869,0.00253,0.002758,8533.073795,5635.012252,1.00101
"theta[claude-opus-4-8, axis1]",0.626656,0.195501,0.265942,1.000308,0.00234,0.002387,7270.740034,5347.477233,1.000281
"theta[claude-opus-4-8_high, axis1]",0.975365,0.639591,-0.294394,2.108913,0.008947,0.007829,5321.194501,4718.962846,1.000783
"theta[claude-opus-4-8_low, axis1]",0.880711,0.229052,0.47161,1.310767,0.002587,0.003092,8592.852288,5425.165601,1.000031
"theta[claude-opus-4-8_max, axis1]",1.142174,0.24479,0.713462,1.61839,0.002724,0.003369,9000.861654,5742.633041,0.999757
"theta[claude-opus-4-8_medium, axis1]",0.249314,0.797614,-1.266552,1.73015,0.008871,0.009055,8127.679285,4608.163653,1.000498
"theta[claude-opus-4-8_none, axis1]",0.71026,0.215625,0.31524,1.118731,0.002355,0.002953,9354.866767,4967.42431,1.00061
"theta[claude-opus-4-8_unknown, axis1]",1.571223,0.154457,1.287748,1.871212,0.002324,0.001829,4517.511756,5234.513109,1.00023
"theta[claude-opus-5, axis1]",1.045206,0.172696,0.740402,1.376478,0.002362,0.002059,5526.336203,5422.803894,1.000069
"theta[claude-opus-5_low, axis1]",0.843171,0.230046,0.430134,1.281181,0.002671,0.003294,8066.134111,4961.963218,1.000662
"theta[claude-opus-5_max, axis1]",1.343638,0.260305,0.871928,1.82804,0.002953,0.003492,8535.753332,5231.112783,1.000559
"theta[claude-opus-5_unknown, axis1]",1.48386,0.660688,0.209983,2.691174,0.010647,0.009726,4084.270089,4443.543176,1.000897
"theta[claude-sonnet-4-20250514, axis1]",0.153203,0.065074,0.030271,0.275226,0.000764,0.00068,7255.469204,6122.447197,0.999897
"theta[claude-sonnet-4-20250514_16K, axis1]",0.323327,0.170993,0.011293,0.658445,0.001837,0.002158,8959.350664,5293.238783,0.999956
"theta[claude-sonnet-4-20250514_2K, axis1]",0.165578,0.797594,-1.421203,1.643744,0.008409,0.009413,9051.739862,5877.118175,1.000009
"theta[claude-sonnet-4-20250514_32K, axis1]",0.337004,0.137895,0.076961,0.590506,0.001377,0.001753,10299.629923,5491.173443,1.000019
"theta[claude-sonnet-4-20250514_59K, axis1]",0.384838,0.18493,0.038922,0.732577,0.001835,0.002191,10415.70922,6032.444891,1.00071
"theta[claude-sonnet-4-20250514_thinking, axis1]",0.20409,0.20147,-0.164855,0.583456,0.002492,0.003166,7292.903294,4635.923086,1.00061
"theta[claude-sonnet-4-20250514_unknown, axis1]",0.268103,0.128788,0.035057,0.515668,0.00159,0.002089,6960.647942,4592.662989,0.999949
"theta[claude-sonnet-4-5-20250929, axis1]",0.415234,0.08602,0.254397,0.576571,0.001298,0.001016,4389.942607,4914.393987,1.000432
"theta[claude-sonnet-4-5-20250929_16K, axis1]",0.420131,0.183682,0.086022,0.777651,0.001904,0.002398,9836.118084,5034.937373,1.000422
"theta[claude-sonnet-4-5-20250929_2K, axis1]",0.711446,0.804852,-0.782826,2.220434,0.009398,0.009293,7398.775199,6131.186287,1.000766
"theta[claude-sonnet-4-5-20250929_32K, axis1]",0.540649,0.155694,0.252508,0.834973,0.001689,0.001787,9241.237494,5502.760885,1.000183
"theta[claude-sonnet-4-5-20250929_59K, axis1]",0.548392,0.189247,0.203507,0.899689,0.002055,0.00248,9017.654928,5337.708906,0.999835
"theta[claude-sonnet-4-5-20250929_low, axis1]",0.261477,0.797073,-1.213249,1.802283,0.008401,0.009109,9044.267192,5994.446778,1.000155
"theta[claude-sonnet-4-5-20250929_thinking, axis1]",0.395767,0.119127,0.159167,0.610346,0.001361,0.001441,7774.755954,5435.939883,1.000404
"theta[claude-sonnet-4-5-20250929_unknown, axis1]",0.738862,0.109643,0.531411,0.94224,0.00139,0.001221,6267.325867,5534.80384,1.000166
"theta[claude-sonnet-4-6, axis1]",0.843167,0.194762,0.470399,1.197311,0.003134,0.002809,3933.732072,4373.960105,1.002068
"theta[claude-sonnet-4-6_32K, axis1]",0.817787,0.221502,0.406993,1.235241,0.002397,0.002898,9440.276783,5208.918892,1.000577
"theta[claude-sonnet-4-6_high, axis1]",0.647362,0.199127,0.283626,1.027921,0.002101,0.002652,9716.469879,5522.002867,1.000307
"theta[claude-sonnet-4-6_low, axis1]",0.517939,0.810248,-1.08574,1.985053,0.009381,0.009604,7531.755016,5728.182549,1.000953
"theta[claude-sonnet-4-6_max, axis1]",0.439436,0.180594,0.111668,0.791585,0.001844,0.002564,10134.472296,4423.271847,1.001627
"theta[claude-sonnet-4-6_medium, axis1]",0.613547,0.206361,0.242385,1.013438,0.002137,0.002834,10141.972829,5122.390396,1.000438
"theta[claude-sonnet-4-6_unknown, axis1]",0.81547,0.137928,0.569203,1.08397,0.001771,0.001545,6060.052552,5833.90502,1.000583
"theta[claude-sonnet-5, axis1]",0.178499,0.655092,-1.051235,1.411301,0.006355,0.008591,10831.623402,5567.281375,1.000135
"theta[claude-sonnet-5_max, axis1]",0.476049,0.184643,0.136975,0.823153,0.001931,0.002371,9476.067989,5760.969202,1.000941
"theta[claude-sonnet-5_unknown, axis1]",1.401785,0.196508,1.031347,1.775439,0.002662,0.002713,5548.209564,4962.048544,1.000403
"theta[claude-sonnet-5_xhigh, axis1]",0.94563,0.215462,0.559719,1.3615,0.002346,0.002712,9007.18519,5624.530332,1.000134
"theta[codestral-2501, axis1]",-0.951559,0.123295,-1.186531,-0.721806,0.001503,0.001596,6711.135891,5412.305632,1.000185
"theta[davinci, axis1]",-2.515523,0.244753,-2.952089,-2.038093,0.003212,0.002725,5917.048134,6122.580608,1.001234
"theta[dbrx-instruct, axis1]",-0.989534,0.118452,-1.21417,-0.768055,0.001413,0.001402,7283.764601,5286.891065,1.000211
"theta[deepseek-chat, axis1]",0.262039,0.137359,0.011352,0.5267,0.00139,0.001843,9988.557281,5700.870288,1.000577
"theta[deepseek-coder-1.3b-base, axis1]",-2.581967,0.181414,-2.911143,-2.235246,0.002294,0.002066,6354.966772,5709.351341,1.000427
"theta[deepseek-coder-33b-base, axis1]",-1.943463,0.164327,-2.256748,-1.639613,0.001971,0.001999,6987.389856,5515.873466,1.000163
"theta[deepseek-coder-6.7b-base, axis1]",-2.116722,0.163347,-2.42741,-1.816956,0.001949,0.001991,7043.272397,4496.605455,1.00172
"theta[deepseek-llm-67b-chat, axis1]",-1.197678,0.138929,-1.449881,-0.932528,0.001631,0.001735,7697.67953,5247.93906,1.00084
"theta[deepseek-reasoner, axis1]",0.557331,0.152339,0.278474,0.845058,0.001546,0.001969,10152.723472,6143.809053,1.000431
"theta[deepseek-v3.2, axis1]",0.161964,0.259719,-0.335013,0.630908,0.004443,0.003596,3614.58157,4092.678902,1.000799
"theta[deepseek-v4-flash-0731_max, axis1]",0.980665,0.225429,0.562714,1.400352,0.002464,0.002916,8931.148267,5237.039351,1.001043
"theta[deepseek-v4-pro-0813_max, axis1]",1.101283,0.239464,0.684745,1.567268,0.002597,0.003298,9283.982954,4967.157467,1.000599
"theta[deepseek-v4-pro_high, axis1]",0.996474,0.218446,0.617152,1.4299,0.002356,0.003078,9493.127872,5402.122767,1.000241
"theta[deepseek-v4-pro_max, axis1]",0.955761,0.226189,0.538769,1.381242,0.002397,0.002884,9831.514447,5400.731532,1.000424
"theta[deepseek-v4-pro_none, axis1]",0.224901,0.177163,-0.099289,0.557302,0.001853,0.002474,9515.399458,5530.098965,1.000844
"theta[dolly-v2-12b, axis1]",-2.467497,0.194717,-2.834417,-2.112241,0.002225,0.002374,7650.530978,6008.900261,1.000287
"theta[falcon-11b, axis1]",-1.342397,0.155796,-1.62635,-1.034987,0.001565,0.001825,9948.146915,5959.446289,1.000002
"theta[falcon-180B, axis1]",-1.058103,0.154498,-1.355849,-0.769484,0.001745,0.001908,7999.247937,5255.963078,1.000169
"theta[falcon-40b, axis1]",-1.545332,0.146433,-1.823758,-1.274642,0.0016,0.001791,8345.990138,5845.964759,1.000198
"theta[falcon-7b, axis1]",-2.22521,0.164115,-2.532028,-1.915204,0.002195,0.001866,5542.459978,5759.003153,1.000644
"theta[gemini-1.0-pro-001, axis1]",-1.013012,0.070587,-1.140975,-0.876883,0.001053,0.000757,4514.172236,4715.866177,1.000519
"theta[gemini-1.5-flash-001, axis1]",-0.558347,0.061277,-0.675154,-0.443692,0.000759,0.000649,6530.845285,5814.033387,1.000378
"theta[gemini-1.5-flash-002, axis1]",-0.45061,0.080927,-0.597338,-0.29426,0.000899,0.000905,8099.849606,6212.64738,1.000676
"theta[gemini-1.5-flash-8b-001, axis1]",-0.917268,0.102521,-1.10888,-0.724486,0.001201,0.001105,7297.335318,5877.264656,1.001271
"theta[gemini-1.5-pro-001, axis1]",-0.371386,0.058664,-0.483651,-0.26117,0.000697,0.00068,7090.218442,5757.35922,1.000883
"theta[gemini-1.5-pro-001-feb24, axis1]",-0.434205,0.148903,-0.718398,-0.152496,0.001504,0.00162,9837.913722,5757.644775,1.000346
"theta[gemini-1.5-pro-002, axis1]",-0.285341,0.070157,-0.416056,-0.154717,0.000834,0.00078,7096.498002,5996.960363,1.000736
"theta[gemini-2.0-flash-001, axis1]",-0.138265,0.06985,-0.264327,0.000593,0.000772,0.000781,8240.322463,5993.404469,1.000489
"theta[gemini-2.0-flash-exp, axis1]",-0.372485,0.134159,-0.636923,-0.129428,0.001486,0.00159,8158.2567,5735.400114,1.001254
"theta[gemini-2.0-flash-thinking-exp-01-21, axis1]",-0.271306,0.107937,-0.463111,-0.057387,0.001113,0.001256,9405.813325,6093.028348,1.000252
"theta[gemini-2.0-pro-exp-02-05, axis1]",-0.043728,0.091068,-0.206303,0.137403,0.000933,0.001121,9583.304639,6279.518787,1.000024
"theta[gemini-2.5-flash, axis1]",0.021964,0.158917,-0.286251,0.313542,0.00192,0.001965,7085.466708,4956.433861,1.000342
"theta[gemini-2.5-flash-preview-04-17, axis1]",0.023321,0.223563,-0.394952,0.456202,0.002369,0.003144,9331.877812,5392.851348,1.000214
"theta[gemini-2.5-flash-preview-04-17_24K, axis1]",0.049035,0.529448,-0.934553,1.032404,0.005835,0.007259,8616.571086,5300.7316,1.000036
"theta[gemini-2.5-flash-preview-05-20, axis1]",0.14203,0.146481,-0.131884,0.412596,0.001649,0.001807,8015.323618,5250.184988,1.000082
"theta[gemini-2.5-flash-preview-05-20_24K, axis1]",0.15919,0.224398,-0.25903,0.589317,0.0025,0.003654,8573.726381,4726.470599,0.999971
"theta[gemini-2.5-flash-preview-09-2025, axis1]",0.194055,0.153478,-0.104712,0.484272,0.00243,0.002469,4265.942286,3657.203154,1.001167
"theta[gemini-2.5-pro, axis1]",0.390541,0.090145,0.216787,0.555639,0.001375,0.001016,4355.171586,5648.375079,1.000884
"theta[gemini-2.5-pro-exp-03-25, axis1]",0.469277,0.103413,0.287449,0.677974,0.001066,0.001126,9567.94572,6221.826907,1.000578
"theta[gemini-2.5-pro-preview-05-06, axis1]",0.23458,0.097347,0.05502,0.416602,0.001235,0.001056,6488.671148,5872.836255,1.000645
"theta[gemini-2.5-pro-preview-06-05, axis1]",0.58263,0.081716,0.426821,0.730751,0.000953,0.000924,7360.961137,5893.226088,1.000511
"theta[gemini-2.5-pro-preview-06-05_32K, axis1]",0.715359,0.284331,0.262092,1.308381,0.003962,0.005207,6553.718622,3906.337603,1.000839
"theta[gemini-3-flash-preview, axis1]",0.713711,0.11226,0.508986,0.929868,0.001326,0.001272,7173.553043,5627.905049,1.000941
"theta[gemini-3-flash-preview_high, axis1]",0.931587,0.213666,0.540316,1.337009,0.002339,0.002635,8766.48018,5633.36712,1.000471
"theta[gemini-3-flash-preview_low, axis1]",0.471795,0.801407,-1.087838,1.937331,0.008985,0.009381,8044.20717,5806.024126,1.00051
"theta[gemini-3-flash-preview_minimal, axis1]",0.38057,0.811218,-1.156139,1.88034,0.009118,0.009447,7979.204998,5600.840053,1.000209
"theta[gemini-3-pro-preview, axis1]",1.05813,0.079273,0.910283,1.208776,0.001123,0.000814,5001.943045,5704.19466,1.000765
"theta[gemini-3-pro-preview_high, axis1]",0.248101,0.429786,-0.572152,1.057137,0.006072,0.006703,5376.206986,4714.902031,1.001101
"theta[gemini-3-pro-preview_low, axis1]",0.148646,0.790729,-1.342191,1.649625,0.00839,0.010018,8922.876529,5331.988803,1.001425
"theta[gemini-3.1-flash-lite, axis1]",0.340873,0.121985,0.100857,0.56432,0.001399,0.001516,7717.675757,5145.612785,1.000486
"theta[gemini-3.1-flash-lite_high, axis1]",0.546196,0.194993,0.193892,0.910882,0.002022,0.00272,9937.856506,5566.998859,1.000402
"theta[gemini-3.1-flash-lite_low, axis1]",0.218791,0.171672,-0.107474,0.532016,0.001721,0.002131,9964.153981,6104.689768,1.000703
"theta[gemini-3.1-flash-lite_minimal, axis1]",0.244269,0.177193,-0.074768,0.591638,0.001858,0.002564,9783.629903,4597.624806,0.999852
"theta[gemini-3.1-pro-preview, axis1]",1.153923,0.079662,0.994043,1.295659,0.001116,0.00084,5145.564063,5233.033212,1.000302
"theta[gemini-3.1-pro-preview_high, axis1]",1.246189,0.189738,0.912066,1.61009,0.002368,0.002322,6797.422635,5086.082243,0.99992
"theta[gemini-3.1-pro-preview_low, axis1]",-0.005638,0.797413,-1.515829,1.532874,0.008361,0.010144,9098.964208,6009.134311,1.00026
"theta[gemini-3.1-pro-preview_unknown, axis1]",0.561714,0.410236,-0.25286,1.237966,0.009521,0.011701,2617.489514,2075.957479,1.001586
"theta[gemini-3.5-flash, axis1]",0.791056,0.232675,0.375111,1.224373,0.002777,0.003225,7805.03584,5530.627683,1.000546
"theta[gemini-3.5-flash-lite, axis1]",0.309164,0.17384,-0.010291,0.635117,0.002099,0.002349,7310.686431,4413.480634,1.000312
"theta[gemini-3.5-flash-lite_high, axis1]",0.566951,0.190549,0.227432,0.948569,0.001877,0.002479,10720.140685,5310.839957,1.00026
"theta[gemini-3.5-flash-lite_low, axis1]",0.309473,0.180074,-0.027412,0.642954,0.001821,0.002671,10415.00603,5117.164288,1.000537
"theta[gemini-3.5-flash-lite_minimal, axis1]",0.260156,0.176656,-0.06102,0.592967,0.001834,0.002189,9726.732757,5421.840765,1.001488
"theta[gemini-3.5-flash_high, axis1]",1.261426,0.269891,0.77684,1.774413,0.003254,0.004164,7759.529245,4723.481712,1.000619
"theta[gemini-3.5-flash_low, axis1]",0.905636,0.238056,0.489831,1.380185,0.002811,0.00364,8140.846468,4562.307308,1.00063
"theta[gemini-3.5-flash_medium, axis1]",0.023193,0.787966,-1.458304,1.483153,0.008476,0.008816,8806.812918,5934.584443,1.0001
"theta[gemini-3.5-flash_minimal, axis1]",0.759049,0.220152,0.380528,1.189758,0.002473,0.003048,8520.87962,5397.923815,1.000374
"theta[gemini-3.5-flash_unknown, axis1]",0.240393,0.678539,-1.031282,1.523524,0.007889,0.008715,7832.87637,5393.206651,0.999849
"theta[gemini-3.6-flash, axis1]",0.71412,0.207391,0.328247,1.100881,0.002439,0.002511,7551.062861,5341.590206,1.000856
"theta[gemini-3.6-flash_high, axis1]",1.291411,0.25322,0.846725,1.798334,0.002689,0.003422,9676.170674,4657.726371,1.000534
"theta[gemini-3.6-flash_low, axis1]",0.763533,0.216652,0.358089,1.164514,0.002356,0.003063,9292.202801,5372.014008,0.999835
"theta[gemini-3.6-flash_minimal, axis1]",0.737037,0.223493,0.350965,1.175231,0.002515,0.003301,8911.504793,5165.00774,1.000385
"theta[gemini-3.6-flash_unknown, axis1]",0.022251,0.804914,-1.491082,1.505363,0.008678,0.010271,8792.521904,5454.113214,1.001851
"theta[gemini-3.7-flash, axis1]",0.887529,0.237877,0.46297,1.347865,0.003084,0.003281,6539.497064,4187.203187,1.000436
"theta[gemini-3.7-flash_high, axis1]",1.314646,0.206652,0.932047,1.701009,0.003271,0.002711,4345.70364,4002.142085,1.00181
"theta[gemini-3.7-flash_medium, axis1]",0.652691,0.815797,-0.930834,2.096118,0.009628,0.009728,7440.845612,5087.737207,0.99998
"theta[gemma-2-27b-it, axis1]",-0.770154,0.099839,-0.960491,-0.589662,0.001054,0.001291,9093.215872,5201.43707,0.999887
"theta[gemma-2-9b-it, axis1]",-0.949786,0.103564,-1.143093,-0.754566,0.001093,0.001164,8965.342724,5903.877781,0.999824
"theta[gemma-2b, axis1]",-2.006044,0.154501,-2.283985,-1.698529,0.001846,0.001755,7068.650424,5849.381421,1.001593
"theta[gemma-3-12b-it, axis1]",-0.710324,0.100961,-0.897454,-0.512571,0.001169,0.001223,7481.414511,5493.328132,1.000199
"theta[gemma-3-27b-it, axis1]",-0.409638,0.076311,-0.555943,-0.268052,0.000965,0.000907,6269.351527,5360.953955,1.000733
"theta[gemma-3-4b-it, axis1]",-1.247812,0.107817,-1.449693,-1.04606,0.001245,0.00118,7531.467108,5680.095922,1.000614
"theta[gemma-4-26b-a4b, axis1]",-0.680165,0.624553,-1.846229,0.487041,0.006283,0.007295,10172.22703,5573.352855,1.000012
"theta[gemma-4-26b-a4b_minimal, axis1]",0.223441,0.175533,-0.127613,0.53022,0.001796,0.00228,9836.142334,5702.13949,1.000385
"theta[gemma-4-31b-it, axis1]",0.384187,0.174972,0.050834,0.706598,0.001805,0.002178,9542.057341,6092.814115,1.000793
"theta[gemma-4-31b-it_minimal, axis1]",0.311453,0.180626,-0.008587,0.665806,0.001854,0.002341,9996.21626,5406.595422,0.999943
"theta[gemma-7b, axis1]",-1.175253,0.15058,-1.449938,-0.886859,0.001674,0.001819,8228.221235,5012.281426,1.000489
"theta[glm-4.5, axis1]",-0.140881,0.219095,-0.5683,0.247254,0.00255,0.003172,7968.271649,5195.472721,1.000332
"theta[glm-4.7, axis1]",0.476061,0.129442,0.239516,0.723411,0.00141,0.001422,8477.378289,6275.978451,1.000661
"theta[glm-4.7_high, axis1]",0.156804,0.628892,-1.048134,1.277072,0.007806,0.008019,6938.335858,4721.997718,1.000381
"theta[glm-5, axis1]",0.788327,0.14523,0.523094,1.06823,0.001475,0.00205,10088.152347,5590.260489,1.000979
"theta[glm-5.1, axis1]",0.798623,0.153202,0.507775,1.076176,0.001628,0.001796,8862.830781,5842.855778,1.000514
"theta[glm-5.2_low, axis1]",0.84339,0.228647,0.41951,1.267158,0.002577,0.003413,9048.015232,4923.036233,1.000781
"theta[glm-5.2_max, axis1]",1.059377,0.220711,0.66651,1.498077,0.00251,0.002689,8299.958786,5057.850623,1.000571
"theta[glm-5.2_none, axis1]",0.161221,0.170609,-0.171292,0.471521,0.001612,0.002123,11459.381827,6271.16683,0.999789
"theta[glm-5.2_unknown, axis1]",-0.193988,0.739249,-1.643782,1.115569,0.008803,0.00944,7264.29283,5336.964391,1.000036
"theta[glm-5.3-flash_max, axis1]",0.942227,0.227263,0.544585,1.391749,0.002431,0.002994,9465.214747,5379.538797,0.999854
"theta[glm-5.3_max, axis1]",1.185962,0.234362,0.743853,1.605542,0.004883,0.002265,2315.268338,4766.880877,1.001993
"theta[glm-5_unknown, axis1]",0.587279,0.186451,0.254436,0.937275,0.002773,0.003301,5274.834535,3776.175745,1.000842
"theta[gpt-3.5-turbo-0125, axis1]",-1.070683,0.079407,-1.21618,-0.919166,0.001093,0.000789,5297.56586,5606.855677,1.000067
"theta[gpt-3.5-turbo-0613, axis1]",-1.057737,0.158315,-1.364747,-0.770591,0.001671,0.001779,9064.154997,6271.880837,0.999823
"theta[gpt-3.5-turbo-1106, axis1]",-0.986957,0.08894,-1.152616,-0.817484,0.001092,0.001039,6617.994212,5969.025437,1.000542
"theta[gpt-4-0125-preview, axis1]",-0.651463,0.103508,-0.845228,-0.458263,0.001128,0.001326,8558.275015,5383.945151,1.000378
"theta[gpt-4-0314, axis1]",-0.546044,0.116917,-0.767274,-0.328826,0.001586,0.001286,5493.804027,5942.050574,1.00017
"theta[gpt-4-0613, axis1]",-0.757193,0.061563,-0.874065,-0.642339,0.000822,0.000638,5616.390595,5597.009749,1.000448
"theta[gpt-4-1106-preview, axis1]",-0.614492,0.10149,-0.800774,-0.421639,0.001059,0.001182,9139.825399,5721.898448,1.000677
"theta[gpt-4-turbo, axis1]",-0.32732,0.187808,-0.683529,0.023339,0.001984,0.002183,9048.14882,5618.211889,1.000517
"theta[gpt-4-turbo-2024-04-09, axis1]",-0.47846,0.059858,-0.586976,-0.364572,0.000718,0.000634,6944.896042,6579.230281,1.000209
"theta[gpt-4.1-2025-04-14, axis1]",0.060493,0.072219,-0.079921,0.193636,0.000814,0.000838,7890.08315,5173.877423,1.000716
"theta[gpt-4.1-mini-2025-04-14, axis1]",-0.124657,0.092425,-0.300586,0.04212,0.001151,0.000979,6439.449414,6083.818584,1.000112
"theta[gpt-4.1-nano-2025-04-14, axis1]",-0.407256,0.090725,-0.567702,-0.224667,0.001013,0.001031,8077.352032,6160.788528,1.000525
"theta[gpt-4.5-preview-2025-02-27, axis1]",-0.031003,0.059526,-0.143728,0.077938,0.000703,0.000673,7167.693229,5912.425139,1.000058
"theta[gpt-4o-2024-05-13, axis1]",-0.313691,0.05281,-0.411562,-0.21274,0.000685,0.000556,5955.536564,5947.419582,1.000154
"theta[gpt-4o-2024-08-06, axis1]",-0.343015,0.068587,-0.472315,-0.215252,0.000894,0.000747,5888.334141,5698.719177,1.000313
"theta[gpt-4o-2024-11-20, axis1]",-0.386508,0.075426,-0.528287,-0.249384,0.000864,0.000797,7609.215976,5069.666253,1.000645
"theta[gpt-4o-mini-2024-07-18, axis1]",-0.586485,0.07019,-0.720342,-0.458028,0.000855,0.000771,6753.273102,5928.710056,1.000449
"theta[gpt-5-2025-08-07, axis1]",0.549963,0.200428,0.188708,0.936875,0.002366,0.002665,7798.981592,5158.049322,1.000109
"theta[gpt-5-2025-08-07_high, axis1]",0.649953,0.110943,0.441305,0.86073,0.001226,0.001377,8427.449868,5689.017195,1.001576
"theta[gpt-5-2025-08-07_low, axis1]",0.681996,0.270827,0.186118,1.184747,0.003327,0.004318,7962.814356,4226.467927,1.00052
"theta[gpt-5-2025-08-07_medium, axis1]",0.703548,0.121123,0.485024,0.937615,0.001282,0.001577,9251.77701,5855.797616,1.000183
"theta[gpt-5-2025-08-07_minimal, axis1]",0.185136,0.149603,-0.088365,0.470173,0.001429,0.00183,11003.367525,6196.067966,0.999995
"theta[gpt-5-2025-08-07_thinking, axis1]",0.846915,0.155773,0.542093,1.133454,0.001963,0.002284,6493.452015,4832.730851,1.00057
"theta[gpt-5-2025-08-07_unknown, axis1]",0.842623,0.096586,0.65876,1.023085,0.001146,0.001163,7141.997882,5208.895763,1.0014
"theta[gpt-5-mini-2025-08-07_high, axis1]",0.373529,0.13428,0.138479,0.632791,0.001385,0.001717,10088.296341,5650.096919,1.000263
"theta[gpt-5-mini-2025-08-07_medium, axis1]",0.305565,0.113184,0.088048,0.508664,0.001206,0.00144,8899.276516,5759.373788,1.000285
"theta[gpt-5-mini-2025-08-07_minimal, axis1]",0.175084,0.170016,-0.136835,0.504425,0.00173,0.002172,9931.549711,5631.699815,1.000122
"theta[gpt-5-mini-2025-08-07_thinking, axis1]",0.601376,0.374535,-0.114026,1.310178,0.004353,0.005025,7568.007845,5770.78135,1.000151
"theta[gpt-5-mini-2025-08-07_unknown, axis1]",0.222117,0.14483,-0.059567,0.483225,0.001854,0.001804,6269.859618,5543.754399,1.00226
"theta[gpt-5-nano-2025-08-07_high, axis1]",0.188863,0.120373,-0.041736,0.407739,0.00131,0.00154,8816.766604,5361.114875,1.000073
"theta[gpt-5-nano-2025-08-07_low, axis1]",-0.231299,0.158796,-0.543029,0.060055,0.001569,0.00205,10245.681317,5715.213369,1.000393
"theta[gpt-5-nano-2025-08-07_medium, axis1]",0.098121,0.100135,-0.094031,0.284933,0.001088,0.001136,8537.834729,5909.294987,1.000067
"theta[gpt-5-nano-2025-08-07_minimal, axis1]",-0.470849,0.156377,-0.759345,-0.166306,0.001601,0.001946,9570.210251,5297.398783,1.000173
"theta[gpt-5-nano-2025-08-07_unknown, axis1]",-0.048526,0.316426,-0.655207,0.51223,0.0044,0.005298,6116.503148,3851.149494,1.000927
"theta[gpt-5.1-2025-11-13, axis1]",0.252866,0.639528,-0.93684,1.458531,0.006417,0.008313,10810.150213,5072.095607,0.999849
"theta[gpt-5.1-2025-11-13_high, axis1]",0.898533,0.142342,0.638401,1.175534,0.001806,0.00152,6237.422603,6065.937848,1.000111
"theta[gpt-5.1-2025-11-13_low, axis1]",-0.166617,0.788601,-1.773525,1.216943,0.008752,0.008567,8109.520583,6619.619678,1.000001
"theta[gpt-5.1-2025-11-13_medium, axis1]",0.666498,0.15296,0.368128,0.938025,0.001552,0.002043,10032.580998,5198.391339,1.000677
"theta[gpt-5.1-2025-11-13_none, axis1]",0.064279,0.115586,-0.144524,0.293925,0.001227,0.001309,8864.876855,6132.585865,1.002003
"theta[gpt-5.1-2025-11-13_thinking, axis1]",0.839941,0.147692,0.545329,1.104236,0.001673,0.001783,7920.70743,5570.469419,1.001133
"theta[gpt-5.1-2025-11-13_unknown, axis1]",0.728276,0.142643,0.472744,1.014102,0.001606,0.001808,7912.25381,5755.16784,1.000574
"theta[gpt-5.1-codex-max, axis1]",0.828086,0.16605,0.525651,1.140464,0.00205,0.002026,6594.89922,5706.126646,1.000059
"theta[gpt-5.2-2025-12-11_high, axis1]",0.948316,0.158788,0.663006,1.261981,0.00186,0.001828,7152.326064,5700.308477,0.999975
"theta[gpt-5.2-2025-12-11_low, axis1]",0.533349,0.183273,0.180656,0.871611,0.001886,0.002557,9823.259803,5818.493659,1.001118
"theta[gpt-5.2-2025-12-11_medium, axis1]",0.900253,0.166487,0.586956,1.210931,0.00174,0.002066,9221.857878,5576.654416,1.000905
"theta[gpt-5.2-2025-12-11_none, axis1]",0.22661,0.178439,-0.124474,0.548956,0.001787,0.002509,10353.260231,5029.852585,1.000471
"theta[gpt-5.2-2025-12-11_unknown, axis1]",0.800832,0.122777,0.572511,1.036466,0.001668,0.001297,5403.00186,6082.15356,0.999996
"theta[gpt-5.2-2025-12-11_xhigh, axis1]",1.017443,0.226599,0.602232,1.439416,0.002411,0.003039,9458.909254,5625.981741,1.000145
"theta[gpt-5.2-codex, axis1]",0.731382,0.206418,0.378908,1.119399,0.003402,0.002642,3777.494929,4945.137184,1.000361
"theta[gpt-5.3-codex, axis1]",1.197699,0.206587,0.824885,1.595993,0.00277,0.002559,5742.063146,4966.995253,1.000265
"theta[gpt-5.4-2026-03-05, axis1]",0.119129,0.642896,-1.070305,1.325434,0.007021,0.010424,9280.378813,4415.09759,1.000312
"theta[gpt-5.4-2026-03-05_high, axis1]",1.110887,0.111658,0.897303,1.315875,0.001497,0.001351,5602.502861,5071.870849,1.000391
"theta[gpt-5.4-2026-03-05_low, axis1]",0.605151,0.197965,0.246887,0.995202,0.002323,0.002687,7692.450445,4574.412196,1.000531
"theta[gpt-5.4-2026-03-05_medium, axis1]",0.910576,0.239739,0.459224,1.339709,0.002714,0.0032,8747.055374,5156.825782,1.000632
"theta[gpt-5.4-2026-03-05_none, axis1]",0.277227,0.18388,-0.065312,0.615301,0.001946,0.00281,9539.221445,5204.108516,1.000043
"theta[gpt-5.4-2026-03-05_unknown, axis1]",1.436316,0.232784,1.004421,1.885963,0.003047,0.002776,6048.776501,5058.335933,1.000431
"theta[gpt-5.4-2026-03-05_xhigh, axis1]",1.266703,0.128693,1.024554,1.512181,0.001938,0.001482,4452.547408,5445.557806,1.000831
"theta[gpt-5.4-mini-2026-03-17_high, axis1]",0.592963,0.192728,0.237699,0.951227,0.002022,0.002356,9573.149088,5791.068011,0.999835
"theta[gpt-5.4-mini-2026-03-17_low, axis1]",-0.76455,0.797798,-2.252715,0.691766,0.008591,0.009714,8677.274283,5701.379523,1.000475
"theta[gpt-5.4-mini-2026-03-17_none, axis1]",-0.051303,0.162095,-0.364459,0.246061,0.001544,0.00211,11295.626071,5481.26662,1.000159
"theta[gpt-5.4-mini-2026-03-17_xhigh, axis1]",0.786643,0.225475,0.378693,1.205228,0.002702,0.004051,8228.210721,4627.493899,1.000452
"theta[gpt-5.4-nano-2026-03-17_high, axis1]",0.335484,0.165804,0.020367,0.650686,0.001656,0.002128,10274.112102,5230.923184,1.00028
"theta[gpt-5.4-nano-2026-03-17_low, axis1]",0.195504,0.172954,-0.136112,0.515473,0.001871,0.002381,8985.933305,5533.549846,1.000402
"theta[gpt-5.4-nano-2026-03-17_none, axis1]",-0.286969,0.155934,-0.575318,0.009196,0.001525,0.001942,10470.429559,5748.174855,1.001278
"theta[gpt-5.4-pro-2026-03-05_unknown, axis1]",1.151052,0.153643,0.863854,1.447315,0.001791,0.001776,7460.568397,5781.015127,0.99972
"theta[gpt-5.4-pro-2026-03-05_xhigh, axis1]",1.291309,0.254017,0.818006,1.753548,0.002707,0.003131,9460.981106,5909.3519,0.999713
"theta[gpt-5.5, axis1]",1.637435,0.5445,0.645733,2.705611,0.006936,0.00762,6427.117946,4540.568889,1.000812
"theta[gpt-5.5_high, axis1]",1.621079,0.522243,0.550986,2.532138,0.00749,0.007863,5148.858529,4047.031133,1.001388
"theta[gpt-5.5_low, axis1]",1.011191,0.243357,0.562433,1.465383,0.002788,0.003782,8764.038189,4805.750523,1.000111
"theta[gpt-5.5_medium, axis1]",0.441615,0.795785,-1.050495,1.920211,0.008307,0.008878,9326.988816,5518.066671,1.000742
"theta[gpt-5.5_none, axis1]",0.365643,0.182077,0.031092,0.71276,0.001797,0.002441,10927.966829,5547.962109,1.000398
"theta[gpt-5.5_unknown, axis1]",1.821091,0.188394,1.462134,2.157569,0.002491,0.003294,6071.016756,4712.702768,1.000459
"theta[gpt-5.5_xhigh, axis1]",1.444707,0.179075,1.117769,1.796799,0.002157,0.002356,7002.890404,5278.167538,1.000347
"theta[gpt-5.6-luna, axis1]",0.38509,0.180504,0.045602,0.71455,0.00211,0.002452,7797.261325,4649.733786,1.000383
"theta[gpt-5.6-luna_low, axis1]",0.565733,0.20004,0.202778,0.943199,0.002206,0.002757,8704.672177,5181.905043,1.000013
"theta[gpt-5.6-luna_max, axis1]",1.048024,0.233739,0.633771,1.492628,0.002522,0.003215,9393.470166,5043.214732,1.000167
"theta[gpt-5.6-luna_medium, axis1]",0.724216,0.805014,-0.799174,2.225101,0.009884,0.009024,6738.546439,5585.171243,1.00009
"theta[gpt-5.6-luna_none, axis1]",-0.065156,0.157149,-0.358566,0.233554,0.0016,0.002077,9760.963724,5376.936755,1.002113
"theta[gpt-5.6-luna_unknown, axis1]",0.690663,0.841486,-0.873143,2.288952,0.010489,0.010281,6844.81334,5061.138378,1.000585
"theta[gpt-5.6-sol, axis1]",0.533805,0.256781,0.089814,1.018954,0.003476,0.003599,6074.746214,4810.354068,1.000415
"theta[gpt-5.6-sol_low, axis1]",0.970225,0.250109,0.509942,1.425411,0.003117,0.004908,8082.788107,3927.057839,1.001442
"theta[gpt-5.6-sol_max, axis1]",1.508878,0.231458,1.051256,1.933602,0.003371,0.003013,4851.973911,4547.864608,1.000699
"theta[gpt-5.6-sol_none, axis1]",0.592165,0.203754,0.219013,0.970527,0.00212,0.003153,10439.779388,5748.464711,1.000447
"theta[gpt-5.6-sol_unknown, axis1]",2.289343,0.26644,1.769902,2.780973,0.004089,0.00384,4259.792944,4554.650511,1.00215
"theta[gpt-5.6-terra, axis1]",0.520771,0.189649,0.177408,0.879241,0.002261,0.002409,7303.172557,5032.528321,1.000452
"theta[gpt-5.6-terra_low, axis1]",0.818151,0.228042,0.412987,1.247179,0.00258,0.003672,8720.906516,4611.81684,1.000263
"theta[gpt-5.6-terra_max, axis1]",1.173133,0.24057,0.736262,1.625489,0.002746,0.003151,8562.638955,5831.035251,0.999899
"theta[gpt-5.6-terra_medium, axis1]",0.845682,0.830319,-0.683814,2.403183,0.01061,0.009537,6450.824637,5044.160982,1.000414
"theta[gpt-5.6-terra_none, axis1]",0.365999,0.187166,0.019949,0.724694,0.0019,0.002558,10131.729721,4914.335339,1.000946
"theta[gpt-5.6-terra_unknown, axis1]",0.847544,0.840791,-0.83163,2.331448,0.010827,0.009364,6259.103411,5468.52058,0.999731
"theta[gpt-6-astra_max, axis1]",1.599579,0.30479,1.056774,2.176456,0.003539,0.003901,8353.435821,5221.618742,1.000955
"theta[gpt-j-6b, axis1]",-2.50261,0.197903,-2.879771,-2.135719,0.002382,0.002248,6942.852623,5899.558001,1.000603
"theta[gpt-oss-120b, axis1]",-0.055237,0.102991,-0.247988,0.138463,0.001129,0.001161,8367.874243,5896.925587,1.000298
"theta[gpt-oss-120b_high, axis1]",0.159099,0.130134,-0.092654,0.397866,0.0014,0.001652,8746.282393,4870.307764,1.000727
"theta[gpt-oss-120b_unknown, axis1]",-0.154274,0.336158,-0.840892,0.400176,0.004815,0.005567,6012.300999,4016.33351,1.000812
"theta[gpt-oss-20b, axis1]",-0.488395,0.109894,-0.691927,-0.275697,0.001211,0.001287,8249.510098,5719.515568,1.001438
"theta[gpt-oss-20b_high, axis1]",-0.534224,0.156799,-0.824213,-0.232677,0.001549,0.002098,10367.328647,6008.765125,1.000559
"theta[gpt-oss-20b_low, axis1]",-0.348992,0.15508,-0.64148,-0.058479,0.001518,0.00217,10390.710713,5602.965704,1.001212
"theta[gpt-oss-20b_medium, axis1]",-0.144144,0.157206,-0.431877,0.158145,0.001547,0.002115,10383.177445,5409.848114,1.001529
"theta[gpt-oss-20b_unknown, axis1]",-0.920768,0.397115,-1.677094,-0.221982,0.005102,0.005257,6738.29737,5511.619127,0.999992
"theta[gpt2-xl, axis1]",-3.079137,0.317371,-3.673487,-2.481993,0.004362,0.003556,5513.93304,4486.742615,1.000388
"theta[granite-4.0-h-small, axis1]",-0.704691,0.128785,-0.944305,-0.461343,0.001367,0.00143,8877.080109,6152.564062,1.001829
"theta[grok-2, axis1]",-0.547743,0.079513,-0.696536,-0.399243,0.000965,0.000886,6792.444262,5983.580365,1.000862
"theta[grok-2-1212, axis1]",-0.262055,0.08356,-0.412585,-0.101238,0.000958,0.000934,7561.933681,5972.926936,0.999726
"theta[grok-3, axis1]",0.08677,0.161434,-0.207309,0.390244,0.001843,0.002118,8006.887656,5243.239373,1.000039
"theta[grok-3-beta, axis1]",0.085428,0.095207,-0.09599,0.263151,0.000993,0.001076,9339.129859,5904.536069,1.000651
"theta[grok-3-mini, axis1]",0.146955,0.159804,-0.157532,0.443163,0.001729,0.001901,8538.616643,5517.080082,1.000474
"theta[grok-3-mini-beta_high, axis1]",0.16048,0.107311,-0.043539,0.358436,0.001118,0.001291,9392.574401,5613.279865,0.999982
"theta[grok-3-mini-beta_low, axis1]",0.130869,0.103493,-0.049915,0.335522,0.001198,0.001166,7503.113733,5636.779415,1.001924
"theta[grok-4-0709, axis1]",0.486927,0.078822,0.336534,0.631191,0.001005,0.000919,6161.861895,5697.880458,1.000437
"theta[grok-4-0709_high, axis1]",0.623769,0.265948,0.143273,1.120281,0.00348,0.004729,7217.88997,4258.789403,1.000687
"theta[grok-4-20, axis1]",0.939451,0.211477,0.542371,1.33513,0.002667,0.003163,6472.49192,5204.302841,1.0005
"theta[grok-4-20_high, axis1]",0.302525,0.617483,-0.912941,1.386097,0.008013,0.008254,6404.509392,5414.630275,1.000613
"theta[grok-4-fast, axis1]",0.15573,0.158147,-0.160614,0.429208,0.002288,0.003,5632.0266,3644.09905,1.000243
"theta[grok-4-fast_thinking, axis1]",-0.23549,0.649556,-1.483843,0.942552,0.006678,0.007819,9876.940673,5765.065607,1.000212
"theta[grok-4.20-0309-reasoning, axis1]",0.864074,0.207069,0.4839,1.258241,0.002179,0.002785,9756.143178,5425.223632,1.000164
"theta[grok-4.3_high, axis1]",0.771996,0.195322,0.413314,1.137808,0.002078,0.00253,9190.252188,5489.655935,1.000323
"theta[grok-4.5, axis1]",0.75914,0.212933,0.365037,1.159428,0.002414,0.002505,8259.174719,5735.324651,1.000327
"theta[grok-4.5_high, axis1]",1.09796,0.210755,0.691856,1.489176,0.002509,0.002571,7191.492823,5341.030631,1.000314
"theta[grok-4.5_unknown, axis1]",0.991002,0.898206,-0.802731,2.515795,0.012026,0.009724,5810.375727,5381.89352,1.000786
"theta[grok-4.6_high, axis1]",1.217052,0.23921,0.76618,1.653835,0.002442,0.003169,9976.592861,5383.689942,1.00002
"theta[grok-4.6_xhigh, axis1]",1.220333,0.195284,0.848007,1.582279,0.002419,0.00246,6500.182125,5481.016959,1.000217
"theta[inkling-small, axis1]",0.88556,0.413798,0.086962,1.666411,0.009094,0.011846,2664.726698,1749.55361,1.000325
"theta[inkling-small_xhigh, axis1]",0.770444,0.197083,0.404139,1.137893,0.001999,0.002498,10212.468862,5500.99647,1.001832
"theta[internlm-20b, axis1]",-0.903628,0.278775,-1.38927,-0.367668,0.003445,0.005086,8458.82643,4211.641181,1.000628
"theta[internlm-7b, axis1]",-1.608081,0.14838,-1.897238,-1.334368,0.001674,0.002022,7898.593472,4575.511881,1.000736
"theta[internlm-chat-20b, axis1]",-1.636048,0.155959,-1.931035,-1.341805,0.001849,0.001679,7161.678937,5558.215069,1.000933
"theta[kimi-k2-thinking, axis1]",0.447479,0.178579,0.113465,0.783832,0.002001,0.00216,8113.21225,5034.236633,1.000094
"theta[kimi-k2.5, axis1]",0.609204,0.115479,0.389155,0.827179,0.001329,0.001274,7547.284052,6119.227505,1.000523
"theta[kimi-k2.5_high, axis1]",0.467546,0.621485,-0.698799,1.616519,0.008682,0.008505,5455.245938,4754.580014,1.0001
"theta[kimi-k2.6, axis1]",0.834192,0.152234,0.551002,1.12437,0.001666,0.001813,8345.194182,5863.571301,1.000917
"theta[kimi-k2.7-code, axis1]",0.779373,0.195509,0.385829,1.127014,0.002136,0.002417,8791.093528,5570.084081,1.001076
"theta[kimi-k3_high, axis1]",1.114785,0.268034,0.654888,1.63265,0.003077,0.004138,8814.508829,4765.488233,0.999891
"theta[kimi-k3_low, axis1]",0.683999,0.209657,0.297481,1.084926,0.002227,0.002928,9907.469949,5016.016185,1.000947
"theta[kimi-k3_max, axis1]",1.24548,0.204085,0.85265,1.625769,0.002744,0.002646,5553.332574,5160.638187,1.000853
"theta[kimi-k3_unknown, axis1]",1.089804,0.655078,-0.232331,2.239216,0.010074,0.009224,4533.535018,3878.840233,1.001317
"theta[mimo-v2-pro, axis1]",0.242581,0.43391,-0.619596,0.984663,0.006098,0.007124,5698.601115,3995.843856,1.000828
"theta[mimo-v2-pro_high, axis1]",-0.480077,0.64467,-1.768814,0.642056,0.007623,0.007953,7472.011964,5380.45328,0.999763
"theta[ministral-3b-2410, axis1]",-1.263182,0.109226,-1.463816,-1.058199,0.00153,0.001157,5093.45334,6347.352681,1.000257
"theta[ministral-8b-2410, axis1]",-1.191926,0.104448,-1.390184,-1.001622,0.001394,0.001046,5614.300553,6240.123387,1.001179
"theta[mistral-large-2402, axis1]",-0.839693,0.064938,-0.962837,-0.719799,0.000906,0.00065,5156.342933,5603.608903,1.000211
"theta[mistral-large-2407, axis1]",-0.419708,0.061884,-0.538598,-0.306119,0.000777,0.00064,6345.064024,5712.569875,1.000336
"theta[mistral-large-2411, axis1]",-0.382513,0.081723,-0.525707,-0.221324,0.000914,0.000938,8048.321377,5798.338528,1.001217
"theta[mistral-medium-2505, axis1]",-0.094841,0.105378,-0.283202,0.115829,0.00109,0.001347,9566.020621,4851.034204,0.999862
"theta[mistral-small-2501, axis1]",-0.547626,0.101636,-0.748103,-0.36391,0.001148,0.001338,7851.189878,5581.108933,1.000099
"theta[mistral-small-2503, axis1]",-0.5109,0.101484,-0.697363,-0.316994,0.001043,0.001133,9483.245929,6098.568242,1.000587
"theta[mpt-30b, axis1]",-1.83596,0.147527,-2.102455,-1.5533,0.001702,0.001682,7509.68554,5421.261358,1.000272
"theta[mpt-7b, axis1]",-2.327547,0.169254,-2.646799,-2.008491,0.002224,0.001884,5813.63934,6116.821304,1.000585
"theta[muse-spark, axis1]",1.020857,0.127291,0.792461,1.259514,0.001817,0.001361,4908.054104,5946.988516,1.000321
"theta[muse-spark-1.1, axis1]",1.41568,0.127563,1.178292,1.650903,0.001926,0.001536,4485.378971,4941.370385,0.999798
"theta[muse-spark-1.1_medium, axis1]",0.089531,0.801626,-1.450115,1.532458,0.008689,0.009301,8745.68858,5756.761541,1.000535
"theta[muse-spark-1.2, axis1]",-0.185769,0.807252,-1.810161,1.254893,0.009086,0.010119,8163.430199,4935.13989,1.000732
"theta[muse-spark-1.2_xhigh, axis1]",0.743817,0.348454,0.072115,1.412465,0.00588,0.006365,3827.809286,3388.745876,1.001551
"theta[o1-2024-12-17, axis1]",0.353104,0.179667,0.035041,0.710307,0.002048,0.002195,8142.634577,5728.235303,0.999804
"theta[o1-2024-12-17_high, axis1]",0.327386,0.115835,0.117858,0.549277,0.001192,0.00145,9956.638892,5633.245022,1.000187
"theta[o1-2024-12-17_low, axis1]",0.256691,0.17315,-0.057591,0.584095,0.001731,0.00231,10386.228295,5643.311742,0.999899
"theta[o1-2024-12-17_medium, axis1]",0.227821,0.068656,0.104035,0.360335,0.000781,0.000759,7821.491211,5906.276884,1.00111
"theta[o1-2024-12-17_unknown, axis1]",0.264807,0.307435,-0.309222,0.841978,0.003856,0.005038,6950.306437,4755.033035,1.000572
"theta[o1-mini-2024-09-12, axis1]",-0.239417,0.144563,-0.510765,0.028254,0.001664,0.001916,7775.621768,5597.600267,1.00044
"theta[o1-mini-2024-09-12_high, axis1]",0.022031,0.113609,-0.189687,0.237363,0.001226,0.001392,8924.692101,4900.068436,1.000218
"theta[o1-mini-2024-09-12_medium, axis1]",-0.172028,0.086877,-0.334601,-0.009745,0.000916,0.001038,9055.999684,6352.349229,1.000431
"theta[o1-mini-2024-09-12_unknown, axis1]",-0.30404,0.14753,-0.583559,-0.042853,0.001871,0.001942,6658.937739,5639.223863,1.000745
"theta[o1-preview-2024-09-12, axis1]",-0.047738,0.064301,-0.166787,0.070128,0.000773,0.000673,6926.461497,5882.056409,0.999894
"theta[o3-2025-04-16, axis1]",0.514524,0.192964,0.159608,0.88015,0.002269,0.002442,7579.407431,5449.575369,1.000481
"theta[o3-2025-04-16_high, axis1]",0.625189,0.09083,0.45333,0.793809,0.001019,0.001029,7978.051046,5487.394672,1.000077
"theta[o3-2025-04-16_low, axis1]",0.460991,0.19447,0.115114,0.830878,0.002157,0.003212,9176.549298,5144.09401,1.000835
"theta[o3-2025-04-16_medium, axis1]",0.466865,0.074822,0.324703,0.605198,0.000949,0.00077,6217.517805,6384.482912,1.000474
"theta[o3-2025-04-16_unknown, axis1]",0.582836,0.108769,0.372262,0.780377,0.001356,0.001165,6438.965166,5863.579582,1.000536
"theta[o3-mini-2025-01-31, axis1]",-0.017174,0.112443,-0.232442,0.191534,0.001274,0.001319,7862.544902,5139.467486,1.000228
"theta[o3-mini-2025-01-31_high, axis1]",0.198839,0.086248,0.039964,0.3608,0.000934,0.001028,8630.411316,5768.708851,1.000666
"theta[o3-mini-2025-01-31_low, axis1]",-0.003897,0.142678,-0.275545,0.256383,0.001452,0.001732,9680.406341,5655.018383,1.001474
"theta[o3-mini-2025-01-31_medium, axis1]",0.118963,0.05566,0.016064,0.225301,0.000669,0.000609,6913.234401,5467.055653,1.000402
"theta[o3-pro-2025-06-10, axis1]",0.760153,0.341262,0.14976,1.441699,0.004033,0.004361,7324.991993,5550.004203,1.000404
"theta[o3-pro-2025-06-10_high, axis1]",0.81551,0.14139,0.55599,1.079878,0.001602,0.001895,8099.646784,5023.842825,0.999691
"theta[o3-pro-2025-06-10_medium, axis1]",0.650306,0.531518,-0.329606,1.675663,0.005875,0.00636,8470.401769,5621.798029,1.000397
"theta[o4-mini-2025-04-16, axis1]",0.150376,0.172502,-0.158916,0.48203,0.002963,0.001713,3522.799884,5317.787065,1.000518
"theta[o4-mini-2025-04-16_high, axis1]",0.307093,0.082707,0.155466,0.46501,0.00083,0.000943,9950.370774,6118.894067,1.000117
"theta[o4-mini-2025-04-16_low, axis1]",0.2595,0.169571,-0.043477,0.59725,0.001624,0.00225,11212.72275,5545.017374,0.999677
"theta[o4-mini-2025-04-16_medium, axis1]",0.272266,0.072872,0.131293,0.40357,0.000826,0.000847,7780.475349,6293.492424,1.000013
"theta[open-mistral-7b, axis1]",-1.549673,0.180989,-1.883877,-1.21217,0.002109,0.002324,7930.788088,5163.544282,1.000143
"theta[open-mistral-nemo-2407, axis1]",-1.042335,0.123772,-1.262573,-0.800554,0.001443,0.001389,7588.609392,4812.064227,0.999843
"theta[open-mixtral-8x7b, axis1]",-1.057592,0.126399,-1.297548,-0.823532,0.001576,0.001529,6828.969221,4774.281386,1.000819
"theta[open_llama_7b, axis1]",-2.34671,0.187951,-2.715814,-2.009112,0.002224,0.002112,7179.210146,6111.415915,1.00066
"theta[opt-13b, axis1]",-2.525344,0.194583,-2.890295,-2.175232,0.002341,0.002206,7011.727826,5211.693994,1.000449
"theta[phi-1_5, axis1]",-2.075051,0.177631,-2.400395,-1.737837,0.001967,0.002051,8211.429715,5315.856236,1.000045
"theta[phi-2, axis1]",-1.366157,0.171824,-1.678467,-1.032921,0.001797,0.002181,9200.9705,5956.735091,1.000785
"theta[phi-4, axis1]",-0.350626,0.089617,-0.523093,-0.184018,0.001,0.001074,7985.115609,5521.475799,1.000057
"theta[qwen-max-2025-01-25, axis1]",-0.290922,0.091067,-0.464529,-0.123733,0.000962,0.001152,8984.158953,5062.037293,1.000673
"theta[qwen-plus-2025-01-25, axis1]",-0.369158,0.100144,-0.552682,-0.176808,0.001092,0.001264,8455.70711,5493.46564,1.000577
"theta[qwen-turbo-2024-11-01, axis1]",-0.503422,0.103089,-0.697396,-0.310711,0.001072,0.001476,9243.178336,5644.935576,1.000661
"theta[qwen2-72b-instruct, axis1]",-0.624417,0.085863,-0.783066,-0.460483,0.001008,0.000949,7253.606052,5907.143269,0.999968
"theta[qwen2.5-32b-instruct, axis1]",-0.458328,0.099775,-0.644305,-0.270639,0.001088,0.001276,8436.230642,5059.114702,1.00084
"theta[qwen2.5-72b-instruct, axis1]",-0.387,0.080835,-0.533039,-0.227333,0.000867,0.000914,8704.795745,5933.529816,1.000028
"theta[qwen2.5-7b-instruct, axis1]",-0.893668,0.123561,-1.117131,-0.655199,0.001399,0.001383,7787.908953,5984.920707,0.999725
"theta[qwen3-235b-a22b, axis1]",0.005119,0.094636,-0.168025,0.183042,0.001112,0.001088,7252.306234,5850.383271,1.000397
"theta[qwen3-max-2025-09-23, axis1]",0.326364,0.125446,0.10717,0.57072,0.001346,0.001536,9087.981598,6226.83434,1.000671
"theta[qwen3.5-9B, axis1]",0.145496,0.14157,-0.106708,0.424134,0.002101,0.001604,4544.284427,4653.624008,1.000731
"theta[qwen3.5-9B_none, axis1]",0.429031,0.191077,0.074473,0.787665,0.001937,0.002533,10373.460569,5266.747117,1.000551
"theta[qwen3.5-flash, axis1]",0.512274,0.183682,0.17213,0.857414,0.001905,0.002627,9809.03787,4437.102966,1.001177
"theta[qwen3.5-plus, axis1]",0.688542,0.177256,0.350434,1.009671,0.001749,0.002156,10425.084397,5777.117391,1.000156
"theta[qwen3.5-plus_high, axis1]",0.36335,0.626546,-0.833681,1.475168,0.008531,0.007872,5759.983992,5172.183082,1.000259
"theta[qwen3.6-35b-a3b, axis1]",0.411358,0.147027,0.145341,0.696778,0.001947,0.001651,5780.334971,5769.426544,1.00012
"theta[qwen3.6-35b-a3b_none, axis1]",0.685376,0.20926,0.296606,1.077063,0.002278,0.002528,8934.807392,5831.465965,1.000644
"theta[qwen3.6-flash, axis1]",0.531845,0.183102,0.201734,0.892525,0.00188,0.002218,9718.220677,4849.055431,1.002321
"theta[qwen3.6-max-preview, axis1]",0.848721,0.22222,0.468106,1.280774,0.00245,0.003012,8958.504848,4618.288066,1.000912
"theta[qwen3.6-plus, axis1]",0.887715,0.19136,0.549146,1.263877,0.001963,0.002346,9908.698664,5736.413416,1.000757
"theta[qwen3.7-max, axis1]",0.980946,0.213874,0.582608,1.382239,0.002366,0.002537,8495.908892,5769.38447,0.999998
"theta[qwen3.8-max_xhigh, axis1]",1.075605,0.185288,0.729863,1.426642,0.00243,0.002304,6244.746213,4704.042904,1.001427
"theta[starcoder2-15b, axis1]",-1.256937,0.151063,-1.535247,-0.97287,0.001554,0.001913,9475.730011,5404.682638,1.000192
"theta[starcoder2-3b, axis1]",-2.117301,0.164468,-2.417955,-1.802725,0.001937,0.002069,7265.04809,5874.665346,1.001719
"theta[starcoder2-7b, axis1]",-1.985341,0.16092,-2.286425,-1.689522,0.001865,0.001603,7416.944167,6361.118636,1.000524
"theta[text-davinci-001, axis1]",-1.844698,0.174986,-2.167844,-1.521532,0.001879,0.002063,8598.813064,5805.825699,1.000499
"theta[text-davinci-002, axis1]",-1.111248,0.100989,-1.300914,-0.924285,0.001345,0.001052,5641.426787,6240.306407,1.000244
"theta[vicuna-13b-v1.1, axis1]",-1.819313,0.2508,-2.310078,-1.360084,0.002615,0.003167,9414.648257,6033.87855,1.000484
"theta[xgen-7b-8k-base, axis1]",-2.132302,0.180576,-2.464493,-1.797457,0.002027,0.002014,7991.462364,5360.524341,0.999996
"theta_zsn_t[0, 0]",-1.67416,0.15518,-1.980546,-1.400712,0.001752,0.001893,7916.878407,5207.412532,1.000493
"theta_zsn_t[0, 1]",-1.427285,0.149392,-1.694573,-1.133885,0.001587,0.001729,8864.695584,6168.783616,1.000244
"theta_zsn_t[0, 2]",-1.719238,0.149812,-2.000425,-1.43731,0.001689,0.001738,7877.094711,5955.117621,1.000025
"theta_zsn_t[0, 3]",-2.04251,0.161709,-2.333839,-1.72495,0.001962,0.001798,6894.562323,5928.634371,1.000461
"theta_zsn_t[0, 4]",-1.471193,0.152993,-1.772433,-1.191588,0.00168,0.001857,8316.942114,5689.86977,1.000688
"theta_zsn_t[0, 5]",-2.505835,0.196434,-2.882,-2.154176,0.002341,0.002153,7105.968769,5749.043228,1.000385
"theta_zsn_t[0, 6]",-1.068245,0.191558,-1.412461,-0.695186,0.001976,0.002522,9546.270422,5866.884724,1.000051
"theta_zsn_t[0, 7]",-1.93167,0.158644,-2.224118,-1.633971,0.002003,0.001692,6315.388312,5507.673701,1.000088
"theta_zsn_t[0, 8]",-0.653516,0.289433,-1.167387,-0.09235,0.003462,0.004274,8150.171668,4196.154598,1.000507
"theta_zsn_t[0, 9]",-1.246586,0.147713,-1.52511,-0.96849,0.001626,0.001754,8245.474699,5921.823285,1.001337
"theta_zsn_t[0, 10]",0.14486,0.058196,0.037823,0.255498,0.000703,0.000631,6871.957812,6283.908497,1.000239
"theta_zsn_t[0, 11]",0.329458,0.083439,0.172472,0.486603,0.000872,0.001016,9175.798495,5880.334281,1.000001
"theta_zsn_t[0, 12]",-0.04751,0.108915,-0.23738,0.171853,0.001316,0.001237,6957.48588,5302.839213,1.001171
"theta_zsn_t[0, 13]",-0.201676,0.107243,-0.405895,0.000384,0.001315,0.001205,6714.280478,5427.623896,1.000054
"theta_zsn_t[0, 14]",-0.137606,0.14207,-0.412615,0.124783,0.001422,0.001646,9967.564517,5468.983517,0.999894
"theta_zsn_t[0, 15]",-0.46901,0.209134,-0.865663,-0.073566,0.002314,0.002776,8471.088335,5233.233811,1.000011
"theta_zsn_t[0, 16]",-0.204997,0.056267,-0.31186,-0.10244,0.00071,0.000588,6285.042742,6445.610864,1.000534
"theta_zsn_t[0, 17]",0.008109,0.097187,-0.166351,0.195384,0.001017,0.001178,9238.50792,6254.518607,1.000225
"theta_zsn_t[0, 18]",0.145474,0.083428,-0.016407,0.299281,0.000974,0.000988,7431.322184,5689.0694,1.000114
"theta_zsn_t[0, 19]",0.369352,0.155661,0.101235,0.677499,0.002149,0.002316,5728.163392,4137.429433,1.000842
"theta_zsn_t[0, 20]",0.335258,0.174289,-0.006822,0.652528,0.002111,0.00217,6877.862514,5817.077448,1.000026
"theta_zsn_t[0, 21]",-0.378772,0.235781,-0.823954,0.044377,0.003096,0.003475,6412.477291,4382.057547,1.000152
"theta_zsn_t[0, 22]",-1.352387,0.186489,-1.695802,-1.002722,0.001959,0.002122,9076.389578,5747.773909,1.000242
"theta_zsn_t[0, 23]",-0.814195,0.114625,-1.042081,-0.609893,0.001311,0.001467,7832.366262,5143.343195,0.99993
"theta_zsn_t[0, 24]",-1.648116,0.147569,-1.919699,-1.362549,0.001828,0.001758,6566.348816,6252.936536,1.000625
"theta_zsn_t[0, 25]",1.002151,0.426722,0.16923,1.81213,0.009244,0.012364,2619.738171,1839.680828,1.00009
"theta_zsn_t[0, 26]",0.644792,0.18206,0.3037,0.987768,0.003003,0.002327,3704.222889,4525.469174,1.000836
"theta_zsn_t[0, 27]",0.153128,0.112467,-0.065978,0.359512,0.001293,0.001426,7714.96432,5502.899244,1.001709
"theta_zsn_t[0, 28]",-1.79088,0.147565,-2.047002,-1.493883,0.00164,0.001652,8088.366634,5902.80704,1.000648
"theta_zsn_t[0, 29]",-1.36771,0.147927,-1.647368,-1.092322,0.001587,0.001698,8707.613462,5811.368043,1.000382
"theta_zsn_t[0, 30]",-1.196166,0.146731,-1.48297,-0.926227,0.001602,0.001655,8389.365699,6183.251059,1.000393
"theta_zsn_t[0, 31]",-2.156915,0.162345,-2.456426,-1.852234,0.001933,0.001846,7101.824891,5525.102956,1.001104
"theta_zsn_t[0, 32]",-1.520524,0.146961,-1.801215,-1.241161,0.001641,0.001844,8041.415238,5662.730321,1.001197
"theta_zsn_t[0, 33]",-1.620999,0.155674,-1.915275,-1.329014,0.001763,0.001685,7817.70288,6338.066309,1.000084
"theta_zsn_t[0, 34]",-1.339444,0.147093,-1.614361,-1.063319,0.001586,0.001818,8649.157311,5726.973891,0.999986
"theta_zsn_t[0, 35]",-1.261092,0.108019,-1.457756,-1.060159,0.001347,0.001199,6547.438774,4647.120087,1.000412
"theta_zsn_t[0, 36]",-0.915252,0.1587,-1.201225,-0.607436,0.001627,0.002014,9766.551964,5382.814948,1.000298
"theta_zsn_t[0, 37]",-1.893353,0.153266,-2.177172,-1.60156,0.001775,0.00188,7480.053389,5895.234734,1.001359
"theta_zsn_t[0, 38]",-0.125146,0.237356,-0.543606,0.341057,0.002786,0.002821,8042.015331,5571.605541,1.000084
"theta_zsn_t[0, 39]",-0.440512,0.041979,-0.51898,-0.361988,0.000594,0.000466,5008.186443,5836.722293,1.000267
"theta_zsn_t[0, 40]",-0.557834,0.058217,-0.667118,-0.447717,0.000721,0.000628,6511.42603,5892.579563,1.001545
"theta_zsn_t[0, 41]",-1.087103,0.071219,-1.221634,-0.955248,0.001126,0.000713,4005.77084,5229.466746,1.001163
"theta_zsn_t[0, 42]",-0.553478,0.101999,-0.746892,-0.367243,0.001116,0.001223,8368.662024,5424.290076,1.001478
"theta_zsn_t[0, 43]",-1.344419,0.188443,-1.68987,-0.975214,0.001948,0.002195,9409.576117,5808.637478,1.000282
"theta_zsn_t[0, 44]",-1.254101,0.178237,-1.591622,-0.925115,0.002234,0.002279,6816.122449,5309.763488,0.999945
"theta_zsn_t[0, 45]",-0.585017,0.091127,-0.757616,-0.414307,0.001043,0.001004,7631.872586,5794.21431,1.000267
"theta_zsn_t[0, 46]",-0.473994,0.088521,-0.638975,-0.307839,0.001051,0.001019,7099.01508,5781.758496,1.001669
"theta_zsn_t[0, 47]",-0.100315,0.064298,-0.214769,0.026109,0.000775,0.000655,6900.801012,6382.390096,1.000272
"theta_zsn_t[0, 48]",-0.074361,0.117149,-0.291847,0.148162,0.001212,0.001491,9513.908378,4487.351864,1.001195
"theta_zsn_t[0, 49]",-0.378249,0.061766,-0.494551,-0.263332,0.000705,0.00069,7674.585155,6495.857427,1.000526
"theta_zsn_t[0, 50]",-0.787344,0.065146,-0.905911,-0.661013,0.000898,0.000734,5263.003205,5486.793491,1.000913
"theta_zsn_t[0, 51]",-1.151939,0.078993,-1.302302,-1.008209,0.001113,0.000795,5096.411754,5936.56587,1.000289
"theta_zsn_t[0, 52]",0.111597,0.287804,-0.436291,0.601711,0.005202,0.003758,3159.154169,4710.11696,1.000227
"theta_zsn_t[0, 53]",0.480199,0.201143,0.105405,0.844496,0.002904,0.003262,5420.716837,3780.622992,1.000779
"theta_zsn_t[0, 54]",0.963104,0.217827,0.568751,1.37021,0.002284,0.002733,9591.195253,5909.174059,1.000538
"theta_zsn_t[0, 55]",0.52562,0.193933,0.174591,0.904534,0.001982,0.002327,10166.605469,5418.381543,1.00054
"theta_zsn_t[0, 56]",-2.227813,0.182915,-2.588658,-1.906095,0.002753,0.002045,4486.303964,4715.050698,1.000727
"theta_zsn_t[0, 57]",-1.363742,0.154131,-1.652723,-1.067905,0.001686,0.001741,8345.432384,5722.812844,1.000241
"theta_zsn_t[0, 58]",-1.42555,0.122472,-1.650431,-1.189499,0.001456,0.001384,7131.726198,5438.968714,1.000097
"theta_zsn_t[0, 59]",-1.201975,0.146879,-1.47289,-0.91951,0.001617,0.001776,8341.842044,5605.806648,1.000794
"theta_zsn_t[0, 60]",-0.779477,0.083608,-0.942306,-0.627441,0.000913,0.000973,8459.556068,5453.654853,1.000047
"theta_zsn_t[0, 61]",-1.256146,0.085056,-1.409354,-1.089395,0.001376,0.000899,3809.256466,4907.994269,1.000707
"theta_zsn_t[0, 62]",-0.82981,0.165864,-1.135162,-0.513871,0.001801,0.002306,8771.020636,4898.895074,1.000543
"theta_zsn_t[0, 63]",-1.414986,0.146076,-1.673098,-1.123416,0.00159,0.001681,8465.130354,5997.276919,0.999935
"theta_zsn_t[0, 64]",-0.703066,0.521293,-1.63161,0.282214,0.006704,0.007343,6799.062531,3973.177541,1.000524
"theta_zsn_t[0, 65]",-0.949991,0.482347,-1.803696,0.001638,0.005663,0.006456,8083.054093,4965.621519,1.000477
"theta_zsn_t[0, 66]",-1.235138,0.450376,-2.050101,-0.384631,0.004971,0.007112,8953.961698,4920.969488,1.000686
"theta_zsn_t[0, 67]",-0.990256,0.157086,-1.291433,-0.695623,0.001757,0.00189,8123.551003,5153.053505,1.000298
"theta_zsn_t[0, 68]",-1.604661,0.143901,-1.885297,-1.342469,0.001525,0.001704,8885.321569,5680.679187,1.001389
"theta_zsn_t[0, 69]",-0.876586,0.09357,-1.044954,-0.694194,0.001112,0.001003,7118.211705,5963.930243,1.001363
"theta_zsn_t[0, 70]",-0.946685,0.180769,-1.298538,-0.6196,0.001944,0.002281,8769.233205,5558.821972,1.000677
"theta_zsn_t[0, 71]",-0.65017,0.197782,-1.02674,-0.280235,0.002256,0.002364,7911.398867,5869.875042,1.000969
"theta_zsn_t[0, 72]",-0.170331,0.124954,-0.399533,0.069039,0.001399,0.001527,8020.148115,5355.057979,1.000157
"theta_zsn_t[0, 73]",0.307647,0.519568,-0.666671,1.304543,0.006174,0.006578,7272.635251,5153.56562,1.000362
"theta_zsn_t[0, 74]",-1.043399,0.156141,-1.33156,-0.749626,0.001619,0.001855,9430.981527,5483.810781,1.000437
"theta_zsn_t[0, 75]",-1.134411,0.157966,-1.425487,-0.833721,0.001741,0.002056,8385.364434,5269.984752,1.000444
"theta_zsn_t[0, 76]",-2.262479,0.175514,-2.601009,-1.938073,0.00207,0.00206,7223.00992,5565.976414,1.000704
"theta_zsn_t[0, 77]",-1.597141,0.157455,-1.883419,-1.299614,0.001714,0.001832,8427.727015,6122.861156,1.000443
"theta_zsn_t[0, 78]",-0.147551,0.23723,-0.59237,0.291831,0.002636,0.00301,8715.092934,5280.300996,1.001274
"theta_zsn_t[0, 79]",-1.918465,0.164186,-2.220685,-1.593851,0.001985,0.001887,6928.000755,5621.745072,1.001012
"theta_zsn_t[0, 80]",-1.441458,0.152826,-1.728499,-1.155087,0.001689,0.001831,8218.029157,5481.955941,1.000397
"theta_zsn_t[0, 81]",-0.688715,0.165846,-1.00461,-0.379381,0.001728,0.002113,9576.512467,5559.604421,1.000495
"theta_zsn_t[0, 82]",-0.527783,0.178894,-0.861558,-0.195005,0.001964,0.002219,8895.260212,4733.290046,1.000365
"theta_zsn_t[0, 83]",-0.430564,0.175797,-0.754334,-0.090565,0.001774,0.002061,9974.243918,6136.946351,0.999916
"theta_zsn_t[0, 84]",-0.983454,0.266737,-1.486986,-0.483299,0.003331,0.004544,6988.256673,4553.915207,1.001447
"theta_zsn_t[0, 85]",-0.935498,0.156967,-1.238607,-0.653062,0.001689,0.001909,8823.591163,5750.926604,1.000459
"theta_zsn_t[0, 86]",-0.101151,0.147016,-0.359706,0.179552,0.002298,0.001341,4091.07331,5984.374625,1.000273
"theta_zsn_t[0, 87]",-0.089561,0.17737,-0.446829,0.207093,0.004722,0.002302,1470.043978,1968.142672,1.002791
"theta_zsn_t[0, 88]",-0.121747,0.155027,-0.410781,0.177601,0.001523,0.001927,10387.341651,5719.053558,0.999874
"theta_zsn_t[0, 89]",-0.423815,0.153634,-0.714269,-0.127914,0.001573,0.00194,9542.063723,5615.902517,1.000108
"theta_zsn_t[0, 90]",-0.038501,0.124367,-0.271914,0.199105,0.001219,0.001596,10443.700248,5959.194214,1.00029
"theta_zsn_t[0, 91]",-0.322404,0.15683,-0.606347,-0.017816,0.001677,0.002202,8887.417698,5437.455428,1.00001
"theta_zsn_t[0, 92]",0.150553,0.221244,-0.290126,0.533825,0.002894,0.004031,7119.322721,4127.700627,1.00034
"theta_zsn_t[0, 93]",-2.464761,0.191306,-2.834601,-2.118732,0.002165,0.002373,7848.858928,4504.497443,1.000226
"theta_zsn_t[0, 94]",-0.928353,0.158771,-1.220705,-0.620913,0.001688,0.001976,9109.041351,5525.769948,1.00086
"theta_zsn_t[0, 95]",-0.716088,0.106216,-0.919,-0.519817,0.001255,0.001263,7321.201638,5127.739748,1.000407
"theta_zsn_t[0, 96]",-0.861422,0.116877,-1.075479,-0.637338,0.001353,0.00136,7714.680077,5397.166568,0.999931
"theta_zsn_t[0, 97]",-0.777774,0.176757,-1.094704,-0.433093,0.001948,0.00224,8496.351788,5359.935986,1.000191
"theta_zsn_t[0, 98]",-1.181009,0.099897,-1.371249,-1.000387,0.00137,0.001057,5345.649455,5688.569429,1.000297
"theta_zsn_t[0, 99]",-1.398514,0.148245,-1.664079,-1.10611,0.001868,0.001706,6307.176229,5458.51593,1.002526
"theta_zsn_t[0, 100]",-1.338007,0.155117,-1.628623,-1.047656,0.001696,0.001832,8369.508445,5453.769086,1.001122
"theta_zsn_t[0, 101]",-1.094928,0.184675,-1.454638,-0.767923,0.001949,0.002183,9032.889953,5540.382444,1.00065
"theta_zsn_t[0, 102]",-0.681294,0.068517,-0.811879,-0.557633,0.000857,0.0007,6399.666602,5735.656618,1.00002
"theta_zsn_t[0, 103]",-1.045991,0.081615,-1.198875,-0.891745,0.001137,0.000801,5156.620886,6120.412609,1.000174
"theta_zsn_t[0, 104]",-0.489063,0.065444,-0.614102,-0.36641,0.000788,0.0007,6906.117042,6222.688025,1.000352
"theta_zsn_t[0, 105]",-1.040743,0.15883,-1.331362,-0.736027,0.001676,0.001812,8988.968005,5542.935091,1.00039
"theta_zsn_t[0, 106]",-1.699836,0.148263,-1.974409,-1.424238,0.001733,0.001787,7395.160828,5144.109054,1.000981
"theta_zsn_t[0, 107]",-0.598134,0.215134,-0.985249,-0.180879,0.002261,0.002793,9569.953605,5443.968824,1.000687
"theta_zsn_t[0, 108]",-0.873982,0.094426,-1.051062,-0.699718,0.001118,0.001101,7142.410165,5702.831567,1.001407
"theta_zsn_t[0, 109]",-0.865878,0.122605,-1.095493,-0.637588,0.001225,0.001384,10014.006306,6177.027444,1.000136
"theta_zsn_t[0, 110]",-0.543903,0.077236,-0.687019,-0.400651,0.00095,0.000886,6625.2249,5497.897382,1.000522
"theta_zsn_t[0, 111]",-0.30456,0.059105,-0.415684,-0.193108,0.000685,0.000639,7436.562073,5418.502321,1.000024
"theta_zsn_t[0, 112]",-0.146294,0.062576,-0.261831,-0.025392,0.000878,0.000652,5081.774312,5976.949789,1.000918
"theta_zsn_t[0, 113]",-0.064047,0.056978,-0.173894,0.03897,0.000841,0.000568,4598.364414,6181.429198,1.000453
"theta_zsn_t[0, 114]",0.230661,0.072309,0.097429,0.36666,0.000828,0.00075,7667.85705,6327.710791,0.999903
"theta_zsn_t[0, 115]",-0.079549,0.791873,-1.576617,1.406098,0.008751,0.009436,8196.277652,5662.546314,1.000342
"theta_zsn_t[0, 116]",0.28604,0.119009,0.069119,0.514283,0.001232,0.001554,9596.60691,5112.154803,1.000002
"theta_zsn_t[0, 117]",0.336293,0.15039,0.067205,0.627661,0.001635,0.002062,9242.492051,5550.557809,1.000015
"theta_zsn_t[0, 118]",0.210722,0.14344,-0.055877,0.487376,0.001539,0.00172,8797.540681,5606.541565,1.000011
"theta_zsn_t[0, 119]",-0.038426,0.151942,-0.335267,0.227188,0.00187,0.002479,7278.871779,4842.523753,1.000174
"theta_zsn_t[0, 120]",-0.927134,0.065913,-1.052571,-0.805843,0.000941,0.000663,4923.906534,6130.176209,1.000281
"theta_zsn_t[0, 121]",-0.478522,0.052205,-0.57609,-0.381437,0.00071,0.000508,5418.049748,6119.143754,1.000662
"theta_zsn_t[0, 122]",-0.782191,0.063286,-0.894241,-0.65625,0.000866,0.000665,5344.560546,6099.094096,1.000034
"theta_zsn_t[0, 123]",2.102847,0.378064,1.38666,2.833078,0.00793,0.008208,2322.078582,2075.352977,1.002684
"theta_zsn_t[0, 124]",0.612023,0.21079,0.222175,1.00339,0.002363,0.003731,9115.960697,4720.815265,0.999954
"theta_zsn_t[0, 125]",0.4241,0.190277,0.071959,0.789656,0.001968,0.00252,10201.522476,5050.983817,1.000095
"theta_zsn_t[0, 126]",0.974589,0.309678,0.461436,1.570725,0.005178,0.004684,4136.631477,3501.055606,1.000001
"theta_zsn_t[0, 127]",1.728711,0.676036,0.487446,3.029707,0.008855,0.009184,6295.220489,4880.01555,1.000133
"theta_zsn_t[0, 128]",1.347723,0.613736,0.184689,2.520289,0.006611,0.00739,8708.821501,5616.428795,1.00027
"theta_zsn_t[0, 129]",0.003938,0.103806,-0.186497,0.205092,0.001259,0.001225,6932.278047,5793.208331,1.000602
"theta_zsn_t[0, 130]",0.062235,0.346617,-0.602963,0.69119,0.003862,0.004852,8529.433248,4677.871641,1.001797
"theta_zsn_t[0, 131]",0.24829,0.123859,0.023022,0.483593,0.001359,0.001618,8905.722083,5625.415855,1.001665
"theta_zsn_t[0, 132]",0.074047,0.81534,-1.412585,1.629538,0.008494,0.009934,9241.530904,5927.94261,1.000341
"theta_zsn_t[0, 133]",0.197215,0.379749,-0.519974,0.895091,0.004775,0.005181,6664.463162,5294.120987,1.000319
"theta_zsn_t[0, 134]",0.388355,0.226404,-0.035144,0.804852,0.003337,0.00399,5379.296153,4258.699537,1.000154
"theta_zsn_t[0, 135]",-0.731442,0.161249,-1.042138,-0.43111,0.001709,0.002111,9156.501945,5606.807396,1.00052
"theta_zsn_t[0, 136]",-0.676774,0.167169,-0.986086,-0.35735,0.001827,0.001996,8616.926883,5887.409977,1.000027
"theta_zsn_t[0, 137]",2.388487,0.302788,1.805215,2.955687,0.005092,0.004664,3713.600257,3475.600036,1.001906
"theta_zsn_t[0, 138]",2.434474,0.230154,2.012845,2.873997,0.003303,0.002845,5019.761153,4615.191052,1.000087
"theta_zsn_t[0, 139]",2.413446,0.398434,1.576775,3.10359,0.011331,0.007036,1384.299721,1615.788257,1.003819
"theta_zsn_t[0, 140]",0.357499,0.072415,0.219862,0.491048,0.000836,0.000806,7496.867961,5971.657288,1.000384
"theta_zsn_t[0, 141]",0.401142,0.177703,0.078887,0.744872,0.001859,0.002135,9621.74483,5742.332168,1.000834
"theta_zsn_t[0, 142]",0.34938,0.18273,0.017642,0.699011,0.001941,0.002535,9515.476173,5097.827029,1.000299
"theta_zsn_t[0, 143]",0.421677,0.122507,0.193385,0.654064,0.001594,0.001544,5991.366673,5546.863257,1.000349
"theta_zsn_t[0, 144]",0.411515,0.119496,0.187917,0.641629,0.00134,0.00147,8019.065443,5626.965103,1.000785
"theta_zsn_t[0, 145]",0.296428,0.073913,0.159797,0.436955,0.000877,0.000871,7117.666052,5310.66627,1.000862
"theta_zsn_t[0, 146]",0.362049,0.172193,0.051661,0.691824,0.001809,0.002404,9568.37056,5108.829264,1.000337
"theta_zsn_t[0, 147]",0.20387,0.783037,-1.272162,1.661054,0.008355,0.009312,8811.245309,5823.364578,1.000043
"theta_zsn_t[0, 148]",0.464978,0.255359,0.003113,0.947754,0.003231,0.005008,7832.191157,4038.21151,1.000865
"theta_zsn_t[0, 149]",0.47693,0.148265,0.190728,0.747004,0.001574,0.002093,8954.432029,5648.638264,1.000397
"theta_zsn_t[0, 150]",0.423037,0.095323,0.238041,0.595019,0.00109,0.001045,7632.077792,6181.053048,1.000041
"theta_zsn_t[0, 151]",0.749195,0.111613,0.545103,0.969268,0.001721,0.001177,4230.861592,5200.728163,1.000381
"theta_zsn_t[0, 152]",0.866142,0.253214,0.40398,1.369242,0.003068,0.003532,7082.124142,5346.594638,0.999982
"theta_zsn_t[0, 153]",0.714052,0.212251,0.346755,1.137071,0.002335,0.002751,9139.420922,4847.318641,1.000997
"theta_zsn_t[0, 154]",0.758141,0.206148,0.371572,1.12675,0.002267,0.00281,8977.728119,5122.409412,1.000462
"theta_zsn_t[0, 155]",0.576158,0.330802,-0.059097,1.177083,0.003565,0.004321,8743.592057,5350.494089,1.000498
"theta_zsn_t[0, 156]",0.898843,0.819033,-0.732238,2.337186,0.008773,0.009519,8819.48743,6008.554817,1.000112
"theta_zsn_t[0, 157]",0.809095,0.811314,-0.735103,2.30917,0.009024,0.009608,8173.149297,5912.668744,1.000141
"theta_zsn_t[0, 158]",0.753869,0.145145,0.490351,1.030665,0.001526,0.001777,9052.596081,5525.518018,1.000434
"theta_zsn_t[0, 159]",1.047665,0.10418,0.85746,1.247634,0.001375,0.001113,5745.230343,5368.343071,1.00032
"theta_zsn_t[0, 160]",1.230876,0.158617,0.93058,1.530901,0.00199,0.002076,6392.397467,5263.481453,1.001616
"theta_zsn_t[0, 161]",1.010325,0.246179,0.570383,1.478138,0.002812,0.004366,9061.81994,4770.298596,1.000129
"theta_zsn_t[0, 162]",0.900391,0.231509,0.488537,1.334271,0.002623,0.003174,8928.786876,4912.09705,1.0004
"theta_zsn_t[0, 163]",1.465318,0.181566,1.12404,1.804861,0.002327,0.002237,6130.906707,5029.722083,0.999894
"theta_zsn_t[0, 164]",0.586606,0.806474,-0.934859,2.117399,0.009331,0.009176,7568.410602,5724.782872,1.000628
"theta_zsn_t[0, 165]",0.80764,0.136792,0.551815,1.070755,0.001812,0.001493,5728.922496,5317.604517,1.000516
"theta_zsn_t[0, 166]",0.75916,0.827417,-0.805075,2.284424,0.009125,0.009922,8340.289831,5742.365615,1.000746
"theta_zsn_t[0, 167]",0.764298,0.149721,0.46779,1.033774,0.0017,0.002003,7781.629196,4918.649839,1.000881
"theta_zsn_t[0, 168]",1.092326,0.163462,0.788889,1.413242,0.002382,0.002905,4903.9282,4250.656857,1.001425
"theta_zsn_t[0, 169]",1.364264,0.108585,1.16589,1.573075,0.001533,0.001212,5057.583694,5729.285782,1.000132
"theta_zsn_t[0, 170]",1.380902,0.172685,1.043238,1.693736,0.003041,0.00223,3247.774476,4121.16141,1.000287
"theta_zsn_t[0, 171]",1.523585,0.196214,1.155961,1.889246,0.002641,0.002918,5709.61849,5056.092703,1.001118
"theta_zsn_t[0, 172]",0.789593,0.224135,0.387393,1.2162,0.002549,0.00302,8544.910989,5063.62591,1.000095
"theta_zsn_t[0, 173]",1.42368,0.164671,1.117008,1.732723,0.003809,0.001953,1896.85069,3127.653007,1.000667
"theta_zsn_t[0, 174]",1.002692,0.22694,0.608328,1.452869,0.00253,0.002758,8533.073795,5635.012252,1.00101
"theta_zsn_t[0, 175]",0.626656,0.195501,0.265942,1.000308,0.00234,0.002387,7270.740034,5347.477233,1.000281
"theta_zsn_t[0, 176]",0.975365,0.639591,-0.294394,2.108913,0.008947,0.007829,5321.194501,4718.962846,1.000783
"theta_zsn_t[0, 177]",0.880711,0.229052,0.47161,1.310767,0.002587,0.003092,8592.852288,5425.165601,1.000031
"theta_zsn_t[0, 178]",1.142174,0.24479,0.713462,1.61839,0.002724,0.003369,9000.861654,5742.633041,0.999757
"theta_zsn_t[0, 179]",0.249314,0.797614,-1.266552,1.73015,0.008871,0.009055,8127.679285,4608.163653,1.000498
"theta_zsn_t[0, 180]",0.71026,0.215625,0.31524,1.118731,0.002355,0.002953,9354.866767,4967.42431,1.00061
"theta_zsn_t[0, 181]",1.571223,0.154457,1.287748,1.871212,0.002324,0.001829,4517.511756,5234.513109,1.00023
"theta_zsn_t[0, 182]",1.045206,0.172696,0.740402,1.376478,0.002362,0.002059,5526.336203,5422.803894,1.000069
"theta_zsn_t[0, 183]",0.843171,0.230046,0.430134,1.281181,0.002671,0.003294,8066.134111,4961.963218,1.000662
"theta_zsn_t[0, 184]",1.343638,0.260305,0.871928,1.82804,0.002953,0.003492,8535.753332,5231.112783,1.000559
"theta_zsn_t[0, 185]",1.48386,0.660688,0.209983,2.691174,0.010647,0.009726,4084.270089,4443.543176,1.000897
"theta_zsn_t[0, 186]",0.153203,0.065074,0.030271,0.275226,0.000764,0.00068,7255.469204,6122.447197,0.999897
"theta_zsn_t[0, 187]",0.323327,0.170993,0.011293,0.658445,0.001837,0.002158,8959.350664,5293.238783,0.999956
"theta_zsn_t[0, 188]",0.165578,0.797594,-1.421203,1.643744,0.008409,0.009413,9051.739862,5877.118175,1.000009
"theta_zsn_t[0, 189]",0.337004,0.137895,0.076961,0.590506,0.001377,0.001753,10299.629923,5491.173443,1.000019
"theta_zsn_t[0, 190]",0.384838,0.18493,0.038922,0.732577,0.001835,0.002191,10415.70922,6032.444891,1.00071
"theta_zsn_t[0, 191]",0.20409,0.20147,-0.164855,0.583456,0.002492,0.003166,7292.903294,4635.923086,1.00061
"theta_zsn_t[0, 192]",0.268103,0.128788,0.035057,0.515668,0.00159,0.002089,6960.647942,4592.662989,0.999949
"theta_zsn_t[0, 193]",0.415234,0.08602,0.254397,0.576571,0.001298,0.001016,4389.942607,4914.393987,1.000432
"theta_zsn_t[0, 194]",0.420131,0.183682,0.086022,0.777651,0.001904,0.002398,9836.118084,5034.937373,1.000422
"theta_zsn_t[0, 195]",0.711446,0.804852,-0.782826,2.220434,0.009398,0.009293,7398.775199,6131.186287,1.000766
"theta_zsn_t[0, 196]",0.540649,0.155694,0.252508,0.834973,0.001689,0.001787,9241.237494,5502.760885,1.000183
"theta_zsn_t[0, 197]",0.548392,0.189247,0.203507,0.899689,0.002055,0.00248,9017.654928,5337.708906,0.999835
"theta_zsn_t[0, 198]",0.261477,0.797073,-1.213249,1.802283,0.008401,0.009109,9044.267192,5994.446778,1.000155
"theta_zsn_t[0, 199]",0.395767,0.119127,0.159167,0.610346,0.001361,0.001441,7774.755954,5435.939883,1.000404
"theta_zsn_t[0, 200]",0.738862,0.109643,0.531411,0.94224,0.00139,0.001221,6267.325867,5534.80384,1.000166
"theta_zsn_t[0, 201]",0.843167,0.194762,0.470399,1.197311,0.003134,0.002809,3933.732072,4373.960105,1.002068
"theta_zsn_t[0, 202]",0.817787,0.221502,0.406993,1.235241,0.002397,0.002898,9440.276783,5208.918892,1.000577
"theta_zsn_t[0, 203]",0.647362,0.199127,0.283626,1.027921,0.002101,0.002652,9716.469879,5522.002867,1.000307
"theta_zsn_t[0, 204]",0.517939,0.810248,-1.08574,1.985053,0.009381,0.009604,7531.755016,5728.182549,1.000953
"theta_zsn_t[0, 205]",0.439436,0.180594,0.111668,0.791585,0.001844,0.002564,10134.472296,4423.271847,1.001627
"theta_zsn_t[0, 206]",0.613547,0.206361,0.242385,1.013438,0.002137,0.002834,10141.972829,5122.390396,1.000438
"theta_zsn_t[0, 207]",0.81547,0.137928,0.569203,1.08397,0.001771,0.001545,6060.052552,5833.90502,1.000583
"theta_zsn_t[0, 208]",0.178499,0.655092,-1.051235,1.411301,0.006355,0.008591,10831.623402,5567.281375,1.000135
"theta_zsn_t[0, 209]",0.476049,0.184643,0.136975,0.823153,0.001931,0.002371,9476.067989,5760.969202,1.000941
"theta_zsn_t[0, 210]",1.401785,0.196508,1.031347,1.775439,0.002662,0.002713,5548.209564,4962.048544,1.000403
"theta_zsn_t[0, 211]",0.94563,0.215462,0.559719,1.3615,0.002346,0.002712,9007.18519,5624.530332,1.000134
"theta_zsn_t[0, 212]",-0.951559,0.123295,-1.186531,-0.721806,0.001503,0.001596,6711.135891,5412.305632,1.000185
"theta_zsn_t[0, 213]",-2.515523,0.244753,-2.952089,-2.038093,0.003212,0.002725,5917.048134,6122.580608,1.001234
"theta_zsn_t[0, 214]",-0.989534,0.118452,-1.21417,-0.768055,0.001413,0.001402,7283.764601,5286.891065,1.000211
"theta_zsn_t[0, 215]",0.262039,0.137359,0.011352,0.5267,0.00139,0.001843,9988.557281,5700.870288,1.000577
"theta_zsn_t[0, 216]",-2.581967,0.181414,-2.911143,-2.235246,0.002294,0.002066,6354.966772,5709.351341,1.000427
"theta_zsn_t[0, 217]",-1.943463,0.164327,-2.256748,-1.639613,0.001971,0.001999,6987.389856,5515.873466,1.000163
"theta_zsn_t[0, 218]",-2.116722,0.163347,-2.42741,-1.816956,0.001949,0.001991,7043.272397,4496.605455,1.00172
"theta_zsn_t[0, 219]",-1.197678,0.138929,-1.449881,-0.932528,0.001631,0.001735,7697.67953,5247.93906,1.00084
"theta_zsn_t[0, 220]",0.557331,0.152339,0.278474,0.845058,0.001546,0.001969,10152.723472,6143.809053,1.000431
"theta_zsn_t[0, 221]",0.161964,0.259719,-0.335013,0.630908,0.004443,0.003596,3614.58157,4092.678902,1.000799
"theta_zsn_t[0, 222]",0.980665,0.225429,0.562714,1.400352,0.002464,0.002916,8931.148267,5237.039351,1.001043
"theta_zsn_t[0, 223]",1.101283,0.239464,0.684745,1.567268,0.002597,0.003298,9283.982954,4967.157467,1.000599
"theta_zsn_t[0, 224]",0.996474,0.218446,0.617152,1.4299,0.002356,0.003078,9493.127872,5402.122767,1.000241
"theta_zsn_t[0, 225]",0.955761,0.226189,0.538769,1.381242,0.002397,0.002884,9831.514447,5400.731532,1.000424
"theta_zsn_t[0, 226]",0.224901,0.177163,-0.099289,0.557302,0.001853,0.002474,9515.399458,5530.098965,1.000844
"theta_zsn_t[0, 227]",-2.467497,0.194717,-2.834417,-2.112241,0.002225,0.002374,7650.530978,6008.900261,1.000287
"theta_zsn_t[0, 228]",-1.342397,0.155796,-1.62635,-1.034987,0.001565,0.001825,9948.146915,5959.446289,1.000002
"theta_zsn_t[0, 229]",-1.058103,0.154498,-1.355849,-0.769484,0.001745,0.001908,7999.247937,5255.963078,1.000169
"theta_zsn_t[0, 230]",-1.545332,0.146433,-1.823758,-1.274642,0.0016,0.001791,8345.990138,5845.964759,1.000198
"theta_zsn_t[0, 231]",-2.22521,0.164115,-2.532028,-1.915204,0.002195,0.001866,5542.459978,5759.003153,1.000644
"theta_zsn_t[0, 232]",-1.013012,0.070587,-1.140975,-0.876883,0.001053,0.000757,4514.172236,4715.866177,1.000519
"theta_zsn_t[0, 233]",-0.558347,0.061277,-0.675154,-0.443692,0.000759,0.000649,6530.845285,5814.033387,1.000378
"theta_zsn_t[0, 234]",-0.45061,0.080927,-0.597338,-0.29426,0.000899,0.000905,8099.849606,6212.64738,1.000676
"theta_zsn_t[0, 235]",-0.917268,0.102521,-1.10888,-0.724486,0.001201,0.001105,7297.335318,5877.264656,1.001271
"theta_zsn_t[0, 236]",-0.371386,0.058664,-0.483651,-0.26117,0.000697,0.00068,7090.218442,5757.35922,1.000883
"theta_zsn_t[0, 237]",-0.434205,0.148903,-0.718398,-0.152496,0.001504,0.00162,9837.913722,5757.644775,1.000346
"theta_zsn_t[0, 238]",-0.285341,0.070157,-0.416056,-0.154717,0.000834,0.00078,7096.498002,5996.960363,1.000736
"theta_zsn_t[0, 239]",-0.138265,0.06985,-0.264327,0.000593,0.000772,0.000781,8240.322463,5993.404469,1.000489
"theta_zsn_t[0, 240]",-0.372485,0.134159,-0.636923,-0.129428,0.001486,0.00159,8158.2567,5735.400114,1.001254
"theta_zsn_t[0, 241]",-0.271306,0.107937,-0.463111,-0.057387,0.001113,0.001256,9405.813325,6093.028348,1.000252
"theta_zsn_t[0, 242]",-0.043728,0.091068,-0.206303,0.137403,0.000933,0.001121,9583.304639,6279.518787,1.000024
"theta_zsn_t[0, 243]",0.021964,0.158917,-0.286251,0.313542,0.00192,0.001965,7085.466708,4956.433861,1.000342
"theta_zsn_t[0, 244]",0.023321,0.223563,-0.394952,0.456202,0.002369,0.003144,9331.877812,5392.851348,1.000214
"theta_zsn_t[0, 245]",0.049035,0.529448,-0.934553,1.032404,0.005835,0.007259,8616.571086,5300.7316,1.000036
"theta_zsn_t[0, 246]",0.14203,0.146481,-0.131884,0.412596,0.001649,0.001807,8015.323618,5250.184988,1.000082
"theta_zsn_t[0, 247]",0.15919,0.224398,-0.25903,0.589317,0.0025,0.003654,8573.726381,4726.470599,0.999971
"theta_zsn_t[0, 248]",0.194055,0.153478,-0.104712,0.484272,0.00243,0.002469,4265.942286,3657.203154,1.001167
"theta_zsn_t[0, 249]",0.390541,0.090145,0.216787,0.555639,0.001375,0.001016,4355.171586,5648.375079,1.000884
"theta_zsn_t[0, 250]",0.469277,0.103413,0.287449,0.677974,0.001066,0.001126,9567.94572,6221.826907,1.000578
"theta_zsn_t[0, 251]",0.23458,0.097347,0.05502,0.416602,0.001235,0.001056,6488.671148,5872.836255,1.000645
"theta_zsn_t[0, 252]",0.58263,0.081716,0.426821,0.730751,0.000953,0.000924,7360.961137,5893.226088,1.000511
"theta_zsn_t[0, 253]",0.715359,0.284331,0.262092,1.308381,0.003962,0.005207,6553.718622,3906.337603,1.000839
"theta_zsn_t[0, 254]",0.713711,0.11226,0.508986,0.929868,0.001326,0.001272,7173.553043,5627.905049,1.000941
"theta_zsn_t[0, 255]",0.931587,0.213666,0.540316,1.337009,0.002339,0.002635,8766.48018,5633.36712,1.000471
"theta_zsn_t[0, 256]",0.471795,0.801407,-1.087838,1.937331,0.008985,0.009381,8044.20717,5806.024126,1.00051
"theta_zsn_t[0, 257]",0.38057,0.811218,-1.156139,1.88034,0.009118,0.009447,7979.204998,5600.840053,1.000209
"theta_zsn_t[0, 258]",1.05813,0.079273,0.910283,1.208776,0.001123,0.000814,5001.943045,5704.19466,1.000765
"theta_zsn_t[0, 259]",0.248101,0.429786,-0.572152,1.057137,0.006072,0.006703,5376.206986,4714.902031,1.001101
"theta_zsn_t[0, 260]",0.148646,0.790729,-1.342191,1.649625,0.00839,0.010018,8922.876529,5331.988803,1.001425
"theta_zsn_t[0, 261]",0.340873,0.121985,0.100857,0.56432,0.001399,0.001516,7717.675757,5145.612785,1.000486
"theta_zsn_t[0, 262]",0.546196,0.194993,0.193892,0.910882,0.002022,0.00272,9937.856506,5566.998859,1.000402
"theta_zsn_t[0, 263]",0.218791,0.171672,-0.107474,0.532016,0.001721,0.002131,9964.153981,6104.689768,1.000703
"theta_zsn_t[0, 264]",0.244269,0.177193,-0.074768,0.591638,0.001858,0.002564,9783.629903,4597.624806,0.999852
"theta_zsn_t[0, 265]",1.153923,0.079662,0.994043,1.295659,0.001116,0.00084,5145.564063,5233.033212,1.000302
"theta_zsn_t[0, 266]",1.246189,0.189738,0.912066,1.61009,0.002368,0.002322,6797.422635,5086.082243,0.99992
"theta_zsn_t[0, 267]",-0.005638,0.797413,-1.515829,1.532874,0.008361,0.010144,9098.964208,6009.134311,1.00026
"theta_zsn_t[0, 268]",0.561714,0.410236,-0.25286,1.237966,0.009521,0.011701,2617.489514,2075.957479,1.001586
"theta_zsn_t[0, 269]",0.791056,0.232675,0.375111,1.224373,0.002777,0.003225,7805.03584,5530.627683,1.000546
"theta_zsn_t[0, 270]",0.309164,0.17384,-0.010291,0.635117,0.002099,0.002349,7310.686431,4413.480634,1.000312
"theta_zsn_t[0, 271]",0.566951,0.190549,0.227432,0.948569,0.001877,0.002479,10720.140685,5310.839957,1.00026
"theta_zsn_t[0, 272]",0.309473,0.180074,-0.027412,0.642954,0.001821,0.002671,10415.00603,5117.164288,1.000537
"theta_zsn_t[0, 273]",0.260156,0.176656,-0.06102,0.592967,0.001834,0.002189,9726.732757,5421.840765,1.001488
"theta_zsn_t[0, 274]",1.261426,0.269891,0.77684,1.774413,0.003254,0.004164,7759.529245,4723.481712,1.000619
"theta_zsn_t[0, 275]",0.905636,0.238056,0.489831,1.380185,0.002811,0.00364,8140.846468,4562.307308,1.00063
"theta_zsn_t[0, 276]",0.023193,0.787966,-1.458304,1.483153,0.008476,0.008816,8806.812918,5934.584443,1.0001
"theta_zsn_t[0, 277]",0.759049,0.220152,0.380528,1.189758,0.002473,0.003048,8520.87962,5397.923815,1.000374
"theta_zsn_t[0, 278]",0.240393,0.678539,-1.031282,1.523524,0.007889,0.008715,7832.87637,5393.206651,0.999849
"theta_zsn_t[0, 279]",0.71412,0.207391,0.328247,1.100881,0.002439,0.002511,7551.062861,5341.590206,1.000856
"theta_zsn_t[0, 280]",1.291411,0.25322,0.846725,1.798334,0.002689,0.003422,9676.170674,4657.726371,1.000534
"theta_zsn_t[0, 281]",0.763533,0.216652,0.358089,1.164514,0.002356,0.003063,9292.202801,5372.014008,0.999835
"theta_zsn_t[0, 282]",0.737037,0.223493,0.350965,1.175231,0.002515,0.003301,8911.504793,5165.00774,1.000385
"theta_zsn_t[0, 283]",0.022251,0.804914,-1.491082,1.505363,0.008678,0.010271,8792.521904,5454.113214,1.001851
"theta_zsn_t[0, 284]",0.887529,0.237877,0.46297,1.347865,0.003084,0.003281,6539.497064,4187.203187,1.000436
"theta_zsn_t[0, 285]",1.314646,0.206652,0.932047,1.701009,0.003271,0.002711,4345.70364,4002.142085,1.00181
"theta_zsn_t[0, 286]",0.652691,0.815797,-0.930834,2.096118,0.009628,0.009728,7440.845612,5087.737207,0.99998
"theta_zsn_t[0, 287]",-0.770154,0.099839,-0.960491,-0.589662,0.001054,0.001291,9093.215872,5201.43707,0.999887
"theta_zsn_t[0, 288]",-0.949786,0.103564,-1.143093,-0.754566,0.001093,0.001164,8965.342724,5903.877781,0.999824
"theta_zsn_t[0, 289]",-2.006044,0.154501,-2.283985,-1.698529,0.001846,0.001755,7068.650424,5849.381421,1.001593
"theta_zsn_t[0, 290]",-0.710324,0.100961,-0.897454,-0.512571,0.001169,0.001223,7481.414511,5493.328132,1.000199
"theta_zsn_t[0, 291]",-0.409638,0.076311,-0.555943,-0.268052,0.000965,0.000907,6269.351527,5360.953955,1.000733
"theta_zsn_t[0, 292]",-1.247812,0.107817,-1.449693,-1.04606,0.001245,0.00118,7531.467108,5680.095922,1.000614
"theta_zsn_t[0, 293]",-0.680165,0.624553,-1.846229,0.487041,0.006283,0.007295,10172.22703,5573.352855,1.000012
"theta_zsn_t[0, 294]",0.223441,0.175533,-0.127613,0.53022,0.001796,0.00228,9836.142334,5702.13949,1.000385
"theta_zsn_t[0, 295]",0.384187,0.174972,0.050834,0.706598,0.001805,0.002178,9542.057341,6092.814115,1.000793
"theta_zsn_t[0, 296]",0.311453,0.180626,-0.008587,0.665806,0.001854,0.002341,9996.21626,5406.595422,0.999943
"theta_zsn_t[0, 297]",-1.175253,0.15058,-1.449938,-0.886859,0.001674,0.001819,8228.221235,5012.281426,1.000489
"theta_zsn_t[0, 298]",-0.140881,0.219095,-0.5683,0.247254,0.00255,0.003172,7968.271649,5195.472721,1.000332
"theta_zsn_t[0, 299]",0.476061,0.129442,0.239516,0.723411,0.00141,0.001422,8477.378289,6275.978451,1.000661
"theta_zsn_t[0, 300]",0.156804,0.628892,-1.048134,1.277072,0.007806,0.008019,6938.335858,4721.997718,1.000381
"theta_zsn_t[0, 301]",0.788327,0.14523,0.523094,1.06823,0.001475,0.00205,10088.152347,5590.260489,1.000979
"theta_zsn_t[0, 302]",0.798623,0.153202,0.507775,1.076176,0.001628,0.001796,8862.830781,5842.855778,1.000514
"theta_zsn_t[0, 303]",0.84339,0.228647,0.41951,1.267158,0.002577,0.003413,9048.015232,4923.036233,1.000781
"theta_zsn_t[0, 304]",1.059377,0.220711,0.66651,1.498077,0.00251,0.002689,8299.958786,5057.850623,1.000571
"theta_zsn_t[0, 305]",0.161221,0.170609,-0.171292,0.471521,0.001612,0.002123,11459.381827,6271.16683,0.999789
"theta_zsn_t[0, 306]",-0.193988,0.739249,-1.643782,1.115569,0.008803,0.00944,7264.29283,5336.964391,1.000036
"theta_zsn_t[0, 307]",0.942227,0.227263,0.544585,1.391749,0.002431,0.002994,9465.214747,5379.538797,0.999854
"theta_zsn_t[0, 308]",1.185962,0.234362,0.743853,1.605542,0.004883,0.002265,2315.268338,4766.880877,1.001993
"theta_zsn_t[0, 309]",0.587279,0.186451,0.254436,0.937275,0.002773,0.003301,5274.834535,3776.175745,1.000842
"theta_zsn_t[0, 310]",-1.070683,0.079407,-1.21618,-0.919166,0.001093,0.000789,5297.56586,5606.855677,1.000067
"theta_zsn_t[0, 311]",-1.057737,0.158315,-1.364747,-0.770591,0.001671,0.001779,9064.154997,6271.880837,0.999823
"theta_zsn_t[0, 312]",-0.986957,0.08894,-1.152616,-0.817484,0.001092,0.001039,6617.994212,5969.025437,1.000542
"theta_zsn_t[0, 313]",-0.651463,0.103508,-0.845228,-0.458263,0.001128,0.001326,8558.275015,5383.945151,1.000378
"theta_zsn_t[0, 314]",-0.546044,0.116917,-0.767274,-0.328826,0.001586,0.001286,5493.804027,5942.050574,1.00017
"theta_zsn_t[0, 315]",-0.757193,0.061563,-0.874065,-0.642339,0.000822,0.000638,5616.390595,5597.009749,1.000448
"theta_zsn_t[0, 316]",-0.614492,0.10149,-0.800774,-0.421639,0.001059,0.001182,9139.825399,5721.898448,1.000677
"theta_zsn_t[0, 317]",-0.32732,0.187808,-0.683529,0.023339,0.001984,0.002183,9048.14882,5618.211889,1.000517
"theta_zsn_t[0, 318]",-0.47846,0.059858,-0.586976,-0.364572,0.000718,0.000634,6944.896042,6579.230281,1.000209
"theta_zsn_t[0, 319]",0.060493,0.072219,-0.079921,0.193636,0.000814,0.000838,7890.08315,5173.877423,1.000716
"theta_zsn_t[0, 320]",-0.124657,0.092425,-0.300586,0.04212,0.001151,0.000979,6439.449414,6083.818584,1.000112
"theta_zsn_t[0, 321]",-0.407256,0.090725,-0.567702,-0.224667,0.001013,0.001031,8077.352032,6160.788528,1.000525
"theta_zsn_t[0, 322]",-0.031003,0.059526,-0.143728,0.077938,0.000703,0.000673,7167.693229,5912.425139,1.000058
"theta_zsn_t[0, 323]",-0.313691,0.05281,-0.411562,-0.21274,0.000685,0.000556,5955.536564,5947.419582,1.000154
"theta_zsn_t[0, 324]",-0.343015,0.068587,-0.472315,-0.215252,0.000894,0.000747,5888.334141,5698.719177,1.000313
"theta_zsn_t[0, 325]",-0.386508,0.075426,-0.528287,-0.249384,0.000864,0.000797,7609.215976,5069.666253,1.000645
"theta_zsn_t[0, 326]",-0.586485,0.07019,-0.720342,-0.458028,0.000855,0.000771,6753.273102,5928.710056,1.000449
"theta_zsn_t[0, 327]",0.549963,0.200428,0.188708,0.936875,0.002366,0.002665,7798.981592,5158.049322,1.000109
"theta_zsn_t[0, 328]",0.649953,0.110943,0.441305,0.86073,0.001226,0.001377,8427.449868,5689.017195,1.001576
"theta_zsn_t[0, 329]",0.681996,0.270827,0.186118,1.184747,0.003327,0.004318,7962.814356,4226.467927,1.00052
"theta_zsn_t[0, 330]",0.703548,0.121123,0.485024,0.937615,0.001282,0.001577,9251.77701,5855.797616,1.000183
"theta_zsn_t[0, 331]",0.185136,0.149603,-0.088365,0.470173,0.001429,0.00183,11003.367525,6196.067966,0.999995
"theta_zsn_t[0, 332]",0.846915,0.155773,0.542093,1.133454,0.001963,0.002284,6493.452015,4832.730851,1.00057
"theta_zsn_t[0, 333]",0.842623,0.096586,0.65876,1.023085,0.001146,0.001163,7141.997882,5208.895763,1.0014
"theta_zsn_t[0, 334]",0.373529,0.13428,0.138479,0.632791,0.001385,0.001717,10088.296341,5650.096919,1.000263
"theta_zsn_t[0, 335]",0.305565,0.113184,0.088048,0.508664,0.001206,0.00144,8899.276516,5759.373788,1.000285
"theta_zsn_t[0, 336]",0.175084,0.170016,-0.136835,0.504425,0.00173,0.002172,9931.549711,5631.699815,1.000122
"theta_zsn_t[0, 337]",0.601376,0.374535,-0.114026,1.310178,0.004353,0.005025,7568.007845,5770.78135,1.000151
"theta_zsn_t[0, 338]",0.222117,0.14483,-0.059567,0.483225,0.001854,0.001804,6269.859618,5543.754399,1.00226
"theta_zsn_t[0, 339]",0.188863,0.120373,-0.041736,0.407739,0.00131,0.00154,8816.766604,5361.114875,1.000073
"theta_zsn_t[0, 340]",-0.231299,0.158796,-0.543029,0.060055,0.001569,0.00205,10245.681317,5715.213369,1.000393
"theta_zsn_t[0, 341]",0.098121,0.100135,-0.094031,0.284933,0.001088,0.001136,8537.834729,5909.294987,1.000067
"theta_zsn_t[0, 342]",-0.470849,0.156377,-0.759345,-0.166306,0.001601,0.001946,9570.210251,5297.398783,1.000173
"theta_zsn_t[0, 343]",-0.048526,0.316426,-0.655207,0.51223,0.0044,0.005298,6116.503148,3851.149494,1.000927
"theta_zsn_t[0, 344]",0.252866,0.639528,-0.93684,1.458531,0.006417,0.008313,10810.150213,5072.095607,0.999849
"theta_zsn_t[0, 345]",0.898533,0.142342,0.638401,1.175534,0.001806,0.00152,6237.422603,6065.937848,1.000111
"theta_zsn_t[0, 346]",-0.166617,0.788601,-1.773525,1.216943,0.008752,0.008567,8109.520583,6619.619678,1.000001
"theta_zsn_t[0, 347]",0.666498,0.15296,0.368128,0.938025,0.001552,0.002043,10032.580998,5198.391339,1.000677
"theta_zsn_t[0, 348]",0.064279,0.115586,-0.144524,0.293925,0.001227,0.001309,8864.876855,6132.585865,1.002003
"theta_zsn_t[0, 349]",0.839941,0.147692,0.545329,1.104236,0.001673,0.001783,7920.70743,5570.469419,1.001133
"theta_zsn_t[0, 350]",0.728276,0.142643,0.472744,1.014102,0.001606,0.001808,7912.25381,5755.16784,1.000574
"theta_zsn_t[0, 351]",0.828086,0.16605,0.525651,1.140464,0.00205,0.002026,6594.89922,5706.126646,1.000059
"theta_zsn_t[0, 352]",0.948316,0.158788,0.663006,1.261981,0.00186,0.001828,7152.326064,5700.308477,0.999975
"theta_zsn_t[0, 353]",0.533349,0.183273,0.180656,0.871611,0.001886,0.002557,9823.259803,5818.493659,1.001118
"theta_zsn_t[0, 354]",0.900253,0.166487,0.586956,1.210931,0.00174,0.002066,9221.857878,5576.654416,1.000905
"theta_zsn_t[0, 355]",0.22661,0.178439,-0.124474,0.548956,0.001787,0.002509,10353.260231,5029.852585,1.000471
"theta_zsn_t[0, 356]",0.800832,0.122777,0.572511,1.036466,0.001668,0.001297,5403.00186,6082.15356,0.999996
"theta_zsn_t[0, 357]",1.017443,0.226599,0.602232,1.439416,0.002411,0.003039,9458.909254,5625.981741,1.000145
"theta_zsn_t[0, 358]",0.731382,0.206418,0.378908,1.119399,0.003402,0.002642,3777.494929,4945.137184,1.000361
"theta_zsn_t[0, 359]",1.197699,0.206587,0.824885,1.595993,0.00277,0.002559,5742.063146,4966.995253,1.000265
"theta_zsn_t[0, 360]",0.119129,0.642896,-1.070305,1.325434,0.007021,0.010424,9280.378813,4415.09759,1.000312
"theta_zsn_t[0, 361]",1.110887,0.111658,0.897303,1.315875,0.001497,0.001351,5602.502861,5071.870849,1.000391
"theta_zsn_t[0, 362]",0.605151,0.197965,0.246887,0.995202,0.002323,0.002687,7692.450445,4574.412196,1.000531
"theta_zsn_t[0, 363]",0.910576,0.239739,0.459224,1.339709,0.002714,0.0032,8747.055374,5156.825782,1.000632
"theta_zsn_t[0, 364]",0.277227,0.18388,-0.065312,0.615301,0.001946,0.00281,9539.221445,5204.108516,1.000043
"theta_zsn_t[0, 365]",1.436316,0.232784,1.004421,1.885963,0.003047,0.002776,6048.776501,5058.335933,1.000431
"theta_zsn_t[0, 366]",1.266703,0.128693,1.024554,1.512181,0.001938,0.001482,4452.547408,5445.557806,1.000831
"theta_zsn_t[0, 367]",0.592963,0.192728,0.237699,0.951227,0.002022,0.002356,9573.149088,5791.068011,0.999835
"theta_zsn_t[0, 368]",-0.76455,0.797798,-2.252715,0.691766,0.008591,0.009714,8677.274283,5701.379523,1.000475
"theta_zsn_t[0, 369]",-0.051303,0.162095,-0.364459,0.246061,0.001544,0.00211,11295.626071,5481.26662,1.000159
"theta_zsn_t[0, 370]",0.786643,0.225475,0.378693,1.205228,0.002702,0.004051,8228.210721,4627.493899,1.000452
"theta_zsn_t[0, 371]",0.335484,0.165804,0.020367,0.650686,0.001656,0.002128,10274.112102,5230.923184,1.00028
"theta_zsn_t[0, 372]",0.195504,0.172954,-0.136112,0.515473,0.001871,0.002381,8985.933305,5533.549846,1.000402
"theta_zsn_t[0, 373]",-0.286969,0.155934,-0.575318,0.009196,0.001525,0.001942,10470.429559,5748.174855,1.001278
"theta_zsn_t[0, 374]",1.151052,0.153643,0.863854,1.447315,0.001791,0.001776,7460.568397,5781.015127,0.99972
"theta_zsn_t[0, 375]",1.291309,0.254017,0.818006,1.753548,0.002707,0.003131,9460.981106,5909.3519,0.999713
"theta_zsn_t[0, 376]",1.637435,0.5445,0.645733,2.705611,0.006936,0.00762,6427.117946,4540.568889,1.000812
"theta_zsn_t[0, 377]",1.621079,0.522243,0.550986,2.532138,0.00749,0.007863,5148.858529,4047.031133,1.001388
"theta_zsn_t[0, 378]",1.011191,0.243357,0.562433,1.465383,0.002788,0.003782,8764.038189,4805.750523,1.000111
"theta_zsn_t[0, 379]",0.441615,0.795785,-1.050495,1.920211,0.008307,0.008878,9326.988816,5518.066671,1.000742
"theta_zsn_t[0, 380]",0.365643,0.182077,0.031092,0.71276,0.001797,0.002441,10927.966829,5547.962109,1.000398
"theta_zsn_t[0, 381]",1.821091,0.188394,1.462134,2.157569,0.002491,0.003294,6071.016756,4712.702768,1.000459
"theta_zsn_t[0, 382]",1.444707,0.179075,1.117769,1.796799,0.002157,0.002356,7002.890404,5278.167538,1.000347
"theta_zsn_t[0, 383]",0.38509,0.180504,0.045602,0.71455,0.00211,0.002452,7797.261325,4649.733786,1.000383
"theta_zsn_t[0, 384]",0.565733,0.20004,0.202778,0.943199,0.002206,0.002757,8704.672177,5181.905043,1.000013
"theta_zsn_t[0, 385]",1.048024,0.233739,0.633771,1.492628,0.002522,0.003215,9393.470166,5043.214732,1.000167
"theta_zsn_t[0, 386]",0.724216,0.805014,-0.799174,2.225101,0.009884,0.009024,6738.546439,5585.171243,1.00009
"theta_zsn_t[0, 387]",-0.065156,0.157149,-0.358566,0.233554,0.0016,0.002077,9760.963724,5376.936755,1.002113
"theta_zsn_t[0, 388]",0.690663,0.841486,-0.873143,2.288952,0.010489,0.010281,6844.81334,5061.138378,1.000585
"theta_zsn_t[0, 389]",0.533805,0.256781,0.089814,1.018954,0.003476,0.003599,6074.746214,4810.354068,1.000415
"theta_zsn_t[0, 390]",0.970225,0.250109,0.509942,1.425411,0.003117,0.004908,8082.788107,3927.057839,1.001442
"theta_zsn_t[0, 391]",1.508878,0.231458,1.051256,1.933602,0.003371,0.003013,4851.973911,4547.864608,1.000699
"theta_zsn_t[0, 392]",0.592165,0.203754,0.219013,0.970527,0.00212,0.003153,10439.779388,5748.464711,1.000447
"theta_zsn_t[0, 393]",2.289343,0.26644,1.769902,2.780973,0.004089,0.00384,4259.792944,4554.650511,1.00215
"theta_zsn_t[0, 394]",0.520771,0.189649,0.177408,0.879241,0.002261,0.002409,7303.172557,5032.528321,1.000452
"theta_zsn_t[0, 395]",0.818151,0.228042,0.412987,1.247179,0.00258,0.003672,8720.906516,4611.81684,1.000263
"theta_zsn_t[0, 396]",1.173133,0.24057,0.736262,1.625489,0.002746,0.003151,8562.638955,5831.035251,0.999899
"theta_zsn_t[0, 397]",0.845682,0.830319,-0.683814,2.403183,0.01061,0.009537,6450.824637,5044.160982,1.000414
"theta_zsn_t[0, 398]",0.365999,0.187166,0.019949,0.724694,0.0019,0.002558,10131.729721,4914.335339,1.000946
"theta_zsn_t[0, 399]",0.847544,0.840791,-0.83163,2.331448,0.010827,0.009364,6259.103411,5468.52058,0.999731
"theta_zsn_t[0, 400]",1.599579,0.30479,1.056774,2.176456,0.003539,0.003901,8353.435821,5221.618742,1.000955
"theta_zsn_t[0, 401]",-2.50261,0.197903,-2.879771,-2.135719,0.002382,0.002248,6942.852623,5899.558001,1.000603
"theta_zsn_t[0, 402]",-0.055237,0.102991,-0.247988,0.138463,0.001129,0.001161,8367.874243,5896.925587,1.000298
"theta_zsn_t[0, 403]",0.159099,0.130134,-0.092654,0.397866,0.0014,0.001652,8746.282393,4870.307764,1.000727
"theta_zsn_t[0, 404]",-0.154274,0.336158,-0.840892,0.400176,0.004815,0.005567,6012.300999,4016.33351,1.000812
"theta_zsn_t[0, 405]",-0.488395,0.109894,-0.691927,-0.275697,0.001211,0.001287,8249.510098,5719.515568,1.001438
"theta_zsn_t[0, 406]",-0.534224,0.156799,-0.824213,-0.232677,0.001549,0.002098,10367.328647,6008.765125,1.000559
"theta_zsn_t[0, 407]",-0.348992,0.15508,-0.64148,-0.058479,0.001518,0.00217,10390.710713,5602.965704,1.001212
"theta_zsn_t[0, 408]",-0.144144,0.157206,-0.431877,0.158145,0.001547,0.002115,10383.177445,5409.848114,1.001529
"theta_zsn_t[0, 409]",-0.920768,0.397115,-1.677094,-0.221982,0.005102,0.005257,6738.29737,5511.619127,0.999992
"theta_zsn_t[0, 410]",-3.079137,0.317371,-3.673487,-2.481993,0.004362,0.003556,5513.93304,4486.742615,1.000388
"theta_zsn_t[0, 411]",-0.704691,0.128785,-0.944305,-0.461343,0.001367,0.00143,8877.080109,6152.564062,1.001829
"theta_zsn_t[0, 412]",-0.547743,0.079513,-0.696536,-0.399243,0.000965,0.000886,6792.444262,5983.580365,1.000862
"theta_zsn_t[0, 413]",-0.262055,0.08356,-0.412585,-0.101238,0.000958,0.000934,7561.933681,5972.926936,0.999726
"theta_zsn_t[0, 414]",0.08677,0.161434,-0.207309,0.390244,0.001843,0.002118,8006.887656,5243.239373,1.000039
"theta_zsn_t[0, 415]",0.085428,0.095207,-0.09599,0.263151,0.000993,0.001076,9339.129859,5904.536069,1.000651
"theta_zsn_t[0, 416]",0.146955,0.159804,-0.157532,0.443163,0.001729,0.001901,8538.616643,5517.080082,1.000474
"theta_zsn_t[0, 417]",0.16048,0.107311,-0.043539,0.358436,0.001118,0.001291,9392.574401,5613.279865,0.999982
"theta_zsn_t[0, 418]",0.130869,0.103493,-0.049915,0.335522,0.001198,0.001166,7503.113733,5636.779415,1.001924
"theta_zsn_t[0, 419]",0.486927,0.078822,0.336534,0.631191,0.001005,0.000919,6161.861895,5697.880458,1.000437
"theta_zsn_t[0, 420]",0.623769,0.265948,0.143273,1.120281,0.00348,0.004729,7217.88997,4258.789403,1.000687
"theta_zsn_t[0, 421]",0.939451,0.211477,0.542371,1.33513,0.002667,0.003163,6472.49192,5204.302841,1.0005
"theta_zsn_t[0, 422]",0.302525,0.617483,-0.912941,1.386097,0.008013,0.008254,6404.509392,5414.630275,1.000613
"theta_zsn_t[0, 423]",0.15573,0.158147,-0.160614,0.429208,0.002288,0.003,5632.0266,3644.09905,1.000243
"theta_zsn_t[0, 424]",-0.23549,0.649556,-1.483843,0.942552,0.006678,0.007819,9876.940673,5765.065607,1.000212
"theta_zsn_t[0, 425]",0.864074,0.207069,0.4839,1.258241,0.002179,0.002785,9756.143178,5425.223632,1.000164
"theta_zsn_t[0, 426]",0.771996,0.195322,0.413314,1.137808,0.002078,0.00253,9190.252188,5489.655935,1.000323
"theta_zsn_t[0, 427]",0.75914,0.212933,0.365037,1.159428,0.002414,0.002505,8259.174719,5735.324651,1.000327
"theta_zsn_t[0, 428]",1.09796,0.210755,0.691856,1.489176,0.002509,0.002571,7191.492823,5341.030631,1.000314
"theta_zsn_t[0, 429]",0.991002,0.898206,-0.802731,2.515795,0.012026,0.009724,5810.375727,5381.89352,1.000786
"theta_zsn_t[0, 430]",1.217052,0.23921,0.76618,1.653835,0.002442,0.003169,9976.592861,5383.689942,1.00002
"theta_zsn_t[0, 431]",1.220333,0.195284,0.848007,1.582279,0.002419,0.00246,6500.182125,5481.016959,1.000217
"theta_zsn_t[0, 432]",0.88556,0.413798,0.086962,1.666411,0.009094,0.011846,2664.726698,1749.55361,1.000325
"theta_zsn_t[0, 433]",0.770444,0.197083,0.404139,1.137893,0.001999,0.002498,10212.468862,5500.99647,1.001832
"theta_zsn_t[0, 434]",-0.903628,0.278775,-1.38927,-0.367668,0.003445,0.005086,8458.82643,4211.641181,1.000628
"theta_zsn_t[0, 435]",-1.608081,0.14838,-1.897238,-1.334368,0.001674,0.002022,7898.593472,4575.511881,1.000736
"theta_zsn_t[0, 436]",-1.636048,0.155959,-1.931035,-1.341805,0.001849,0.001679,7161.678937,5558.215069,1.000933
"theta_zsn_t[0, 437]",0.447479,0.178579,0.113465,0.783832,0.002001,0.00216,8113.21225,5034.236633,1.000094
"theta_zsn_t[0, 438]",0.609204,0.115479,0.389155,0.827179,0.001329,0.001274,7547.284052,6119.227505,1.000523
"theta_zsn_t[0, 439]",0.467546,0.621485,-0.698799,1.616519,0.008682,0.008505,5455.245938,4754.580014,1.0001
"theta_zsn_t[0, 440]",0.834192,0.152234,0.551002,1.12437,0.001666,0.001813,8345.194182,5863.571301,1.000917
"theta_zsn_t[0, 441]",0.779373,0.195509,0.385829,1.127014,0.002136,0.002417,8791.093528,5570.084081,1.001076
"theta_zsn_t[0, 442]",1.114785,0.268034,0.654888,1.63265,0.003077,0.004138,8814.508829,4765.488233,0.999891
"theta_zsn_t[0, 443]",0.683999,0.209657,0.297481,1.084926,0.002227,0.002928,9907.469949,5016.016185,1.000947
"theta_zsn_t[0, 444]",1.24548,0.204085,0.85265,1.625769,0.002744,0.002646,5553.332574,5160.638187,1.000853
"theta_zsn_t[0, 445]",1.089804,0.655078,-0.232331,2.239216,0.010074,0.009224,4533.535018,3878.840233,1.001317
"theta_zsn_t[0, 446]",0.242581,0.43391,-0.619596,0.984663,0.006098,0.007124,5698.601115,3995.843856,1.000828
"theta_zsn_t[0, 447]",-0.480077,0.64467,-1.768814,0.642056,0.007623,0.007953,7472.011964,5380.45328,0.999763
"theta_zsn_t[0, 448]",-1.263182,0.109226,-1.463816,-1.058199,0.00153,0.001157,5093.45334,6347.352681,1.000257
"theta_zsn_t[0, 449]",-1.191926,0.104448,-1.390184,-1.001622,0.001394,0.001046,5614.300553,6240.123387,1.001179
"theta_zsn_t[0, 450]",-0.839693,0.064938,-0.962837,-0.719799,0.000906,0.00065,5156.342933,5603.608903,1.000211
"theta_zsn_t[0, 451]",-0.419708,0.061884,-0.538598,-0.306119,0.000777,0.00064,6345.064024,5712.569875,1.000336
"theta_zsn_t[0, 452]",-0.382513,0.081723,-0.525707,-0.221324,0.000914,0.000938,8048.321377,5798.338528,1.001217
"theta_zsn_t[0, 453]",-0.094841,0.105378,-0.283202,0.115829,0.00109,0.001347,9566.020621,4851.034204,0.999862
"theta_zsn_t[0, 454]",-0.547626,0.101636,-0.748103,-0.36391,0.001148,0.001338,7851.189878,5581.108933,1.000099
"theta_zsn_t[0, 455]",-0.5109,0.101484,-0.697363,-0.316994,0.001043,0.001133,9483.245929,6098.568242,1.000587
"theta_zsn_t[0, 456]",-1.83596,0.147527,-2.102455,-1.5533,0.001702,0.001682,7509.68554,5421.261358,1.000272
"theta_zsn_t[0, 457]",-2.327547,0.169254,-2.646799,-2.008491,0.002224,0.001884,5813.63934,6116.821304,1.000585
"theta_zsn_t[0, 458]",1.020857,0.127291,0.792461,1.259514,0.001817,0.001361,4908.054104,5946.988516,1.000321
"theta_zsn_t[0, 459]",1.41568,0.127563,1.178292,1.650903,0.001926,0.001536,4485.378971,4941.370385,0.999798
"theta_zsn_t[0, 460]",0.089531,0.801626,-1.450115,1.532458,0.008689,0.009301,8745.68858,5756.761541,1.000535
"theta_zsn_t[0, 461]",-0.185769,0.807252,-1.810161,1.254893,0.009086,0.010119,8163.430199,4935.13989,1.000732
"theta_zsn_t[0, 462]",0.743817,0.348454,0.072115,1.412465,0.00588,0.006365,3827.809286,3388.745876,1.001551
"theta_zsn_t[0, 463]",0.353104,0.179667,0.035041,0.710307,0.002048,0.002195,8142.634577,5728.235303,0.999804
"theta_zsn_t[0, 464]",0.327386,0.115835,0.117858,0.549277,0.001192,0.00145,9956.638892,5633.245022,1.000187
"theta_zsn_t[0, 465]",0.256691,0.17315,-0.057591,0.584095,0.001731,0.00231,10386.228295,5643.311742,0.999899
"theta_zsn_t[0, 466]",0.227821,0.068656,0.104035,0.360335,0.000781,0.000759,7821.491211,5906.276884,1.00111
"theta_zsn_t[0, 467]",0.264807,0.307435,-0.309222,0.841978,0.003856,0.005038,6950.306437,4755.033035,1.000572
"theta_zsn_t[0, 468]",-0.239417,0.144563,-0.510765,0.028254,0.001664,0.001916,7775.621768,5597.600267,1.00044
"theta_zsn_t[0, 469]",0.022031,0.113609,-0.189687,0.237363,0.001226,0.001392,8924.692101,4900.068436,1.000218
"theta_zsn_t[0, 470]",-0.172028,0.086877,-0.334601,-0.009745,0.000916,0.001038,9055.999684,6352.349229,1.000431
"theta_zsn_t[0, 471]",-0.30404,0.14753,-0.583559,-0.042853,0.001871,0.001942,6658.937739,5639.223863,1.000745
"theta_zsn_t[0, 472]",-0.047738,0.064301,-0.166787,0.070128,0.000773,0.000673,6926.461497,5882.056409,0.999894
"theta_zsn_t[0, 473]",0.514524,0.192964,0.159608,0.88015,0.002269,0.002442,7579.407431,5449.575369,1.000481
"theta_zsn_t[0, 474]",0.625189,0.09083,0.45333,0.793809,0.001019,0.001029,7978.051046,5487.394672,1.000077
"theta_zsn_t[0, 475]",0.460991,0.19447,0.115114,0.830878,0.002157,0.003212,9176.549298,5144.09401,1.000835
"theta_zsn_t[0, 476]",0.466865,0.074822,0.324703,0.605198,0.000949,0.00077,6217.517805,6384.482912,1.000474
"theta_zsn_t[0, 477]",0.582836,0.108769,0.372262,0.780377,0.001356,0.001165,6438.965166,5863.579582,1.000536
"theta_zsn_t[0, 478]",-0.017174,0.112443,-0.232442,0.191534,0.001274,0.001319,7862.544902,5139.467486,1.000228
"theta_zsn_t[0, 479]",0.198839,0.086248,0.039964,0.3608,0.000934,0.001028,8630.411316,5768.708851,1.000666
"theta_zsn_t[0, 480]",-0.003897,0.142678,-0.275545,0.256383,0.001452,0.001732,9680.406341,5655.018383,1.001474
"theta_zsn_t[0, 481]",0.118963,0.05566,0.016064,0.225301,0.000669,0.000609,6913.234401,5467.055653,1.000402
"theta_zsn_t[0, 482]",0.760153,0.341262,0.14976,1.441699,0.004033,0.004361,7324.991993,5550.004203,1.000404
"theta_zsn_t[0, 483]",0.81551,0.14139,0.55599,1.079878,0.001602,0.001895,8099.646784,5023.842825,0.999691
"theta_zsn_t[0, 484]",0.650306,0.531518,-0.329606,1.675663,0.005875,0.00636,8470.401769,5621.798029,1.000397
"theta_zsn_t[0, 485]",0.150376,0.172502,-0.158916,0.48203,0.002963,0.001713,3522.799884,5317.787065,1.000518
"theta_zsn_t[0, 486]",0.307093,0.082707,0.155466,0.46501,0.00083,0.000943,9950.370774,6118.894067,1.000117
"theta_zsn_t[0, 487]",0.2595,0.169571,-0.043477,0.59725,0.001624,0.00225,11212.72275,5545.017374,0.999677
"theta_zsn_t[0, 488]",0.272266,0.072872,0.131293,0.40357,0.000826,0.000847,7780.475349,6293.492424,1.000013
"theta_zsn_t[0, 489]",-1.549673,0.180989,-1.883877,-1.21217,0.002109,0.002324,7930.788088,5163.544282,1.000143
"theta_zsn_t[0, 490]",-1.042335,0.123772,-1.262573,-0.800554,0.001443,0.001389,7588.609392,4812.064227,0.999843
"theta_zsn_t[0, 491]",-1.057592,0.126399,-1.297548,-0.823532,0.001576,0.001529,6828.969221,4774.281386,1.000819
"theta_zsn_t[0, 492]",-2.34671,0.187951,-2.715814,-2.009112,0.002224,0.002112,7179.210146,6111.415915,1.00066
"theta_zsn_t[0, 493]",-2.525344,0.194583,-2.890295,-2.175232,0.002341,0.002206,7011.727826,5211.693994,1.000449
"theta_zsn_t[0, 494]",-2.075051,0.177631,-2.400395,-1.737837,0.001967,0.002051,8211.429715,5315.856236,1.000045
"theta_zsn_t[0, 495]",-1.366157,0.171824,-1.678467,-1.032921,0.001797,0.002181,9200.9705,5956.735091,1.000785
"theta_zsn_t[0, 496]",-0.350626,0.089617,-0.523093,-0.184018,0.001,0.001074,7985.115609,5521.475799,1.000057
"theta_zsn_t[0, 497]",-0.290922,0.091067,-0.464529,-0.123733,0.000962,0.001152,8984.158953,5062.037293,1.000673
"theta_zsn_t[0, 498]",-0.369158,0.100144,-0.552682,-0.176808,0.001092,0.001264,8455.70711,5493.46564,1.000577
"theta_zsn_t[0, 499]",-0.503422,0.103089,-0.697396,-0.310711,0.001072,0.001476,9243.178336,5644.935576,1.000661
"theta_zsn_t[0, 500]",-0.624417,0.085863,-0.783066,-0.460483,0.001008,0.000949,7253.606052,5907.143269,0.999968
"theta_zsn_t[0, 501]",-0.458328,0.099775,-0.644305,-0.270639,0.001088,0.001276,8436.230642,5059.114702,1.00084
"theta_zsn_t[0, 502]",-0.387,0.080835,-0.533039,-0.227333,0.000867,0.000914,8704.795745,5933.529816,1.000028
"theta_zsn_t[0, 503]",-0.893668,0.123561,-1.117131,-0.655199,0.001399,0.001383,7787.908953,5984.920707,0.999725
"theta_zsn_t[0, 504]",0.005119,0.094636,-0.168025,0.183042,0.001112,0.001088,7252.306234,5850.383271,1.000397
"theta_zsn_t[0, 505]",0.326364,0.125446,0.10717,0.57072,0.001346,0.001536,9087.981598,6226.83434,1.000671
"theta_zsn_t[0, 506]",0.145496,0.14157,-0.106708,0.424134,0.002101,0.001604,4544.284427,4653.624008,1.000731
"theta_zsn_t[0, 507]",0.429031,0.191077,0.074473,0.787665,0.001937,0.002533,10373.460569,5266.747117,1.000551
"theta_zsn_t[0, 508]",0.512274,0.183682,0.17213,0.857414,0.001905,0.002627,9809.03787,4437.102966,1.001177
"theta_zsn_t[0, 509]",0.688542,0.177256,0.350434,1.009671,0.001749,0.002156,10425.084397,5777.117391,1.000156
"theta_zsn_t[0, 510]",0.36335,0.626546,-0.833681,1.475168,0.008531,0.007872,5759.983992,5172.183082,1.000259
"theta_zsn_t[0, 511]",0.411358,0.147027,0.145341,0.696778,0.001947,0.001651,5780.334971,5769.426544,1.00012
"theta_zsn_t[0, 512]",0.685376,0.20926,0.296606,1.077063,0.002278,0.002528,8934.807392,5831.465965,1.000644
"theta_zsn_t[0, 513]",0.531845,0.183102,0.201734,0.892525,0.00188,0.002218,9718.220677,4849.055431,1.002321
"theta_zsn_t[0, 514]",0.848721,0.22222,0.468106,1.280774,0.00245,0.003012,8958.504848,4618.288066,1.000912
"theta_zsn_t[0, 515]",0.887715,0.19136,0.549146,1.263877,0.001963,0.002346,9908.698664,5736.413416,1.000757
"theta_zsn_t[0, 516]",0.980946,0.213874,0.582608,1.382239,0.002366,0.002537,8495.908892,5769.38447,0.999998
"theta_zsn_t[0, 517]",1.075605,0.185288,0.729863,1.426642,0.00243,0.002304,6244.746213,4704.042904,1.001427
"theta_zsn_t[0, 518]",-1.256937,0.151063,-1.535247,-0.97287,0.001554,0.001913,9475.730011,5404.682638,1.000192
"theta_zsn_t[0, 519]",-2.117301,0.164468,-2.417955,-1.802725,0.001937,0.002069,7265.04809,5874.665346,1.001719
"theta_zsn_t[0, 520]",-1.985341,0.16092,-2.286425,-1.689522,0.001865,0.001603,7416.944167,6361.118636,1.000524
"theta_zsn_t[0, 521]",-1.844698,0.174986,-2.167844,-1.521532,0.001879,0.002063,8598.813064,5805.825699,1.000499
"theta_zsn_t[0, 522]",-1.111248,0.100989,-1.300914,-0.924285,0.001345,0.001052,5641.426787,6240.306407,1.000244
"theta_zsn_t[0, 523]",-1.819313,0.2508,-2.310078,-1.360084,0.002615,0.003167,9414.648257,6033.87855,1.000484
"theta_zsn_t[0, 524]",-2.132302,0.180576,-2.464493,-1.797457,0.002027,0.002014,7991.462364,5360.524341,0.999996
"theta_zsn_t[0, 525]",-2.110486,0.185277,-2.467942,-1.774103,0.003007,0.002114,3800.446446,4036.976405,1.000243
"theta_zsn_t[0, 526]",1.27282,0.255134,0.807456,1.755095,0.003326,0.002701,5987.09873,5024.861848,1.000897
"theta_zsn_t_zerosum__[0, 0]",-1.72729,0.155729,-2.033117,-1.448004,0.001781,0.001904,7742.978309,5021.250079,1.000442
"theta_zsn_t_zerosum__[0, 1]",-1.480415,0.150391,-1.749512,-1.183649,0.001626,0.001736,8531.221814,6075.980769,1.000273
"theta_zsn_t_zerosum__[0, 2]",-1.772369,0.150807,-2.052276,-1.486228,0.001723,0.001743,7678.638228,5944.816278,1.000033
"theta_zsn_t_zerosum__[0, 3]",-2.09564,0.162719,-2.395274,-1.782113,0.001996,0.001803,6747.298281,5966.659044,1.000477
"theta_zsn_t_zerosum__[0, 4]",-1.524323,0.153617,-1.813146,-1.231392,0.0017,0.001856,8182.707539,5722.282585,1.000943
"theta_zsn_t_zerosum__[0, 5]",-2.558965,0.196907,-2.927815,-2.20059,0.00236,0.00217,7026.825425,5353.386497,1.000389
"theta_zsn_t_zerosum__[0, 6]",-1.121376,0.192096,-1.474925,-0.75732,0.001985,0.002524,9497.475841,5773.456859,1.000157
"theta_zsn_t_zerosum__[0, 7]",-1.984801,0.159374,-2.283967,-1.690527,0.002038,0.001693,6170.539918,5635.704396,1.000126
"theta_zsn_t_zerosum__[0, 8]",-0.706646,0.289477,-1.217883,-0.141714,0.00346,0.004236,8113.648432,4196.538927,1.000647
"theta_zsn_t_zerosum__[0, 9]",-1.299717,0.148365,-1.579508,-1.018284,0.001641,0.001743,8163.957306,5932.817221,1.001302
"theta_zsn_t_zerosum__[0, 10]",0.09173,0.058427,-0.01693,0.20294,0.000719,0.000646,6642.952271,5975.869146,1.000101
"theta_zsn_t_zerosum__[0, 11]",0.276328,0.084166,0.114901,0.430659,0.000906,0.00102,8667.759178,5937.983755,1.000039
"theta_zsn_t_zerosum__[0, 12]",-0.100641,0.109588,-0.294093,0.117081,0.001351,0.001239,6758.337347,5231.495692,1.000943
"theta_zsn_t_zerosum__[0, 13]",-0.254806,0.107874,-0.464896,-0.056318,0.00135,0.001219,6433.44828,5654.743751,1.000108
"theta_zsn_t_zerosum__[0, 14]",-0.190737,0.142488,-0.474437,0.065264,0.001426,0.001644,9974.607701,5591.878355,0.999891
"theta_zsn_t_zerosum__[0, 15]",-0.522141,0.209336,-0.919195,-0.127426,0.00231,0.002765,8483.303721,5306.449155,0.999973
"theta_zsn_t_zerosum__[0, 16]",-0.258127,0.056992,-0.365568,-0.153398,0.000738,0.000589,5961.791306,6188.443838,1.000486
"theta_zsn_t_zerosum__[0, 17]",-0.045021,0.097716,-0.222807,0.143013,0.001034,0.001182,9072.073617,6232.9137,1.000482
"theta_zsn_t_zerosum__[0, 18]",0.092344,0.083953,-0.061036,0.255994,0.000975,0.000998,7504.941477,5635.302296,1.000025
"theta_zsn_t_zerosum__[0, 19]",0.316222,0.155988,0.047982,0.62492,0.002151,0.002327,5755.604137,4212.237248,1.000591
"theta_zsn_t_zerosum__[0, 20]",0.282128,0.174611,-0.047285,0.613253,0.002111,0.002159,6946.735864,5987.874344,1.00009
"theta_zsn_t_zerosum__[0, 21]",-0.431902,0.235812,-0.873286,-0.003868,0.003093,0.003471,6405.676358,4357.156869,1.000071
"theta_zsn_t_zerosum__[0, 22]",-1.405517,0.187064,-1.739711,-1.04417,0.001974,0.002139,9007.017085,5709.59658,1.000169
"theta_zsn_t_zerosum__[0, 23]",-0.867326,0.115581,-1.08774,-0.652286,0.001342,0.00148,7601.15151,5076.662185,0.999919
"theta_zsn_t_zerosum__[0, 24]",-1.701247,0.148289,-1.975761,-1.417708,0.00186,0.001778,6400.320767,5900.964075,1.00062
"theta_zsn_t_zerosum__[0, 25]",0.94902,0.426787,0.125479,1.770247,0.00923,0.012337,2627.954416,1856.051766,1.000099
"theta_zsn_t_zerosum__[0, 26]",0.591662,0.182281,0.263565,0.948075,0.002999,0.002347,3722.595723,4318.053705,1.000822
"theta_zsn_t_zerosum__[0, 27]",0.099998,0.112853,-0.117948,0.307528,0.001297,0.001449,7736.851795,5450.204539,1.001657
"theta_zsn_t_zerosum__[0, 28]",-1.84401,0.148347,-2.098174,-1.540887,0.001667,0.001663,7899.535368,5800.754102,1.000572
"theta_zsn_t_zerosum__[0, 29]",-1.420841,0.148285,-1.707617,-1.150856,0.001598,0.001698,8626.280947,6066.853629,1.000379
"theta_zsn_t_zerosum__[0, 30]",-1.249296,0.147286,-1.539215,-0.98117,0.001621,0.001656,8258.959611,6000.952896,1.000316
"theta_zsn_t_zerosum__[0, 31]",-2.210046,0.163094,-2.514387,-1.907565,0.00196,0.001861,6977.058661,5638.08146,1.001176
"theta_zsn_t_zerosum__[0, 32]",-1.573654,0.14736,-1.850266,-1.289884,0.00166,0.001833,7903.573594,5823.777049,1.001176
"theta_zsn_t_zerosum__[0, 33]",-1.674129,0.156221,-1.961415,-1.375231,0.001779,0.001679,7733.542806,6456.667334,1.000118
"theta_zsn_t_zerosum__[0, 34]",-1.392574,0.147503,-1.667713,-1.118365,0.001613,0.001808,8397.649631,5757.50926,0.999953
"theta_zsn_t_zerosum__[0, 35]",-1.314222,0.10884,-1.518521,-1.114869,0.001375,0.001211,6375.812176,4770.658404,1.000376
"theta_zsn_t_zerosum__[0, 36]",-0.968383,0.158883,-1.252616,-0.658913,0.001631,0.002011,9699.394141,5425.756522,1.000317
"theta_zsn_t_zerosum__[0, 37]",-1.946484,0.153813,-2.232301,-1.65801,0.001799,0.001883,7325.184982,5869.668408,1.001405
"theta_zsn_t_zerosum__[0, 38]",-0.178277,0.237329,-0.596562,0.289978,0.002771,0.00283,8092.689329,5520.030858,1.000054
"theta_zsn_t_zerosum__[0, 39]",-0.493643,0.043136,-0.57356,-0.412726,0.00064,0.00047,4554.699647,5671.271733,1.000473
"theta_zsn_t_zerosum__[0, 40]",-0.610964,0.05932,-0.722698,-0.501444,0.000769,0.000637,5946.874282,6056.66699,1.00145
"theta_zsn_t_zerosum__[0, 41]",-1.140234,0.072752,-1.273382,-1.00089,0.001177,0.000725,3806.651644,5347.350406,1.000742
"theta_zsn_t_zerosum__[0, 42]",-0.606608,0.102806,-0.800538,-0.419507,0.001148,0.001232,8075.176073,5112.908112,1.001138
"theta_zsn_t_zerosum__[0, 43]",-1.39755,0.188531,-1.750852,-1.037198,0.00195,0.002192,9394.608148,5708.718684,1.000352
"theta_zsn_t_zerosum__[0, 44]",-1.307232,0.178923,-1.658856,-0.987569,0.002251,0.002287,6771.186372,5224.912244,0.999923
"theta_zsn_t_zerosum__[0, 45]",-0.638148,0.091853,-0.808466,-0.463264,0.001073,0.001015,7320.830602,5994.750523,1.000384
"theta_zsn_t_zerosum__[0, 46]",-0.527125,0.0894,-0.696738,-0.361256,0.001093,0.001021,6693.646209,4951.750816,1.001626
"theta_zsn_t_zerosum__[0, 47]",-0.153445,0.064746,-0.271603,-0.030715,0.000804,0.000656,6505.764064,6377.549044,1.000144
"theta_zsn_t_zerosum__[0, 48]",-0.127492,0.117595,-0.344545,0.098749,0.001213,0.001495,9546.704186,5381.673587,1.00107
"theta_zsn_t_zerosum__[0, 49]",-0.43138,0.06247,-0.548143,-0.315055,0.000738,0.000685,7169.330126,6323.910041,1.000683
"theta_zsn_t_zerosum__[0, 50]",-0.840475,0.066718,-0.968806,-0.717499,0.00096,0.000749,4821.261745,5914.420834,1.000542
"theta_zsn_t_zerosum__[0, 51]",-1.205069,0.080545,-1.359837,-1.059834,0.001173,0.000799,4750.002075,5897.246322,1.000329
"theta_zsn_t_zerosum__[0, 52]",0.058467,0.287986,-0.475475,0.563318,0.005205,0.00376,3164.091927,4652.155667,1.00025
"theta_zsn_t_zerosum__[0, 53]",0.427068,0.20157,0.050534,0.795174,0.002909,0.003249,5425.792796,3637.512757,1.000782
"theta_zsn_t_zerosum__[0, 54]",0.909973,0.217957,0.519194,1.325662,0.002287,0.002729,9478.589031,5824.987224,1.000599
"theta_zsn_t_zerosum__[0, 55]",0.47249,0.194206,0.117122,0.847718,0.001988,0.002327,10128.803883,5323.094847,1.00055
"theta_zsn_t_zerosum__[0, 56]",-2.280943,0.184936,-2.64768,-1.957776,0.002819,0.002062,4374.31309,4493.736442,1.000593
"theta_zsn_t_zerosum__[0, 57]",-1.416872,0.154941,-1.722556,-1.135771,0.001717,0.001752,8139.412595,5808.32732,1.000449
"theta_zsn_t_zerosum__[0, 58]",-1.47868,0.123301,-1.706212,-1.243855,0.001496,0.001387,6843.496389,5402.781684,1.000098
"theta_zsn_t_zerosum__[0, 59]",-1.255106,0.147256,-1.53417,-0.980175,0.001633,0.001776,8209.471381,5615.197942,1.00074
"theta_zsn_t_zerosum__[0, 60]",-0.832607,0.084444,-0.995991,-0.678558,0.00096,0.000982,7774.167991,5399.106941,1.000176
"theta_zsn_t_zerosum__[0, 61]",-1.309277,0.086837,-1.467658,-1.14105,0.001432,0.000916,3664.794091,5139.144033,1.000856
"theta_zsn_t_zerosum__[0, 62]",-0.882941,0.166109,-1.188314,-0.568675,0.00181,0.002315,8709.002306,4835.887769,1.000314
"theta_zsn_t_zerosum__[0, 63]",-1.468116,0.146747,-1.738074,-1.18777,0.001616,0.001687,8271.804965,5978.312446,1.000072
"theta_zsn_t_zerosum__[0, 64]",-0.756197,0.521208,-1.640534,0.271096,0.006688,0.007293,6824.808593,3939.853019,1.000452
"theta_zsn_t_zerosum__[0, 65]",-1.003122,0.482687,-1.865748,-0.060108,0.005669,0.00648,8050.851292,4955.667207,1.000469
"theta_zsn_t_zerosum__[0, 66]",-1.288269,0.45034,-2.102457,-0.439188,0.004974,0.007113,8939.645033,4883.220487,1.000702
"theta_zsn_t_zerosum__[0, 67]",-1.043387,0.157755,-1.335288,-0.734982,0.001776,0.001898,8012.276883,5616.208127,1.000323
"theta_zsn_t_zerosum__[0, 68]",-1.657792,0.144363,-1.928901,-1.385007,0.001548,0.001711,8730.684689,5809.183669,1.001226
"theta_zsn_t_zerosum__[0, 69]",-0.929717,0.094507,-1.101081,-0.747313,0.001164,0.001002,6634.184275,5981.921827,1.001514
"theta_zsn_t_zerosum__[0, 70]",-0.999815,0.180987,-1.350932,-0.671383,0.001939,0.002271,8831.109347,5832.428041,1.000644
"theta_zsn_t_zerosum__[0, 71]",-0.703301,0.197864,-1.080217,-0.330319,0.00225,0.002356,7937.547476,5979.93504,1.000651
"theta_zsn_t_zerosum__[0, 72]",-0.223462,0.125615,-0.452457,0.017295,0.001421,0.001536,7842.532319,5317.596909,1.000108
"theta_zsn_t_zerosum__[0, 73]",0.254516,0.519715,-0.727831,1.241701,0.00617,0.00658,7284.96173,5027.93781,1.000407
"theta_zsn_t_zerosum__[0, 74]",-1.096529,0.156442,-1.388731,-0.805812,0.001622,0.001851,9431.23486,5369.889563,1.000279
"theta_zsn_t_zerosum__[0, 75]",-1.187541,0.158482,-1.477254,-0.886111,0.001744,0.002027,8382.991318,4725.024342,1.000429
"theta_zsn_t_zerosum__[0, 76]",-2.31561,0.176153,-2.64086,-1.978701,0.002084,0.002072,7176.543681,5242.342934,1.000708
"theta_zsn_t_zerosum__[0, 77]",-1.650272,0.157786,-1.942849,-1.353187,0.001731,0.001844,8288.119623,5946.508033,1.000511
"theta_zsn_t_zerosum__[0, 78]",-0.200681,0.237298,-0.636744,0.250681,0.002646,0.003007,8656.769864,5166.74468,1.001308
"theta_zsn_t_zerosum__[0, 79]",-1.971595,0.164772,-2.279226,-1.653125,0.002056,0.001871,6505.609959,5448.515364,1.001287
"theta_zsn_t_zerosum__[0, 80]",-1.494588,0.153214,-1.784328,-1.210232,0.001715,0.001825,7994.733727,5667.898885,1.000499
"theta_zsn_t_zerosum__[0, 81]",-0.741845,0.166082,-1.046288,-0.418291,0.001735,0.002114,9510.088286,5575.504572,1.000553
"theta_zsn_t_zerosum__[0, 82]",-0.580914,0.17937,-0.906681,-0.239524,0.001973,0.002232,8836.157928,5050.969629,1.000382
"theta_zsn_t_zerosum__[0, 83]",-0.483695,0.176247,-0.808559,-0.143355,0.001793,0.002072,9824.651163,6187.165489,0.999976
"theta_zsn_t_zerosum__[0, 84]",-1.036585,0.266895,-1.524742,-0.51799,0.003349,0.004541,6886.824941,5003.440888,1.001364
"theta_zsn_t_zerosum__[0, 85]",-0.988628,0.157401,-1.279723,-0.696088,0.001715,0.001908,8569.826344,5582.057496,1.000454
"theta_zsn_t_zerosum__[0, 86]",-0.154282,0.14693,-0.416764,0.121498,0.002292,0.001346,4111.00948,6076.929044,1.000417
"theta_zsn_t_zerosum__[0, 87]",-0.142691,0.176934,-0.486198,0.167484,0.004693,0.002278,1479.203765,2177.367341,1.002705
"theta_zsn_t_zerosum__[0, 88]",-0.174877,0.155485,-0.489608,0.101538,0.001539,0.001925,10221.259531,5784.025254,0.999943
"theta_zsn_t_zerosum__[0, 89]",-0.476946,0.153961,-0.760182,-0.173541,0.001597,0.001942,9290.93071,5847.788032,1.000156
"theta_zsn_t_zerosum__[0, 90]",-0.091632,0.124893,-0.327973,0.144147,0.001238,0.001615,10216.607329,5786.45251,1.000195
"theta_zsn_t_zerosum__[0, 91]",-0.375534,0.157241,-0.649955,-0.059427,0.0017,0.002183,8685.864308,5170.205994,1.000005
"theta_zsn_t_zerosum__[0, 92]",0.097422,0.221564,-0.334926,0.490716,0.002904,0.004005,7068.355326,4061.743798,1.000308
"theta_zsn_t_zerosum__[0, 93]",-2.517892,0.192027,-2.896009,-2.178744,0.002183,0.002376,7769.340533,4757.636463,1.000248
"theta_zsn_t_zerosum__[0, 94]",-0.981483,0.158851,-1.283533,-0.68413,0.001703,0.001965,8939.488165,5484.634293,1.000765
"theta_zsn_t_zerosum__[0, 95]",-0.769218,0.107072,-0.970087,-0.565845,0.001292,0.00127,6998.240101,5133.719172,1.000278
"theta_zsn_t_zerosum__[0, 96]",-0.914553,0.117648,-1.149567,-0.706594,0.001377,0.001358,7533.179411,5166.774483,0.999995
"theta_zsn_t_zerosum__[0, 97]",-0.830905,0.177316,-1.170274,-0.505625,0.001956,0.002227,8463.916344,5379.544985,1.000142
"theta_zsn_t_zerosum__[0, 98]",-1.23414,0.100991,-1.428147,-1.049136,0.00142,0.001067,5074.441463,5552.899113,1.000521
"theta_zsn_t_zerosum__[0, 99]",-1.451644,0.148981,-1.737143,-1.173757,0.001881,0.001697,6264.565104,5726.134295,1.00221
"theta_zsn_t_zerosum__[0, 100]",-1.391137,0.155665,-1.675368,-1.091978,0.001715,0.001832,8245.113653,4906.382012,1.001134
"theta_zsn_t_zerosum__[0, 101]",-1.148058,0.185469,-1.51438,-0.824093,0.001978,0.002193,8847.236092,5845.519819,1.000603
"theta_zsn_t_zerosum__[0, 102]",-0.734424,0.06963,-0.859998,-0.60298,0.000903,0.000693,5954.776696,5792.000128,1.000177
"theta_zsn_t_zerosum__[0, 103]",-1.099121,0.08338,-1.248588,-0.933361,0.001189,0.000812,4924.128107,5878.766712,1.000303
"theta_zsn_t_zerosum__[0, 104]",-0.542193,0.066202,-0.671707,-0.420572,0.000833,0.000698,6307.441901,6270.376155,1.000468
"theta_zsn_t_zerosum__[0, 105]",-1.093874,0.159421,-1.386498,-0.78992,0.001699,0.001823,8829.714443,5544.709156,1.000456
"theta_zsn_t_zerosum__[0, 106]",-1.752966,0.14891,-2.035586,-1.483577,0.001758,0.001782,7246.202195,5079.897504,1.000933
"theta_zsn_t_zerosum__[0, 107]",-0.651264,0.215575,-1.036684,-0.226555,0.002265,0.002814,9553.402,5329.661856,1.000781
"theta_zsn_t_zerosum__[0, 108]",-0.927113,0.09545,-1.105598,-0.751632,0.001155,0.001095,6844.108487,5634.045492,1.001233
"theta_zsn_t_zerosum__[0, 109]",-0.919009,0.123326,-1.158198,-0.697624,0.001244,0.001383,9838.393273,5934.471805,1.00004
"theta_zsn_t_zerosum__[0, 110]",-0.597034,0.077845,-0.743812,-0.454184,0.00099,0.000884,6197.059131,5456.887917,1.000669
"theta_zsn_t_zerosum__[0, 111]",-0.35769,0.060134,-0.4695,-0.243499,0.000721,0.000644,6936.03813,5943.723529,1.00038
"theta_zsn_t_zerosum__[0, 112]",-0.199424,0.063123,-0.317454,-0.077699,0.000898,0.000683,4940.014451,5538.109639,1.000846
"theta_zsn_t_zerosum__[0, 113]",-0.117178,0.057322,-0.226761,-0.014266,0.000862,0.000583,4420.959362,6239.189391,1.000551
"theta_zsn_t_zerosum__[0, 114]",0.177531,0.072398,0.043337,0.312106,0.000828,0.000753,7683.681261,6232.860738,0.999997
"theta_zsn_t_zerosum__[0, 115]",-0.13268,0.791919,-1.652746,1.325683,0.00874,0.009436,8215.892301,5662.547964,1.000319
"theta_zsn_t_zerosum__[0, 116]",0.23291,0.11948,0.024347,0.47167,0.001243,0.001563,9453.641985,5192.707111,0.99992
"theta_zsn_t_zerosum__[0, 117]",0.283162,0.150711,0.002302,0.561728,0.00164,0.002072,9232.599426,5449.875081,1.000256
"theta_zsn_t_zerosum__[0, 118]",0.157592,0.143418,-0.109654,0.433105,0.001546,0.001707,8702.670941,5509.106915,1.000091
"theta_zsn_t_zerosum__[0, 119]",-0.091556,0.152199,-0.384912,0.178777,0.001888,0.002473,7166.159623,4935.253029,1.00024
"theta_zsn_t_zerosum__[0, 120]",-0.980265,0.06742,-1.106133,-0.853773,0.000992,0.000673,4647.412407,5295.875528,1.000287
"theta_zsn_t_zerosum__[0, 121]",-0.531653,0.053412,-0.628569,-0.430315,0.000753,0.000518,5034.436481,6464.8326,1.000786
"theta_zsn_t_zerosum__[0, 122]",-0.835321,0.06445,-0.952653,-0.71153,0.000915,0.000671,4956.931621,6080.55551,1.00016
"theta_zsn_t_zerosum__[0, 123]",2.049717,0.378205,1.381603,2.827938,0.007948,0.008183,2308.673488,1864.239983,1.002391
"theta_zsn_t_zerosum__[0, 124]",0.558893,0.211109,0.170407,0.951966,0.00236,0.003743,9177.488681,4566.362439,0.999956
"theta_zsn_t_zerosum__[0, 125]",0.370969,0.190599,0.018695,0.733096,0.001968,0.002516,10208.092192,5244.831283,1.000178
"theta_zsn_t_zerosum__[0, 126]",0.921459,0.309517,0.413138,1.523341,0.005163,0.004683,4160.867505,3501.546187,0.999987
"theta_zsn_t_zerosum__[0, 127]",1.67558,0.676081,0.432057,2.971927,0.008841,0.009182,6310.54947,4933.880684,1.000164
"theta_zsn_t_zerosum__[0, 128]",1.294592,0.613881,0.126978,2.466471,0.006611,0.007399,8711.428917,5595.584182,1.000246
"theta_zsn_t_zerosum__[0, 129]",-0.049192,0.104354,-0.251373,0.142917,0.001276,0.001236,6817.005346,5667.234962,1.000518
"theta_zsn_t_zerosum__[0, 130]",0.009105,0.346896,-0.627718,0.669155,0.003866,0.004871,8528.408765,4724.975889,1.001774
"theta_zsn_t_zerosum__[0, 131]",0.19516,0.124402,-0.032469,0.430621,0.001377,0.001617,8756.293214,5744.744115,1.001738
"theta_zsn_t_zerosum__[0, 132]",0.020917,0.815498,-1.541001,1.508329,0.008497,0.009947,9240.446426,5769.890106,1.000343
"theta_zsn_t_zerosum__[0, 133]",0.144084,0.38009,-0.584982,0.830848,0.004774,0.005181,6675.658464,5291.952702,1.000352
"theta_zsn_t_zerosum__[0, 134]",0.335225,0.22655,-0.100801,0.738898,0.003341,0.003986,5365.48859,4079.946972,1.000014
"theta_zsn_t_zerosum__[0, 135]",-0.784572,0.161481,-1.093565,-0.481547,0.001714,0.002112,9103.253392,5564.915103,1.000583
"theta_zsn_t_zerosum__[0, 136]",-0.729904,0.167294,-1.028055,-0.397254,0.001829,0.002001,8595.601961,5942.240375,1.000035
"theta_zsn_t_zerosum__[0, 137]",2.335356,0.303004,1.771403,2.923059,0.005092,0.00466,3718.466179,3492.607588,1.001901
"theta_zsn_t_zerosum__[0, 138]",2.381344,0.230379,1.949488,2.811938,0.003294,0.002833,5051.263634,4802.438325,1.000125
"theta_zsn_t_zerosum__[0, 139]",2.360315,0.398655,1.525538,3.057057,0.01135,0.007033,1380.742609,1605.271618,1.003833
"theta_zsn_t_zerosum__[0, 140]",0.304369,0.073108,0.170368,0.443969,0.000848,0.000809,7417.826512,5801.815036,1.00046
"theta_zsn_t_zerosum__[0, 141]",0.348012,0.178144,0.014306,0.681774,0.001859,0.002149,9650.83918,5540.406604,1.000757
"theta_zsn_t_zerosum__[0, 142]",0.296249,0.183015,-0.026397,0.656922,0.001949,0.002549,9447.895026,5066.333781,1.000341
"theta_zsn_t_zerosum__[0, 143]",0.368547,0.12267,0.142413,0.604442,0.001593,0.001549,6027.631548,5647.645978,1.00033
"theta_zsn_t_zerosum__[0, 144]",0.358385,0.120128,0.145441,0.598167,0.001358,0.001467,7914.499873,5503.853696,1.000809
"theta_zsn_t_zerosum__[0, 145]",0.243297,0.074434,0.108546,0.387105,0.00088,0.000893,7164.213811,5159.2345,1.00093
"theta_zsn_t_zerosum__[0, 146]",0.308918,0.172428,0.005334,0.646757,0.001812,0.0024,9547.69269,5269.633244,1.0006
"theta_zsn_t_zerosum__[0, 147]",0.150739,0.783241,-1.323202,1.609587,0.00835,0.009311,8827.059263,5827.365386,1.000043
"theta_zsn_t_zerosum__[0, 148]",0.411848,0.255843,-0.068809,0.878535,0.003234,0.005005,7847.399145,4048.831751,1.000801
"theta_zsn_t_zerosum__[0, 149]",0.423799,0.148652,0.150616,0.705151,0.001579,0.002057,8945.480085,5527.881136,1.000312
"theta_zsn_t_zerosum__[0, 150]",0.369906,0.095921,0.195971,0.554735,0.001094,0.001059,7662.695281,6101.251316,0.999959
"theta_zsn_t_zerosum__[0, 151]",0.696064,0.112069,0.488166,0.912096,0.001721,0.001189,4248.93747,5076.07062,1.000366
"theta_zsn_t_zerosum__[0, 152]",0.813011,0.253388,0.353165,1.323089,0.003061,0.003529,7120.690912,5328.357854,1.000087
"theta_zsn_t_zerosum__[0, 153]",0.660922,0.212516,0.296105,1.088534,0.002336,0.002738,9101.240488,4783.381013,1.001126
"theta_zsn_t_zerosum__[0, 154]",0.70501,0.206194,0.318042,1.071191,0.00227,0.002794,8965.155306,5076.920614,1.000466
"theta_zsn_t_zerosum__[0, 155]",0.523027,0.331117,-0.106882,1.125758,0.003569,0.004329,8745.556882,5239.173212,1.000587
"theta_zsn_t_zerosum__[0, 156]",0.845712,0.819138,-0.702647,2.369231,0.008765,0.009513,8841.25228,6080.950275,1.000159
"theta_zsn_t_zerosum__[0, 157]",0.755965,0.811167,-0.800424,2.238412,0.00901,0.0096,8198.020236,5912.705575,1.000203
"theta_zsn_t_zerosum__[0, 158]",0.700739,0.145497,0.43069,0.971536,0.001533,0.001775,9017.614785,5536.563785,1.000453
"theta_zsn_t_zerosum__[0, 159]",0.994534,0.104904,0.799631,1.19175,0.00137,0.001112,5863.70135,5368.322762,1.000323
"theta_zsn_t_zerosum__[0, 160]",1.177745,0.15908,0.87029,1.472374,0.001975,0.002079,6540.951144,5279.396207,1.001444
"theta_zsn_t_zerosum__[0, 161]",0.957194,0.246483,0.50998,1.418154,0.002816,0.004359,9047.323856,4625.860328,1.000077
"theta_zsn_t_zerosum__[0, 162]",0.847261,0.231563,0.436836,1.283796,0.002619,0.003176,8958.655206,4836.146323,1.000406
"theta_zsn_t_zerosum__[0, 163]",1.412188,0.182074,1.078076,1.761905,0.00233,0.002254,6145.508037,5053.423431,0.999867
"theta_zsn_t_zerosum__[0, 164]",0.533475,0.806726,-1.000157,2.056047,0.009319,0.009183,7595.192178,5746.26764,1.000641
"theta_zsn_t_zerosum__[0, 165]",0.75451,0.137201,0.486508,1.007285,0.001808,0.001498,5785.974405,5126.068534,1.000516
"theta_zsn_t_zerosum__[0, 166]",0.706029,0.827496,-0.850409,2.241409,0.009119,0.009936,8351.88211,5856.792108,1.000831
"theta_zsn_t_zerosum__[0, 167]",0.711167,0.150027,0.415323,0.984939,0.001706,0.002004,7759.232102,4987.156441,1.00097
"theta_zsn_t_zerosum__[0, 168]",1.039195,0.163757,0.729934,1.350686,0.002385,0.0029,4891.898672,4172.701687,1.001532
"theta_zsn_t_zerosum__[0, 169]",1.311133,0.109074,1.113693,1.519056,0.00153,0.001205,5124.46577,5493.291353,1.000124
"theta_zsn_t_zerosum__[0, 170]",1.327772,0.173044,1.018079,1.668073,0.003036,0.00222,3273.877226,4233.264165,1.000278
"theta_zsn_t_zerosum__[0, 171]",1.470455,0.196458,1.113049,1.848717,0.002639,0.002915,5732.224979,5007.150279,1.001053
"theta_zsn_t_zerosum__[0, 172]",0.736463,0.224498,0.322471,1.154604,0.002546,0.003025,8607.425943,5029.583421,1.000095
"theta_zsn_t_zerosum__[0, 173]",1.37055,0.165168,1.081422,1.697149,0.003804,0.001961,1914.091209,3124.902514,1.000669
"theta_zsn_t_zerosum__[0, 174]",0.949562,0.227213,0.555969,1.397222,0.002534,0.002758,8516.39042,5811.21321,1.001068
"theta_zsn_t_zerosum__[0, 175]",0.573526,0.195648,0.21411,0.949362,0.002341,0.002412,7254.60705,5711.967942,1.000296
"theta_zsn_t_zerosum__[0, 176]",0.922234,0.639503,-0.342464,2.055848,0.008937,0.007822,5328.374726,4712.430471,1.000796
"theta_zsn_t_zerosum__[0, 177]",0.82758,0.229523,0.421996,1.261529,0.002588,0.003098,8638.233467,5504.004297,0.999998
"theta_zsn_t_zerosum__[0, 178]",1.089043,0.245098,0.660104,1.565528,0.002725,0.003378,9017.683261,5653.742699,0.999721
"theta_zsn_t_zerosum__[0, 179]",0.196184,0.797746,-1.319806,1.677627,0.008869,0.00907,8126.879636,4542.985868,1.000499
"theta_zsn_t_zerosum__[0, 180]",0.657129,0.215937,0.258208,1.065601,0.002355,0.00296,9377.045674,4983.81249,1.00053
"theta_zsn_t_zerosum__[0, 181]",1.518093,0.154983,1.233746,1.821088,0.002306,0.001829,4635.813971,5173.388283,1.000126
"theta_zsn_t_zerosum__[0, 182]",0.992076,0.172856,0.688583,1.325413,0.00233,0.00207,5709.021031,5208.526909,1.000102
"theta_zsn_t_zerosum__[0, 183]",0.790041,0.230353,0.381206,1.235615,0.00267,0.003293,8084.356504,4910.565123,1.000673
"theta_zsn_t_zerosum__[0, 184]",1.290508,0.260459,0.823269,1.779868,0.002952,0.003498,8553.957378,5266.719564,1.000584
"theta_zsn_t_zerosum__[0, 185]",1.43073,0.660662,0.163025,2.64293,0.010634,0.009735,4092.743759,4598.980123,1.000835
"theta_zsn_t_zerosum__[0, 186]",0.100072,0.065821,-0.020339,0.225819,0.000783,0.000686,7063.314327,6151.823923,0.999839
"theta_zsn_t_zerosum__[0, 187]",0.270196,0.171485,-0.050929,0.59681,0.001849,0.00215,8932.278967,5326.803901,1.000012
"theta_zsn_t_zerosum__[0, 188]",0.112447,0.797633,-1.495937,1.567278,0.008417,0.009404,9033.492201,5942.381298,1.000006
"theta_zsn_t_zerosum__[0, 189]",0.283874,0.138153,0.020422,0.536503,0.001392,0.001748,10120.668795,5491.661097,1.000199
"theta_zsn_t_zerosum__[0, 190]",0.331708,0.185179,0.002393,0.698812,0.001836,0.002187,10420.580494,6007.857028,1.000882
"theta_zsn_t_zerosum__[0, 191]",0.15096,0.201637,-0.216175,0.537178,0.002495,0.003157,7284.091461,4471.734968,1.000556
"theta_zsn_t_zerosum__[0, 192]",0.214972,0.129049,-0.029816,0.450959,0.001603,0.002077,6859.303438,4676.614141,1.000105
"theta_zsn_t_zerosum__[0, 193]",0.362103,0.086702,0.195512,0.522284,0.001314,0.001015,4356.658554,5109.298182,1.000605
"theta_zsn_t_zerosum__[0, 194]",0.367,0.183975,0.015862,0.707714,0.001914,0.002415,9760.916891,5002.808928,1.00053
"theta_zsn_t_zerosum__[0, 195]",0.658315,0.804892,-0.847727,2.151799,0.009388,0.009291,7417.111876,6239.330601,1.000667
"theta_zsn_t_zerosum__[0, 196]",0.487518,0.155905,0.195035,0.77698,0.001693,0.001781,9204.559763,5502.14027,1.000319
"theta_zsn_t_zerosum__[0, 197]",0.495261,0.189358,0.150827,0.847665,0.00206,0.002454,8988.490137,5278.717832,0.999801
"theta_zsn_t_zerosum__[0, 198]",0.208346,0.797321,-1.286257,1.723041,0.008404,0.00912,9038.709319,6018.733544,1.000186
"theta_zsn_t_zerosum__[0, 199]",0.342637,0.119315,0.105411,0.558532,0.001354,0.001443,7883.365699,5515.12546,1.000492
"theta_zsn_t_zerosum__[0, 200]",0.685732,0.109984,0.473618,0.886217,0.001382,0.001205,6367.41694,5667.673408,1.000286
"theta_zsn_t_zerosum__[0, 201]",0.790037,0.194926,0.417581,1.145303,0.00314,0.002806,3932.380797,4123.640621,1.002184
"theta_zsn_t_zerosum__[0, 202]",0.764656,0.221664,0.349346,1.180089,0.002396,0.002904,9459.828338,5309.756105,1.000325
"theta_zsn_t_zerosum__[0, 203]",0.594232,0.199323,0.214784,0.961432,0.002107,0.002653,9657.339229,5214.017302,1.000447
"theta_zsn_t_zerosum__[0, 204]",0.464809,0.810283,-1.137565,1.930558,0.009366,0.009596,7538.852683,5716.914623,1.000946
"theta_zsn_t_zerosum__[0, 205]",0.386305,0.18101,0.060737,0.741754,0.001842,0.002567,10201.221816,4460.743912,1.001777
"theta_zsn_t_zerosum__[0, 206]",0.560417,0.2066,0.212111,0.989219,0.00214,0.002819,10111.951561,5140.223527,1.000385
"theta_zsn_t_zerosum__[0, 207]",0.762339,0.137915,0.509002,1.025565,0.001751,0.001549,6168.946357,5808.595046,1.000548
"theta_zsn_t_zerosum__[0, 208]",0.125369,0.655098,-1.122421,1.338259,0.006348,0.008598,10865.992511,5547.225316,1.000085
"theta_zsn_t_zerosum__[0, 209]",0.422918,0.18483,0.076053,0.765779,0.001921,0.002367,9534.58673,5762.883272,1.000804
"theta_zsn_t_zerosum__[0, 210]",1.348655,0.196951,0.996898,1.739535,0.002651,0.002722,5629.354026,4785.115597,1.000455
"theta_zsn_t_zerosum__[0, 211]",0.892499,0.215794,0.509053,1.312079,0.002349,0.002734,9009.97893,5586.477459,1.000249
"theta_zsn_t_zerosum__[0, 212]",-1.00469,0.123816,-1.229862,-0.766128,0.001524,0.001614,6584.059464,5070.557793,1.000188
"theta_zsn_t_zerosum__[0, 213]",-2.568653,0.245212,-3.023569,-2.109121,0.003247,0.002722,5807.213326,6026.879012,1.001289
"theta_zsn_t_zerosum__[0, 214]",-1.042664,0.119414,-1.269695,-0.820053,0.001442,0.00141,7095.264707,5248.761302,1.000287
"theta_zsn_t_zerosum__[0, 215]",0.208908,0.137949,-0.053733,0.466577,0.001389,0.001856,10067.250081,5586.675865,1.000384
"theta_zsn_t_zerosum__[0, 216]",-2.635097,0.182278,-2.972363,-2.290689,0.00232,0.002057,6258.583692,5661.217934,1.000455
"theta_zsn_t_zerosum__[0, 217]",-1.996594,0.164753,-2.311206,-1.691583,0.002,0.001993,6820.542795,5557.203677,1.000144
"theta_zsn_t_zerosum__[0, 218]",-2.169853,0.163966,-2.482611,-1.869743,0.001983,0.001965,6864.549203,4576.756357,1.001854
"theta_zsn_t_zerosum__[0, 219]",-1.250808,0.139403,-1.515038,-0.996576,0.001659,0.001733,7439.439724,5253.710875,1.000732
"theta_zsn_t_zerosum__[0, 220]",0.5042,0.152845,0.222557,0.790693,0.001557,0.001964,10041.310278,6284.694148,1.000466
"theta_zsn_t_zerosum__[0, 221]",0.108833,0.259961,-0.387005,0.582834,0.004448,0.003616,3624.134268,4218.773005,1.000743
"theta_zsn_t_zerosum__[0, 222]",0.927534,0.225941,0.51099,1.351472,0.002468,0.002913,8904.713662,5382.56107,1.001178
"theta_zsn_t_zerosum__[0, 223]",1.048153,0.239497,0.615584,1.497721,0.002591,0.003302,9410.73081,4964.789134,1.000581
"theta_zsn_t_zerosum__[0, 224]",0.943344,0.21887,0.532607,1.346987,0.002365,0.003081,9452.760449,5231.040673,1.000237
"theta_zsn_t_zerosum__[0, 225]",0.90263,0.22633,0.492064,1.33635,0.002407,0.002891,9754.715079,5403.886442,1.000402
"theta_zsn_t_zerosum__[0, 226]",0.171771,0.177483,-0.15296,0.510112,0.001878,0.002481,9269.630689,5454.131898,1.000772
"theta_zsn_t_zerosum__[0, 227]",-2.520628,0.194972,-2.881661,-2.158272,0.002256,0.002368,7474.317334,5934.864105,1.000311
"theta_zsn_t_zerosum__[0, 228]",-1.395528,0.156257,-1.683269,-1.091036,0.00158,0.001833,9811.322069,6007.251527,1.000026
"theta_zsn_t_zerosum__[0, 229]",-1.111233,0.154989,-1.407667,-0.820685,0.001764,0.001908,7861.699717,5341.707168,1.000253
"theta_zsn_t_zerosum__[0, 230]",-1.598463,0.147325,-1.870709,-1.320231,0.001624,0.00178,8205.224075,6165.732648,1.000093
"theta_zsn_t_zerosum__[0, 231]",-2.27834,0.165103,-2.590179,-1.967758,0.002219,0.00187,5496.229372,5715.290188,1.000666
"theta_zsn_t_zerosum__[0, 232]",-1.066142,0.07216,-1.201674,-0.931915,0.0011,0.000749,4327.386642,4623.369047,1.000655
"theta_zsn_t_zerosum__[0, 233]",-0.611477,0.062601,-0.725012,-0.491133,0.00083,0.000655,5713.88253,5444.462693,1.00055
"theta_zsn_t_zerosum__[0, 234]",-0.503741,0.081475,-0.653228,-0.350344,0.000934,0.000899,7593.962493,6263.506706,1.000456
"theta_zsn_t_zerosum__[0, 235]",-0.970398,0.103467,-1.160422,-0.772927,0.001232,0.001112,7052.811001,6157.327427,1.001278
"theta_zsn_t_zerosum__[0, 236]",-0.424517,0.059611,-0.53512,-0.309953,0.000738,0.000687,6537.128704,5728.943861,1.000869
"theta_zsn_t_zerosum__[0, 237]",-0.487336,0.149125,-0.76171,-0.195169,0.001516,0.001626,9727.739917,5898.055243,1.000586
"theta_zsn_t_zerosum__[0, 238]",-0.338471,0.071327,-0.468569,-0.201381,0.000862,0.000784,6840.501938,5908.238888,1.000273
"theta_zsn_t_zerosum__[0, 239]",-0.191395,0.070487,-0.324352,-0.056804,0.000797,0.000774,7894.811398,5893.052251,1.000708
"theta_zsn_t_zerosum__[0, 240]",-0.425616,0.134495,-0.688904,-0.178566,0.0015,0.001581,8032.018072,5934.610418,1.001095
"theta_zsn_t_zerosum__[0, 241]",-0.324436,0.108662,-0.52506,-0.118668,0.001135,0.001256,9146.848015,6016.103474,1.000094
"theta_zsn_t_zerosum__[0, 242]",-0.096859,0.091947,-0.27261,0.074468,0.000962,0.001135,9191.046597,6074.896681,0.999943
"theta_zsn_t_zerosum__[0, 243]",-0.031167,0.159135,-0.33057,0.270863,0.001944,0.00196,7088.050422,4932.310624,1.000371
"theta_zsn_t_zerosum__[0, 244]",-0.02981,0.223892,-0.482039,0.371648,0.002371,0.00315,9344.599159,5489.954864,1.00023
"theta_zsn_t_zerosum__[0, 245]",-0.004095,0.529859,-0.931325,1.036955,0.005837,0.007258,8623.694076,5356.950099,0.999988
"theta_zsn_t_zerosum__[0, 246]",0.088899,0.147296,-0.182423,0.363665,0.001671,0.001808,7892.312655,5247.208321,1.000158
"theta_zsn_t_zerosum__[0, 247]",0.106059,0.224304,-0.313119,0.532475,0.002497,0.003639,8576.894506,4683.272737,1.00004
"theta_zsn_t_zerosum__[0, 248]",0.140924,0.153848,-0.156693,0.435142,0.002421,0.002462,4317.612533,3592.210515,1.001117
"theta_zsn_t_zerosum__[0, 249]",0.337411,0.090723,0.165432,0.506589,0.001367,0.001026,4400.16118,5713.246196,1.000883
"theta_zsn_t_zerosum__[0, 250]",0.416146,0.103881,0.221211,0.612379,0.001078,0.001129,9426.993208,6068.549563,1.000547
"theta_zsn_t_zerosum__[0, 251]",0.181449,0.097686,-0.007008,0.358683,0.001223,0.001053,6532.316248,6081.228286,1.000558
"theta_zsn_t_zerosum__[0, 252]",0.5295,0.082086,0.366556,0.67178,0.000953,0.000923,7418.826271,5858.147721,1.000687
"theta_zsn_t_zerosum__[0, 253]",0.662228,0.284619,0.166072,1.212552,0.003962,0.005211,6563.096054,3967.272859,1.000875
"theta_zsn_t_zerosum__[0, 254]",0.66058,0.11242,0.448955,0.872229,0.00133,0.001279,7142.246029,5745.099681,1.000974
"theta_zsn_t_zerosum__[0, 255]",0.878457,0.213824,0.476386,1.274719,0.002342,0.002632,8740.916153,5478.809212,1.000412
"theta_zsn_t_zerosum__[0, 256]",0.418665,0.8016,-1.145646,1.880832,0.008998,0.009374,8022.854539,5919.212424,1.00051
"theta_zsn_t_zerosum__[0, 257]",0.327439,0.8112,-1.194708,1.845454,0.009106,0.009454,8003.481225,5500.375687,1.000184
"theta_zsn_t_zerosum__[0, 258]",1.004999,0.080132,0.856882,1.15924,0.001135,0.000818,5015.587706,5655.596715,1.000926
"theta_zsn_t_zerosum__[0, 259]",0.19497,0.42978,-0.639723,0.983562,0.006071,0.00671,5371.278649,4804.431182,1.001063
"theta_zsn_t_zerosum__[0, 260]",0.095516,0.790825,-1.400335,1.592898,0.008392,0.010038,8920.43208,5350.889186,1.001454
"theta_zsn_t_zerosum__[0, 261]",0.287743,0.122687,0.04661,0.512805,0.001421,0.001573,7610.875307,5181.379111,1.000254
"theta_zsn_t_zerosum__[0, 262]",0.493065,0.195187,0.14112,0.861762,0.002023,0.002717,9942.303795,5556.086922,1.000169
"theta_zsn_t_zerosum__[0, 263]",0.165661,0.171962,-0.155752,0.485682,0.001725,0.002127,9947.649196,6179.237667,1.000834
"theta_zsn_t_zerosum__[0, 264]",0.191139,0.177323,-0.117795,0.547362,0.00186,0.002554,9788.715769,4510.578288,0.999872
"theta_zsn_t_zerosum__[0, 265]",1.100793,0.080492,0.951064,1.255017,0.001118,0.000855,5224.363246,5259.188913,1.00029
"theta_zsn_t_zerosum__[0, 266]",1.193058,0.190206,0.854702,1.557359,0.002356,0.00233,6907.420086,5338.513575,0.999985
"theta_zsn_t_zerosum__[0, 267]",-0.058769,0.797598,-1.576516,1.466903,0.008359,0.010149,9105.776464,5984.522537,1.000298
"theta_zsn_t_zerosum__[0, 268]",0.508584,0.410378,-0.328092,1.165146,0.009521,0.011705,2619.236889,2087.190812,1.001534
"theta_zsn_t_zerosum__[0, 269]",0.737926,0.232788,0.322989,1.169175,0.00276,0.003237,7901.880266,5492.420676,1.000489
"theta_zsn_t_zerosum__[0, 270]",0.256033,0.174376,-0.064344,0.584741,0.002097,0.002363,7371.709799,4382.785593,1.000474
"theta_zsn_t_zerosum__[0, 271]",0.51382,0.191114,0.135003,0.855548,0.001889,0.002463,10645.896903,5361.991621,1.000032
"theta_zsn_t_zerosum__[0, 272]",0.256342,0.180295,-0.079915,0.592927,0.001821,0.002663,10450.920813,5151.015025,1.000451
"theta_zsn_t_zerosum__[0, 273]",0.207025,0.176734,-0.12157,0.534685,0.001828,0.002193,9793.40967,5513.18517,1.001755
"theta_zsn_t_zerosum__[0, 274]",1.208295,0.269973,0.721996,1.720031,0.003243,0.004172,7829.694465,4679.640387,1.000423
"theta_zsn_t_zerosum__[0, 275]",0.852506,0.238142,0.451589,1.338518,0.002804,0.003596,8214.241814,4719.460111,1.000488
"theta_zsn_t_zerosum__[0, 276]",-0.029937,0.788053,-1.533213,1.410057,0.00847,0.008816,8819.808296,5952.787368,1.000121
"theta_zsn_t_zerosum__[0, 277]",0.705918,0.220311,0.327476,1.142655,0.002473,0.003064,8529.537389,5156.946721,1.000556
"theta_zsn_t_zerosum__[0, 278]",0.187263,0.678569,-1.133525,1.420871,0.007875,0.008697,7863.568761,5571.527668,0.999855
"theta_zsn_t_zerosum__[0, 279]",0.66099,0.207658,0.285614,1.061105,0.002436,0.002521,7585.466352,5277.388905,1.000922
"theta_zsn_t_zerosum__[0, 280]",1.238281,0.253218,0.777131,1.726762,0.002691,0.003425,9674.464155,4640.463727,1.000543
"theta_zsn_t_zerosum__[0, 281]",0.710402,0.216733,0.310615,1.118458,0.00236,0.003047,9281.74235,5411.140799,0.999788
"theta_zsn_t_zerosum__[0, 282]",0.683906,0.223571,0.262114,1.089915,0.002521,0.003301,8860.456762,5157.783698,1.000356
"theta_zsn_t_zerosum__[0, 283]",-0.03088,0.804999,-1.553436,1.44419,0.00867,0.010269,8809.135863,5371.630598,1.001824
"theta_zsn_t_zerosum__[0, 284]",0.834398,0.237753,0.416528,1.297961,0.003075,0.003272,6576.623248,4293.311336,1.000364
"theta_zsn_t_zerosum__[0, 285]",1.261516,0.206928,0.871227,1.643211,0.003271,0.002708,4358.91933,4040.104035,1.001709
"theta_zsn_t_zerosum__[0, 286]",0.59956,0.815756,-0.976161,2.051397,0.009614,0.009719,7451.247246,5104.164389,0.999989
"theta_zsn_t_zerosum__[0, 287]",-0.823285,0.100796,-1.014762,-0.640045,0.001095,0.001288,8649.029965,5290.681932,0.999934
"theta_zsn_t_zerosum__[0, 288]",-1.002917,0.104419,-1.202875,-0.811953,0.001136,0.001161,8435.344523,6133.492742,0.999776
"theta_zsn_t_zerosum__[0, 289]",-2.059174,0.155235,-2.350953,-1.763709,0.00188,0.001746,6891.408903,5618.442186,1.001399
"theta_zsn_t_zerosum__[0, 290]",-0.763455,0.101757,-0.958958,-0.571868,0.001204,0.001233,7158.015617,5648.827714,1.000327
"theta_zsn_t_zerosum__[0, 291]",-0.462768,0.077393,-0.604467,-0.312008,0.001003,0.000903,5959.865372,5893.018125,1.001095
"theta_zsn_t_zerosum__[0, 292]",-1.300942,0.1086,-1.504558,-1.096424,0.001281,0.001193,7209.370081,5725.069011,1.000704
"theta_zsn_t_zerosum__[0, 293]",-0.733295,0.624718,-1.900812,0.42861,0.006272,0.007294,10210.062877,5677.816107,0.999968
"theta_zsn_t_zerosum__[0, 294]",0.170311,0.175741,-0.157202,0.501362,0.001796,0.002277,9849.907849,5525.882389,1.000508
"theta_zsn_t_zerosum__[0, 295]",0.331056,0.175192,0.001835,0.658926,0.00181,0.002179,9489.338669,6032.908449,1.000631
"theta_zsn_t_zerosum__[0, 296]",0.258322,0.181034,-0.061471,0.610284,0.001864,0.002347,9945.247792,5426.111245,0.999948
"theta_zsn_t_zerosum__[0, 297]",-1.228383,0.150921,-1.506556,-0.942905,0.001685,0.001823,8142.684616,4939.471344,1.000418
"theta_zsn_t_zerosum__[0, 298]",-0.194012,0.219144,-0.612089,0.208211,0.002549,0.003163,7981.987729,5224.280705,1.000428
"theta_zsn_t_zerosum__[0, 299]",0.422931,0.129998,0.184706,0.669671,0.001421,0.001418,8424.331378,6130.616569,1.000557
"theta_zsn_t_zerosum__[0, 300]",0.103673,0.629029,-1.072482,1.256102,0.007801,0.008027,6952.995413,4842.74492,1.000338
"theta_zsn_t_zerosum__[0, 301]",0.735196,0.145665,0.474078,1.016304,0.001473,0.002043,10187.230326,5683.516407,1.001137
"theta_zsn_t_zerosum__[0, 302]",0.745492,0.153651,0.446687,1.016569,0.001603,0.001793,9196.982109,5927.320219,1.000515
"theta_zsn_t_zerosum__[0, 303]",0.790259,0.228949,0.367665,1.21701,0.00258,0.003403,9068.038085,4988.552143,1.000763
"theta_zsn_t_zerosum__[0, 304]",1.006247,0.220699,0.602042,1.434427,0.0025,0.002698,8375.074574,4945.605224,1.000488
"theta_zsn_t_zerosum__[0, 305]",0.10809,0.171047,-0.219126,0.424085,0.001626,0.002129,11315.264024,6126.214652,0.999822
"theta_zsn_t_zerosum__[0, 306]",-0.247118,0.739116,-1.696276,1.06069,0.008786,0.009419,7288.71562,5296.534535,1.000031
"theta_zsn_t_zerosum__[0, 307]",0.889097,0.227203,0.484841,1.330058,0.002422,0.002984,9530.042462,5418.866203,0.999863
"theta_zsn_t_zerosum__[0, 308]",1.132832,0.234381,0.699916,1.560621,0.004869,0.002275,2327.095585,4843.005013,1.001949
"theta_zsn_t_zerosum__[0, 309]",0.534148,0.186866,0.176101,0.864226,0.002781,0.003314,5281.07528,3767.444198,1.000794
"theta_zsn_t_zerosum__[0, 310]",-1.123813,0.080844,-1.27233,-0.968811,0.00114,0.000787,5020.579087,5893.042909,1.000226
"theta_zsn_t_zerosum__[0, 311]",-1.110867,0.158733,-1.416835,-0.823081,0.001687,0.001785,8938.788172,6223.580784,0.999888
"theta_zsn_t_zerosum__[0, 312]",-1.040087,0.089946,-1.205257,-0.86446,0.001142,0.001037,6202.770189,5694.104108,1.000665
"theta_zsn_t_zerosum__[0, 313]",-0.704593,0.10472,-0.909846,-0.517372,0.001155,0.00134,8380.488522,5231.2109,1.000357
"theta_zsn_t_zerosum__[0, 314]",-0.599175,0.117673,-0.825384,-0.38537,0.001613,0.001272,5351.578404,5854.797868,1.0002
"theta_zsn_t_zerosum__[0, 315]",-0.810324,0.063255,-0.924998,-0.686016,0.00089,0.000639,5071.422177,5595.047187,1.000672
"theta_zsn_t_zerosum__[0, 316]",-0.667623,0.102162,-0.854397,-0.476003,0.001102,0.001178,8571.767801,6067.986808,1.000493
"theta_zsn_t_zerosum__[0, 317]",-0.38045,0.187976,-0.71761,-0.008524,0.001985,0.002189,9047.059926,5893.630901,1.000619
"theta_zsn_t_zerosum__[0, 318]",-0.53159,0.060938,-0.641493,-0.413936,0.00076,0.000634,6401.509225,6424.80693,1.000164
"theta_zsn_t_zerosum__[0, 319]",0.007363,0.07285,-0.129358,0.145666,0.000834,0.00084,7639.333872,5142.394652,1.000489
"theta_zsn_t_zerosum__[0, 320]",-0.177788,0.092955,-0.353081,-0.009876,0.001167,0.00098,6330.384308,5960.6341,1.000131
"theta_zsn_t_zerosum__[0, 321]",-0.460387,0.091487,-0.624708,-0.279873,0.001057,0.001015,7497.795854,5953.659699,1.000476
"theta_zsn_t_zerosum__[0, 322]",-0.084133,0.059872,-0.197831,0.026239,0.00072,0.00067,6891.169374,5815.011978,1.000092
"theta_zsn_t_zerosum__[0, 323]",-0.366821,0.053655,-0.4686,-0.266053,0.000715,0.000571,5639.725716,6083.142899,1.000101
"theta_zsn_t_zerosum__[0, 324]",-0.396146,0.069777,-0.524916,-0.263586,0.000946,0.000771,5460.433066,5324.132013,1.000296
"theta_zsn_t_zerosum__[0, 325]",-0.439639,0.076484,-0.584879,-0.300572,0.000898,0.000816,7245.484448,5496.65287,1.000712
"theta_zsn_t_zerosum__[0, 326]",-0.639615,0.071394,-0.777091,-0.511117,0.0009,0.000777,6320.637611,6436.174347,1.000241
"theta_zsn_t_zerosum__[0, 327]",0.496833,0.200366,0.114956,0.863651,0.002351,0.002658,7881.134394,4941.472804,1.000092
"theta_zsn_t_zerosum__[0, 328]",0.596823,0.110984,0.396128,0.816946,0.001226,0.001387,8452.027823,5752.421731,1.001214
"theta_zsn_t_zerosum__[0, 329]",0.628866,0.270934,0.143564,1.143609,0.003331,0.004315,7969.500366,4192.650951,1.000527
"theta_zsn_t_zerosum__[0, 330]",0.650418,0.121475,0.436306,0.888511,0.001286,0.001584,9257.493766,5924.677229,1.000042
"theta_zsn_t_zerosum__[0, 331]",0.132005,0.149806,-0.143294,0.416117,0.001435,0.001829,10944.631991,6139.012088,1.000049
"theta_zsn_t_zerosum__[0, 332]",0.793784,0.155881,0.481137,1.071966,0.001971,0.002277,6437.70757,4987.428308,1.000409
"theta_zsn_t_zerosum__[0, 333]",0.789493,0.097177,0.610905,0.976039,0.001149,0.001163,7185.936734,5139.808339,1.001152
"theta_zsn_t_zerosum__[0, 334]",0.320399,0.134786,0.079754,0.5745,0.001388,0.001735,10163.769006,5770.315042,1.000235
"theta_zsn_t_zerosum__[0, 335]",0.252434,0.113455,0.031073,0.457646,0.001229,0.00145,8644.53066,5655.220856,1.000408
"theta_zsn_t_zerosum__[0, 336]",0.121954,0.170569,-0.185042,0.456023,0.001746,0.002157,9813.224245,5533.088613,1.000149
"theta_zsn_t_zerosum__[0, 337]",0.548246,0.374465,-0.157019,1.266472,0.004349,0.005029,7570.767572,5833.100538,1.000104
"theta_zsn_t_zerosum__[0, 338]",0.168986,0.145231,-0.116638,0.427069,0.001858,0.001782,6272.849069,5472.656669,1.002062
"theta_zsn_t_zerosum__[0, 339]",0.135732,0.120767,-0.089859,0.360292,0.001328,0.001538,8614.194374,5460.121333,0.999965
"theta_zsn_t_zerosum__[0, 340]",-0.28443,0.159063,-0.595914,0.005681,0.00159,0.002051,10022.449808,5822.238198,1.0006
"theta_zsn_t_zerosum__[0, 341]",0.04499,0.100559,-0.151119,0.228967,0.001105,0.001142,8348.943901,5824.068116,1.0002
"theta_zsn_t_zerosum__[0, 342]",-0.52398,0.156871,-0.82804,-0.234806,0.001622,0.00193,9379.007189,5463.081733,1.000089
"theta_zsn_t_zerosum__[0, 343]",-0.101657,0.316498,-0.691877,0.475429,0.004395,0.005291,6123.371333,3901.410563,1.000897
"theta_zsn_t_zerosum__[0, 344]",0.199735,0.639663,-1.000705,1.396886,0.006417,0.008324,10872.815547,5037.474718,0.999841
"theta_zsn_t_zerosum__[0, 345]",0.845403,0.142582,0.567035,1.106396,0.001807,0.001519,6260.7765,6186.949735,1.000068
"theta_zsn_t_zerosum__[0, 346]",-0.219747,0.788705,-1.820781,1.172951,0.008758,0.00857,8101.727392,6580.818824,0.99999
"theta_zsn_t_zerosum__[0, 347]",0.613367,0.153231,0.321212,0.892447,0.001558,0.002056,9978.926864,5164.736289,1.000608
"theta_zsn_t_zerosum__[0, 348]",0.011149,0.116102,-0.211538,0.2302,0.00123,0.001324,8914.10213,5955.585273,1.001988
"theta_zsn_t_zerosum__[0, 349]",0.786811,0.148138,0.506339,1.065311,0.001683,0.001789,7864.577973,5471.816509,1.000982
"theta_zsn_t_zerosum__[0, 350]",0.675145,0.142813,0.420165,0.965589,0.00161,0.001802,7887.373045,5696.889533,1.000698
"theta_zsn_t_zerosum__[0, 351]",0.774956,0.166459,0.471908,1.088152,0.002062,0.002033,6551.713902,5733.383877,1.000119
"theta_zsn_t_zerosum__[0, 352]",0.895186,0.159428,0.606262,1.208834,0.001875,0.001825,7227.382613,5784.831704,0.999991
"theta_zsn_t_zerosum__[0, 353]",0.480218,0.183372,0.142131,0.836545,0.001891,0.002566,9788.278061,5795.747388,1.00099
"theta_zsn_t_zerosum__[0, 354]",0.847122,0.166942,0.519081,1.142383,0.001744,0.002078,9224.790233,5679.90174,1.001105
"theta_zsn_t_zerosum__[0, 355]",0.17348,0.178733,-0.157919,0.516649,0.001778,0.002519,10393.429045,5271.389275,1.000481
"theta_zsn_t_zerosum__[0, 356]",0.747701,0.123302,0.513638,0.978285,0.001674,0.001305,5419.08473,5967.065597,1.000001
"theta_zsn_t_zerosum__[0, 357]",0.964312,0.226812,0.566567,1.40375,0.00241,0.00304,9484.700669,5595.429856,1.000207
"theta_zsn_t_zerosum__[0, 358]",0.678251,0.206542,0.317447,1.058433,0.003401,0.002651,3780.607955,4964.837062,1.000348
"theta_zsn_t_zerosum__[0, 359]",1.144568,0.206923,0.7595,1.534375,0.002755,0.002549,5816.640773,5209.774886,1.000249
"theta_zsn_t_zerosum__[0, 360]",0.065998,0.64282,-1.118942,1.270315,0.007021,0.010434,9275.565083,4440.339514,1.000275
"theta_zsn_t_zerosum__[0, 361]",1.057756,0.111951,0.850579,1.273185,0.001503,0.001337,5586.038176,4993.106452,1.000453
"theta_zsn_t_zerosum__[0, 362]",0.55202,0.198243,0.185969,0.933142,0.002317,0.002671,7747.095128,4761.041738,1.000591
"theta_zsn_t_zerosum__[0, 363]",0.857446,0.239708,0.441494,1.323641,0.002699,0.0032,8878.105821,5183.207161,1.000516
"theta_zsn_t_zerosum__[0, 364]",0.224096,0.184027,-0.121098,0.562717,0.001948,0.002817,9493.144711,5116.839152,1.000023
"theta_zsn_t_zerosum__[0, 365]",1.383185,0.232824,0.959483,1.840535,0.003052,0.002768,6028.359313,4828.475524,1.000319
"theta_zsn_t_zerosum__[0, 366]",1.213572,0.129306,0.980633,1.472235,0.001937,0.001491,4503.95191,5414.136563,1.000854
"theta_zsn_t_zerosum__[0, 367]",0.539833,0.192886,0.176728,0.890152,0.00202,0.002358,9614.371126,5769.90272,0.999864
"theta_zsn_t_zerosum__[0, 368]",-0.81768,0.797828,-2.28522,0.659758,0.00858,0.009712,8701.722242,5788.69065,1.00046
"theta_zsn_t_zerosum__[0, 369]",-0.104433,0.162523,-0.400782,0.21199,0.001564,0.00211,11054.817156,5381.634388,1.000153
"theta_zsn_t_zerosum__[0, 370]",0.733512,0.225651,0.331379,1.157976,0.002692,0.00405,8265.077404,4698.646599,1.000317
"theta_zsn_t_zerosum__[0, 371]",0.282354,0.166008,-0.021406,0.610467,0.001661,0.002126,10235.519621,5230.083438,1.000337
"theta_zsn_t_zerosum__[0, 372]",0.142374,0.173419,-0.185361,0.467512,0.001887,0.002379,8872.687421,5495.571624,1.000422
"theta_zsn_t_zerosum__[0, 373]",-0.340099,0.156662,-0.635181,-0.048613,0.00155,0.001961,10239.960339,5251.572035,1.001322
"theta_zsn_t_zerosum__[0, 374]",1.097921,0.153848,0.816296,1.40025,0.001788,0.001777,7496.74581,5827.87544,0.999682
"theta_zsn_t_zerosum__[0, 375]",1.238179,0.253975,0.776528,1.714011,0.002702,0.003115,9498.346094,6150.395637,0.999717
"theta_zsn_t_zerosum__[0, 376]",1.584305,0.544571,0.553857,2.614717,0.006934,0.007618,6432.46455,4619.479396,1.000756
"theta_zsn_t_zerosum__[0, 377]",1.567948,0.522187,0.523683,2.500144,0.007485,0.007843,5153.29486,4123.834378,1.001307
"theta_zsn_t_zerosum__[0, 378]",0.958061,0.243814,0.507778,1.40732,0.002782,0.003792,8760.493954,4733.698031,1.000013
"theta_zsn_t_zerosum__[0, 379]",0.388484,0.796065,-1.087796,1.890867,0.008299,0.008906,9346.603947,5458.88491,1.000722
"theta_zsn_t_zerosum__[0, 380]",0.312513,0.182275,-0.022201,0.657962,0.001797,0.002444,10958.048134,5670.896009,1.000474
"theta_zsn_t_zerosum__[0, 381]",1.76796,0.188935,1.419711,2.119684,0.002489,0.003322,6118.212256,4610.795449,1.000424
"theta_zsn_t_zerosum__[0, 382]",1.391576,0.179569,1.066333,1.746777,0.002162,0.002364,7004.647154,5205.539214,1.000425
"theta_zsn_t_zerosum__[0, 383]",0.331959,0.180692,-0.006955,0.664854,0.002113,0.002449,7842.830113,4768.354539,1.000412
"theta_zsn_t_zerosum__[0, 384]",0.512602,0.200333,0.142814,0.886984,0.002204,0.002765,8740.232885,5304.443228,0.999954
"theta_zsn_t_zerosum__[0, 385]",0.994894,0.233603,0.589564,1.45282,0.002517,0.003219,9426.266542,5128.912601,1.000211
"theta_zsn_t_zerosum__[0, 386]",0.671085,0.804968,-0.827485,2.196519,0.00987,0.009018,6759.821648,5504.033262,1.000083
"theta_zsn_t_zerosum__[0, 387]",-0.118287,0.157704,-0.417352,0.175032,0.001612,0.00208,9687.896649,5506.122086,1.001764
"theta_zsn_t_zerosum__[0, 388]",0.637533,0.841565,-0.92106,2.24315,0.010494,0.010308,6843.018081,5073.907408,1.000583
"theta_zsn_t_zerosum__[0, 389]",0.480674,0.256778,0.040873,0.969333,0.003473,0.003597,6076.986719,4839.007101,1.00039
"theta_zsn_t_zerosum__[0, 390]",0.917095,0.250415,0.476379,1.389634,0.003114,0.004889,8088.16563,3818.703838,1.001528
"theta_zsn_t_zerosum__[0, 391]",1.455747,0.231641,1.037905,1.922387,0.003354,0.003026,4912.537629,4600.03573,1.000786
"theta_zsn_t_zerosum__[0, 392]",0.539034,0.204032,0.16433,0.913721,0.002129,0.003163,10383.929554,5790.964413,1.000341
"theta_zsn_t_zerosum__[0, 393]",2.236212,0.266742,1.723458,2.733871,0.004095,0.003863,4257.887168,4546.027015,1.002139
"theta_zsn_t_zerosum__[0, 394]",0.467641,0.189833,0.128633,0.835114,0.002258,0.002416,7325.34533,5151.282829,1.00072
"theta_zsn_t_zerosum__[0, 395]",0.76502,0.228143,0.362113,1.196969,0.002581,0.003662,8711.404533,4474.372716,1.000258
"theta_zsn_t_zerosum__[0, 396]",1.120003,0.240757,0.67171,1.560696,0.002731,0.003154,8655.046911,5623.564171,0.999821
"theta_zsn_t_zerosum__[0, 397]",0.792551,0.830482,-0.734818,2.351382,0.01061,0.009568,6451.359967,5040.983122,1.000425
"theta_zsn_t_zerosum__[0, 398]",0.312868,0.187488,-0.029127,0.677753,0.001903,0.002547,10133.056501,5010.205536,1.001054
"theta_zsn_t_zerosum__[0, 399]",0.794413,0.840753,-0.844755,2.31898,0.010824,0.009357,6263.682041,5508.181073,0.999745
"theta_zsn_t_zerosum__[0, 400]",1.546449,0.305056,1.000538,2.12058,0.003536,0.003904,8391.169387,5264.871148,1.000982
"theta_zsn_t_zerosum__[0, 401]",-2.555741,0.198674,-2.938343,-2.188718,0.002402,0.002248,6881.110515,5948.099173,1.000574
"theta_zsn_t_zerosum__[0, 402]",-0.108367,0.103366,-0.300727,0.089208,0.001139,0.001168,8264.129168,5906.604486,1.000301
"theta_zsn_t_zerosum__[0, 403]",0.105968,0.130626,-0.143278,0.347661,0.001408,0.001666,8665.319135,4996.821474,1.000736
"theta_zsn_t_zerosum__[0, 404]",-0.207405,0.336211,-0.911794,0.328425,0.004811,0.005578,6028.063985,4141.90476,1.000812
"theta_zsn_t_zerosum__[0, 405]",-0.541525,0.110782,-0.745423,-0.327333,0.001238,0.001294,8037.221006,5724.208551,1.001312
"theta_zsn_t_zerosum__[0, 406]",-0.587354,0.157181,-0.884877,-0.293712,0.001558,0.002107,10296.452723,5859.327301,1.000509
"theta_zsn_t_zerosum__[0, 407]",-0.402123,0.15544,-0.707033,-0.122907,0.001536,0.002153,10185.697216,5367.758148,1.000926
"theta_zsn_t_zerosum__[0, 408]",-0.197275,0.157478,-0.481332,0.106486,0.001567,0.002098,10148.578208,5444.53398,1.001538
"theta_zsn_t_zerosum__[0, 409]",-0.973899,0.397507,-1.735921,-0.273729,0.005113,0.005265,6722.352525,5500.090533,0.999981
"theta_zsn_t_zerosum__[0, 410]",-3.132268,0.31788,-3.744466,-2.549391,0.004388,0.003566,5462.569804,4493.991822,1.000443
"theta_zsn_t_zerosum__[0, 411]",-0.757822,0.129395,-1.015568,-0.528716,0.001391,0.001424,8652.529075,5928.381723,1.002167
"theta_zsn_t_zerosum__[0, 412]",-0.600873,0.08025,-0.747557,-0.449085,0.000991,0.000882,6551.644024,6229.666297,1.000777
"theta_zsn_t_zerosum__[0, 413]",-0.315186,0.084353,-0.473375,-0.158827,0.000984,0.000937,7306.305875,6090.41215,0.999864
"theta_zsn_t_zerosum__[0, 414]",0.033639,0.16154,-0.263509,0.333287,0.001847,0.00211,7972.261814,5085.258188,1.000052
"theta_zsn_t_zerosum__[0, 415]",0.032298,0.095595,-0.145906,0.214214,0.001011,0.001076,9065.59478,5638.100551,1.000286
"theta_zsn_t_zerosum__[0, 416]",0.093824,0.160206,-0.200947,0.40036,0.001735,0.001917,8500.85769,5502.571652,1.000364
"theta_zsn_t_zerosum__[0, 417]",0.107349,0.10779,-0.09664,0.306813,0.001129,0.001293,9320.100471,5559.403457,0.999966
"theta_zsn_t_zerosum__[0, 418]",0.077738,0.104126,-0.105581,0.279438,0.001229,0.001161,7171.37962,5637.141436,1.001267
"theta_zsn_t_zerosum__[0, 419]",0.433796,0.079419,0.283403,0.579558,0.001006,0.00092,6233.071783,5906.472613,1.000503
"theta_zsn_t_zerosum__[0, 420]",0.570638,0.266197,0.102171,1.0809,0.003482,0.004727,7220.419466,4346.400836,1.000803
"theta_zsn_t_zerosum__[0, 421]",0.88632,0.211689,0.469331,1.268732,0.002671,0.003178,6462.164818,5036.344237,1.000647
"theta_zsn_t_zerosum__[0, 422]",0.249395,0.617882,-0.976637,1.325106,0.008019,0.008256,6401.813011,5414.321301,1.00065
"theta_zsn_t_zerosum__[0, 423]",0.1026,0.158321,-0.21279,0.378093,0.002276,0.002996,5693.573609,3678.412475,1.000286
"theta_zsn_t_zerosum__[0, 424]",-0.28862,0.649611,-1.534635,0.890362,0.006681,0.007817,9879.97787,5659.11357,1.000221
"theta_zsn_t_zerosum__[0, 425]",0.810944,0.207337,0.431219,1.210451,0.002177,0.002775,9774.254061,5314.258192,1.000078
"theta_zsn_t_zerosum__[0, 426]",0.718866,0.195822,0.372045,1.096331,0.002082,0.002549,9171.030814,5823.087704,1.000185
"theta_zsn_t_zerosum__[0, 427]",0.706009,0.213406,0.333187,1.130514,0.00242,0.002522,8227.538419,5610.823896,1.000362
"theta_zsn_t_zerosum__[0, 428]",1.04483,0.211027,0.648256,1.442394,0.002504,0.002572,7239.371475,5328.069711,1.000375
"theta_zsn_t_zerosum__[0, 429]",0.937871,0.898351,-0.818495,2.504201,0.012021,0.00973,5817.34783,5400.621798,1.000799
"theta_zsn_t_zerosum__[0, 430]",1.163922,0.23943,0.726981,1.620852,0.002442,0.003177,9945.118396,5274.386164,1.00011
"theta_zsn_t_zerosum__[0, 431]",1.167203,0.195592,0.783179,1.518796,0.002421,0.002483,6542.253293,5550.549013,1.000199
"theta_zsn_t_zerosum__[0, 432]",0.832429,0.414011,0.038092,1.61502,0.009079,0.011824,2677.561785,1765.957728,1.000345
"theta_zsn_t_zerosum__[0, 433]",0.717314,0.197442,0.358084,1.093614,0.001999,0.002501,10256.112401,5223.78293,1.001587
"theta_zsn_t_zerosum__[0, 434]",-0.956759,0.27854,-1.447173,-0.424314,0.003432,0.005013,8476.164858,4212.74042,1.00062
"theta_zsn_t_zerosum__[0, 435]",-1.661211,0.149086,-1.950544,-1.383746,0.00169,0.001997,7820.950856,4626.128764,1.000624
"theta_zsn_t_zerosum__[0, 436]",-1.689178,0.156997,-1.975835,-1.384208,0.0019,0.001684,6884.033349,5643.505109,1.000814
"theta_zsn_t_zerosum__[0, 437]",0.394349,0.178692,0.06286,0.732371,0.001997,0.002164,8166.979805,5066.941001,1.000072
"theta_zsn_t_zerosum__[0, 438]",0.556073,0.115871,0.330939,0.772113,0.001344,0.001275,7422.857196,6245.72996,1.000467
"theta_zsn_t_zerosum__[0, 439]",0.414415,0.621783,-0.745601,1.572129,0.008688,0.008507,5455.776608,4815.45952,1.000088
"theta_zsn_t_zerosum__[0, 440]",0.781061,0.152479,0.485596,1.062308,0.001674,0.001833,8289.524369,5838.336451,1.001146
"theta_zsn_t_zerosum__[0, 441]",0.726243,0.195653,0.348521,1.08883,0.002133,0.002425,8815.801877,5604.368329,1.001068
"theta_zsn_t_zerosum__[0, 442]",1.061655,0.268287,0.585167,1.565326,0.003067,0.004131,8899.297123,4841.620983,0.999891
"theta_zsn_t_zerosum__[0, 443]",0.630869,0.210032,0.239978,1.029072,0.002231,0.002917,9923.212045,4898.915025,1.000835
"theta_zsn_t_zerosum__[0, 444]",1.192349,0.204105,0.825755,1.599765,0.00272,0.002658,5637.992163,5231.390886,1.001043
"theta_zsn_t_zerosum__[0, 445]",1.036674,0.655191,-0.294896,2.178238,0.010062,0.009222,4539.691186,3908.752994,1.001315
"theta_zsn_t_zerosum__[0, 446]",0.18945,0.434036,-0.644545,0.964135,0.006091,0.007115,5715.1572,4006.83785,1.000846
"theta_zsn_t_zerosum__[0, 447]",-0.533208,0.644874,-1.72986,0.680186,0.007627,0.00794,7458.157425,5381.367466,0.999755
"theta_zsn_t_zerosum__[0, 448]",-1.316312,0.110183,-1.520707,-1.110674,0.001556,0.001178,5012.773001,5967.177501,1.00027
"theta_zsn_t_zerosum__[0, 449]",-1.245057,0.105114,-1.437291,-1.047053,0.001434,0.001043,5358.074429,6164.554955,1.000663
"theta_zsn_t_zerosum__[0, 450]",-0.892824,0.066445,-1.015563,-0.766127,0.000952,0.000667,4884.492273,5949.06417,1.000339
"theta_zsn_t_zerosum__[0, 451]",-0.472839,0.062964,-0.594419,-0.356987,0.000822,0.000649,5860.698584,5520.994409,1.000476
"theta_zsn_t_zerosum__[0, 452]",-0.435644,0.082313,-0.580383,-0.273502,0.000956,0.000959,7456.221069,5945.112998,1.001018
"theta_zsn_t_zerosum__[0, 453]",-0.147971,0.105912,-0.334738,0.066998,0.00112,0.001345,9129.537343,4786.663863,0.999913
"theta_zsn_t_zerosum__[0, 454]",-0.600757,0.102548,-0.801354,-0.41261,0.001194,0.001349,7393.282202,5406.573907,0.99993
"theta_zsn_t_zerosum__[0, 455]",-0.564031,0.102157,-0.7582,-0.37536,0.001067,0.001138,9181.381194,6161.771343,1.000614
"theta_zsn_t_zerosum__[0, 456]",-1.889091,0.148365,-2.155635,-1.602998,0.001731,0.001681,7342.698129,5462.658923,1.000224
"theta_zsn_t_zerosum__[0, 457]",-2.380678,0.170011,-2.70951,-2.067722,0.00226,0.001867,5679.092629,6055.556785,1.000808
"theta_zsn_t_zerosum__[0, 458]",0.967726,0.127451,0.725411,1.194829,0.001809,0.001359,4967.726131,5478.622626,1.000237
"theta_zsn_t_zerosum__[0, 459]",1.36255,0.128228,1.130151,1.606114,0.001953,0.001539,4430.386153,5120.573928,0.99983
"theta_zsn_t_zerosum__[0, 460]",0.0364,0.80173,-1.514328,1.470852,0.008678,0.009315,8768.98988,5713.299864,1.000616
"theta_zsn_t_zerosum__[0, 461]",-0.238899,0.807513,-1.848026,1.214155,0.009089,0.010127,8158.467522,4936.659925,1.000702
"theta_zsn_t_zerosum__[0, 462]",0.690686,0.348532,0.030737,1.37294,0.005869,0.00636,3838.956116,3597.700155,1.001447
"theta_zsn_t_zerosum__[0, 463]",0.299973,0.179781,-0.022754,0.651368,0.002041,0.002197,8184.538567,5771.142357,0.999856
"theta_zsn_t_zerosum__[0, 464]",0.274256,0.116228,0.066493,0.499744,0.001203,0.001466,9847.991749,5592.782832,1.000091
"theta_zsn_t_zerosum__[0, 465]",0.20356,0.17333,-0.117737,0.524664,0.001726,0.002304,10463.880973,5500.241769,0.999979
"theta_zsn_t_zerosum__[0, 466]",0.174691,0.06868,0.053985,0.311383,0.000783,0.000774,7815.17745,5575.008959,1.000808
"theta_zsn_t_zerosum__[0, 467]",0.211677,0.307519,-0.360312,0.78961,0.003868,0.005051,6864.906907,4711.217024,1.00067
"theta_zsn_t_zerosum__[0, 468]",-0.292547,0.144688,-0.56087,-0.024563,0.001692,0.001955,7625.214055,5665.000832,1.000511
"theta_zsn_t_zerosum__[0, 469]",-0.031099,0.114017,-0.245508,0.183787,0.001245,0.001392,8683.664387,5039.357132,1.000111
"theta_zsn_t_zerosum__[0, 470]",-0.225159,0.087429,-0.381884,-0.054538,0.000929,0.001027,8920.263495,5939.951524,1.000511
"theta_zsn_t_zerosum__[0, 471]",-0.357171,0.147483,-0.634313,-0.09223,0.001864,0.00194,6703.142314,5640.041214,1.000925
"theta_zsn_t_zerosum__[0, 472]",-0.100869,0.064768,-0.227392,0.012667,0.000793,0.000672,6739.756852,5973.445001,1.000001
"theta_zsn_t_zerosum__[0, 473]",0.461394,0.193214,0.10564,0.827727,0.002271,0.002448,7574.333553,5548.265247,1.000482
"theta_zsn_t_zerosum__[0, 474]",0.572059,0.091266,0.404047,0.747431,0.001036,0.001029,7742.632618,5613.14054,1.000231
"theta_zsn_t_zerosum__[0, 475]",0.407861,0.194791,0.062233,0.778815,0.002169,0.003227,9118.888582,5008.05235,1.000744
"theta_zsn_t_zerosum__[0, 476]",0.413734,0.074723,0.280344,0.560185,0.000932,0.000779,6427.494014,6328.830177,1.000576
"theta_zsn_t_zerosum__[0, 477]",0.529706,0.108998,0.315263,0.725727,0.001369,0.001161,6343.323589,5838.267246,1.000475
"theta_zsn_t_zerosum__[0, 478]",-0.070304,0.112626,-0.285109,0.137622,0.001294,0.001332,7637.355149,5378.268844,1.000646
"theta_zsn_t_zerosum__[0, 479]",0.145708,0.086794,-0.017177,0.304457,0.00095,0.001057,8424.161531,5610.953736,1.000656
"theta_zsn_t_zerosum__[0, 480]",-0.057027,0.142939,-0.335357,0.197488,0.001465,0.001733,9541.408805,5661.382142,1.001707
"theta_zsn_t_zerosum__[0, 481]",0.065832,0.0561,-0.038237,0.171222,0.000676,0.000609,6885.062419,6071.499477,1.000791
"theta_zsn_t_zerosum__[0, 482]",0.707022,0.341282,0.097828,1.396768,0.004029,0.004371,7341.785734,5653.433706,1.000422
"theta_zsn_t_zerosum__[0, 483]",0.762379,0.142277,0.505536,1.0324,0.001627,0.001909,7944.923289,5003.201371,0.999658
"theta_zsn_t_zerosum__[0, 484]",0.597176,0.531577,-0.390687,1.618453,0.005869,0.006364,8484.000971,5585.489537,1.000421
"theta_zsn_t_zerosum__[0, 485]",0.097245,0.172504,-0.200113,0.440853,0.002973,0.001692,3487.188943,5393.332509,1.000444
"theta_zsn_t_zerosum__[0, 486]",0.253963,0.083309,0.101432,0.414008,0.000842,0.000946,9812.82529,5865.149964,1.000166
"theta_zsn_t_zerosum__[0, 487]",0.20637,0.169661,-0.102899,0.539302,0.001625,0.002271,11213.996739,5485.26731,0.999731
"theta_zsn_t_zerosum__[0, 488]",0.219135,0.072724,0.081216,0.352239,0.000819,0.000831,7884.006782,6133.918252,1.000025
"theta_zsn_t_zerosum__[0, 489]",-1.602803,0.181675,-1.931748,-1.258276,0.002132,0.00231,7788.897381,5079.299221,1.000121
"theta_zsn_t_zerosum__[0, 490]",-1.095465,0.124647,-1.333215,-0.865831,0.001476,0.001411,7356.184348,5410.393588,0.999917
"theta_zsn_t_zerosum__[0, 491]",-1.110722,0.127327,-1.353079,-0.87611,0.001603,0.001538,6654.900474,4933.363704,1.000814
"theta_zsn_t_zerosum__[0, 492]",-2.399841,0.188538,-2.757866,-2.052166,0.002252,0.002104,7053.2684,6220.173093,1.000695
"theta_zsn_t_zerosum__[0, 493]",-2.578474,0.195244,-2.931645,-2.213817,0.002373,0.002203,6914.633115,5325.492836,1.000537
"theta_zsn_t_zerosum__[0, 494]",-2.128181,0.178257,-2.451252,-1.786808,0.001984,0.002055,8143.59475,5479.574208,1.000093
"theta_zsn_t_zerosum__[0, 495]",-1.419288,0.172304,-1.745037,-1.099228,0.001813,0.002185,9070.387094,5913.604847,1.000787
"theta_zsn_t_zerosum__[0, 496]",-0.403756,0.090464,-0.577648,-0.238817,0.001064,0.001089,7180.978026,4744.246455,1.000165
"theta_zsn_t_zerosum__[0, 497]",-0.344052,0.091551,-0.51682,-0.174428,0.000991,0.001125,8534.02949,4790.030834,1.000681
"theta_zsn_t_zerosum__[0, 498]",-0.422289,0.100626,-0.60274,-0.224867,0.001122,0.001259,8091.947148,5398.591952,1.000467
"theta_zsn_t_zerosum__[0, 499]",-0.556552,0.103891,-0.751835,-0.359996,0.001103,0.001472,8891.867655,5411.295961,1.000427
"theta_zsn_t_zerosum__[0, 500]",-0.677547,0.086701,-0.838684,-0.511039,0.001058,0.000944,6720.480047,5900.1977,1.000169
"theta_zsn_t_zerosum__[0, 501]",-0.511458,0.100639,-0.70503,-0.32694,0.001115,0.00127,8184.253764,5194.485844,1.000705
"theta_zsn_t_zerosum__[0, 502]",-0.44013,0.081742,-0.595324,-0.285569,0.000916,0.000931,7940.343748,5894.919493,1.000035
"theta_zsn_t_zerosum__[0, 503]",-0.946799,0.124072,-1.170427,-0.709395,0.001432,0.001381,7501.531387,5973.128903,0.999831
"theta_zsn_t_zerosum__[0, 504]",-0.048011,0.095064,-0.222785,0.130263,0.001123,0.001079,7180.206916,5965.176316,1.000369
"theta_zsn_t_zerosum__[0, 505]",0.273233,0.12578,0.05014,0.515419,0.001366,0.001543,8889.746823,5834.10481,1.000581
"theta_zsn_t_zerosum__[0, 506]",0.092366,0.142061,-0.173091,0.361869,0.002095,0.001601,4599.336659,4710.407914,1.000647
"theta_zsn_t_zerosum__[0, 507]",0.375901,0.191268,0.017582,0.732993,0.001938,0.002546,10353.454053,5245.754827,1.000459
"theta_zsn_t_zerosum__[0, 508]",0.459143,0.183749,0.11225,0.799394,0.001902,0.002627,9842.178362,4450.844511,1.001356
"theta_zsn_t_zerosum__[0, 509]",0.635412,0.177531,0.312942,0.970969,0.00175,0.002163,10452.192953,5853.770071,1.000219
"theta_zsn_t_zerosum__[0, 510]",0.310219,0.62649,-0.889107,1.420765,0.008538,0.00787,5747.257206,5137.391508,1.000193
"theta_zsn_t_zerosum__[0, 511]",0.358227,0.147612,0.091542,0.644141,0.001947,0.001655,5830.208884,5763.202732,1.000172
"theta_zsn_t_zerosum__[0, 512]",0.632246,0.209496,0.237528,1.017097,0.002277,0.002523,8954.941563,5979.182363,1.000501
"theta_zsn_t_zerosum__[0, 513]",0.478714,0.183456,0.144905,0.83587,0.00188,0.002245,9780.773364,5046.292163,1.002075
"theta_zsn_t_zerosum__[0, 514]",0.795591,0.222114,0.399412,1.209534,0.002449,0.00302,8959.607592,5345.840721,1.000933
"theta_zsn_t_zerosum__[0, 515]",0.834585,0.191586,0.468826,1.184176,0.001959,0.002358,9988.886081,5765.594934,1.00095
"theta_zsn_t_zerosum__[0, 516]",0.927815,0.213996,0.527688,1.327503,0.002365,0.00251,8509.978176,5837.381268,0.999951
"theta_zsn_t_zerosum__[0, 517]",1.022475,0.185559,0.67706,1.374461,0.002453,0.002319,6152.154776,4703.500519,1.001387
"theta_zsn_t_zerosum__[0, 518]",-1.310067,0.151886,-1.603302,-1.03533,0.001566,0.001924,9432.744752,5320.097004,0.999986
"theta_zsn_t_zerosum__[0, 519]",-2.170432,0.16536,-2.471555,-1.854336,0.001967,0.002065,7126.136157,5653.959718,1.001658
"theta_zsn_t_zerosum__[0, 520]",-2.038471,0.161523,-2.347051,-1.749662,0.001888,0.001605,7299.805071,6396.37206,1.000584
"theta_zsn_t_zerosum__[0, 521]",-1.897828,0.175477,-2.225896,-1.574669,0.001891,0.002073,8546.732492,5675.039097,1.000514
"theta_zsn_t_zerosum__[0, 522]",-1.164378,0.101901,-1.354494,-0.974862,0.001375,0.001063,5494.314763,6277.552676,1.000325
"theta_zsn_t_zerosum__[0, 523]",-1.872443,0.251319,-2.354286,-1.404214,0.002635,0.003157,9178.535105,5956.141417,1.000453
"theta_zsn_t_zerosum__[0, 524]",-2.185432,0.181128,-2.519981,-1.84721,0.002056,0.002031,7840.922727,5332.245574,0.999997
"theta_zsn_t_zerosum__[0, 525]",-2.163617,0.185569,-2.526107,-1.830697,0.003007,0.00213,3810.920053,4113.961762,1.000249
"theta_h_base[0, 0]",-2.110486,0.185277,-2.467942,-1.774103,0.003007,0.002114,3800.446446,4036.976405,1.000243
"theta_h_base[1, 0]",1.27282,0.255134,0.807456,1.755095,0.003326,0.002701,5987.09873,5024.861848,1.000897
