,mean,sd,hdi_3%,hdi_97%,mcse_mean,mcse_sd,ess_bulk,ess_tail,r_hat
"A[AISI CTF Suites - Apprentice, axis1]",1.675393,0.142355,1.408015,1.944772,0.000524,0.00048,74217.705051,59152.12678,0.999981
"A[AISI CTF Suites - Expert, axis1]",1.582504,0.231874,1.152398,2.028987,0.00114,0.000961,42408.342408,39262.326886,1.00008
"A[AISI CTF Suites - Practitioner, axis1]",3.189811,0.665071,1.877244,4.387279,0.006691,0.008117,12704.345092,7991.416948,1.000426
"A[AISI CTF Suites - Technical Non-Expert, axis1]",1.585631,0.246673,1.118621,2.049927,0.000939,0.000938,70883.447628,48429.913397,1.000164
"A[AISI Cyber Ranges - Cooling Tower, axis1]",0.930077,0.502962,0.159844,1.860038,0.002122,0.002067,54032.21974,54597.048775,1.000057
"A[AISI Cyber Ranges - The Last Ones, axis1]",1.579805,0.188841,1.221192,1.934056,0.000872,0.000712,47011.802984,47090.898146,1.000025
"A[APEX-Agents, axis1]",1.278336,0.100255,1.088533,1.467712,0.000438,0.00032,52495.174091,54634.135776,1.000132
"A[ARC AI2, axis1]",1.026087,0.120686,0.800344,1.253979,0.000618,0.000387,38005.779946,49735.761663,1.000091
"A[Aider Polyglot, axis1]",2.080285,0.212329,1.682442,2.478546,0.000871,0.000659,59440.300061,59003.23887,1.000035
"A[AudioMultiChallenge, axis1]",0.519185,0.154402,0.233512,0.816332,0.000747,0.000659,40360.625381,31739.235752,1.000205
"A[Balrog, axis1]",0.820445,0.085975,0.655002,0.979597,0.000305,0.000317,80252.304066,54734.361353,1.000038
"A[BioLP-bench, axis1]",1.912021,0.190279,1.547035,2.266974,0.000694,0.00063,75457.520753,59547.165987,1.000051
"A[CL-bench, axis1]",0.518101,0.12124,0.286452,0.743375,0.000577,0.000404,43827.436398,41145.590842,1.000035
"A[CL-bench Life, axis1]",0.577654,0.151684,0.288321,0.855523,0.000863,0.000512,30232.516224,35861.84276,1.00008
"A[CTI-REALM, axis1]",0.68984,0.121883,0.454292,0.917033,0.000512,0.000478,57164.599198,44374.449117,0.999989
"A[CadEval, axis1]",1.323759,0.280861,0.793071,1.857087,0.001106,0.001063,65462.940772,44046.277482,1.000032
"A[Chess Puzzles, axis1]",1.326967,0.074536,1.185008,1.465084,0.00031,0.00023,57835.70082,61756.951992,1.000053
"A[CritPt, axis1]",1.689799,0.096634,1.509728,1.872086,0.000481,0.0003,40387.404833,54192.40491,1.00011
"A[CyScenarioBench, axis1]",1.398995,0.516776,0.409892,2.308611,0.003346,0.001848,22588.347083,19438.353316,1.000246
"A[Cybench, axis1]",2.275927,0.192073,1.912201,2.633923,0.00071,0.000633,73267.051666,61124.884609,1.000036
"A[CyberGym, axis1]",0.699246,0.145615,0.423197,0.972416,0.00058,0.000517,62449.443898,45976.858039,1.000049
"A[DTBench, axis1]",0.990376,0.035814,0.923281,1.057772,0.000165,0.000112,46942.572327,60359.580715,1.000062
"A[DeepResearch Bench, axis1]",0.213561,0.065554,0.095907,0.337307,0.00035,0.0002,34272.367477,47611.215141,1.000149
"A[DeepSWE, axis1]",1.191502,0.189048,0.840868,1.548602,0.000998,0.000666,35941.865877,39865.832101,1.000048
"A[DrugDiscoveryBench, axis1]",0.410079,0.154849,0.145665,0.696728,0.000823,0.000793,35997.685957,46065.610285,1.00008
"A[EBR-bench, axis1]",1.439769,0.290252,0.885355,1.979573,0.001266,0.000977,51865.505983,45271.466521,1.000083
"A[ExploitBench, axis1]",1.153273,0.212369,0.753862,1.557186,0.000964,0.000822,49086.16538,42506.801704,1.000141
"A[Fiction.LiveBench, axis1]",2.07462,0.436294,1.250866,2.896345,0.001897,0.001485,53031.930911,43102.91547,1.000172
"A[FrontierCode, axis1]",0.837763,0.133056,0.584551,1.08777,0.000614,0.00046,47233.815137,47130.333075,1.000106
"A[FrontierMath Erdos, axis1]",0.448244,0.225258,0.10122,0.86494,0.000934,0.00098,55263.268636,55156.918256,1.000116
"A[FrontierMath Tier 4 v2, axis1]",3.256955,0.212775,2.855744,3.655538,0.001044,0.000674,41506.059423,55188.671909,1.000107
"A[FrontierMath Tiers 1-3 v2, axis1]",2.053179,0.107709,1.849779,2.25698,0.000521,0.000329,42668.733381,54755.147657,1.000103
"A[FrontierSWE v2, axis1]",1.434617,0.414699,0.589303,2.164891,0.003373,0.002528,15801.356146,10279.589745,1.000522
"A[GBAEval, axis1]",0.997578,0.423505,0.263083,1.776208,0.002032,0.001432,40554.71556,40972.705425,1.000056
"A[GDP.pdf, axis1]",0.744813,0.113278,0.533681,0.957713,0.000518,0.000367,47516.052315,48375.201169,1.00015
"A[GDPval, axis1]",0.766141,0.326878,0.197501,1.363693,0.001286,0.00107,60035.77501,54032.453169,0.999964
"A[GPQA Diamond, axis1]",1.293961,0.037916,1.223126,1.365646,0.000206,0.000113,33899.548982,54380.610115,1.000153
"A[GPQA Diamond Biology, axis1]",0.684701,0.134513,0.434816,0.940031,0.000506,0.000449,70157.510701,52020.498387,1.000121
"A[GPQA Diamond Chemistry, axis1]",1.021149,0.097545,0.836599,1.20353,0.000362,0.000322,72313.818002,58044.8579,1.0
"A[GPQA Main Biology, axis1]",0.823851,0.126541,0.585176,1.061995,0.000475,0.000441,70572.423629,52972.390519,1.000084
"A[GPQA Main Chemistry, axis1]",0.966955,0.075306,0.826126,1.109799,0.000293,0.000244,66043.796341,58290.162414,1.000038
"A[GSM8K, axis1]",1.819815,0.216947,1.41656,2.227855,0.001304,0.000725,27598.826853,39845.369426,1.000216
"A[GSO-Bench, axis1]",1.826011,0.191836,1.45989,2.182985,0.000836,0.000641,52943.760559,52973.738411,1.000007
"A[HLE, axis1]",1.30663,0.098062,1.122102,1.491942,0.000381,0.000317,66490.892521,60898.258827,1.000033
"A[InterCode-CTF, axis1]",2.345228,0.191978,1.983558,2.707593,0.000756,0.000701,65389.974717,51190.478744,1.000045
"A[LAB-Bench Cloning, axis1]",0.90151,0.116384,0.689727,1.130411,0.000421,0.00039,76306.009378,58227.236691,1.000039
"A[LAB-Bench LitQA2, axis1]",0.434322,0.064305,0.314133,0.555845,0.000233,0.000211,75756.42512,57434.352868,1.000111
"A[LAB-Bench Protocol, axis1]",0.902609,0.082413,0.749313,1.059313,0.000305,0.000278,72844.310622,58425.537831,1.000057
"A[LAB-Bench SeqQA, axis1]",0.861394,0.076406,0.717074,1.004129,0.000291,0.000257,68955.980854,60150.481675,0.999992
"A[LMCA, axis1]",0.936111,0.038423,0.864817,1.00935,0.000167,0.000123,52900.486745,59145.929037,1.000069
"A[Lech Mazur Writing, axis1]",0.514954,0.111711,0.306106,0.726659,0.000397,0.000378,77816.094722,52255.376052,1.000021
"A[MATH Level 5, axis1]",2.76265,0.138075,2.502836,3.022786,0.000623,0.00042,49173.565134,60380.93959,1.000126
"A[MCP Atlas, axis1]",0.89054,0.155652,0.594249,1.182044,0.000677,0.000533,52952.882813,44938.973408,1.000126
"A[METR Time Horizons, axis1]",0.897011,0.047362,0.809036,0.987143,0.00018,0.000153,69461.570794,62504.006769,1.000011
"A[MMLU, axis1]",1.056309,0.049592,0.964174,1.150565,0.000249,0.000157,39670.114313,54142.438309,1.000133
"A[MMLU Biology, axis1]",0.451914,0.05758,0.344202,0.5606,0.000206,0.000198,77735.453726,58792.576294,1.000047
"A[MMLU Chemistry, axis1]",0.707408,0.053884,0.604993,0.8076,0.000206,0.000175,68071.057025,59631.068688,1.000043
"A[MMLU Pro Biology, axis1]",1.113424,0.111558,0.903613,1.32396,0.000445,0.000381,63087.776937,53170.178574,1.000105
"A[MMLU Pro Chemistry, axis1]",1.5745,0.119794,1.350286,1.801072,0.000492,0.000402,59245.3658,55428.091159,1.000035
"A[MMLU-Pro, axis1]",0.891631,0.072083,0.757907,1.029244,0.000261,0.000241,76171.389364,61063.937335,1.000126
"A[MirrorCode, axis1]",0.681009,0.356651,0.127209,1.332335,0.001853,0.001792,36329.518839,47003.480532,1.000131
"A[MultiChallenge, axis1]",0.587243,0.128234,0.348768,0.831753,0.000574,0.00043,49584.766438,44523.126674,1.000096
"A[MultiNRC, axis1]",1.428253,0.103871,1.232924,1.624294,0.000444,0.000337,54588.318592,57497.551967,1.000007
"A[Mystery Game Puzzles, axis1]",1.060635,0.10288,0.869607,1.256255,0.000457,0.000344,50744.338673,52828.914619,1.000014
"A[NL2Bash, axis1]",1.278421,0.131124,1.034255,1.528295,0.000463,0.000441,80204.484951,60083.738249,0.999984
"A[OEIS Open Lite, axis1]",0.720553,0.291735,0.201437,1.242785,0.002446,0.002057,13591.738983,16626.468572,1.000285
"A[OSWorld, axis1]",0.398369,0.185659,0.106256,0.742659,0.00071,0.000806,66025.629001,59011.684395,1.000066
"A[OSWorld 2.0, axis1]",1.27513,0.248509,0.810093,1.748546,0.001368,0.001047,33768.757861,28673.327079,1.000223
"A[OTIS Mock AIME 2024-2025, axis1]",2.186347,0.095221,2.006601,2.363856,0.000429,0.000276,49283.431712,62056.312716,1.000064
"A[PRBench, axis1]",0.401153,0.085502,0.237106,0.558906,0.000322,0.000295,69576.495193,52149.185024,1.00008
"A[PostTrainBench v1.1, axis1]",0.679711,0.214386,0.274173,1.072494,0.001403,0.000885,22002.081553,19651.960248,1.000147
"A[ProofBench, axis1]",2.422505,0.286182,1.891465,2.967764,0.001403,0.000916,41697.02741,46818.289026,1.000101
"A[Remote Labor Index, axis1]",1.222049,0.321966,0.576982,1.794159,0.002404,0.001852,19307.449942,13346.594153,1.000111
"A[SEAL Tool Use (Enterprise), axis1]",0.93331,0.133016,0.67984,1.181793,0.000518,0.000453,66125.493836,52520.726333,1.000104
"A[SWE Atlas, axis1]",1.096168,0.193727,0.722643,1.454959,0.001123,0.000811,30293.433921,29384.805902,1.000204
"A[SimpleQA Verified, axis1]",0.777827,0.080966,0.627326,0.931875,0.000285,0.00027,80431.803175,60111.860771,1.000101
"A[Surface Evolver Bench, axis1]",1.658268,0.238706,1.215395,2.115055,0.001201,0.000769,39401.653852,45224.421508,1.000171
"A[Terminal Bench 2.0, axis1]",2.00468,0.174771,1.676555,2.335824,0.00083,0.00055,44311.030607,53463.538057,1.000031
"A[The Agent Company, axis1]",1.923854,0.423988,1.120783,2.722242,0.002059,0.001692,43505.314083,34856.929767,1.000051
"A[TriviaQA, axis1]",0.330389,0.100052,0.149999,0.520552,0.000446,0.000326,48266.397793,42874.321482,1.0001
"A[TutorBench, axis1]",0.388585,0.07333,0.248971,0.524618,0.000282,0.00024,67155.326941,53400.06214,1.00005
"A[WMDP Biology, axis1]",0.503772,0.109893,0.294957,0.706949,0.000423,0.000374,66520.989101,49713.054055,1.00012
"A[WMDP Chemistry, axis1]",0.63692,0.084018,0.479452,0.795135,0.000306,0.00028,75119.19867,57602.726712,1.00006
"A[WeirdML v2, axis1]",1.228812,0.051111,1.132497,1.324061,0.000229,0.000144,49666.798137,63146.297817,1.000035
D[AISI CTF Suites - Apprentice],0.690292,0.107313,0.484858,0.889396,0.000367,0.000371,85860.376544,64233.953643,1.000016
D[AISI CTF Suites - Expert],1.620982,0.276836,1.107852,2.154349,0.001317,0.001162,45747.970724,43930.933332,1.000098
D[AISI CTF Suites - Practitioner],1.727667,0.6328,0.511335,2.892518,0.00623,0.007727,13668.244218,8734.464335,1.000434
D[AISI CTF Suites - Technical Non-Expert],-1.394988,0.16645,-1.708595,-1.08118,0.000537,0.000585,96703.80664,64616.634021,1.00001
D[AISI Cyber Ranges - Cooling Tower],3.417617,0.543175,2.408281,4.460974,0.002031,0.002065,72684.669748,59625.446397,1.000049
D[AISI Cyber Ranges - The Last Ones],1.927061,0.248283,1.462911,2.402104,0.001103,0.000946,51332.219357,50045.392761,1.000049
D[APEX-Agents],2.406031,0.112423,2.198283,2.621305,0.000444,0.000355,64270.887087,59668.930777,1.000087
D[ARC AI2],-2.221209,0.222566,-2.6404,-1.802687,0.001114,0.000699,39866.026899,54197.502396,1.000131
D[Aider Polyglot],-0.125086,0.079552,-0.274589,0.024957,0.000263,0.000258,91886.163357,66786.951365,1.000016
D[AudioMultiChallenge],0.276796,0.121443,0.034345,0.500297,0.000581,0.000594,45523.777272,43624.54203,1.0001
D[Balrog],0.720397,0.064798,0.594434,0.838656,0.000202,0.000228,103430.122477,65591.00427,1.000072
D[BioLP-bench],1.077425,0.112185,0.86273,1.286429,0.000396,0.000363,80281.989914,66123.836951,1.000006
D[CL-bench],1.812552,0.093083,1.638577,1.989223,0.00042,0.000296,49120.345584,52601.40726,1.000029
D[CL-bench Life],2.300771,0.164657,1.995377,2.610212,0.000875,0.000537,35182.718247,49784.926356,1.000089
D[CTI-REALM],0.246391,0.091079,0.077099,0.421904,0.00036,0.000348,65003.640901,56044.484684,1.000076
D[CadEval],0.010362,0.130206,-0.233903,0.259465,0.000444,0.000473,86854.994908,63144.292519,1.000058
D[Chess Puzzles],2.258303,0.067569,2.130974,2.384202,0.000228,0.000207,87489.157573,67965.980263,0.99999
D[CritPt],3.924605,0.116105,3.7045,4.140875,0.000509,0.000358,52114.625953,61471.22857,1.000021
D[CyScenarioBench],4.224953,0.905061,2.535285,5.872205,0.005482,0.002891,26895.165474,36295.625785,1.000185
D[Cybench],0.848535,0.113048,0.633352,1.05878,0.000378,0.000377,89777.587144,66451.997478,1.000111
D[CyberGym],-0.272701,0.180702,-0.622794,0.05924,0.000692,0.000625,68754.737288,56211.291576,1.000095
D[DTBench],-1.164491,0.027237,-1.21451,-1.112002,9.5e-05,8.1e-05,81511.539693,68544.903656,1.000016
D[DeepResearch Bench],0.262071,0.059174,0.151546,0.372479,0.000288,0.00018,42259.747414,56894.284406,1.000068
D[DeepSWE],1.370484,0.250606,0.898927,1.837467,0.001286,0.000852,38055.651105,45062.260353,1.000123
D[DrugDiscoveryBench],0.845841,0.18584,0.525861,1.20714,0.000926,0.000966,44038.597291,43754.218092,1.000065
D[EBR-bench],2.885289,0.464975,2.012574,3.76257,0.002023,0.001595,53191.915781,50074.221317,1.000101
D[ExploitBench],2.006032,0.311208,1.40194,2.579595,0.001358,0.001155,53029.688567,50572.613769,1.000193
D[Fiction.LiveBench],-0.343886,0.128809,-0.588175,-0.102878,0.0004,0.000455,104007.264247,66967.089999,1.000103
D[FrontierCode],1.597958,0.178109,1.258073,1.932584,0.000788,0.000574,51170.715892,53526.064505,1.000068
D[FrontierMath Erdos],5.383,0.720517,3.986041,6.717466,0.002899,0.002594,62196.03524,58393.928689,1.000008
D[FrontierMath Tier 4 v2],4.425648,0.257872,3.937149,4.907456,0.001153,0.000817,50028.575321,57343.778518,1.00004
D[FrontierMath Tiers 1-3 v2],1.748572,0.084377,1.584241,1.902916,0.000333,0.000263,64037.580555,63378.169772,1.00007
D[FrontierSWE v2],3.095093,0.601751,1.927141,4.201941,0.004702,0.0033,17139.176264,13463.266832,1.000442
D[GBAEval],2.213418,0.56708,1.202209,3.294606,0.002572,0.001935,49086.188247,54391.430037,1.000017
D[GDP.pdf],2.364367,0.150556,2.084938,2.650869,0.000663,0.000478,51424.453483,55881.170816,1.000165
D[GDPval],0.70393,0.219494,0.301164,1.126884,0.000772,0.000761,81251.125847,63914.157177,1.000041
D[GPQA Diamond],-0.858697,0.023491,-0.902976,-0.814655,9.3e-05,6.8e-05,64301.254252,67115.527407,1.000072
D[GPQA Diamond Biology],-0.685479,0.112778,-0.900147,-0.475477,0.00041,0.000369,75660.980882,61626.009402,1.000019
D[GPQA Diamond Chemistry],-0.257176,0.080402,-0.408277,-0.106067,0.000287,0.000268,78241.274943,62773.690149,1.000006
D[GPQA Main Biology],-0.916679,0.105454,-1.115063,-0.717553,0.000385,0.000344,75000.997499,60629.288831,1.000047
D[GPQA Main Chemistry],-0.137133,0.061684,-0.253661,-0.021071,0.000225,0.000202,75276.777457,65178.577939,1.000089
D[GSM8K],-2.941142,0.363401,-3.630259,-2.265255,0.002147,0.001202,28625.850058,44039.328611,1.000224
D[GSO-Bench],3.044848,0.19982,2.663752,3.415995,0.00082,0.00064,59767.675754,57347.674362,1.000049
D[HLE],2.124607,0.075676,1.981051,2.266106,0.000263,0.000239,83160.760404,65275.501391,1.000024
D[InterCode-CTF],-2.003666,0.184331,-2.349556,-1.655192,0.000702,0.000729,72441.129272,53745.404871,1.000065
D[LAB-Bench Cloning],0.051639,0.087866,-0.11158,0.219979,0.000314,0.000296,78293.324079,63180.99482,1.00003
D[LAB-Bench LitQA2],0.15369,0.051715,0.055096,0.249831,0.000181,0.000169,81338.871836,65073.81902,1.000009
D[LAB-Bench Protocol],-0.782866,0.067392,-0.90784,-0.654525,0.000242,0.000227,77830.564678,62720.992152,1.000133
D[LAB-Bench SeqQA],-0.543293,0.060411,-0.659636,-0.431823,0.000219,0.000199,76085.528274,64319.315217,1.000031
D[LMCA],1.155655,0.030367,1.099476,1.213544,9.9e-05,9.3e-05,94120.756985,70596.695176,0.999983
D[Lech Mazur Writing],-1.233606,0.050967,-1.327973,-1.135852,0.000162,0.000165,99137.19632,68863.005514,1.000032
D[MATH Level 5],-2.038884,0.103685,-2.233334,-1.843272,0.000393,0.000322,69715.792961,63314.621667,1.000006
D[MCP Atlas],-0.040835,0.162156,-0.351781,0.260505,0.000671,0.000544,58586.634338,54455.799451,1.000055
D[METR Time Horizons],-0.171943,0.033902,-0.235047,-0.107365,0.000111,0.000113,93927.398177,66720.172119,1.000013
D[MMLU],-2.122861,0.06386,-2.245504,-2.004457,0.000299,0.000199,45728.312707,55713.86552,1.000104
D[MMLU Biology],-1.212947,0.049478,-1.304985,-1.119007,0.000169,0.000162,86261.5936,66176.174491,1.000027
D[MMLU Chemistry],-0.997473,0.049939,-1.091103,-0.903092,0.000175,0.000166,81258.652872,65138.081385,1.00006
D[MMLU Pro Biology],-2.370125,0.100946,-2.552742,-2.172947,0.000382,0.000328,69980.031866,61592.409784,1.000083
D[MMLU Pro Chemistry],-1.928494,0.11023,-2.138473,-1.72354,0.000417,0.000372,69944.393955,61106.477803,1.000052
D[MMLU-Pro],-1.273773,0.054187,-1.375784,-1.172158,0.000172,0.000171,99064.668359,70273.97518,1.000062
D[MirrorCode],2.010106,0.621506,0.962458,3.216297,0.003047,0.002969,45794.755674,45307.871115,1.000127
D[MultiChallenge],0.046256,0.088915,-0.119856,0.21509,0.000358,0.000286,61680.469932,60189.463602,1.000033
D[MultiNRC],1.25529,0.070491,1.124111,1.39016,0.000268,0.000229,69193.749504,61595.470619,1.000003
D[Mystery Game Puzzles],2.120034,0.101409,1.925895,2.307654,0.000403,0.000319,63307.021067,59640.312705,0.999984
D[NL2Bash],-1.461098,0.161653,-1.763814,-1.153111,0.000533,0.000565,92885.830903,64514.492311,1.000029
D[OEIS Open Lite],1.517901,0.429429,0.753554,2.314092,0.003534,0.002817,14744.226719,24206.892576,1.000291
D[OSWorld],-0.089151,0.244057,-0.53977,0.384582,0.000783,0.000985,98500.978827,60941.332618,1.000151
D[OSWorld 2.0],3.292293,0.374381,2.594095,4.010867,0.001984,0.00146,36298.234821,34518.885284,1.000202
D[OTIS Mock AIME 2024-2025],-0.116595,0.050178,-0.212255,-0.023622,0.000174,0.000162,83278.232582,66054.653551,1.000029
D[PRBench],0.444742,0.074814,0.305032,0.586824,0.000262,0.000245,81611.150955,64591.426284,1.000158
D[PostTrainBench v1.1],1.793126,0.31565,1.208576,2.382709,0.002014,0.001264,23718.434807,24754.502655,1.000145
D[ProofBench],2.951565,0.335754,2.319031,3.581292,0.001593,0.001041,44585.09486,52763.343324,1.000045
D[Remote Labor Index],4.455289,0.428711,3.606333,5.212942,0.002943,0.002018,22367.316577,18531.336295,1.000084
D[SEAL Tool Use (Enterprise)],-0.713546,0.094223,-0.892708,-0.536598,0.000353,0.000319,71519.058616,59765.771916,1.000025
D[SWE Atlas],1.803176,0.251348,1.312186,2.261232,0.001416,0.00098,31964.905995,34077.544957,1.00014
D[SimpleQA Verified],0.982559,0.079493,0.835215,1.13316,0.000266,0.00026,89156.209428,67686.036325,0.999996
D[Surface Evolver Bench],0.844338,0.235655,0.413502,1.300225,0.001123,0.000737,43951.412188,55497.256939,1.000153
D[Terminal Bench 2.0],1.174172,0.111177,0.962977,1.383469,0.000495,0.000346,50556.405024,60741.538498,1.000067
D[The Agent Company],0.451128,0.200311,0.063603,0.82276,0.000841,0.000704,57278.325825,52921.188764,1.000018
D[TriviaQA],-1.579816,0.168209,-1.896059,-1.270461,0.000708,0.000548,56402.974922,61120.622699,1.000106
D[TutorBench],0.153551,0.052292,0.057694,0.254045,0.000194,0.000173,72683.1593,64127.698431,1.000087
D[WMDP Biology],-1.731137,0.095293,-1.911725,-1.552431,0.000346,0.00031,75416.818664,63770.973505,1.000117
D[WMDP Chemistry],-1.000296,0.081663,-1.156652,-0.848969,0.000283,0.00027,83353.903204,65017.443989,1.000038
D[WeirdML v2],0.482283,0.036718,0.414634,0.552645,0.000126,0.000115,84586.396152,65801.253433,0.999985
"delta_h_log__[0, 0]",0.115696,0.252997,-0.349052,0.540979,0.001362,0.002547,46296.006165,35737.652319,1.000072
"delta_h_log__[1, 0]",-1.229082,0.864094,-2.848509,0.020801,0.008511,0.013865,16066.622596,10725.942044,1.000179
"delta_h_log__[2, 0]",-0.650877,0.426791,-1.433325,0.055806,0.00226,0.0041,49085.956826,35192.416848,1.000136
"delta_h_log__[3, 0]",0.872595,0.243623,0.417027,1.306269,0.000915,0.001356,82166.028493,51081.513951,1.000054
"delta_h_log__[4, 0]",0.313267,0.261029,-0.177046,0.7843,0.001249,0.001159,46108.828878,50053.628754,1.000042
"logA_z_zerosum__[0, 0]",0.806186,0.153062,0.520135,1.095897,0.000761,0.000543,40391.259547,52592.249169,1.00012
"logA_z_zerosum__[0, 1]",0.698982,0.251724,0.229589,1.167445,0.001287,0.001475,41422.206392,40125.822915,1.000105
"logA_z_zerosum__[0, 2]",1.819082,0.426514,1.080369,2.542904,0.005359,0.014597,13347.615855,8281.325072,1.000399
"logA_z_zerosum__[0, 3]",0.700066,0.271868,0.187761,1.192612,0.001156,0.001742,60400.213716,49511.803382,1.000112
"logA_z_zerosum__[0, 4]",-0.389358,0.909658,-2.105922,1.256555,0.003891,0.002794,55029.94157,57343.506768,1.00007
"logA_z_zerosum__[0, 5]",0.702748,0.201569,0.316542,1.075387,0.000952,0.000916,46123.780586,47303.853816,0.999986
"logA_z_zerosum__[0, 6]",0.363445,0.130363,0.110747,0.603309,0.000581,0.000446,50353.759861,55810.11756,1.000154
"logA_z_zerosum__[0, 7]",-0.003368,0.195995,-0.372496,0.364192,0.001008,0.000712,38339.946507,47496.644512,1.000102
"logA_z_zerosum__[0, 8]",1.158526,0.193192,0.79974,1.529293,0.001075,0.00065,32303.242488,46558.13216,1.000042
"logA_z_zerosum__[0, 9]",-1.181845,0.519828,-2.193895,-0.244163,0.002735,0.00276,40589.88961,35467.971909,1.000164
"logA_z_zerosum__[0, 10]",-0.367747,0.179887,-0.713471,-0.044015,0.000726,0.000772,66168.837837,51095.263218,1.000036
"logA_z_zerosum__[0, 11]",1.020694,0.184543,0.677064,1.373075,0.000997,0.000631,34090.576019,47237.173954,1.000142
"logA_z_zerosum__[0, 12]",-1.158413,0.417096,-1.945103,-0.415324,0.00216,0.001905,39977.480267,41338.874245,1.000114
"logA_z_zerosum__[0, 13]",-0.992285,0.464722,-1.882109,-0.180484,0.002775,0.002276,29760.076767,36325.499682,1.000107
"logA_z_zerosum__[0, 14]",-0.669939,0.311361,-1.250929,-0.099688,0.001473,0.001662,49604.520093,42775.482683,0.999997
"logA_z_zerosum__[0, 15]",0.384396,0.377435,-0.333773,1.046143,0.001615,0.002315,66236.618014,44089.483972,1.000006
"logA_z_zerosum__[0, 16]",0.427519,0.095893,0.250381,0.612223,0.000467,0.00031,42282.466198,51688.839204,1.000111
"logA_z_zerosum__[0, 17]",0.823732,0.112885,0.614712,1.038459,0.000749,0.000387,22819.303172,39070.928989,1.000232
"logA_z_zerosum__[0, 18]",0.378773,0.711697,-1.048759,1.501859,0.005211,0.00533,22692.828658,19590.738371,1.000262
"logA_z_zerosum__[0, 19]",1.308696,0.174481,0.977784,1.634481,0.001091,0.000571,25620.300725,45450.14024,1.000181
"logA_z_zerosum__[0, 20]",-0.658412,0.366654,-1.368562,-0.023214,0.001635,0.001874,56800.564037,45881.612602,1.000089
"logA_z_zerosum__[0, 21]",-0.050871,0.058751,-0.161585,0.059514,0.000272,0.000195,47113.685078,55934.638685,1.000047
"logA_z_zerosum__[0, 22]",-2.636687,0.529261,-3.643144,-1.679017,0.00278,0.001839,36618.053195,48501.461047,1.000071
"logA_z_zerosum__[0, 23]",0.231236,0.270114,-0.272929,0.724307,0.001452,0.001282,36341.688776,39509.248425,1.000095
"logA_z_zerosum__[0, 24]",-1.602081,0.616596,-2.767177,-0.443877,0.00317,0.00215,37777.987414,46767.939441,1.000102
"logA_z_zerosum__[0, 25]",0.527663,0.3475,-0.135407,1.151102,0.001602,0.001813,50918.166712,45500.503072,1.000087
"logA_z_zerosum__[0, 26]",0.169295,0.31829,-0.431375,0.740918,0.001526,0.002078,50037.181408,41645.059601,1.000142
"logA_z_zerosum__[0, 27]",1.121205,0.376025,0.408462,1.802026,0.001776,0.001984,48155.762436,44620.379298,1.000087
"logA_z_zerosum__[0, 28]",-0.346614,0.275502,-0.864716,0.151769,0.001359,0.001325,44252.730304,45904.365635,1.0001
"logA_z_zerosum__[0, 29]",-1.536579,0.808551,-3.07192,-0.048033,0.003148,0.002539,66167.563283,59830.904225,1.000115
"logA_z_zerosum__[0, 30]",1.899323,0.19483,1.53437,2.265764,0.001594,0.000816,14919.43116,29881.791653,1.000358
"logA_z_zerosum__[0, 31]",1.143729,0.126665,0.90957,1.383052,0.000957,0.000488,17534.603614,33239.597075,1.000207
"logA_z_zerosum__[0, 32]",0.471776,0.565934,-0.643926,1.370778,0.005488,0.007997,15760.01697,10123.765795,1.000577
"logA_z_zerosum__[0, 33]",-0.198353,0.758548,-1.645446,1.124149,0.003843,0.002999,40895.608467,42600.784869,1.000059
"logA_z_zerosum__[0, 34]",-0.537132,0.26286,-1.04004,-0.06615,0.001311,0.001023,41720.702405,45024.475459,1.00008
"logA_z_zerosum__[0, 35]",-0.626513,0.749333,-2.05117,0.703479,0.003088,0.002663,62050.758789,54264.239345,0.999962
"logA_z_zerosum__[0, 36]",0.388178,0.05301,0.288489,0.487258,0.000347,0.000181,23500.125052,39419.832266,1.000262
"logA_z_zerosum__[0, 37]",-0.687935,0.344151,-1.327434,-0.060026,0.001432,0.001484,62954.341582,48805.863152,1.000134
"logA_z_zerosum__[0, 38]",-0.007121,0.158319,-0.31329,0.281346,0.000591,0.000576,73232.162868,56658.833885,1.000003
"logA_z_zerosum__[0, 39]",-0.371569,0.262858,-0.863285,0.113141,0.001072,0.001117,64853.861869,50826.778388,1.000071
"logA_z_zerosum__[0, 40]",-0.09408,0.129521,-0.34323,0.144094,0.000513,0.000451,64713.512913,55731.455542,1.000084
"logA_z_zerosum__[0, 41]",0.935812,0.211079,0.538101,1.332323,0.001294,0.000767,26630.51974,43431.653508,1.000102
"logA_z_zerosum__[0, 42]",0.944169,0.189839,0.582872,1.298175,0.001023,0.000731,34462.389527,48712.109297,1.000062
"logA_z_zerosum__[0, 43]",0.400034,0.126085,0.155596,0.629874,0.000548,0.000443,52674.06829,56978.497274,1.000129
"logA_z_zerosum__[0, 44]",1.358457,0.176108,1.030208,1.690319,0.001158,0.000633,23165.300965,43034.892744,1.000239
"logA_z_zerosum__[0, 45]",-0.218054,0.218428,-0.633652,0.182002,0.000828,0.000849,72835.613714,56010.764352,1.000031
"logA_z_zerosum__[0, 46]",-1.419299,0.279199,-1.961522,-0.925739,0.00142,0.001004,39208.811529,51212.566631,1.000078
"logA_z_zerosum__[0, 47]",-0.20902,0.153738,-0.498358,0.079432,0.000603,0.000575,66954.042493,56038.367185,1.000082
"logA_z_zerosum__[0, 48]",-0.285226,0.151014,-0.575272,-0.012331,0.000622,0.000571,60472.5239,54289.142326,1.000009
"logA_z_zerosum__[0, 49]",-0.143768,0.069132,-0.273756,-0.01459,0.000328,0.000231,44702.535895,54116.298495,1.000123
"logA_z_zerosum__[0, 50]",-1.16149,0.384669,-1.889412,-0.484521,0.001604,0.00159,61355.147348,52321.60142,1.000014
"logA_z_zerosum__[0, 51]",1.631197,0.164733,1.325809,1.940932,0.001348,0.000676,14905.279931,29648.817083,1.000329
"logA_z_zerosum__[0, 52]",-0.250581,0.301545,-0.813779,0.296269,0.00138,0.001373,51800.738643,43790.047749,1.000146
"logA_z_zerosum__[0, 53]",-0.214722,0.09069,-0.389133,-0.049058,0.000397,0.000309,52806.323748,54304.309035,1.000035
"logA_z_zerosum__[0, 54]",0.054383,0.076511,-0.090074,0.198904,0.000374,0.000254,41912.257434,53466.694674,1.000114
"logA_z_zerosum__[0, 55]",-1.349903,0.24781,-1.832462,-0.905571,0.001351,0.00089,33887.924982,47483.986197,1.000069
"logA_z_zerosum__[0, 56]",-0.606505,0.140758,-0.868489,-0.341642,0.000729,0.000486,37708.82554,49472.08375,1.000108
"logA_z_zerosum__[0, 57]",0.133843,0.16651,-0.180575,0.44531,0.000669,0.000657,63624.3196,53532.926187,1.000078
"logA_z_zerosum__[0, 58]",0.705926,0.137236,0.446318,0.963352,0.00073,0.000481,35493.804863,45374.255107,1.000178
"logA_z_zerosum__[0, 59]",-0.227676,0.136661,-0.494578,0.017382,0.000546,0.000502,64335.821897,55382.324088,1.00008
"logA_z_zerosum__[0, 60]",-0.879606,0.872105,-2.524834,0.708224,0.004463,0.002951,38075.335844,47345.478801,1.000116
"logA_z_zerosum__[0, 61]",-0.947455,0.389359,-1.697812,-0.276725,0.001921,0.002076,45538.997556,43439.027262,1.00008
"logA_z_zerosum__[0, 62]",0.546289,0.1255,0.31354,0.786734,0.000644,0.000422,37901.974173,55011.135465,1.00006
"logA_z_zerosum__[0, 63]",0.054562,0.161079,-0.253198,0.346421,0.000716,0.000626,52002.828584,51710.99517,1.000056
"logA_z_zerosum__[0, 64]",0.360124,0.171765,0.037225,0.683569,0.000648,0.000645,70635.093278,59582.119156,1.000017
"logA_z_zerosum__[0, 65]",-0.709992,0.708063,-2.099631,0.522554,0.006258,0.004711,13559.744663,16273.743094,1.000285
"logA_z_zerosum__[0, 66]",-1.703815,0.751954,-3.135723,-0.325849,0.002651,0.002515,81383.349772,62698.94275,1.000062
"logA_z_zerosum__[0, 67]",0.329716,0.343229,-0.313763,0.944648,0.002045,0.002328,33638.364972,28209.012062,1.000222
"logA_z_zerosum__[0, 68]",1.247882,0.12848,1.00856,1.489099,0.001037,0.000516,15288.080066,29685.796207,1.000339
"logA_z_zerosum__[0, 69]",-1.568871,0.385447,-2.296074,-0.875506,0.001753,0.001579,50247.980758,51397.542123,1.000018
"logA_z_zerosum__[0, 70]",-0.755151,0.568484,-1.847879,0.21971,0.004172,0.004237,21570.524803,19193.802105,1.000141
"logA_z_zerosum__[0, 71]",1.404522,0.224272,0.994791,1.842124,0.001356,0.000801,27337.757375,42041.804467,1.000144
"logA_z_zerosum__[0, 72]",0.224346,0.507007,-0.752122,1.0303,0.004423,0.006319,19454.328486,12944.685047,1.000114
"logA_z_zerosum__[0, 73]",-0.164489,0.242061,-0.626208,0.270632,0.000981,0.001048,64883.136757,50988.297074,1.000135
"logA_z_zerosum__[0, 74]",0.088581,0.307643,-0.493817,0.63629,0.001888,0.002129,30576.322678,28601.55078,1.000215
"logA_z_zerosum__[0, 75]",-0.455122,0.18023,-0.801664,-0.129838,0.00076,0.000661,58037.084345,54562.277131,1.000151
"logA_z_zerosum__[0, 76]",0.777177,0.247491,0.301111,1.233064,0.001337,0.000957,34211.600687,46444.546847,1.000159
"logA_z_zerosum__[0, 77]",1.099786,0.165691,0.791315,1.415716,0.000993,0.000568,27861.769599,46060.461771,1.00011
"logA_z_zerosum__[0, 78]",0.9919,0.402815,0.23929,1.694689,0.002155,0.003251,42523.939291,34890.653297,1.000051
"logA_z_zerosum__[0, 79]",-1.922877,0.528333,-2.945546,-0.997055,0.002539,0.002142,46160.736199,44388.822209,1.000132
"logA_z_zerosum__[0, 80]",-1.612629,0.346018,-2.279506,-0.996534,0.001703,0.001287,41737.523599,52727.68886,1.000137
"logA_z_zerosum__[0, 81]",-1.198017,0.388643,-1.929823,-0.504026,0.001697,0.001705,56015.848763,48898.52026,1.000102
"logA_z_zerosum__[0, 82]",-0.7882,0.234289,-1.229098,-0.365055,0.00105,0.000896,51401.305156,51923.700479,1.000081
D_z[AISI CTF Suites - Apprentice],0.359816,0.062627,0.244915,0.479731,0.000328,0.000208,36577.001183,53507.321989,1.000235
D_z[AISI CTF Suites - Expert],0.844796,0.158123,0.555641,1.1527,0.000942,0.000652,28373.294236,43529.676571,1.000235
D_z[AISI CTF Suites - Practitioner],0.899711,0.335712,0.244821,1.514312,0.00332,0.003912,13070.561479,8569.295503,1.000458
D_z[AISI CTF Suites - Technical Non-Expert],-0.727308,0.104912,-0.924736,-0.528394,0.000643,0.000355,26665.60784,45229.548681,1.000287
D_z[AISI Cyber Ranges - Cooling Tower],1.780422,0.309866,1.202724,2.364555,0.001602,0.001157,37797.46941,51126.159708,1.000371
D_z[AISI Cyber Ranges - The Last Ones],1.004412,0.150884,0.724125,1.293427,0.000943,0.000586,25741.127739,43054.309205,1.00024
D_z[APEX-Agents],1.25434,0.115745,1.037966,1.473101,0.001009,0.000514,13129.12631,25702.608152,1.00084
D_z[ARC AI2],-1.157845,0.147231,-1.439751,-0.886612,0.001104,0.00056,17810.356928,35032.48484,1.000751
D_z[Aider Polyglot],-0.065245,0.041957,-0.146487,0.012172,0.000147,0.00014,82092.015466,61224.237791,1.000009
D_z[AudioMultiChallenge],0.144386,0.064655,0.01813,0.266635,0.000326,0.000314,40572.179456,43651.41933,1.000089
D_z[Balrog],0.375606,0.045494,0.28906,0.459765,0.000318,0.000162,20405.757332,40419.177471,1.000432
D_z[BioLP-bench],0.561711,0.073848,0.424117,0.700789,0.000472,0.000247,24563.551313,43892.454477,1.000397
D_z[CL-bench],0.945053,0.090697,0.774422,1.115037,0.000768,0.000392,13896.375754,27173.820367,1.000677
D_z[CL-bench Life],1.199621,0.129916,0.958953,1.444704,0.001044,0.000551,15446.106532,29779.541215,1.000337
D_z[CTI-REALM],0.128447,0.048779,0.038713,0.2231,0.000216,0.000196,52277.876802,52383.755607,1.000053
D_z[CadEval],0.005346,0.068064,-0.12116,0.136769,0.000233,0.000257,86417.311583,61069.928461,1.000049
D_z[Chess Puzzles],1.17745,0.101466,0.987882,1.368649,0.000935,0.000479,11781.642162,21469.777068,1.000917
D_z[CritPt],2.046036,0.173776,1.726399,2.380593,0.001618,0.000835,11496.794045,21181.546197,1.000908
D_z[CyScenarioBench],2.196956,0.477496,1.301513,3.075978,0.002927,0.001606,26155.345431,34550.270269,1.000091
D_z[Cybench],0.442332,0.068577,0.313949,0.572086,0.000391,0.000228,30603.689632,47068.510418,1.000209
D_z[CyberGym],-0.142164,0.095128,-0.322763,0.036593,0.000377,0.00034,64592.32074,53759.393736,1.000093
D_z[DTBench],-0.607182,0.051463,-0.703031,-0.509946,0.000483,0.000252,11363.881918,20534.409311,1.000936
D_z[DeepResearch Bench],0.136686,0.033063,0.078122,0.201027,0.00019,0.000109,30589.379885,48428.998368,1.000199
D_z[DeepSWE],0.714335,0.142134,0.448425,0.981439,0.000875,0.000526,26488.61969,41382.902204,1.000157
D_z[DrugDiscoveryBench],0.441071,0.103718,0.262642,0.639904,0.000596,0.000542,31874.981561,40618.264653,1.000232
D_z[EBR-bench],1.50328,0.265545,1.00022,2.001757,0.001467,0.000937,32818.299457,47631.601725,1.000066
D_z[ExploitBench],1.045566,0.181241,0.713257,1.398046,0.001047,0.000662,30065.37137,46749.600887,1.00025
D_z[Fiction.LiveBench],-0.179313,0.068914,-0.310746,-0.051117,0.00025,0.000247,76050.381042,60666.493975,1.000124
D_z[FrontierCode],0.832951,0.113444,0.619445,1.043412,0.000738,0.000387,23647.387259,43614.847282,1.000318
D_z[FrontierMath Erdos],2.802081,0.408857,2.018598,3.563244,0.002139,0.001413,36561.679253,52762.513744,1.000204
D_z[FrontierMath Tier 4 v2],2.306909,0.224194,1.891216,2.731201,0.001883,0.000953,14174.600382,28221.50457,1.000852
D_z[FrontierMath Tiers 1-3 v2],0.911625,0.085235,0.752112,1.072383,0.00074,0.000369,13244.646203,25850.49121,1.000786
D_z[FrontierSWE v2],1.611851,0.331199,0.981194,2.233346,0.002596,0.001744,16386.221919,13508.324253,1.000564
D_z[GBAEval],1.152739,0.304975,0.604396,1.72765,0.001517,0.001069,40877.596725,50794.990376,1.000096
D_z[GDP.pdf],1.232658,0.126065,0.990928,1.46442,0.001022,0.000524,15150.487999,28716.179545,1.000601
D_z[GDPval],0.367042,0.11867,0.143579,0.589815,0.000493,0.000426,59074.037726,58644.774967,1.000025
D_z[GPQA Diamond],-0.447743,0.03856,-0.519766,-0.374433,0.000358,0.000186,11613.716003,21245.914815,1.000902
D_z[GPQA Diamond Biology],-0.357449,0.065933,-0.481252,-0.234986,0.00036,0.000218,33880.845532,48541.683447,1.000132
D_z[GPQA Diamond Chemistry],-0.134089,0.043428,-0.21625,-0.053058,0.000179,0.000148,59509.569984,57954.707216,1.000024
D_z[GPQA Main Biology],-0.477964,0.067442,-0.605874,-0.352607,0.000428,0.000229,25009.669171,42630.294461,1.00036
D_z[GPQA Main Chemistry],-0.071511,0.032792,-0.1335,-0.010088,0.000131,0.000111,63303.487365,58984.400081,1.000014
D_z[GSM8K],-1.53283,0.222307,-1.957251,-1.126153,0.001644,0.000857,18288.535224,34791.116588,1.000677
D_z[GSO-Bench],1.587241,0.162489,1.284879,1.895992,0.001306,0.000642,15534.14769,31505.926418,1.000688
D_z[HLE],1.107715,0.09755,0.92551,1.292365,0.000881,0.000447,12231.522264,23311.821898,1.000898
D_z[InterCode-CTF],-1.044665,0.127992,-1.291419,-0.809136,0.000892,0.000469,20601.843966,37536.282361,1.000308
D_z[LAB-Bench Cloning],0.026911,0.046022,-0.059471,0.114681,0.000166,0.000163,77431.666776,61237.474691,1.000053
D_z[LAB-Bench LitQA2],0.080125,0.027806,0.027705,0.132696,0.000113,9.3e-05,60515.697096,55252.991233,1.000043
D_z[LAB-Bench Protocol],-0.408194,0.048429,-0.502815,-0.320226,0.000348,0.000179,19378.746609,37128.01501,1.000492
D_z[LAB-Bench SeqQA],-0.283283,0.039142,-0.356825,-0.210117,0.000253,0.000137,24169.239818,42947.268289,1.000256
D_z[LMCA],0.602522,0.05095,0.509282,0.701142,0.000479,0.000244,11326.334728,21269.280425,1.00099
D_z[Lech Mazur Writing],-0.643191,0.05846,-0.753105,-0.533291,0.000514,0.000258,12913.400052,25638.259712,1.000703
D_z[MATH Level 5],-1.063083,0.101957,-1.259348,-0.876633,0.000865,0.000434,13838.31493,26181.527993,1.000683
D_z[MCP Atlas],-0.021281,0.084886,-0.180542,0.140319,0.000353,0.000298,58141.995357,53019.179367,1.000075
D_z[METR Time Horizons],-0.089667,0.019239,-0.126714,-0.054624,9.5e-05,6.6e-05,41630.476448,52237.840772,1.000121
D_z[MMLU],-1.106799,0.095054,-1.285449,-0.926247,0.000892,0.000461,11349.915374,21614.452745,1.000973
D_z[MMLU Biology],-0.632427,0.05743,-0.739343,-0.523606,0.000511,0.000256,12646.983704,25313.517345,1.000894
D_z[MMLU Chemistry],-0.520091,0.049697,-0.613144,-0.427188,0.000427,0.00021,13499.969739,25863.952716,1.00065
D_z[MMLU Pro Biology],-1.235761,0.113062,-1.451431,-1.028384,0.000999,0.000498,12794.596663,24905.852199,1.000713
D_z[MMLU Pro Chemistry],-1.005522,0.099887,-1.193283,-0.819133,0.00083,0.000428,14466.672714,28405.258458,1.000707
D_z[MMLU-Pro],-0.664152,0.060937,-0.781008,-0.551563,0.000532,0.000269,13100.867347,24711.210607,1.000812
D_z[MirrorCode],1.04703,0.331207,0.478816,1.67891,0.001704,0.001588,40972.599576,44043.991292,1.000165
D_z[MultiChallenge],0.024132,0.046599,-0.064219,0.111588,0.000189,0.000159,60752.985016,59166.228415,1.000057
D_z[MultiNRC],0.654482,0.064345,0.536274,0.777991,0.000539,0.000271,14219.002182,28687.542359,1.000745
D_z[Mystery Game Puzzles],1.10539,0.104201,0.907291,1.298105,0.000909,0.00046,13095.73335,25032.693044,1.00065
D_z[NL2Bash],-0.761787,0.104483,-0.959435,-0.567057,0.000658,0.000349,25269.978554,45697.419062,1.000393
D_z[OEIS Open Lite],0.791166,0.232602,0.376589,1.218291,0.00198,0.001725,13970.431591,22654.896932,1.000485
D_z[OSWorld],-0.046464,0.127674,-0.284438,0.201264,0.000412,0.000529,97538.07155,60220.601598,1.000151
D_z[OSWorld 2.0],1.715741,0.234052,1.271746,2.152047,0.001705,0.000929,18743.372684,32709.441883,1.000434
D_z[OTIS Mock AIME 2024-2025],-0.06083,0.026819,-0.112033,-0.010904,0.000105,9.1e-05,65971.725991,57226.074515,1.000059
D_z[PRBench],0.231908,0.043529,0.151175,0.314154,0.000221,0.000142,38964.832226,52996.845349,1.000207
D_z[PostTrainBench v1.1],0.934611,0.179678,0.604892,1.272444,0.001268,0.000794,19599.933783,24107.314133,1.000115
D_z[ProofBench],1.538264,0.210373,1.147732,1.937843,0.001468,0.000779,20554.784834,38304.113286,1.000545
D_z[Remote Labor Index],2.321439,0.280321,1.797019,2.850667,0.002277,0.001198,15072.659693,23358.487591,1.00038
D_z[SEAL Tool Use (Enterprise)],-0.372043,0.057749,-0.481062,-0.264131,0.000348,0.0002,27650.910482,46430.59049,1.000443
D_z[SWE Atlas],0.939846,0.149902,0.657761,1.222263,0.001036,0.000595,20917.202099,32691.499934,1.000675
D_z[SimpleQA Verified],0.512292,0.058663,0.40499,0.624899,0.000424,0.000209,19107.728585,37295.868884,1.000451
D_z[Surface Evolver Bench],0.440097,0.127833,0.197805,0.678786,0.000678,0.000421,35688.304087,51959.571715,1.000295
D_z[Terminal Bench 2.0],0.612119,0.075719,0.471228,0.755414,0.000545,0.000277,19384.08597,36647.353883,1.000521
D_z[The Agent Company],0.235163,0.106459,0.035186,0.438097,0.000468,0.000395,52783.729968,50827.58887,1.000093
D_z[TriviaQA],-0.823676,0.110127,-1.03213,-0.623506,0.000737,0.000407,22151.720167,39282.78931,1.000528
D_z[TutorBench],0.080094,0.02821,0.027486,0.13368,0.000121,9.5e-05,55156.011297,56865.296496,1.000104
D_z[WMDP Biology],-0.902605,0.088422,-1.06667,-0.73486,0.000735,0.000368,14436.508786,28043.679583,1.000649
D_z[WMDP Chemistry],-0.521583,0.060371,-0.637076,-0.411096,0.000442,0.00022,18614.377863,37608.028847,1.000398
D_z[WeirdML v2],0.251443,0.02783,0.198953,0.30314,0.000212,0.000101,17291.553973,34898.544096,1.000712
"logA_z[axis1, AISI CTF Suites - Apprentice]",0.839197,0.154336,0.557205,1.1378,0.000779,0.000545,39199.421051,52554.39564,1.000125
"logA_z[axis1, AISI CTF Suites - Expert]",0.731993,0.25191,0.25794,1.196368,0.001291,0.00147,41091.949924,40100.200259,1.000108
"logA_z[axis1, AISI CTF Suites - Practitioner]",1.852092,0.426859,1.114971,2.57902,0.005354,0.01456,13353.762602,8277.061548,1.000397
"logA_z[axis1, AISI CTF Suites - Technical Non-Expert]",0.733076,0.272309,0.214902,1.221985,0.001165,0.001738,59440.675542,49631.22143,1.000111
"logA_z[axis1, AISI Cyber Ranges - Cooling Tower]",-0.356348,0.909101,-2.049694,1.309787,0.003888,0.002793,55047.83731,57129.234636,1.00007
"logA_z[axis1, AISI Cyber Ranges - The Last Ones]",0.735758,0.201983,0.351883,1.112868,0.000959,0.000916,45578.540725,47418.764947,0.999987
"logA_z[axis1, APEX-Agents]",0.396456,0.1311,0.141668,0.637057,0.000592,0.000447,49020.49884,55037.835575,1.000153
"logA_z[axis1, ARC AI2]",0.029642,0.195961,-0.3488,0.38782,0.00101,0.00071,38197.596094,47405.015401,1.000103
"logA_z[axis1, Aider Polyglot]",1.191536,0.194545,0.824933,1.560463,0.001094,0.000655,31649.747097,46542.341977,1.000045
"logA_z[axis1, AudioMultiChallenge]",-1.148835,0.519354,-2.162905,-0.215246,0.00273,0.002759,40678.564691,35328.344395,1.000164
"logA_z[axis1, Balrog]",-0.334736,0.179772,-0.680183,-0.010623,0.000722,0.000771,66695.934203,51038.202295,1.000027
"logA_z[axis1, BioLP-bench]",1.053704,0.185614,0.707251,1.407434,0.001014,0.000633,33313.427634,47105.191766,1.000145
"logA_z[axis1, CL-bench]",-1.125403,0.416583,-1.915404,-0.387573,0.002155,0.001904,40084.445957,41182.001552,1.000112
"logA_z[axis1, CL-bench Life]",-0.959275,0.46424,-1.846439,-0.145736,0.002769,0.002272,29841.0771,36394.092722,1.000102
"logA_z[axis1, CTI-REALM]",-0.636929,0.310952,-1.218606,-0.069564,0.001467,0.001661,49983.092859,42444.427229,0.999996
"logA_z[axis1, CadEval]",0.417406,0.377461,-0.308292,1.072658,0.001616,0.002312,65914.569895,44412.729489,1.000007
"logA_z[axis1, Chess Puzzles]",0.460529,0.097528,0.276526,0.644498,0.000489,0.000314,39945.195511,50953.461873,1.000121
"logA_z[axis1, CritPt]",0.856743,0.114681,0.643705,1.074095,0.000768,0.000395,22361.291193,39348.330645,1.000211
"logA_z[axis1, CyScenarioBench]",0.411783,0.711214,-1.012645,1.536748,0.005206,0.005325,22699.816676,19595.847585,1.000263
"logA_z[axis1, Cybench]",1.341706,0.176048,1.008597,1.670612,0.00111,0.000577,25171.224736,45309.907177,1.000187
"logA_z[axis1, CyberGym]",-0.625402,0.36621,-1.329242,0.014967,0.00163,0.001873,57066.174888,46006.763462,1.000084
"logA_z[axis1, DTBench]",-0.01786,0.059754,-0.130316,0.0947,0.000279,0.000197,46151.632785,57332.124745,1.000051
"logA_z[axis1, DeepResearch Bench]",-2.603677,0.528571,-3.60872,-1.646714,0.002773,0.001838,36708.086839,48193.275117,1.00007
"logA_z[axis1, DeepSWE]",0.264246,0.270234,-0.24278,0.756447,0.001455,0.001281,36206.465167,39479.36245,1.000094
"logA_z[axis1, DrugDiscoveryBench]",-1.569071,0.616036,-2.738536,-0.418559,0.003166,0.002148,37808.731123,46454.259157,1.000103
"logA_z[axis1, EBR-bench]",0.560673,0.347572,-0.092142,1.196093,0.001605,0.001811,50695.784145,45337.23239,1.000089
"logA_z[axis1, ExploitBench]",0.202306,0.318139,-0.400962,0.771046,0.001526,0.002072,49971.408333,42106.553594,1.000154
"logA_z[axis1, Fiction.LiveBench]",1.154215,0.376384,0.454809,1.85008,0.001782,0.001979,47804.091804,44621.625623,1.00008
"logA_z[axis1, FrontierCode]",-0.313604,0.274975,-0.82978,0.185185,0.001353,0.00132,44517.138618,45815.732569,1.000082
"logA_z[axis1, FrontierMath Erdos]",-1.503569,0.808062,-3.019507,0.00381,0.003147,0.002538,66156.873251,59750.978708,1.000118
"logA_z[axis1, FrontierMath Tier 4 v2]",1.932334,0.196926,1.566543,2.306707,0.001615,0.000827,14850.403886,29734.280918,1.000361
"logA_z[axis1, FrontierMath Tiers 1-3 v2]",1.176739,0.12897,0.938644,1.42155,0.00098,0.0005,17341.574676,33028.62959,1.000211
"logA_z[axis1, FrontierSWE v2]",0.504786,0.565688,-0.617956,1.397075,0.005483,0.007986,15761.605341,10134.47394,1.000578
"logA_z[axis1, GBAEval]",-0.165343,0.757941,-1.602808,1.165224,0.003839,0.002997,40923.717098,42421.201175,1.000061
"logA_z[axis1, GDP.pdf]",-0.504122,0.262308,-1.015083,-0.042732,0.001303,0.00102,42047.764043,45044.886415,1.000087
"logA_z[axis1, GDPval]",-0.593503,0.748886,-2.016353,0.737392,0.003084,0.002662,62118.662597,53974.309207,0.999961
"logA_z[axis1, GPQA Diamond]",0.421188,0.055644,0.317755,0.52671,0.000373,0.000192,22448.919178,38660.189003,1.000272
"logA_z[axis1, GPQA Diamond Biology]",-0.654925,0.34369,-1.293136,-0.027783,0.001427,0.001482,63292.897313,48838.3701,1.000137
"logA_z[axis1, GPQA Diamond Chemistry]",0.02589,0.158453,-0.276692,0.319099,0.000593,0.000575,72770.977343,56534.12094,1.000005
"logA_z[axis1, GPQA Main Biology]",-0.338559,0.262565,-0.832591,0.143281,0.001069,0.001117,65078.507211,50622.648137,1.000091
"logA_z[axis1, GPQA Main Chemistry]",-0.06107,0.129541,-0.30563,0.181625,0.000514,0.00045,64319.189761,56991.387656,1.000053
"logA_z[axis1, GSM8K]",0.968822,0.211869,0.569199,1.367047,0.001305,0.00077,26367.617518,42993.182287,1.000104
"logA_z[axis1, GSO-Bench]",0.977179,0.191065,0.615598,1.335733,0.001041,0.000731,33723.920303,47775.459529,1.000069
"logA_z[axis1, HLE]",0.433044,0.127218,0.190114,0.667973,0.000565,0.000444,50581.638662,56481.116758,1.000135
"logA_z[axis1, InterCode-CTF]",1.391467,0.177708,1.062707,1.728278,0.001177,0.000639,22816.317367,42507.290823,1.000245
"logA_z[axis1, LAB-Bench Cloning]",-0.185043,0.21824,-0.59543,0.22029,0.000825,0.000849,73053.625701,56488.864845,1.000031
"logA_z[axis1, LAB-Bench LitQA2]",-1.386289,0.278337,-1.919689,-0.887305,0.001408,0.001001,39652.185314,51422.553085,1.000077
"logA_z[axis1, LAB-Bench Protocol]",-0.17601,0.153632,-0.477661,0.100524,0.000601,0.000574,67251.751268,56016.719897,1.00007
"logA_z[axis1, LAB-Bench SeqQA]",-0.252215,0.150803,-0.533566,0.02912,0.000618,0.00057,60990.28643,54639.488056,1.000001
"logA_z[axis1, LMCA]",-0.110757,0.069988,-0.244069,0.018733,0.000332,0.000232,44855.925329,54352.102073,1.0001
"logA_z[axis1, Lech Mazur Writing]",-1.128479,0.384147,-1.842911,-0.439797,0.001596,0.00159,61856.810667,52455.939934,1.000015
"logA_z[axis1, MATH Level 5]",1.664208,0.166809,1.356891,1.980111,0.001369,0.000687,14828.293096,29609.952276,1.000333
"logA_z[axis1, MCP Atlas]",-0.217571,0.301325,-0.786123,0.3242,0.001378,0.00137,51773.058878,43664.000676,1.000128
"logA_z[axis1, METR Time Horizons]",-0.181711,0.090911,-0.352536,-0.011246,0.000395,0.000309,53674.064313,54496.644719,1.000034
"logA_z[axis1, MMLU]",0.087393,0.076945,-0.058974,0.231872,0.000381,0.000255,40840.314325,53235.586878,1.000126
"logA_z[axis1, MMLU Biology]",-1.316893,0.24686,-1.788921,-0.865283,0.001338,0.000888,34307.9922,47475.596577,1.000067
"logA_z[axis1, MMLU Chemistry]",-0.573494,0.140151,-0.839411,-0.314533,0.00072,0.000484,38399.768696,49530.064273,1.000103
"logA_z[axis1, MMLU Pro Biology]",0.166854,0.166774,-0.140062,0.486383,0.000675,0.000657,62564.04916,52941.089467,1.000065
"logA_z[axis1, MMLU Pro Chemistry]",0.738936,0.1383,0.473114,0.994069,0.000748,0.000484,34364.155193,44628.368526,1.000189
"logA_z[axis1, MMLU-Pro]",-0.194665,0.136834,-0.456269,0.056715,0.000546,0.000501,64552.985007,56155.826385,1.000072
"logA_z[axis1, MirrorCode]",-0.846596,0.871619,-2.487785,0.743302,0.004458,0.002949,38112.601941,47330.866357,1.000116
"logA_z[axis1, MultiChallenge]",-0.914444,0.388909,-1.664506,-0.24361,0.001914,0.002074,45796.64368,43789.420334,1.000079
"logA_z[axis1, MultiNRC]",0.579299,0.126868,0.343297,0.821749,0.000662,0.000425,36740.743069,54567.420074,1.000065
"logA_z[axis1, Mystery Game Puzzles]",0.087572,0.161568,-0.222279,0.378995,0.000722,0.000626,51444.203411,51378.907139,1.000041
"logA_z[axis1, NL2Bash]",0.393135,0.172182,0.073063,0.721679,0.000658,0.000645,68798.683289,59690.48081,1.000001
"logA_z[axis1, OEIS Open Lite]",-0.676981,0.707652,-2.066289,0.554068,0.006253,0.004707,13566.83439,16322.610017,1.000269
"logA_z[axis1, OSWorld]",-1.670805,0.751486,-3.106498,-0.298634,0.002648,0.002514,81470.443784,62621.566354,1.000062
"logA_z[axis1, OSWorld 2.0]",0.362727,0.343295,-0.28458,0.974744,0.002048,0.002324,33539.043412,28245.843208,1.000222
"logA_z[axis1, OTIS Mock AIME 2024-2025]",1.280892,0.130871,1.033193,1.523398,0.001059,0.000528,15216.88018,30235.149123,1.000342
"logA_z[axis1, PRBench]",-1.53586,0.384807,-2.276321,-0.857573,0.001744,0.001578,50676.36261,51398.726767,1.000019
"logA_z[axis1, PostTrainBench v1.1]",-0.72214,0.567975,-1.818221,0.247255,0.004165,0.004235,21608.585399,19260.706586,1.000141
"logA_z[axis1, ProofBench]",1.437532,0.225483,1.0105,1.861791,0.001371,0.000804,27004.589374,41906.399068,1.000143
"logA_z[axis1, Remote Labor Index]",0.257357,0.506672,-0.715074,1.066338,0.00442,0.006312,19464.167553,12895.138219,1.000122
"logA_z[axis1, SEAL Tool Use (Enterprise)]",-0.131479,0.24199,-0.594391,0.302621,0.00098,0.001046,64937.687576,51140.018311,1.000126
"logA_z[axis1, SWE Atlas]",0.121592,0.307664,-0.467595,0.662584,0.001887,0.002121,30503.257887,28769.20501,1.00022
"logA_z[axis1, SimpleQA Verified]",-0.422111,0.180009,-0.765227,-0.093604,0.000754,0.000659,58918.335184,54819.181237,1.000123
"logA_z[axis1, Surface Evolver Bench]",0.810187,0.248103,0.343834,1.278484,0.001345,0.000955,34016.882102,46204.454512,1.000159
"logA_z[axis1, Terminal Bench 2.0]",1.132796,0.167137,0.822656,1.452803,0.001011,0.000574,27372.213372,45878.768401,1.000113
"logA_z[axis1, The Agent Company]",1.02491,0.403004,0.272657,1.729889,0.002158,0.003244,42346.433627,35027.750163,1.000055
"logA_z[axis1, TriviaQA]",-1.889866,0.527711,-2.918089,-0.972035,0.002531,0.00214,46329.432695,44143.783098,1.000128
"logA_z[axis1, TutorBench]",-1.579618,0.345368,-2.254313,-0.973437,0.001693,0.001287,42142.130724,53012.980907,1.000134
"logA_z[axis1, WMDP Biology]",-1.165007,0.388063,-1.895129,-0.471006,0.00169,0.001703,56389.793984,49066.208824,1.000107
"logA_z[axis1, WMDP Chemistry]",-0.75519,0.233718,-1.198448,-0.336004,0.001042,0.000895,52109.557314,52057.029263,1.000082
"logA_z[axis1, WeirdML v2]",0.335555,0.070383,0.201886,0.466708,0.000347,0.000209,41242.918048,55709.421388,1.000092
"delta_h[0, 0]",1.156015,0.263672,0.666831,1.657068,0.001241,0.001083,46296.006165,35737.652319,1.000055
"delta_h[1, 0]",0.378702,0.224616,0.001071,0.758263,0.001543,0.000854,16066.622596,10725.942044,1.000169
"delta_h[2, 0]",0.563698,0.203224,0.181239,0.943907,0.000886,0.000709,49085.956826,35192.416848,1.000123
"delta_h[3, 0]",2.461604,0.567672,1.440156,3.56516,0.001956,0.002056,82166.028493,51081.513951,1.000054
"delta_h[4, 0]",1.412992,0.34985,0.778945,2.090098,0.001611,0.00112,46108.828878,50053.628754,1.000042
sigma_b[AISI CTF Suites - Apprentice],0.075513,0.014212,0.050689,0.102122,5.2e-05,5.4e-05,77862.068307,63053.535681,1.000015
sigma_b[AISI CTF Suites - Expert],0.065092,0.018446,0.033288,0.099527,8e-05,7.9e-05,56089.409583,57577.611835,1.000056
sigma_b[AISI CTF Suites - Practitioner],0.079171,0.028454,0.03298,0.133199,0.000257,0.000326,17054.631608,10934.743558,1.000218
sigma_b[AISI CTF Suites - Technical Non-Expert],0.114466,0.020585,0.078785,0.153358,7.6e-05,8.1e-05,81235.179085,59801.729659,1.000019
sigma_b[AISI Cyber Ranges - Cooling Tower],0.147558,0.036308,0.086412,0.21616,0.00013,0.00016,83826.462009,62938.862845,1.000038
sigma_b[AISI Cyber Ranges - The Last Ones],0.071279,0.016716,0.041842,0.101986,7.2e-05,6.8e-05,57225.303061,57846.647224,1.000173
sigma_b[APEX-Agents],0.075792,0.008074,0.060951,0.090943,3e-05,2.6e-05,72044.319748,64800.924877,1.000018
sigma_b[ARC AI2],0.122591,0.011519,0.10135,0.144408,4.3e-05,3.6e-05,72581.692532,65491.544385,1.000085
sigma_b[Aider Polyglot],0.118608,0.01336,0.09339,0.143262,5.5e-05,4.2e-05,58631.732085,64870.618153,1.000026
sigma_b[AudioMultiChallenge],0.038643,0.017377,0.011963,0.070443,8.6e-05,9.3e-05,43793.563863,50467.950721,1.000071
sigma_b[Balrog],0.068854,0.009612,0.051472,0.086796,3.4e-05,3.6e-05,85673.510651,64986.483283,1.00007
sigma_b[BioLP-bench],0.079669,0.010192,0.061278,0.098781,3.4e-05,3.7e-05,95843.875269,63334.781664,1.000196
sigma_b[CL-bench],0.03562,0.006625,0.023805,0.047921,2.6e-05,2.5e-05,67265.497511,60670.5095,1.000101
sigma_b[CL-bench Life],0.044659,0.010083,0.027095,0.063675,4.9e-05,3.8e-05,43579.959653,57297.711906,0.999987
sigma_b[CTI-REALM],0.04498,0.01174,0.025194,0.066886,4.6e-05,5.1e-05,69795.847002,60084.231881,0.999963
sigma_b[CadEval],0.100445,0.018986,0.067157,0.136344,6.9e-05,7.4e-05,81681.554252,61632.770613,1.000044
sigma_b[Chess Puzzles],0.122122,0.006168,0.110438,0.133579,2e-05,2e-05,97672.361334,70751.133442,0.999987
sigma_b[CritPt],0.078791,0.006099,0.067742,0.090556,2.7e-05,1.8e-05,52733.657344,62548.092109,1.000136
sigma_b[CyScenarioBench],0.162284,0.037617,0.095965,0.232606,0.000179,0.000128,45038.678849,58634.739778,1.000096
sigma_b[Cybench],0.095564,0.014779,0.069072,0.123418,5.7e-05,5.2e-05,69711.479619,63607.433477,1.000152
sigma_b[CyberGym],0.094427,0.01562,0.067078,0.123845,5.1e-05,6.3e-05,101597.702437,62851.6589,1.000003
sigma_b[DTBench],0.05707,0.003776,0.050183,0.064301,1.2e-05,1.2e-05,92630.635413,68129.834185,1.000068
sigma_b[DeepResearch Bench],0.049896,0.006298,0.038546,0.061854,2.3e-05,2.2e-05,75743.613649,65493.017383,0.999985
sigma_b[DeepSWE],0.127958,0.011839,0.105973,0.150243,4.6e-05,3.8e-05,67517.219683,65369.073036,0.999967
sigma_b[DrugDiscoveryBench],0.077838,0.01546,0.051079,0.106649,5.5e-05,6.2e-05,84429.228502,60816.932044,1.000063
sigma_b[EBR-bench],0.165446,0.024842,0.1213,0.211718,9.6e-05,9.9e-05,73333.322612,55598.954684,1.000032
sigma_b[ExploitBench],0.09784,0.020342,0.06282,0.137316,7.9e-05,7.8e-05,69154.909498,59641.945633,1.000126
sigma_b[Fiction.LiveBench],0.17295,0.019082,0.137425,0.208562,7.5e-05,6.1e-05,66691.909351,60566.014456,1.000074
sigma_b[FrontierCode],0.085557,0.013567,0.061483,0.111617,5.3e-05,4.7e-05,67299.933594,64050.479965,1.000028
sigma_b[FrontierMath Erdos],0.075247,0.029484,0.033074,0.129549,0.000114,0.000172,85765.419909,56910.456203,0.999996
sigma_b[FrontierMath Tier 4 v2],0.09084,0.012161,0.068617,0.113556,5.4e-05,3.9e-05,51091.1442,61725.188036,1.000127
sigma_b[FrontierMath Tiers 1-3 v2],0.085288,0.008929,0.069103,0.102616,4e-05,2.7e-05,48522.702895,59612.395613,1.000044
sigma_b[FrontierSWE v2],0.086765,0.024111,0.046618,0.132492,0.000148,0.000124,29599.261199,35439.477243,1.000291
sigma_b[GBAEval],0.2863,0.026171,0.238481,0.336745,8.6e-05,8.7e-05,92713.419594,64358.268134,1.00001
sigma_b[GDP.pdf],0.058852,0.008386,0.043733,0.074737,3.1e-05,2.8e-05,71605.88377,66242.581948,1.000093
sigma_b[GDPval],0.136244,0.024155,0.094021,0.182276,7.8e-05,9.3e-05,100209.562452,63851.509066,1.000027
sigma_b[GPQA Diamond],0.056906,0.0031,0.050949,0.062597,1.2e-05,9e-06,66141.221897,65038.712118,1.00001
sigma_b[GPQA Diamond Biology],0.104532,0.011051,0.084521,0.125386,3.3e-05,4.2e-05,118696.749236,63329.154205,1.000124
sigma_b[GPQA Diamond Chemistry],0.075467,0.008478,0.060244,0.091674,2.6e-05,3.2e-05,111940.307087,63316.331652,1.000073
sigma_b[GPQA Main Biology],0.089773,0.00989,0.071855,0.108269,3e-05,3.9e-05,113972.35811,62070.212728,1.000042
sigma_b[GPQA Main Chemistry],0.055224,0.006511,0.043599,0.06773,2.1e-05,2.3e-05,104000.568559,65287.378536,1.000038
sigma_b[GSM8K],0.138372,0.01587,0.108441,0.168055,8.1e-05,4.9e-05,38359.4424,53507.221894,1.000138
sigma_b[GSO-Bench],0.080581,0.012109,0.0588,0.103434,4.7e-05,4.3e-05,67617.260621,60668.540391,0.999994
sigma_b[HLE],0.058868,0.007218,0.045959,0.072705,2.5e-05,2.4e-05,85155.113446,67632.860187,1.000016
sigma_b[InterCode-CTF],0.066771,0.016612,0.039754,0.097685,7.1e-05,8.9e-05,63647.519822,52795.945943,0.999994
sigma_b[LAB-Bench Cloning],0.080562,0.009421,0.063555,0.098338,2.9e-05,3.7e-05,114689.67895,61473.89507,1.000118
sigma_b[LAB-Bench LitQA2],0.049737,0.006001,0.039125,0.061151,1.9e-05,2.4e-05,111645.713571,64651.311336,1.000133
sigma_b[LAB-Bench Protocol],0.055634,0.006681,0.04368,0.068302,2.1e-05,2.5e-05,110640.182729,61790.532879,1.000042
sigma_b[LAB-Bench SeqQA],0.05276,0.006463,0.041159,0.065023,2e-05,2.4e-05,106255.59557,62927.204874,1.000119
sigma_b[LMCA],0.054514,0.004009,0.047068,0.062039,1.3e-05,1.3e-05,95229.00922,67640.114951,1.000118
sigma_b[Lech Mazur Writing],0.069196,0.006988,0.056677,0.082521,2.2e-05,2.7e-05,109191.476538,62042.13499,1.000089
sigma_b[MATH Level 5],0.09707,0.008882,0.080779,0.113936,3.5e-05,2.7e-05,64394.984936,65707.863263,1.00001
sigma_b[MCP Atlas],0.085373,0.011621,0.064583,0.107346,3.9e-05,4.2e-05,90874.800908,63781.465887,1.000075
sigma_b[METR Time Horizons],0.046951,0.005929,0.036423,0.058474,2.1e-05,2e-05,78092.858503,66183.888916,1.000128
sigma_b[MMLU],0.064745,0.005265,0.055033,0.074631,2.7e-05,1.7e-05,37729.070471,50154.734098,1.000204
sigma_b[MMLU Biology],0.041839,0.005083,0.032878,0.051664,1.6e-05,2e-05,113729.077628,59665.034726,1.00017
sigma_b[MMLU Chemistry],0.042103,0.005112,0.03272,0.051558,1.6e-05,1.9e-05,106287.704492,63781.281779,1.000026
sigma_b[MMLU Pro Biology],0.048873,0.006359,0.037588,0.061046,2.1e-05,2.3e-05,99821.157599,65344.768649,1.000119
sigma_b[MMLU Pro Chemistry],0.063349,0.007984,0.048663,0.078241,2.6e-05,2.9e-05,95586.32383,66441.896683,1.000056
sigma_b[MMLU-Pro],0.068645,0.006943,0.055955,0.081695,2.2e-05,2.4e-05,101681.550531,63620.308058,1.000221
sigma_b[MirrorCode],0.160123,0.031297,0.106138,0.220079,0.0001,0.000122,102413.007059,62687.050046,1.000013
sigma_b[MultiChallenge],0.075663,0.01027,0.057454,0.095138,3.8e-05,3.8e-05,77401.630853,61690.828712,1.000053
sigma_b[MultiNRC],0.058174,0.007999,0.043517,0.073241,3.3e-05,2.6e-05,57929.260238,62567.926515,1.000083
sigma_b[Mystery Game Puzzles],0.107496,0.007581,0.093704,0.122001,2.8e-05,2.4e-05,71981.216875,65091.505483,0.999997
sigma_b[NL2Bash],0.099232,0.018617,0.066832,0.134295,6.6e-05,7.1e-05,83875.128959,64175.134698,1.000091
sigma_b[OEIS Open Lite],0.043018,0.017303,0.01514,0.07522,8.4e-05,7.9e-05,40198.59801,50875.615887,1.000048
sigma_b[OSWorld],0.15945,0.029148,0.110235,0.215865,9.2e-05,0.000116,110899.447522,62265.526486,1.000066
sigma_b[OSWorld 2.0],0.069286,0.015778,0.042277,0.099172,6.9e-05,6.5e-05,55076.715983,54725.019041,1.000158
sigma_b[OTIS Mock AIME 2024-2025],0.146227,0.006944,0.133338,0.159429,2.5e-05,2.2e-05,78442.221056,66090.389988,1.000006
sigma_b[PRBench],0.078238,0.00966,0.060966,0.096561,3e-05,3.6e-05,107871.005501,65780.55481,1.000009
sigma_b[PostTrainBench v1.1],0.052216,0.012132,0.031441,0.075093,4.7e-05,5.1e-05,68581.596926,59943.664122,1.000012
sigma_b[ProofBench],0.168006,0.018479,0.133283,0.202421,8.3e-05,5.6e-05,49384.782676,59687.32,1.000066
sigma_b[Remote Labor Index],0.047663,0.013199,0.026059,0.072515,7.3e-05,6.3e-05,35490.636563,44904.35778,1.000078
sigma_b[SEAL Tool Use (Enterprise)],0.076279,0.009612,0.05895,0.094325,3.1e-05,3.6e-05,98016.460407,64048.399453,1.000112
sigma_b[SWE Atlas],0.069174,0.013755,0.045007,0.095416,6.7e-05,5.1e-05,43250.82908,52866.054945,1.000115
sigma_b[SimpleQA Verified],0.150132,0.008596,0.134021,0.166201,2.5e-05,3.1e-05,119701.423913,64663.794283,0.999991
sigma_b[Surface Evolver Bench],0.10588,0.018774,0.071628,0.141331,9e-05,6.4e-05,44115.667959,51921.569234,1.000179
sigma_b[Terminal Bench 2.0],0.07859,0.012294,0.056301,0.102037,6.3e-05,3.9e-05,38103.339034,55149.578393,1.00012
sigma_b[The Agent Company],0.093504,0.02147,0.056702,0.134801,9.7e-05,8.7e-05,52389.366599,52768.472496,1.000062
sigma_b[TriviaQA],0.103764,0.011035,0.084011,0.124876,3.2e-05,4.3e-05,125352.822409,61900.369859,1.000043
sigma_b[TutorBench],0.041979,0.006315,0.030715,0.053772,2.1e-05,2.5e-05,96532.844104,62636.952322,1.000037
sigma_b[WMDP Biology],0.066002,0.007522,0.052476,0.080128,2.3e-05,3.1e-05,119301.360057,60972.428066,1.00008
sigma_b[WMDP Chemistry],0.073141,0.008062,0.058407,0.088252,2.5e-05,3.2e-05,113992.758384,60377.97303,1.000084
sigma_b[WeirdML v2],0.079233,0.005412,0.069268,0.089556,2.1e-05,1.7e-05,68003.77197,65238.101234,1.00008
tau_A[axis1],1.0,0.0,1.0,1.0,0.0,,80000.0,80000.0,
sigma_A,0.614918,0.05834,0.509935,0.727277,0.000526,0.000297,12386.691413,22978.392348,1.000457
"theta_h_base[0, 0]",-2.252428,0.243251,-2.716919,-1.80161,0.001078,0.000942,51712.401971,42146.716319,1.000073
"theta_h_base[1, 0]",0.066484,0.217131,-0.346075,0.452442,0.001358,0.000805,24407.916465,34914.508963,1.000047
tau_CD_log__,0.654542,0.081387,0.497091,0.803687,0.000794,0.00043,10519.912355,19355.975848,1.001023
sigma_A_log__,-0.490719,0.094216,-0.668277,-0.313967,0.000848,0.000437,12386.691413,22978.392348,1.000457
tau_CD,1.930671,0.158365,1.64289,2.232687,0.001545,0.000909,10519.912355,19355.975848,1.001023
"theta[Average Human, axis1]",-2.252428,0.243251,-2.716919,-1.80161,0.001078,0.000942,51712.401971,42146.716319,1.000073
"theta[Baichuan-13B-Base, axis1]",-1.944545,0.198467,-2.31921,-1.568886,0.000582,0.000797,116214.692278,59433.205851,1.000153
"theta[Baichuan-2-13B-Base, axis1]",-1.698339,0.192015,-2.056231,-1.332663,0.000569,0.000774,114125.692625,59414.541657,1.000122
"theta[Baichuan-2-7B-Base, axis1]",-2.035039,0.189863,-2.400097,-1.68568,0.00056,0.000746,115404.559213,58647.691306,1.00022
"theta[Baichuan-7B, axis1]",-2.353138,0.207162,-2.752861,-1.973557,0.000629,0.000835,109538.171245,57961.616098,1.000061
"theta[Baichuan2-13B-Chat, axis1]",-1.706848,0.199059,-2.083915,-1.331892,0.000578,0.000816,118558.559349,59763.899214,1.000161
"theta[Cerebras-GPT-13B, axis1]",-2.802246,0.241505,-3.255727,-2.349721,0.000752,0.000947,104565.948725,58053.359268,1.000101
"theta[Chinchilla (70B), axis1]",-1.27301,0.26556,-1.765838,-0.768229,0.000764,0.001137,125018.66001,54056.862486,1.000186
"theta[CodeQwen1.5-7B, axis1]",-2.205784,0.203769,-2.597307,-1.829026,0.000644,0.000786,100750.426053,58778.908971,1.000017
"theta[Committee of Domain Experts, axis1]",1.008886,0.178142,0.688956,1.351403,0.000742,0.000576,55441.90808,50821.863853,1.000027
"theta[DeepSeek-Coder-V2-Base, axis1]",-0.838107,0.337078,-1.425151,-0.173044,0.001148,0.001518,96547.512132,53279.919966,1.000125
"theta[DeepSeek-Coder-V2-Lite-Base, axis1]",-1.466669,0.191905,-1.823242,-1.099922,0.000572,0.000791,113303.964345,58404.757662,1.00018
"theta[DeepSeek-R1, axis1]",0.001725,0.057158,-0.105769,0.109457,0.000178,0.000199,103107.845834,64398.698486,1.000131
"theta[DeepSeek-R1-0528, axis1]",0.189272,0.078724,0.04117,0.337591,0.000227,0.000302,120110.723236,60787.262094,1.000045
"theta[DeepSeek-R1-Distill-Llama-70B, axis1]",-0.183882,0.115275,-0.395186,0.037696,0.000334,0.000454,120985.845406,59804.948602,1.000057
"theta[DeepSeek-R1-Distill-Qwen-1.5B, axis1]",-1.088626,0.170239,-1.415821,-0.776914,0.000492,0.000684,122130.531256,57847.474569,1.000156
"theta[DeepSeek-R1-Distill-Qwen-14B, axis1]",-0.361903,0.108103,-0.566129,-0.159678,0.00032,0.000412,114483.716976,62943.559837,1.000089
"theta[DeepSeek-R1-Distill-Qwen-32B, axis1]",-0.273753,0.137281,-0.531333,-0.01437,0.000389,0.000536,124845.735973,58938.704567,1.000154
"theta[DeepSeek-V2, axis1]",-0.562854,0.285468,-1.091734,-0.023045,0.000906,0.001172,107283.303525,54217.626583,1.000106
"theta[DeepSeek-V3, axis1]",-0.421863,0.059069,-0.529958,-0.308715,0.000197,0.000212,90343.057793,62488.220374,1.000133
"theta[DeepSeek-V3-0324, axis1]",-0.238848,0.078669,-0.388191,-0.093272,0.000234,0.000292,112805.56638,62247.463516,1.000021
"theta[DeepSeek-V3.1, axis1]",-0.014326,0.099012,-0.197037,0.174762,0.000294,0.000361,113626.158001,63399.908553,1.00007
"theta[DeepSeek-V3.1-Terminus, axis1]",0.255009,0.173197,-0.071513,0.578996,0.000468,0.000674,136838.269096,60915.779104,1.000022
"theta[DeepSeek-V3.1_thinking, axis1]",0.130772,0.148283,-0.153998,0.403422,0.000404,0.00057,134883.721912,60475.306664,1.000101
"theta[DeepSeek-V3.2-Exp, axis1]",0.301389,0.187028,-0.0338,0.660021,0.00068,0.000846,82269.020893,54372.184215,1.000057
"theta[DeepSeek-V3.2-Exp_thinking, axis1]",0.306593,0.111973,0.09188,0.513534,0.000319,0.000415,123147.311825,61314.645277,1.00015
"theta[Domain Expert, axis1]",0.445188,0.105764,0.250699,0.649366,0.00043,0.000302,60906.721547,65380.494815,0.999988
"theta[GLM-4.5-Air, axis1]",-0.424597,0.192418,-0.788452,-0.06995,0.000607,0.00078,106529.213596,57745.340364,1.00003
"theta[Gopher (280B), axis1]",-1.589769,0.2546,-2.062543,-1.100557,0.000722,0.001032,125224.87217,57858.139234,1.000087
"theta[Hermes-2-Theta-Llama-3-70B, axis1]",-1.131842,0.119374,-1.352675,-0.905574,0.000374,0.000466,103977.904795,56875.686767,1.000009
"theta[High School Qualifier, axis1]",0.066484,0.217131,-0.346075,0.452442,0.001358,0.000805,24407.916465,34914.508963,1.000047
"theta[High School Top Performer, axis1]",1.479476,0.289931,0.935027,2.017305,0.001013,0.000937,81435.219996,63618.574051,1.000098
"theta[INTELLECT-1-Instruct, axis1]",-1.898192,0.186446,-2.253703,-1.547926,0.000558,0.000733,111494.849289,60610.405512,1.000165
"theta[Inkling, axis1]",-0.290055,0.343874,-0.955545,0.309557,0.001193,0.001424,93572.11669,56025.366181,1.000043
"theta[Inkling_high, axis1]",-0.205728,0.27692,-0.73546,0.302164,0.000783,0.001216,129682.255293,57299.664573,1.000145
"theta[Inkling_thinking, axis1]",0.960308,0.398416,0.189703,1.720792,0.002077,0.003013,45126.418359,32387.156044,1.000193
"theta[Inkling_xhigh, axis1]",0.640913,0.081342,0.490487,0.795987,0.000242,0.000292,112677.199638,64123.433009,1.000081
"theta[Kimi-K2-Instruct, axis1]",0.05462,0.100943,-0.136973,0.243883,0.000302,0.000391,112620.528057,57287.7908,1.000011
"theta[Kimi-K2-Instruct-0905, axis1]",-0.033206,0.159193,-0.333296,0.26799,0.000455,0.000634,122256.580071,60743.135697,1.000011
"theta[LLaMA-13B, axis1]",-2.070426,0.184228,-2.42221,-1.72985,0.000556,0.000709,109962.578889,61583.258389,1.000021
"theta[LLaMA-33B, axis1]",-1.592991,0.18707,-1.940407,-1.235664,0.000551,0.000747,115958.866472,59368.699052,1.000088
"theta[LLaMA-65B, axis1]",-1.407514,0.190586,-1.754383,-1.035907,0.000578,0.000764,110980.255603,55937.396086,1.000069
"theta[LLaMA-7B, axis1]",-2.443642,0.195972,-2.804983,-2.067344,0.0006,0.000762,107638.367672,59793.208597,1.000249
"theta[Llama-2-13b, axis1]",-1.77236,0.182744,-2.116341,-1.428629,0.000529,0.000714,119321.803454,60439.95694,1.000001
"theta[Llama-2-13b-chat, axis1]",-1.715701,0.157957,-2.005216,-1.409732,0.000478,0.000591,109164.265705,60243.213616,1.000107
"theta[Llama-2-34b, axis1]",-1.593475,0.186772,-1.941069,-1.236372,0.00056,0.000758,112462.806,57859.571787,1.000145
"theta[Llama-2-70b-chat, axis1]",-1.583645,0.104672,-1.783879,-1.391061,0.000349,0.000381,90436.699447,57972.084537,1.000016
"theta[Llama-2-70b-hf, axis1]",-1.091175,0.207513,-1.481305,-0.703796,0.000648,0.000867,107271.505036,52990.102374,1.000052
"theta[Llama-2-7b, axis1]",-2.18588,0.186811,-2.54571,-1.840376,0.00056,0.000738,112094.100784,59797.082866,1.000089
"theta[Llama-3.1-405B, axis1]",-0.189174,0.321279,-0.775061,0.415937,0.00102,0.001357,110022.654487,53515.983867,1.000067
"theta[Llama-3.1-405B-Instruct, axis1]",-0.710601,0.043393,-0.791922,-0.628306,0.000174,0.000141,61976.860988,62109.671564,1.000089
"theta[Llama-3.1-70B-Instruct, axis1]",-0.840377,0.059477,-0.953854,-0.730204,0.000217,0.000208,75585.252685,59884.250317,1.000038
"theta[Llama-3.1-8B-Instruct, axis1]",-1.396332,0.06997,-1.524487,-1.261477,0.000285,0.00023,60543.493496,60595.152365,1.000034
"theta[Llama-3.1-Tulu-3-70B-DPO, axis1]",-0.848962,0.108075,-1.053831,-0.646969,0.000316,0.000419,117556.149828,58492.929824,1.000088
"theta[Llama-3.2-11B-Vision-Instruct, axis1]",-1.523498,0.244666,-1.979697,-1.060078,0.000721,0.000954,115802.963926,60237.269489,1.000076
"theta[Llama-3.2-1B-Instruct, axis1]",-1.598476,0.177771,-1.935809,-1.268142,0.000553,0.000684,106773.189722,60167.863977,1.000245
"theta[Llama-3.2-90B-Vision-Instruct, axis1]",-0.883491,0.098214,-1.067303,-0.697083,0.000301,0.000374,107169.326987,61874.235705,1.000131
"theta[Llama-3.3-70B-Instruct, axis1]",-0.761563,0.084424,-0.920118,-0.601957,0.000259,0.000318,106640.781267,60782.996859,1.000084
"theta[Llama-4-Maverick-17B-128E-Instruct, axis1]",-0.33452,0.055203,-0.440252,-0.232093,0.000176,0.000191,98288.910753,65606.849307,1.000048
"theta[Llama-4-Scout-17B-16E-Instruct, axis1]",-0.712217,0.063808,-0.832928,-0.592716,0.000224,0.000216,81459.662473,62996.529036,1.00002
"theta[Meta-Llama-3-70B-Instruct, axis1]",-1.099974,0.067742,-1.227607,-0.973621,0.000255,0.000226,70698.819747,62328.031395,1.000098
"theta[Meta-Llama-3-8B-Instruct, axis1]",-1.481939,0.084637,-1.64286,-1.325547,0.000315,0.000295,72482.137224,57553.605213,1.000072
"theta[MiniMax-M2.5, axis1]",0.166346,0.149324,-0.123554,0.432527,0.000608,0.000537,62888.435512,55279.342222,0.999986
"theta[MiniMax-M2.7, axis1]",0.255427,0.133093,0.0017,0.496765,0.000458,0.000496,87408.150535,60614.434015,1.000139
"theta[MiniMax-M3, axis1]",0.523434,0.096678,0.339925,0.7032,0.000279,0.000352,120145.358211,63394.804839,0.99999
"theta[MiniMax-M3_none, axis1]",0.089874,0.143148,-0.179485,0.358757,0.000398,0.000574,130083.897199,59557.152488,1.000109
"theta[MiniMax-M3_xhigh, axis1]",-0.493771,0.717799,-1.867508,0.834045,0.002378,0.002671,92184.244982,60166.700786,1.000056
"theta[Mistral-7B-Instruct-v0.1, axis1]",-2.828862,0.20735,-3.22382,-2.449838,0.000768,0.000699,74119.90193,61530.341083,1.000008
"theta[Mistral-7B-Instruct-v0.2, axis1]",-1.622302,0.202072,-1.999955,-1.235282,0.00061,0.00082,111620.625879,57434.706732,1.000071
"theta[Mistral-7B-Instruct-v0.3, axis1]",-1.773859,0.135046,-2.028172,-1.525153,0.000442,0.000518,95118.896253,58326.835292,1.000185
"theta[Mistral-7B-v0.1, axis1]",-1.403532,0.18995,-1.760441,-1.045729,0.00057,0.000766,113346.773471,59187.669229,1.000113
"theta[Mistral-Nemo-Instruct-2407, axis1]",-1.318746,0.114043,-1.534479,-1.106574,0.000378,0.00043,92633.811739,57495.352822,1.00008
"theta[Mixtral-8x22B-Instruct-v0.1, axis1]",-1.123216,0.09349,-1.302694,-0.952323,0.000308,0.000352,92759.129656,58245.941115,1.000013
"theta[Mixtral-8x7B-Instruct-v0.1, axis1]",-1.615406,0.084467,-1.772745,-1.455097,0.000342,0.000272,61163.586592,58188.03841,1.000086
"theta[Mixtral-8x7B-v0.1, axis1]",-0.981664,0.214273,-1.377947,-0.574532,0.00069,0.000923,102380.63808,53027.857127,1.000157
"theta[Nemotron-4 15B, axis1]",-1.667533,0.185899,-2.02275,-1.322724,0.000544,0.000761,117258.979098,58837.460478,1.000118
"theta[PaLM 2-L, axis1]",-0.803152,0.577675,-1.850384,0.286934,0.001965,0.002423,97369.260199,55007.964419,1.000041
"theta[PaLM 2-M, axis1]",-1.06506,0.543896,-2.044796,-0.027034,0.001839,0.002417,98432.755961,53412.258141,1.000103
"theta[PaLM 2-S, axis1]",-1.36517,0.506471,-2.286872,-0.40516,0.001639,0.00233,104814.131369,55599.70427,1.000036
"theta[PaLM 540B, axis1]",-1.172393,0.20694,-1.562396,-0.785339,0.000671,0.000837,100068.43683,56114.087724,1.000358
"theta[PaLM 62B, axis1]",-1.873471,0.183532,-2.221127,-1.529823,0.00054,0.000736,115617.533645,59711.315787,1.000101
"theta[Phi-3-medium-128k-instruct, axis1]",-1.183281,0.107858,-1.387274,-0.982469,0.000345,0.000416,98802.247206,56159.434031,1.000203
"theta[Phi-3-mini-4k-instruct, axis1]",-1.146167,0.221683,-1.567437,-0.73476,0.000634,0.000851,123341.517582,60155.331365,1.000047
"theta[Phi-3-small-8k-instruct, axis1]",-0.790748,0.265569,-1.275988,-0.280544,0.000809,0.001078,114088.671664,56911.924718,1.000194
"theta[QwQ-32B, axis1]",-0.257632,0.129538,-0.498502,-0.012305,0.000383,0.000497,114304.310168,59448.180303,1.000041
"theta[QwQ-32B_16K, axis1]",0.241738,0.573289,-0.827498,1.334976,0.001735,0.00231,112168.431941,58553.297876,1.0
"theta[Qwen-14B, axis1]",-1.222957,0.202302,-1.606599,-0.847099,0.000621,0.00081,110556.06546,58594.551208,1.000139
"theta[Qwen-14B-Chat, axis1]",-1.344807,0.209116,-1.730816,-0.944305,0.000606,0.000887,121848.195471,56548.664882,1.000199
"theta[Qwen-1_8B, axis1]",-2.509649,0.21313,-2.913448,-2.113749,0.000703,0.000786,93070.572408,58928.098404,1.000135
"theta[Qwen-7B, axis1]",-1.785012,0.19406,-2.153366,-1.42094,0.000584,0.000766,110534.423218,59290.229883,1.000126
"theta[Qwen2.5-72B, axis1]",-0.247601,0.308876,-0.818196,0.332124,0.000972,0.001283,110595.359934,55016.81861,1.000022
"theta[Qwen2.5-Coder-0.5B, axis1]",-2.202218,0.199905,-2.584222,-1.832667,0.000621,0.000767,104987.995305,58906.228381,1.000045
"theta[Qwen2.5-Coder-1.5B, axis1]",-1.677101,0.193214,-2.041425,-1.315085,0.000594,0.000716,105960.868285,61819.243168,1.000018
"theta[Qwen2.5-Coder-14B, axis1]",-0.868956,0.215357,-1.26903,-0.462283,0.000657,0.000865,112944.386996,57033.287828,1.000182
"theta[Qwen2.5-Coder-32B, axis1]",-0.701129,0.229674,-1.128429,-0.268024,0.000717,0.000967,109687.37155,55329.695771,1.000013
"theta[Qwen2.5-Coder-32B-Instruct, axis1]",-0.641776,0.206141,-1.033516,-0.257963,0.000595,0.000841,120352.556987,60120.38512,1.000014
"theta[Qwen2.5-Coder-3B, axis1]",-1.19134,0.309231,-1.765664,-0.606145,0.001,0.001389,100994.57593,56477.76846,1.000098
"theta[Qwen2.5-Coder-7B, axis1]",-1.128709,0.204808,-1.499847,-0.727051,0.000614,0.000825,114011.571449,56356.016316,1.000093
"theta[Qwen3-235B-A22B-Instruct-2507, axis1]",-0.047799,0.111473,-0.254426,0.16574,0.000312,0.000417,127480.706622,63271.313216,1.000166
"theta[Qwen3-235B-A22B-Thinking-2507, axis1]",0.14442,0.085397,-0.019715,0.302409,0.000242,0.000321,124203.846908,61688.413481,1.000131
"theta[Qwen3-30B-A3B, axis1]",-0.338855,0.111151,-0.552745,-0.135662,0.000315,0.000421,124221.092104,60953.426489,0.99998
"theta[Qwen3-30B-A3B_none, axis1]",-0.617233,0.151267,-0.907429,-0.337524,0.000424,0.000602,127684.323463,59992.722021,1.000158
"theta[Qwen3-32B, axis1]",-0.205417,0.104488,-0.404886,-0.010675,0.000294,0.000411,126805.412006,59398.949907,1.000102
"theta[Qwen3-32B_none, axis1]",-0.550836,0.147451,-0.828382,-0.273591,0.00041,0.000586,130080.209011,60328.633988,1.000101
"theta[Qwen3-Coder-480B-A35B-Instruct, axis1]",0.102699,0.139607,-0.1606,0.363931,0.000418,0.000587,115781.847594,57205.368692,1.000066
"theta[RedPajama-INCITE-7B-Base, axis1]",-2.744743,0.238736,-3.188173,-2.292249,0.000748,0.000894,102815.973138,61158.670053,1.000141
"theta[Skilled Generalist, axis1]",-1.096413,0.106033,-1.300785,-0.902806,0.000418,0.000316,65053.266094,62788.352427,1.000044
"theta[StableBeluga2, axis1]",-1.090493,0.208797,-1.479538,-0.699803,0.00065,0.000898,108262.80113,54689.467813,1.000091
"theta[Top Performer, axis1]",3.941082,0.534241,2.971413,4.964667,0.001807,0.001846,85684.637433,56823.911149,1.000011
"theta[WizardLM-2-8x22B, axis1]",-1.001135,0.119109,-1.226726,-0.77752,0.000359,0.000479,111508.166695,57986.286596,1.000038
"theta[Yi-1.5-34B-Chat, axis1]",-1.162347,0.131129,-1.410642,-0.920309,0.000419,0.000549,103284.835845,55034.635058,1.000102
"theta[Yi-34B, axis1]",-0.975225,0.239707,-1.414174,-0.524305,0.000781,0.001048,102063.199651,55508.317172,1.000026
"theta[Yi-34B-Chat, axis1]",-1.542825,0.117563,-1.764711,-1.322913,0.000437,0.000441,73104.966285,56139.175758,1.000117
"theta[Yi-6B, axis1]",-1.685669,0.187801,-2.033813,-1.329175,0.000569,0.000739,109370.079909,60515.585677,1.000177
"theta[Yi-6B-Chat, axis1]",-1.577614,0.202167,-1.951056,-1.186218,0.000593,0.00083,117419.093092,58772.63275,1.000072
"theta[Yi-9B, axis1]",-1.335936,0.24245,-1.783128,-0.870383,0.000718,0.001015,116925.994626,55522.406613,1.000084
"theta[amazon.nova-lite-v1:0, axis1]",-0.955512,0.076011,-1.100956,-0.81543,0.000257,0.000272,87480.304854,60118.058841,1.000029
"theta[amazon.nova-micro-v1:0, axis1]",-1.364179,0.088018,-1.528613,-1.19863,0.000324,0.000286,73855.341279,62336.15381,1.000074
"theta[amazon.nova-pro-v1:0, axis1]",-0.771829,0.072058,-0.905942,-0.635361,0.000239,0.000255,91163.777088,63519.174416,0.999989
"theta[c4ai-command-a-03-2025, axis1]",-0.838074,0.158163,-1.139804,-0.54445,0.000461,0.000617,119177.016627,60311.292906,1.000117
"theta[c4ai-command-r-08-2024, axis1]",-1.300038,0.165355,-1.610853,-0.991645,0.000477,0.000632,120209.636516,60271.647554,1.000275
"theta[c4ai-command-r-plus-08-2024, axis1]",-1.262882,0.144453,-1.539924,-0.99518,0.00043,0.000547,112777.425934,61087.432115,1.000098
"theta[chatglm2-6b, axis1]",-1.946573,0.186771,-2.299046,-1.595791,0.000546,0.00074,117144.713553,61442.921152,1.000147
"theta[claude-1.3, axis1]",-0.717095,0.31256,-1.291918,-0.122767,0.000941,0.001361,120465.280013,54878.239179,1.000088
"theta[claude-2.0, axis1]",-1.187298,0.097383,-1.37247,-1.006162,0.000324,0.000371,90780.520871,58099.723937,1.000169
"theta[claude-2.1, axis1]",-1.201297,0.115015,-1.419045,-0.987552,0.000355,0.000434,105595.516706,60396.422434,1.000186
"theta[claude-3-5-haiku-20241022, axis1]",-0.79144,0.081995,-0.946824,-0.637395,0.000266,0.000308,95434.731482,59330.762398,1.000194
"theta[claude-3-5-sonnet-20240620, axis1]",-0.482823,0.057627,-0.590543,-0.374361,0.000196,0.000194,86494.887802,64450.712467,1.000209
"theta[claude-3-5-sonnet-20241022, axis1]",-0.362028,0.05987,-0.474183,-0.24905,0.000207,0.000206,84029.719043,62209.320155,1.000008
"theta[claude-3-7-sonnet-20250219, axis1]",-0.20771,0.057129,-0.315149,-0.10083,0.000194,0.000189,86446.169181,65252.405843,1.00003
"theta[claude-3-7-sonnet-20250219_16K, axis1]",0.122746,0.072559,-0.013269,0.260145,0.000226,0.000259,103291.049324,63424.783781,1.00007
"theta[claude-3-7-sonnet-20250219_2K, axis1]",0.027405,0.710544,-1.3412,1.355528,0.002145,0.002835,110604.453906,59560.335971,1.000028
"theta[claude-3-7-sonnet-20250219_32K, axis1]",0.146695,0.120633,-0.081611,0.371318,0.000338,0.000482,130454.301708,54843.121491,1.000152
"theta[claude-3-7-sonnet-20250219_64K, axis1]",0.192681,0.142581,-0.070328,0.462485,0.000414,0.00058,125246.048092,57629.147998,1.000022
"theta[claude-3-7-sonnet-20250219_8K, axis1]",-0.084649,0.397498,-0.83311,0.693534,0.001326,0.002033,93484.126474,54575.1157,1.000021
"theta[claude-3-7-sonnet-20250219_thinking, axis1]",0.127826,0.157653,-0.169717,0.421583,0.000476,0.000628,111425.221356,61362.415083,1.000135
"theta[claude-3-haiku-20240307, axis1]",-1.221401,0.067235,-1.348804,-1.096599,0.000258,0.000224,67857.20068,62775.589478,1.00015
"theta[claude-3-opus-20240229, axis1]",-0.72691,0.05335,-0.827769,-0.626148,0.000193,0.000179,76688.711231,63449.992551,1.000141
"theta[claude-3-sonnet-20240229, axis1]",-1.099893,0.064807,-1.219732,-0.975616,0.00024,0.000223,72871.041814,60594.714249,1.000137
"theta[claude-fable-5, axis1]",1.943589,0.169005,1.630077,2.267952,0.000683,0.000585,61381.737835,56196.582818,1.000018
"theta[claude-fable-5-1, axis1]",1.760586,0.224767,1.339064,2.189847,0.000688,0.000906,107219.080859,60741.850023,1.000134
"theta[claude-fable-5-1_high, axis1]",1.830295,0.147006,1.55875,2.111663,0.000477,0.000544,95250.591536,58553.163175,1.000087
"theta[claude-fable-5-1_low, axis1]",1.652331,0.241449,1.200839,2.101957,0.000788,0.001146,103925.203951,52061.723341,1.000025
"theta[claude-fable-5-1_max, axis1]",2.03717,0.104275,1.845093,2.236346,0.00043,0.000348,58968.8103,58746.033586,1.000056
"theta[claude-fable-5-1_medium, axis1]",1.759454,0.197814,1.395386,2.139411,0.000616,0.000835,105372.543851,56057.320401,1.000089
"theta[claude-fable-5-1_xhigh, axis1]",1.713414,0.142969,1.443858,1.982345,0.000493,0.000477,84270.234661,63797.552977,1.00003
"theta[claude-fable-5_high, axis1]",1.681782,0.15207,1.398901,1.971884,0.000561,0.000544,73881.460727,61499.890228,1.00006
"theta[claude-fable-5_low, axis1]",0.859604,0.186256,0.519709,1.218528,0.000562,0.000687,112105.082762,61394.043694,1.00013
"theta[claude-fable-5_max, axis1]",1.855872,0.087062,1.689742,2.016646,0.000345,0.0003,63760.91926,58862.672808,1.00021
"theta[claude-fable-5_medium, axis1]",1.385028,0.442497,0.539077,2.22153,0.001399,0.002102,102474.20561,55708.822199,1.000082
"theta[claude-fable-5_xhigh, axis1]",1.653831,0.223781,1.23187,2.083098,0.000733,0.000954,95686.429595,56298.008068,1.000175
"theta[claude-haiku-4-5-20251001, axis1]",-0.034217,0.088519,-0.200568,0.132503,0.000294,0.000305,90863.036453,62383.700437,1.00009
"theta[claude-haiku-4-5-20251001_16K, axis1]",0.186778,0.262263,-0.304119,0.683011,0.000721,0.00109,133334.379608,57363.96308,0.99998
"theta[claude-haiku-4-5-20251001_1K, axis1]",-0.083782,0.361968,-0.770881,0.606251,0.001129,0.001478,105386.910566,56182.328801,1.00012
"theta[claude-haiku-4-5-20251001_32K, axis1]",0.149827,0.122822,-0.073246,0.386155,0.000343,0.000481,131087.853723,60643.832338,1.000135
"theta[claude-haiku-4-5-20251001_low, axis1]",0.210642,0.711556,-1.166307,1.528753,0.002202,0.002898,105700.375253,60688.321141,1.000007
"theta[claude-haiku-4-5-20251001_thinking, axis1]",0.087975,0.5008,-0.865019,1.035691,0.001601,0.00221,100227.944422,55356.445887,1.000084
"theta[claude-instant-1.1, axis1]",-0.880883,0.216915,-1.276777,-0.465228,0.000671,0.000893,110120.015428,56977.906545,1.000087
"theta[claude-instant-1.2, axis1]",-1.041796,0.148489,-1.319301,-0.761395,0.000422,0.000583,124351.088485,60514.223633,1.000175
"theta[claude-mythos-5, axis1]",2.3153,0.215546,1.920644,2.728772,0.000774,0.000791,78965.97092,58227.779557,1.000072
"theta[claude-mythos-preview, axis1]",2.146048,0.186363,1.802189,2.498327,0.000686,0.000667,75996.821218,58967.660629,1.000065
"theta[claude-mythos-preview-early, axis1]",1.644073,0.131679,1.404851,1.894526,0.000547,0.000472,59804.93878,57760.772602,1.000059
"theta[claude-opus-4-1-20250805, axis1]",0.276745,0.067297,0.147497,0.400829,0.000199,0.00025,114116.156615,62009.198141,1.00006
"theta[claude-opus-4-1-20250805_16K, axis1]",0.365775,0.121561,0.138685,0.595326,0.000344,0.000475,125438.596477,60483.664843,1.000158
"theta[claude-opus-4-1-20250805_24K, axis1]",0.5432,0.521277,-0.450212,1.487706,0.001671,0.002405,111733.501573,50986.64215,1.000141
"theta[claude-opus-4-1-20250805_27K, axis1]",0.268309,0.171175,-0.06032,0.582306,0.000483,0.000714,130957.382557,54997.94221,1.000081
"theta[claude-opus-4-1-20250805_32K, axis1]",0.031372,0.202625,-0.362477,0.388403,0.000654,0.000906,109239.252404,55641.812605,1.000037
"theta[claude-opus-4-1-20250805_thinking, axis1]",0.526929,0.154589,0.226264,0.809754,0.00045,0.000609,119141.655704,59780.397948,1.000009
"theta[claude-opus-4-20250514, axis1]",0.206048,0.061175,0.091018,0.320793,0.000188,0.000219,106282.984645,63268.769793,1.000129
"theta[claude-opus-4-20250514_16K, axis1]",0.279465,0.117943,0.05658,0.500558,0.000334,0.00046,124931.003386,59686.996751,1.000023
"theta[claude-opus-4-20250514_27K, axis1]",0.223424,0.306496,-0.332938,0.820936,0.000931,0.001559,118328.635426,51815.491976,1.000162
"theta[claude-opus-4-20250514_2K, axis1]",0.336841,0.712129,-1.04129,1.650601,0.002216,0.002831,104656.563463,57705.573089,1.000027
"theta[claude-opus-4-20250514_32K, axis1]",0.394823,0.277842,-0.107626,0.929423,0.000922,0.00138,102048.132424,51778.894394,1.000079
"theta[claude-opus-4-20250514_thinking, axis1]",0.417447,0.157195,0.124573,0.717712,0.000463,0.00063,116320.475084,59230.752116,1.000085
"theta[claude-opus-4-5-20251101, axis1]",0.808968,0.063849,0.689182,0.929278,0.00022,0.000216,84148.884122,65131.835174,1.000001
"theta[claude-opus-4-5-20251101_128K, axis1]",0.770453,0.167093,0.452137,1.087344,0.000518,0.00071,105583.567133,58385.553396,1.000151
"theta[claude-opus-4-5-20251101_16K, axis1]",0.816192,0.139866,0.552271,1.076832,0.000408,0.000524,119444.941505,60175.890418,1.000145
"theta[claude-opus-4-5-20251101_32K, axis1]",0.573964,0.100109,0.383426,0.759214,0.000283,0.000388,125357.556089,60853.840989,1.000112
"theta[claude-opus-4-5-20251101_48K, axis1]",0.591442,0.516417,-0.377893,1.537005,0.001685,0.002353,108618.440978,51861.115579,1.000192
"theta[claude-opus-4-5-20251101_64K, axis1]",0.477091,0.351747,-0.172219,1.158915,0.001083,0.001432,106685.872672,61548.597584,1.000033
"theta[claude-opus-4-5-20251101_high, axis1]",0.986398,0.176808,0.656142,1.322626,0.000512,0.000687,119784.579636,57996.985925,1.00007
"theta[claude-opus-4-5-20251101_low, axis1]",0.995678,0.72539,-0.359976,2.386069,0.002354,0.002803,97020.114935,57780.359846,1.000088
"theta[claude-opus-4-5-20251101_thinking, axis1]",0.802066,0.14611,0.531617,1.082014,0.000461,0.000574,101067.363534,60228.314581,1.000097
"theta[claude-opus-4-6, axis1]",1.148639,0.063961,1.02734,1.268441,0.000252,0.000199,64186.200857,60662.840302,1.000096
"theta[claude-opus-4-6_120K, axis1]",0.181941,0.516001,-0.804841,1.096448,0.001699,0.002205,108099.205473,53419.701939,1.000167
"theta[claude-opus-4-6_32K, axis1]",0.904331,0.18146,0.569739,1.25058,0.000512,0.000744,130234.456308,55112.741289,1.000276
"theta[claude-opus-4-6_64K, axis1]",0.79138,0.167465,0.479568,1.106654,0.000486,0.000666,122003.373384,58125.480011,1.000017
"theta[claude-opus-4-6_high, axis1]",1.3836,0.13197,1.135332,1.63304,0.000414,0.000497,101587.082005,61755.118293,1.000219
"theta[claude-opus-4-6_low, axis1]",0.144533,0.449043,-0.714052,0.953273,0.001566,0.001827,89244.248351,54577.028469,1.000046
"theta[claude-opus-4-6_max, axis1]",1.062975,0.067157,0.938159,1.190155,0.000226,0.000241,87955.994127,61597.930504,1.000135
"theta[claude-opus-4-6_medium, axis1]",0.943898,0.725323,-0.443176,2.297668,0.00236,0.002842,96695.104574,58318.711416,1.000124
"theta[claude-opus-4-6_none, axis1]",0.79814,0.150455,0.511487,1.080781,0.00045,0.000579,112089.559275,62056.354577,1.000184
"theta[claude-opus-4-7, axis1]",1.142135,0.085977,0.979665,1.302997,0.000383,0.00025,50406.787607,61511.32173,1.000062
"theta[claude-opus-4-7_high, axis1]",1.461035,0.17108,1.137059,1.786037,0.000545,0.000664,98956.624805,60894.133652,1.000017
"theta[claude-opus-4-7_low, axis1]",0.482735,0.496983,-0.480984,1.350874,0.001627,0.002334,110929.149505,53078.866748,1.000117
"theta[claude-opus-4-7_max, axis1]",1.175422,0.071099,1.043563,1.310851,0.000249,0.000254,81289.506552,60721.276062,1.000053
"theta[claude-opus-4-7_xhigh, axis1]",1.144751,0.176883,0.814836,1.479514,0.000549,0.000664,104168.784122,60012.382514,1.000074
"theta[claude-opus-4-8, axis1]",1.510175,0.123132,1.282306,1.74801,0.000439,0.000431,78584.457044,61525.941571,1.00011
"theta[claude-opus-4-8_high, axis1]",1.479018,0.165274,1.169246,1.799161,0.000596,0.000665,77301.810699,58719.870788,1.000046
"theta[claude-opus-4-8_low, axis1]",0.986632,0.169368,0.664021,1.29752,0.000483,0.000658,124783.839686,61873.936322,1.000159
"theta[claude-opus-4-8_max, axis1]",1.482332,0.07301,1.343424,1.61863,0.000277,0.000259,69555.599525,59126.290147,1.000036
"theta[claude-opus-4-8_medium, axis1]",1.16703,0.22732,0.725888,1.586762,0.000641,0.000921,127717.427395,58981.897761,1.000127
"theta[claude-opus-4-8_none, axis1]",0.80543,0.134916,0.55016,1.059491,0.000396,0.000522,116756.434221,61109.192696,1.000212
"theta[claude-opus-4-8_xhigh, axis1]",1.546387,0.17335,1.217379,1.87223,0.000546,0.000646,101029.486444,63103.726314,1.000124
"theta[claude-opus-5, axis1]",1.470981,0.148618,1.195257,1.752886,0.000492,0.000536,91234.712344,60500.340367,1.00008
"theta[claude-opus-5_high, axis1]",1.854909,0.14232,1.588021,2.124372,0.000477,0.000532,89467.025406,61208.039168,1.000048
"theta[claude-opus-5_low, axis1]",1.263006,0.173213,0.935855,1.58243,0.000606,0.000582,82435.062618,60409.696358,1.000062
"theta[claude-opus-5_max, axis1]",1.817995,0.084127,1.660283,1.976384,0.000347,0.000283,58683.624919,60327.881546,1.000043
"theta[claude-opus-5_medium, axis1]",1.696719,0.162167,1.385538,1.997826,0.000509,0.000638,102142.423771,61399.423571,1.000047
"theta[claude-opus-5_xhigh, axis1]",1.874063,0.133806,1.623155,2.128125,0.00046,0.000489,84927.681261,61399.465977,1.000078
"theta[claude-sonnet-4-20250514, axis1]",-0.012687,0.065694,-0.137229,0.110585,0.000198,0.000237,109613.48265,63879.370038,1.000114
"theta[claude-sonnet-4-20250514_16K, axis1]",0.233505,0.117536,0.012323,0.454771,0.000325,0.00046,131525.844629,57295.697203,1.000062
"theta[claude-sonnet-4-20250514_2K, axis1]",0.315067,0.715527,-1.064712,1.639272,0.002215,0.002898,105568.256193,60945.475595,1.000095
"theta[claude-sonnet-4-20250514_32K, axis1]",0.26614,0.140068,0.0094,0.53487,0.000406,0.00057,122681.027644,57992.985653,1.000099
"theta[claude-sonnet-4-20250514_59K, axis1]",0.297303,0.170461,-0.022004,0.617416,0.000478,0.000686,132500.035227,59438.510362,1.00019
"theta[claude-sonnet-4-20250514_thinking, axis1]",0.441392,0.498149,-0.492702,1.403652,0.001599,0.002148,99387.629558,55864.959225,1.000174
"theta[claude-sonnet-4-5-20250929, axis1]",0.455209,0.059978,0.341306,0.566545,0.000246,0.000189,59570.0757,61768.55292,1.000107
"theta[claude-sonnet-4-5-20250929_16K, axis1]",0.415806,0.123318,0.184573,0.647145,0.000343,0.000479,129500.806467,59986.927801,1.000054
"theta[claude-sonnet-4-5-20250929_2K, axis1]",0.88894,0.71998,-0.488187,2.240096,0.002291,0.002856,100769.313164,57325.233959,1.000104
"theta[claude-sonnet-4-5-20250929_32K, axis1]",0.384497,0.098225,0.200923,0.570973,0.000275,0.00038,127240.334835,61979.966032,1.000082
"theta[claude-sonnet-4-5-20250929_48K, axis1]",0.348289,0.536105,-0.672949,1.315668,0.001753,0.002338,106224.453186,52711.856828,1.000156
"theta[claude-sonnet-4-5-20250929_59K, axis1]",0.488725,0.178155,0.158263,0.825713,0.000505,0.000738,130458.761936,57490.587504,1.00016
"theta[claude-sonnet-4-5-20250929_low, axis1]",0.403144,0.716841,-0.948144,1.767998,0.002237,0.002808,104143.709415,60789.817786,1.000051
"theta[claude-sonnet-4-5-20250929_thinking, axis1]",0.422819,0.143586,0.154138,0.695857,0.000428,0.000557,114042.320547,61216.726812,1.000066
"theta[claude-sonnet-4-6, axis1]",0.705406,0.111793,0.488818,0.910291,0.000368,0.000402,92565.815914,62096.674556,1.000101
"theta[claude-sonnet-4-6_32K, axis1]",0.691655,0.172443,0.36801,1.013178,0.00049,0.000666,127906.61035,58831.538215,1.000163
"theta[claude-sonnet-4-6_high, axis1]",0.563744,0.145737,0.291738,0.839541,0.000424,0.000542,118826.014087,60640.317781,1.000014
"theta[claude-sonnet-4-6_low, axis1]",0.538727,0.43114,-0.272615,1.33056,0.001407,0.001858,102137.583348,54482.060014,1.000127
"theta[claude-sonnet-4-6_max, axis1]",0.660563,0.116507,0.437816,0.874754,0.000361,0.00041,104119.897025,62701.068838,1.000186
"theta[claude-sonnet-4-6_medium, axis1]",0.648809,0.140592,0.389877,0.91953,0.000417,0.000537,114049.293452,61634.317503,0.999977
"theta[claude-sonnet-5, axis1]",1.262914,0.144438,0.993335,1.538698,0.000468,0.000551,96400.743876,61178.890784,1.00001
"theta[claude-sonnet-5_high, axis1]",0.69726,0.169747,0.376385,1.016728,0.000497,0.000649,118580.776227,61096.869713,1.000179
"theta[claude-sonnet-5_low, axis1]",0.338175,0.499811,-0.629172,1.238925,0.001708,0.002253,95561.904007,53712.943126,1.000171
"theta[claude-sonnet-5_max, axis1]",1.121786,0.082042,0.9704,1.278337,0.000276,0.000301,88281.132327,59365.614135,1.000065
"theta[claude-sonnet-5_medium, axis1]",0.733422,0.238558,0.288325,1.189743,0.000752,0.00102,102513.444576,58890.823195,0.999994
"theta[claude-sonnet-5_xhigh, axis1]",1.046951,0.179338,0.713346,1.389024,0.000514,0.000697,124949.68266,55684.107173,1.000197
"theta[codestral-2501, axis1]",-1.232247,0.18546,-1.578264,-0.880885,0.000535,0.000701,120349.385896,59655.94569,1.000149
"theta[davinci, axis1]",-2.509921,0.210992,-2.90792,-2.117835,0.000764,0.000706,76801.937413,62708.58195,1.000012
"theta[dbrx-instruct, axis1]",-1.31675,0.134338,-1.563067,-1.060001,0.000427,0.000541,101673.953857,59053.395256,1.000258
"theta[deepseek-chat, axis1]",-0.23645,0.173344,-0.570324,0.080079,0.000561,0.000612,96832.484665,61601.163689,1.000133
"theta[deepseek-coder-1.3b-base, axis1]",-2.910029,0.220414,-3.328773,-2.500009,0.00072,0.000842,95533.800518,57665.114569,1.000172
"theta[deepseek-coder-33b-base, axis1]",-2.206093,0.200267,-2.57319,-1.821613,0.000623,0.000755,104295.156069,59272.428134,1.000029
"theta[deepseek-coder-6.7b-base, axis1]",-2.404506,0.202199,-2.78491,-2.026032,0.000638,0.000794,101625.445438,57756.565974,1.000028
"theta[deepseek-llm-67b-chat, axis1]",-1.549951,0.142687,-1.814316,-1.280134,0.000459,0.000547,100136.348828,57925.021606,1.000098
"theta[deepseek-r1-0528-qwen3-8b, axis1]",-2.044815,0.229985,-2.474086,-1.616187,0.000706,0.000903,110842.123837,56073.334991,1.00003
"theta[deepseek-v3.2, axis1]",0.267646,0.109893,0.059122,0.472446,0.000352,0.000405,98529.111143,61432.105397,1.000233
"theta[deepseek-v3.2_thinking, axis1]",0.599017,0.171413,0.279623,0.924468,0.000484,0.000683,130275.073667,56671.108834,1.000036
"theta[deepseek-v4-flash-0731, axis1]",0.845479,0.324423,0.208619,1.408793,0.001236,0.001405,75507.500482,54282.739475,1.000094
"theta[deepseek-v4-flash-0731_high, axis1]",0.589344,0.261444,0.103467,1.087784,0.000728,0.001084,129780.128766,58841.251666,1.000133
"theta[deepseek-v4-flash-0731_max, axis1]",1.021867,0.080686,0.871288,1.175449,0.000256,0.000308,99309.156731,59440.647764,1.000067
"theta[deepseek-v4-flash_high, axis1]",0.240532,0.235322,-0.211017,0.672847,0.000658,0.000954,130853.533427,57398.202445,1.000092
"theta[deepseek-v4-flash_max, axis1]",0.536534,0.149754,0.256717,0.817939,0.000421,0.000568,126276.408288,61362.38608,1.000166
"theta[deepseek-v4-flash_none, axis1]",-0.073788,0.144041,-0.340628,0.199843,0.000393,0.000591,134230.340872,59004.225616,1.000118
"theta[deepseek-v4-pro, axis1]",0.649366,0.343771,-0.020688,1.245488,0.001477,0.001977,66347.682876,40639.493348,1.00006
"theta[deepseek-v4-pro-0813, axis1]",1.089015,0.346067,0.421257,1.716869,0.001213,0.001984,93975.615956,48679.526469,1.00003
"theta[deepseek-v4-pro-0813_max, axis1]",1.154467,0.085796,0.994201,1.317264,0.000279,0.000318,94453.921215,60376.634925,1.000204
"theta[deepseek-v4-pro_high, axis1]",0.684944,0.11934,0.459065,0.907178,0.000371,0.000422,103877.072976,61152.367534,1.000028
"theta[deepseek-v4-pro_max, axis1]",0.713859,0.075649,0.567116,0.852048,0.000239,0.000271,100577.918247,63921.559157,1.00013
"theta[deepseek-v4-pro_none, axis1]",0.074709,0.144926,-0.195769,0.349427,0.000403,0.000577,130192.997291,58094.805429,1.000196
"theta[deepseek-v4-pro_xhigh, axis1]",0.111534,0.7032,-1.244039,1.405631,0.002384,0.002701,88940.999275,58865.903328,0.999965
"theta[dolly-v2-12b, axis1]",-2.744449,0.240504,-3.197951,-2.293186,0.000745,0.000906,105121.793079,61734.24007,1.000021
"theta[falcon-11b, axis1]",-1.564715,0.203893,-1.94697,-1.175712,0.000582,0.000857,123215.398973,58092.849406,1.000132
"theta[falcon-180B, axis1]",-1.291342,0.199498,-1.656502,-0.906581,0.000606,0.000813,111673.256076,57604.046518,1.000023
"theta[falcon-40b, axis1]",-1.811106,0.183941,-2.158522,-1.466692,0.000557,0.000721,109384.249985,60982.344743,1.00019
"theta[falcon-7b, axis1]",-2.525159,0.198574,-2.907624,-2.163417,0.000633,0.000757,99896.258347,58306.336528,1.000125
"theta[gemini-1.0-pro-001, axis1]",-1.372631,0.072114,-1.506407,-1.235559,0.000286,0.000235,63597.200025,61219.073773,1.000065
"theta[gemini-1.5-flash-001, axis1]",-0.871088,0.063278,-0.988764,-0.749218,0.000217,0.000224,85056.261739,60471.641272,1.000024
"theta[gemini-1.5-flash-002, axis1]",-0.707837,0.086781,-0.869489,-0.544451,0.00027,0.000324,103202.132582,60056.26059,1.00007
"theta[gemini-1.5-flash-8b-001, axis1]",-1.182527,0.115149,-1.395797,-0.962461,0.00035,0.000427,108362.515303,60201.372861,1.000002
"theta[gemini-1.5-pro-001, axis1]",-0.647962,0.060989,-0.762216,-0.532362,0.000208,0.000206,85808.856998,64939.236704,1.000016
"theta[gemini-1.5-pro-001-feb24, axis1]",-0.607914,0.19529,-0.977969,-0.245665,0.000565,0.000758,121132.602456,61001.21892,1.000086
"theta[gemini-1.5-pro-002, axis1]",-0.540428,0.076041,-0.685299,-0.400292,0.000244,0.000272,96859.474697,62750.460626,1.000097
"theta[gemini-2.0-flash-001, axis1]",-0.344567,0.076019,-0.485557,-0.199314,0.000235,0.000279,105009.309388,60653.0835,1.000022
"theta[gemini-2.0-flash-exp, axis1]",-0.570923,0.166464,-0.88629,-0.257799,0.000472,0.000657,125137.525747,57377.889811,1.00002
"theta[gemini-2.0-flash-lite, axis1]",-0.87891,0.197747,-1.250488,-0.505218,0.000577,0.00078,117505.036239,59475.969094,1.000054
"theta[gemini-2.0-flash-thinking-exp-01-21, axis1]",-0.384355,0.108806,-0.587665,-0.178127,0.000319,0.000407,116641.305914,61420.417555,1.000046
"theta[gemini-2.0-pro-exp-02-05, axis1]",-0.224957,0.10017,-0.41109,-0.034961,0.000289,0.000393,121423.896557,57767.709241,1.000039
"theta[gemini-2.5-flash, axis1]",-0.107677,0.11161,-0.316752,0.101312,0.000333,0.0004,112923.060238,64025.973727,1.000069
"theta[gemini-2.5-flash-lite-preview-06-17_16K, axis1]",-0.105781,0.273045,-0.624944,0.399352,0.000771,0.00116,128960.536786,56639.174055,1.000237
"theta[gemini-2.5-flash-lite-preview-06-17_thinking, axis1]",-0.445488,0.152355,-0.733688,-0.161621,0.000431,0.000589,125521.528964,61129.926206,1.000215
"theta[gemini-2.5-flash-preview-04-17, axis1]",0.067006,0.140793,-0.191591,0.33869,0.000407,0.00055,119567.083365,61026.18114,1.00009
"theta[gemini-2.5-flash-preview-04-17_16K, axis1]",0.084382,0.265223,-0.41643,0.583037,0.000737,0.001133,130856.887957,56646.194475,1.000182
"theta[gemini-2.5-flash-preview-04-17_24K, axis1]",-0.048809,0.567892,-1.115246,1.03075,0.001768,0.00238,106273.361936,55397.097766,1.000073
"theta[gemini-2.5-flash-preview-05-20, axis1]",0.087839,0.129567,-0.15464,0.332636,0.000372,0.000488,121720.023871,62057.961146,1.00012
"theta[gemini-2.5-flash-preview-05-20_16K, axis1]",0.084319,0.265615,-0.423356,0.572427,0.000741,0.00114,130234.989812,56083.89279,1.000205
"theta[gemini-2.5-flash-preview-05-20_24K, axis1]",0.044071,0.253458,-0.433403,0.528728,0.000782,0.001194,107797.874453,54243.957309,1.000122
"theta[gemini-2.5-flash-preview-09-2025, axis1]",0.01006,0.150142,-0.277331,0.288046,0.000538,0.000649,81926.787875,56168.721678,1.000144
"theta[gemini-2.5-flash-preview-09-2025_16k, axis1]",0.115478,0.266465,-0.387284,0.613658,0.000747,0.001122,129099.336236,58298.780038,1.000191
"theta[gemini-2.5-pro, axis1]",0.289554,0.065955,0.165096,0.413501,0.000196,0.000245,113597.60979,61053.364934,1.000096
"theta[gemini-2.5-pro-exp-03-25, axis1]",0.444371,0.1055,0.247705,0.644507,0.000308,0.000386,118308.254547,63450.724,1.00002
"theta[gemini-2.5-pro-preview-05-06, axis1]",0.177412,0.109694,-0.021897,0.388804,0.000374,0.000364,86706.272881,62934.000626,1.000005
"theta[gemini-2.5-pro-preview-06-05, axis1]",0.490545,0.0872,0.326045,0.652382,0.000272,0.000301,102723.267558,64727.037829,1.000064
"theta[gemini-2.5-pro-preview-06-05_32K, axis1]",0.683325,0.314293,0.136334,1.291471,0.001108,0.001582,96252.636226,50448.762751,1.000108
"theta[gemini-2.5-pro_16K, axis1]",0.495174,0.263292,0.001181,0.998174,0.000721,0.001104,133756.277728,58078.647759,1.000015
"theta[gemini-3-flash-preview, axis1]",0.758589,0.070465,0.624661,0.890041,0.000225,0.000248,98263.558503,62194.147097,1.000028
"theta[gemini-3-flash-preview_high, axis1]",0.941386,0.123983,0.703883,1.172321,0.000357,0.00047,121166.141615,62216.38393,1.000152
"theta[gemini-3-flash-preview_low, axis1]",0.874335,0.416465,0.085826,1.64239,0.001257,0.001783,118143.354163,54708.180144,1.000162
"theta[gemini-3-flash-preview_minimal, axis1]",0.811393,0.425516,2.1e-05,1.595079,0.00131,0.001857,113868.206047,54073.302377,1.000138
"theta[gemini-3-pro-preview, axis1]",0.985272,0.066163,0.860673,1.108992,0.00022,0.00022,90601.220948,65585.991885,1.000078
"theta[gemini-3-pro-preview_high, axis1]",0.206785,0.407431,-0.599254,0.933892,0.001505,0.001974,81579.097645,49366.233683,1.000078
"theta[gemini-3-pro-preview_low, axis1]",0.288875,0.712094,-1.057732,1.642082,0.002264,0.002746,100268.264338,60676.106673,1.000139
"theta[gemini-3.1-flash-lite, axis1]",0.213019,0.106389,0.014209,0.414106,0.000304,0.0004,123181.600083,64417.096986,0.999968
"theta[gemini-3.1-flash-lite_high, axis1]",0.418465,0.102007,0.226649,0.608845,0.000283,0.000397,129680.658004,60724.678382,1.000071
"theta[gemini-3.1-flash-lite_low, axis1]",0.143072,0.131761,-0.103262,0.391691,0.000376,0.000513,123056.869151,58918.914037,1.000156
"theta[gemini-3.1-flash-lite_minimal, axis1]",0.120014,0.133487,-0.133374,0.366319,0.000367,0.000505,132170.345768,60622.500261,1.000141
"theta[gemini-3.1-pro-preview, axis1]",1.146914,0.058098,1.038405,1.257021,0.000216,0.000195,72171.155824,61159.971634,1.000033
"theta[gemini-3.1-pro-preview_high, axis1]",1.211102,0.110635,1.000212,1.415809,0.000371,0.00039,89089.933347,61683.025932,1.00013
"theta[gemini-3.1-pro-preview_low, axis1]",0.767411,0.448789,-0.093851,1.59032,0.001377,0.001903,113547.84408,54938.59555,1.000024
"theta[gemini-3.1-pro-preview_medium, axis1]",1.01951,0.479388,0.091638,1.890855,0.001512,0.002327,112511.937938,50632.80294,1.000094
"theta[gemini-3.5-flash, axis1]",0.858263,0.254618,0.383493,1.34079,0.000727,0.000956,123069.89692,61775.21715,1.000134
"theta[gemini-3.5-flash-lite, axis1]",0.117556,0.18708,-0.229506,0.472089,0.00052,0.000702,130147.750808,58456.551493,1.000268
"theta[gemini-3.5-flash-lite_high, axis1]",0.327734,0.083543,0.16791,0.481555,0.000242,0.000316,119282.656942,60610.021627,0.999982
"theta[gemini-3.5-flash-lite_low, axis1]",0.259969,0.162893,-0.041398,0.570953,0.000449,0.000659,134164.204442,57239.261216,1.000165
"theta[gemini-3.5-flash-lite_minimal, axis1]",0.153398,0.156709,-0.141418,0.449553,0.000432,0.000642,132911.27032,58300.62379,1.00013
"theta[gemini-3.5-flash_high, axis1]",1.10076,0.072356,0.966489,1.239162,0.000247,0.000258,85834.260502,60723.088124,1.000111
"theta[gemini-3.5-flash_low, axis1]",1.039759,0.202839,0.653884,1.416409,0.000579,0.000804,125256.506443,57649.35099,1.000246
"theta[gemini-3.5-flash_medium, axis1]",0.70113,0.208871,0.302256,1.091586,0.000645,0.000857,106277.48828,58855.577555,1.00013
"theta[gemini-3.5-flash_minimal, axis1]",0.827565,0.215855,0.427481,1.234755,0.000642,0.00085,119575.252142,57162.253425,0.999981
"theta[gemini-3.6-flash, axis1]",0.892865,0.193368,0.522895,1.24914,0.000573,0.000741,115271.88978,60531.702047,1.000092
"theta[gemini-3.6-flash_high, axis1]",1.051526,0.0754,0.908973,1.192323,0.000248,0.000279,92606.737009,63330.110218,1.000098
"theta[gemini-3.6-flash_low, axis1]",0.849748,0.196549,0.485261,1.223308,0.000572,0.00074,121451.830651,57985.776851,1.00003
"theta[gemini-3.6-flash_minimal, axis1]",0.785773,0.190974,0.424361,1.138602,0.000539,0.000753,129532.803239,58477.117405,1.000149
"theta[gemini-3.7-flash, axis1]",1.297214,0.179745,0.965711,1.645138,0.000565,0.000728,101367.021611,58768.235577,1.000056
"theta[gemini-3.7-flash_high, axis1]",1.316339,0.077676,1.168537,1.459498,0.000279,0.000271,77685.013052,60007.818786,1.000085
"theta[gemini-3.7-flash_low, axis1]",0.835501,0.270477,0.328399,1.329125,0.00092,0.001272,98996.516505,53491.42121,1.000082
"theta[gemini-3.7-flash_medium, axis1]",1.211992,0.195712,0.844064,1.57569,0.00061,0.000819,108095.767829,54686.032742,1.000053
"theta[gemini-3.8-flash, axis1]",1.055256,0.355228,0.367156,1.697909,0.001269,0.002205,93289.130758,47220.501473,1.000012
"theta[gemini-3.8-flash_high, axis1]",1.485771,0.209088,1.09825,1.88757,0.000643,0.000863,109326.656151,55951.568609,1.00005
"theta[gemini-3.8-flash_low, axis1]",0.317897,0.476383,-0.582178,1.127895,0.001798,0.002336,89634.17527,48654.305501,1.000102
"theta[gemini-3.8-flash_medium, axis1]",1.27935,0.221653,0.865025,1.694467,0.000715,0.000958,102374.649701,53786.753089,1.000201
"theta[gemma-2-27b, axis1]",-1.258085,0.200779,-1.637821,-0.881002,0.000578,0.000783,121441.19877,59693.738039,1.000004
"theta[gemma-2-27b-it, axis1]",-1.0863,0.106429,-1.289102,-0.889161,0.000348,0.00041,94543.530292,56104.646511,1.000044
"theta[gemma-2-9b-it, axis1]",-1.28404,0.116417,-1.503694,-1.067616,0.000377,0.000441,97258.021591,56674.333251,1.00012
"theta[gemma-2b, axis1]",-2.312197,0.194167,-2.686819,-1.956898,0.000615,0.000771,99904.228842,58518.360711,1.000079
"theta[gemma-3-12b-it, axis1]",-1.083044,0.109297,-1.291071,-0.879964,0.000334,0.000428,107261.821492,59369.689252,1.000044
"theta[gemma-3-1b-it, axis1]",-1.631985,0.189562,-1.990328,-1.280619,0.00059,0.000762,107318.951131,55550.308455,1.000077
"theta[gemma-3-27b-it, axis1]",-0.688073,0.081897,-0.843581,-0.536732,0.00026,0.000289,99498.387702,62283.884645,1.00003
"theta[gemma-3-4b-it, axis1]",-1.509653,0.118318,-1.732491,-1.286313,0.000386,0.000437,94107.077551,59179.568983,1.000115
"theta[gemma-4-26b-a4b, axis1]",-0.059573,0.143543,-0.330646,0.21029,0.000393,0.000556,134305.302215,59953.80776,1.000155
"theta[gemma-4-26b-a4b_minimal, axis1]",0.238403,0.155019,-0.045183,0.538931,0.000431,0.000639,130240.047993,57545.971892,1.000107
"theta[gemma-4-31b-it, axis1]",0.442132,0.12906,0.196829,0.682583,0.000362,0.000498,126783.279011,60847.395257,1.000144
"theta[gemma-4-31b-it_minimal, axis1]",0.220091,0.153628,-0.064694,0.513492,0.000428,0.000627,130405.384008,57501.980153,1.000022
"theta[gemma-4-31b-it_none, axis1]",-0.01533,0.331781,-0.65134,0.580696,0.00128,0.001727,78068.117131,49303.744361,1.000119
"theta[gemma-7b, axis1]",-1.396057,0.194169,-1.756004,-1.026871,0.000602,0.000767,105851.289839,59054.043282,1.000019
"theta[glm-4.5, axis1]",-0.218026,0.178755,-0.56725,0.102212,0.000569,0.000725,105030.045297,54969.322135,1.000054
"theta[glm-4.5_thinking, axis1]",0.071786,0.264365,-0.441241,0.559782,0.000754,0.00111,124883.931494,56878.549331,1.000076
"theta[glm-4.6, axis1]",-0.057669,0.178737,-0.393073,0.269454,0.00062,0.000802,92798.025598,56177.196538,1.000187
"theta[glm-4.7, axis1]",0.337157,0.090682,0.167508,0.509149,0.000259,0.000349,123025.198964,60619.814747,1.000025
"theta[glm-4.7-flash, axis1]",-0.313411,0.144864,-0.595526,-0.046985,0.000398,0.00056,132593.759306,60877.289532,1.000285
"theta[glm-4.7-flash_none, axis1]",-0.780568,0.155854,-1.077834,-0.494743,0.000443,0.00061,124679.411912,60371.448742,1.000209
"theta[glm-4.7_high, axis1]",0.242131,0.519791,-0.790439,1.156352,0.001989,0.002357,76478.064295,50497.026781,1.000028
"theta[glm-5, axis1]",0.582159,0.089267,0.416277,0.752182,0.000271,0.000326,108935.10231,62599.580868,1.000098
"theta[glm-5.1, axis1]",0.718805,0.092508,0.547269,0.896118,0.000269,0.000355,118501.547504,60477.958745,1.000128
"theta[glm-5.1_none, axis1]",0.281594,0.212838,-0.127428,0.658005,0.000718,0.001192,103913.843045,52068.267528,0.999988
"theta[glm-5.2, axis1]",1.305717,0.173503,0.978973,1.63394,0.000552,0.000673,100380.425133,57628.269593,1.000075
"theta[glm-5.2_high, axis1]",0.771718,0.174665,0.448638,1.106839,0.000516,0.000678,115428.488558,61589.857802,1.000055
"theta[glm-5.2_low, axis1]",0.796347,0.125454,0.553977,1.027361,0.00036,0.000506,121699.215178,59890.142863,1.000108
"theta[glm-5.2_max, axis1]",1.094583,0.078139,0.94769,1.241739,0.000274,0.000282,81252.531037,60540.079071,1.000042
"theta[glm-5.2_medium, axis1]",0.240031,0.545424,-0.790522,1.227839,0.00176,0.002431,111882.626306,52349.857344,1.000236
"theta[glm-5.2_minimal, axis1]",0.398874,0.537365,-0.636483,1.36217,0.001732,0.002405,109665.464108,53895.744432,1.000006
"theta[glm-5.2_none, axis1]",0.254325,0.147127,-0.020175,0.531567,0.000467,0.00051,99527.106774,63539.300814,1.000161
"theta[glm-5.2_xhigh, axis1]",0.395471,0.695102,-0.972293,1.660367,0.002353,0.002674,89593.11791,60968.520351,1.000163
"theta[glm-5.3-flash, axis1]",1.168768,0.329445,0.543861,1.729047,0.001287,0.002106,86536.362148,46880.123083,1.000033
"theta[glm-5.3-flash_max, axis1]",0.847716,0.084674,0.686222,1.00419,0.000264,0.000306,102818.173171,61303.639739,1.00017
"theta[glm-5.3_max, axis1]",1.200835,0.083654,1.043115,1.359159,0.000325,0.000283,66486.069729,61084.544905,1.000109
"theta[gpt-3.5-turbo-0125, axis1]",-1.393248,0.081108,-1.547312,-1.242222,0.000302,0.000278,72319.59094,60219.051134,1.000166
"theta[gpt-3.5-turbo-0613, axis1]",-1.511086,0.156373,-1.802764,-1.217617,0.000494,0.000548,100949.165714,63701.619712,1.000081
"theta[gpt-3.5-turbo-1106, axis1]",-1.280559,0.108113,-1.485794,-1.078192,0.000346,0.000415,98817.586755,58396.748948,0.999994
"theta[gpt-4-0125-preview, axis1]",-0.856765,0.100182,-1.04542,-0.668074,0.000309,0.000383,105547.68837,59286.08784,1.000117
"theta[gpt-4-0314, axis1]",-0.913763,0.103706,-1.109561,-0.720894,0.000331,0.000384,98572.123606,61001.569813,1.00001
"theta[gpt-4-0613, axis1]",-1.033088,0.061985,-1.146694,-0.913248,0.000242,0.000214,65530.772578,59926.150765,1.000072
"theta[gpt-4-1106-preview, axis1]",-0.945162,0.107205,-1.152375,-0.748305,0.000336,0.0004,102643.75403,60560.467294,1.000074
"theta[gpt-4-turbo-2024-04-09, axis1]",-0.786686,0.056853,-0.892287,-0.678646,0.000203,0.000199,78225.080852,61939.687894,1.000058
"theta[gpt-4.1-2025-04-14, axis1]",-0.139635,0.066272,-0.263332,-0.014954,0.000193,0.00024,117397.244291,63520.747168,1.000131
"theta[gpt-4.1-mini-2025-04-14, axis1]",-0.270665,0.077967,-0.416948,-0.123868,0.000242,0.000277,103794.036081,62988.410626,1.000091
"theta[gpt-4.1-nano-2025-04-14, axis1]",-0.741625,0.087104,-0.905409,-0.57793,0.000281,0.000313,96283.546952,61914.467463,1.000053
"theta[gpt-4.5-preview-2025-02-27, axis1]",-0.215625,0.060639,-0.328806,-0.100346,0.000195,0.000222,96767.282489,60963.738974,1.000145
"theta[gpt-4o-2024-05-13, axis1]",-0.572906,0.054391,-0.674903,-0.470654,0.000188,0.000182,83558.665397,63870.966175,1.00005
"theta[gpt-4o-2024-08-06, axis1]",-0.676281,0.072979,-0.81207,-0.536396,0.000242,0.000273,90977.638323,61197.593975,1.000058
"theta[gpt-4o-2024-11-20, axis1]",-0.662343,0.074139,-0.802694,-0.524802,0.000238,0.000268,97274.695896,61010.240568,1.000005
"theta[gpt-4o-2025-01-29, axis1]",-0.303081,0.214655,-0.704288,0.107036,0.000709,0.000896,93574.125645,55991.601184,0.999993
"theta[gpt-4o-mini-2024-07-18, axis1]",-0.899718,0.074974,-1.044286,-0.762228,0.000254,0.00027,87610.188561,61730.381434,1.000122
"theta[gpt-5-2025-08-07, axis1]",0.622323,0.071107,0.489071,0.756044,0.000299,0.000232,57238.919135,56147.003733,1.000057
"theta[gpt-5-2025-08-07_high, axis1]",0.823264,0.067531,0.696938,0.951237,0.000216,0.000248,97462.888525,62794.416819,1.000048
"theta[gpt-5-2025-08-07_low, axis1]",0.62081,0.135414,0.365407,0.874897,0.000385,0.000537,123788.251134,58130.277413,1.000116
"theta[gpt-5-2025-08-07_medium, axis1]",0.675234,0.091665,0.508498,0.852353,0.000277,0.000352,110581.827218,59606.734904,1.000203
"theta[gpt-5-2025-08-07_minimal, axis1]",0.047773,0.112018,-0.166818,0.253529,0.000312,0.00044,129221.458977,57861.865357,1.000111
"theta[gpt-5-2025-08-07_thinking, axis1]",0.778577,0.502207,-0.177915,1.729499,0.00161,0.00219,99765.940191,56951.775241,1.000131
"theta[gpt-5-codex, axis1]",0.482324,0.139069,0.222433,0.749753,0.000405,0.000558,118512.771759,61217.073158,1.000106
"theta[gpt-5-codex_high, axis1]",0.627,0.20825,0.226239,1.00786,0.000591,0.000841,125544.063259,58610.486566,1.000099
"theta[gpt-5-mini-2025-08-07, axis1]",0.219924,0.108855,0.012052,0.421477,0.000333,0.000408,108014.050499,61752.451435,0.999996
"theta[gpt-5-mini-2025-08-07_high, axis1]",0.465123,0.087492,0.3046,0.633616,0.000268,0.000316,106610.383449,63271.172041,1.000334
"theta[gpt-5-mini-2025-08-07_low, axis1]",0.127269,0.211175,-0.278755,0.504457,0.000682,0.001021,110750.85284,51119.926266,1.00003
"theta[gpt-5-mini-2025-08-07_medium, axis1]",0.201184,0.095914,0.018752,0.379604,0.000272,0.000369,124235.572786,62571.366826,1.000112
"theta[gpt-5-mini-2025-08-07_minimal, axis1]",-0.080362,0.118037,-0.302511,0.141453,0.000331,0.000458,127542.238032,60702.965806,1.000069
"theta[gpt-5-mini-2025-08-07_thinking, axis1]",0.545809,0.496857,-0.381569,1.501766,0.001582,0.002109,100882.63374,58083.211397,1.000137
"theta[gpt-5-nano-2025-08-07, axis1]",-0.071637,0.213578,-0.485401,0.302563,0.000754,0.001066,92403.706209,51620.094783,1.000084
"theta[gpt-5-nano-2025-08-07_high, axis1]",-0.031621,0.088185,-0.193468,0.137187,0.000262,0.000313,113205.457404,64482.060596,1.000296
"theta[gpt-5-nano-2025-08-07_low, axis1]",-0.328015,0.119637,-0.560451,-0.111942,0.000331,0.000469,131725.964952,59912.544201,1.000077
"theta[gpt-5-nano-2025-08-07_medium, axis1]",-0.074224,0.093011,-0.247721,0.100963,0.000289,0.000344,103862.37233,62064.860246,1.000086
"theta[gpt-5-nano-2025-08-07_minimal, axis1]",-0.652781,0.138246,-0.909578,-0.390246,0.000396,0.000537,123392.924436,59137.298655,1.000245
"theta[gpt-5-pro-2025-10-06, axis1]",1.175555,0.131219,0.934906,1.429819,0.000408,0.000488,103470.865974,63685.650966,1.000068
"theta[gpt-5-pro-2025-10-06_high, axis1]",0.902622,0.106788,0.701039,1.103246,0.000317,0.000419,114030.391728,59685.56741,1.000147
"theta[gpt-5.1-2025-11-13, axis1]",0.623518,0.101323,0.4304,0.811787,0.000313,0.00038,104827.689641,62198.96442,1.000081
"theta[gpt-5.1-2025-11-13_high, axis1]",0.825507,0.091819,0.651061,0.996774,0.000294,0.000334,97770.547826,61068.174486,1.000128
"theta[gpt-5.1-2025-11-13_low, axis1]",0.300321,0.234638,-0.143015,0.739869,0.00064,0.000964,134591.120812,59500.417439,0.99998
"theta[gpt-5.1-2025-11-13_medium, axis1]",0.581286,0.118236,0.358479,0.803291,0.000339,0.000481,123305.131101,58017.778751,1.000158
"theta[gpt-5.1-2025-11-13_none, axis1]",-0.101579,0.105891,-0.300244,0.097221,0.000304,0.000398,121209.862971,61761.269302,1.000135
"theta[gpt-5.1-2025-11-13_thinking, axis1]",0.843958,0.149154,0.560118,1.124424,0.000447,0.000585,111980.048586,61712.407025,1.000103
"theta[gpt-5.1-codex, axis1]",0.75449,0.147582,0.482073,1.040279,0.000441,0.0006,112830.11519,59151.830944,1.000402
"theta[gpt-5.1-codex-max, axis1]",0.693609,0.099333,0.508915,0.883954,0.000316,0.000356,99038.429898,62457.551667,1.000083
"theta[gpt-5.2-2025-12-11, axis1]",0.772405,0.090419,0.600227,0.939961,0.000274,0.000332,108862.312256,63862.596787,0.999994
"theta[gpt-5.2-2025-12-11_high, axis1]",0.988397,0.109303,0.785003,1.196839,0.000336,0.000398,106220.221589,62361.81504,1.000067
"theta[gpt-5.2-2025-12-11_low, axis1]",0.453722,0.131287,0.212697,0.70555,0.000361,0.000525,133332.261568,57955.677188,1.000096
"theta[gpt-5.2-2025-12-11_medium, axis1]",0.887055,0.106743,0.68563,1.087347,0.000316,0.000407,114984.882065,60205.528811,1.000083
"theta[gpt-5.2-2025-12-11_none, axis1]",0.234806,0.137522,-0.020358,0.496984,0.000412,0.000508,111911.900345,64043.181315,1.000041
"theta[gpt-5.2-2025-12-11_xhigh, axis1]",1.096561,0.076414,0.94936,1.236892,0.000251,0.000281,92906.071211,59755.476336,1.000119
"theta[gpt-5.2-codex, axis1]",0.856007,0.082228,0.699947,1.009678,0.00032,0.000294,66524.811946,57271.581839,1.000069
"theta[gpt-5.2-pro-2025-12-11, axis1]",0.429186,0.648755,-0.794003,1.660681,0.001981,0.0027,108812.717415,55909.986582,1.00019
"theta[gpt-5.2-pro-2025-12-11_xhigh, axis1]",1.309877,0.104711,1.113353,1.510246,0.000343,0.000412,93421.027604,58240.959267,1.000083
"theta[gpt-5.3-codex, axis1]",1.100786,0.076909,0.957007,1.245407,0.000277,0.000253,77707.008976,62812.606824,1.000105
"theta[gpt-5.3-codex_xhigh, axis1]",1.246077,0.192993,0.889551,1.622446,0.000581,0.000795,112048.039111,57878.151233,1.000167
"theta[gpt-5.4-2026-03-05, axis1]",1.154336,0.078655,1.008868,1.303914,0.000352,0.000253,49959.278158,58246.676058,1.000062
"theta[gpt-5.4-2026-03-05_high, axis1]",1.054371,0.129906,0.812019,1.301709,0.000419,0.000463,95939.273251,62445.280195,1.000003
"theta[gpt-5.4-2026-03-05_low, axis1]",0.574891,0.161206,0.274094,0.881488,0.000469,0.000633,120228.393401,59127.034314,1.000076
"theta[gpt-5.4-2026-03-05_medium, axis1]",1.059801,0.191452,0.703213,1.420425,0.000546,0.000733,125943.173602,56817.901708,1.000157
"theta[gpt-5.4-2026-03-05_none, axis1]",0.260267,0.135161,0.007039,0.514529,0.000378,0.000525,128636.36542,60148.277047,1.000179
"theta[gpt-5.4-2026-03-05_xhigh, axis1]",1.321994,0.061229,1.205756,1.435655,0.000236,0.000204,67173.290744,62047.801633,1.000062
"theta[gpt-5.4-mini-2026-03-17, axis1]",0.867098,0.253539,0.379062,1.328996,0.000817,0.001133,104488.878756,54245.506667,1.000093
"theta[gpt-5.4-mini-2026-03-17_high, axis1]",0.639543,0.144607,0.368004,0.909684,0.000408,0.000566,127868.514996,59106.606833,1.000081
"theta[gpt-5.4-mini-2026-03-17_low, axis1]",0.15749,0.221457,-0.273426,0.542471,0.000767,0.001097,98009.458922,51841.272403,1.000086
"theta[gpt-5.4-mini-2026-03-17_medium, axis1]",-0.267771,0.56071,-1.346488,0.731105,0.001787,0.002323,111735.159074,53975.834684,1.000213
"theta[gpt-5.4-mini-2026-03-17_none, axis1]",-0.155115,0.120639,-0.381038,0.070742,0.000346,0.000466,122005.780163,59106.459724,1.000172
"theta[gpt-5.4-mini-2026-03-17_xhigh, axis1]",0.746671,0.085582,0.584956,0.906697,0.000248,0.000316,119146.315516,62494.522611,1.000054
"theta[gpt-5.4-nano-2026-03-17, axis1]",0.534408,0.352121,-0.135817,1.16066,0.001203,0.001757,100986.643238,53079.741498,1.000005
"theta[gpt-5.4-nano-2026-03-17_high, axis1]",0.545579,0.100801,0.353749,0.731137,0.000305,0.000373,110127.956672,62447.934903,1.000141
"theta[gpt-5.4-nano-2026-03-17_low, axis1]",0.13658,0.1233,-0.093764,0.368308,0.000339,0.000499,132882.572059,58407.045097,1.000157
"theta[gpt-5.4-nano-2026-03-17_medium, axis1]",-0.345843,0.56352,-1.413663,0.682346,0.001752,0.0022,114660.673278,57397.725083,1.000075
"theta[gpt-5.4-nano-2026-03-17_none, axis1]",-0.327984,0.119964,-0.55565,-0.106765,0.000337,0.000462,127578.497827,60428.427982,1.000035
"theta[gpt-5.4-nano-2026-03-17_xhigh, axis1]",0.585347,0.192152,0.216294,0.938792,0.000529,0.000728,131622.508047,61541.340575,1.000004
"theta[gpt-5.4-pro-2026-03-05, axis1]",1.296476,0.131991,1.044888,1.542979,0.00043,0.000482,95037.187662,59539.598133,0.999971
"theta[gpt-5.4-pro-2026-03-05_none, axis1]",0.600705,0.260919,0.114595,1.097775,0.000729,0.001099,128861.888907,58516.910933,1.000081
"theta[gpt-5.4-pro-2026-03-05_xhigh, axis1]",1.554386,0.102318,1.367772,1.751911,0.000371,0.000386,76975.771547,58300.7621,1.000022
"theta[gpt-5.5, axis1]",1.658746,0.099288,1.471998,1.844487,0.000425,0.000314,54745.457742,62803.099636,1.00004
"theta[gpt-5.5-instant, axis1]",0.30457,0.102491,0.111168,0.493651,0.000294,0.000385,122895.566848,61171.574541,1.000015
"theta[gpt-5.5-pre-release_xhigh, axis1]",1.586468,0.22773,1.157793,2.007875,0.000682,0.000904,116668.987276,56998.821605,1.000132
"theta[gpt-5.5-pro-pre-release_xhigh, axis1]",1.698057,0.245068,1.246208,2.163226,0.000717,0.000951,122033.99736,57299.157551,1.000127
"theta[gpt-5.5-pro_xhigh, axis1]",1.710548,0.100016,1.526073,1.901615,0.000354,0.000366,80395.091652,59136.407418,1.00002
"theta[gpt-5.5_high, axis1]",1.670771,0.138455,1.408768,1.930946,0.000439,0.000505,99744.986212,60877.169142,1.000059
"theta[gpt-5.5_low, axis1]",0.874844,0.145957,0.60087,1.150713,0.000408,0.000563,128301.100236,61048.349638,1.000235
"theta[gpt-5.5_medium, axis1]",1.334999,0.151804,1.043517,1.621156,0.000506,0.000589,90615.152934,60177.445408,1.000208
"theta[gpt-5.5_none, axis1]",0.407036,0.132856,0.156938,0.655766,0.000374,0.00049,126284.325841,64324.805404,1.000141
"theta[gpt-5.5_xhigh, axis1]",1.547472,0.070826,1.414411,1.679847,0.000284,0.000233,62239.398216,61838.050867,1.000051
"theta[gpt-5.6-luna, axis1]",0.956794,0.28437,0.429238,1.489946,0.000974,0.000933,86253.548085,65745.792786,1.000105
"theta[gpt-5.6-luna_high, axis1]",0.983352,0.210558,0.573009,1.363885,0.000599,0.000777,124129.191471,62765.514952,1.000092
"theta[gpt-5.6-luna_low, axis1]",0.392897,0.121667,0.164696,0.621146,0.000376,0.000432,104840.657264,64877.682668,1.000231
"theta[gpt-5.6-luna_max, axis1]",1.403358,0.080231,1.251657,1.553612,0.000283,0.000289,80604.919948,58236.352877,1.000051
"theta[gpt-5.6-luna_medium, axis1]",0.618027,0.185292,0.259791,0.955927,0.000633,0.000697,88446.802593,59400.228196,1.000165
"theta[gpt-5.6-luna_none, axis1]",0.019855,0.147877,-0.253172,0.30241,0.000465,0.000521,101030.782851,61930.74614,0.999978
"theta[gpt-5.6-luna_xhigh, axis1]",1.408191,0.229531,0.967101,1.828628,0.00071,0.000997,111563.121529,56106.618591,1.000163
"theta[gpt-5.6-sol, axis1]",2.312952,0.167907,2.005029,2.635464,0.000692,0.000512,59017.771294,65713.982245,1.000039
"theta[gpt-5.6-sol_high, axis1]",1.720065,0.1645,1.410225,2.030358,0.000495,0.000628,110589.795065,61460.892329,1.000056
"theta[gpt-5.6-sol_low, axis1]",1.074917,0.153723,0.777372,1.354623,0.000443,0.000591,120694.245842,59623.572217,1.000094
"theta[gpt-5.6-sol_max, axis1]",1.770878,0.076384,1.626646,1.913887,0.0003,0.000256,64567.519832,61343.715477,0.999997
"theta[gpt-5.6-sol_medium, axis1]",1.597925,0.17186,1.26685,1.918291,0.000646,0.000687,72350.745097,53655.935134,1.000017
"theta[gpt-5.6-sol_none, axis1]",0.501325,0.156683,0.214687,0.801581,0.000438,0.000596,128425.113075,62175.71391,1.000056
"theta[gpt-5.6-sol_promax, axis1]",1.759282,0.104453,1.567761,1.958902,0.000379,0.000382,76895.480235,55803.504727,1.000116
"theta[gpt-5.6-sol_xhigh, axis1]",1.638967,0.129957,1.393457,1.881845,0.000447,0.000479,84823.906578,60092.248582,1.000095
"theta[gpt-5.6-terra, axis1]",1.118833,0.2767,0.588383,1.625078,0.000928,0.000933,90148.295795,63400.049754,1.000105
"theta[gpt-5.6-terra_high, axis1]",1.447288,0.184441,1.095471,1.790827,0.000533,0.000709,119939.147906,61781.951018,1.000187
"theta[gpt-5.6-terra_low, axis1]",0.759452,0.147577,0.490827,1.045373,0.000413,0.00057,128234.609757,58789.56886,1.000127
"theta[gpt-5.6-terra_max, axis1]",1.596958,0.087506,1.431842,1.758887,0.000307,0.000325,81484.391722,56944.65649,1.000075
"theta[gpt-5.6-terra_medium, axis1]",1.033802,0.228306,0.614955,1.462767,0.00076,0.00088,94374.566338,58966.848019,1.000008
"theta[gpt-5.6-terra_none, axis1]",0.17177,0.143618,-0.094144,0.445487,0.000397,0.000582,131355.399742,57295.586967,1.000118
"theta[gpt-5.6-terra_xhigh, axis1]",1.584345,0.161965,1.282677,1.892602,0.00049,0.000614,109772.392087,60715.002471,1.000039
"theta[gpt-6-astra, axis1]",1.985479,0.193446,1.624633,2.352499,0.000643,0.000732,92221.200131,57107.601021,1.000073
"theta[gpt-6-astra_high, axis1]",2.039963,0.123738,1.810319,2.27549,0.000478,0.000436,68082.076727,55592.792084,1.000015
"theta[gpt-6-astra_low, axis1]",1.84241,0.119487,1.615325,2.066465,0.000428,0.000437,78642.914185,58615.090084,1.000036
"theta[gpt-6-astra_max, axis1]",2.147523,0.117348,1.930469,2.369879,0.000467,0.00041,63445.197262,57653.018802,1.000072
"theta[gpt-6-astra_medium, axis1]",2.077094,0.128234,1.844547,2.325713,0.000478,0.000441,73126.919063,59686.046453,1.000076
"theta[gpt-6-astra_none, axis1]",1.725827,0.116975,1.510103,1.950128,0.00041,0.000445,81917.737785,59548.208881,1.000084
"theta[gpt-6-astra_xhigh, axis1]",2.030363,0.12875,1.793744,2.27783,0.000475,0.000466,74767.862666,57640.633648,1.000098
"theta[gpt-j-6b, axis1]",-2.787197,0.241139,-3.254299,-2.347631,0.000747,0.000922,105307.335215,60538.201874,1.000113
"theta[gpt-oss-120b, axis1]",-0.125343,0.095326,-0.302055,0.056539,0.000285,0.000355,112337.899129,60119.269808,1.000205
"theta[gpt-oss-120b_high, axis1]",0.073553,0.095277,-0.106971,0.252563,0.000278,0.000366,117300.903226,61173.731393,1.000204
"theta[gpt-oss-120b_low, axis1]",-0.546329,0.481599,-1.457979,0.30632,0.001552,0.001911,111837.725326,55670.757599,1.000071
"theta[gpt-oss-120b_medium, axis1]",-0.094404,0.24212,-0.557274,0.351048,0.000705,0.000997,122097.054787,57876.978835,1.00012
"theta[gpt-oss-20b, axis1]",-0.716415,0.142959,-0.984364,-0.447786,0.000431,0.000516,111304.538123,61937.32043,1.000148
"theta[gpt-oss-20b_high, axis1]",-0.483471,0.114472,-0.697532,-0.268663,0.000328,0.000428,122224.619021,62815.650992,1.000197
"theta[gpt-oss-20b_low, axis1]",-0.472997,0.153667,-0.771138,-0.193975,0.000427,0.000617,129803.379602,60414.514179,1.000082
"theta[gpt-oss-20b_medium, axis1]",-0.131869,0.134291,-0.387718,0.11474,0.000378,0.000517,126355.303183,61796.38301,1.000157
"theta[gpt2-xl, axis1]",-3.078085,0.268266,-3.579115,-2.578393,0.000949,0.000921,81996.935032,61251.103196,1.000102
"theta[granite-4.0-1b, axis1]",-1.506038,0.179172,-1.842045,-1.169334,0.000542,0.000723,112780.777617,56462.969802,1.000189
"theta[granite-4.0-350m, axis1]",-2.030217,0.215375,-2.440028,-1.634982,0.000667,0.000877,109111.378689,54841.023521,1.000113
"theta[granite-4.0-h-small, axis1]",-0.922369,0.205822,-1.30329,-0.527396,0.000581,0.000815,126647.916319,59252.504447,1.000033
"theta[granite-4.0-micro, axis1]",-1.339132,0.172259,-1.66693,-1.020466,0.000523,0.000681,110875.898586,59101.880228,1.000225
"theta[grok-2, axis1]",-0.816258,0.082713,-0.968633,-0.657436,0.000271,0.000299,93300.731676,62695.62946,1.000169
"theta[grok-2-1212, axis1]",-0.540918,0.084688,-0.701251,-0.382166,0.000252,0.00032,112748.646295,60507.648682,1.000137
"theta[grok-3, axis1]",-0.068835,0.082666,-0.224204,0.085088,0.000238,0.000314,120780.979602,61302.078859,1.000083
"theta[grok-3-mini, axis1]",0.051203,0.254131,-0.421258,0.529939,0.000734,0.00102,124329.173471,56627.935206,1.000064
"theta[grok-3-mini-beta_high, axis1]",0.116143,0.109961,-0.086689,0.326513,0.000309,0.000426,128574.615887,59576.185078,1.00009
"theta[grok-3-mini-beta_low, axis1]",0.020528,0.111968,-0.186505,0.233895,0.000335,0.000427,113790.163142,61454.936107,1.000089
"theta[grok-3-mini-beta_medium, axis1]",0.145792,0.407382,-0.609995,0.945162,0.001367,0.002172,94725.858867,53436.179006,1.000146
"theta[grok-3-mini_high, axis1]",0.135674,0.264117,-0.363097,0.631496,0.000728,0.001083,132577.756406,59611.751584,1.000011
"theta[grok-4-0709, axis1]",0.440273,0.075123,0.29925,0.58092,0.000249,0.000267,91829.35815,62441.28232,1.000043
"theta[grok-4-0709_high, axis1]",0.445945,0.253832,-0.020762,0.931183,0.000833,0.001148,99785.459029,54496.964718,1.000044
"theta[grok-4-1, axis1]",0.215518,0.168099,-0.099476,0.536564,0.000518,0.000684,107003.523837,58641.479294,0.999991
"theta[grok-4-1-fast-reasoning, axis1]",0.48697,0.198712,0.112767,0.860066,0.000561,0.000764,125485.059226,61540.247598,1.00016
"theta[grok-4-20, axis1]",0.746902,0.109961,0.538871,0.951464,0.000334,0.000421,108449.149862,60421.823534,1.00006
"theta[grok-4-20_high, axis1]",0.377395,0.515151,-0.632697,1.297444,0.002094,0.002417,68168.036302,47193.035609,1.000005
"theta[grok-4-fast, axis1]",0.143851,0.121067,-0.082494,0.373835,0.000352,0.000467,118763.982178,59780.521003,1.000056
"theta[grok-4-fast_thinking, axis1]",-0.247309,0.669125,-1.499067,1.019346,0.001871,0.002813,131663.250768,56385.847435,1.000082
"theta[grok-4.20-0309-reasoning, axis1]",0.81015,0.094367,0.629416,0.985522,0.000278,0.000353,115600.50451,59778.111312,1.000201
"theta[grok-4.3, axis1]",0.09135,0.209312,-0.303451,0.478897,0.000619,0.000855,120153.923824,57413.31863,1.000017
"theta[grok-4.3_high, axis1]",0.769759,0.081761,0.617643,0.924763,0.000244,0.000309,112555.004269,62797.484919,1.000055
"theta[grok-4.3_none, axis1]",-0.546931,0.480768,-1.459987,0.297799,0.001594,0.00197,106211.73554,55493.061709,1.000011
"theta[grok-4.5, axis1]",0.933635,0.194249,0.572852,1.301157,0.000648,0.000635,89790.958253,66584.437556,1.000048
"theta[grok-4.5_high, axis1]",1.093513,0.072288,0.958166,1.230265,0.000242,0.000263,89381.305775,59573.531515,1.000121
"theta[grok-4.6, axis1]",1.473949,0.186492,1.120142,1.823025,0.000578,0.00074,104096.775683,60825.794649,1.00007
"theta[grok-4.6_high, axis1]",1.263184,0.131432,1.017214,1.512635,0.000385,0.000488,116838.373055,61545.123469,1.000091
"theta[grok-4.6_low, axis1]",0.697379,0.293392,0.142884,1.225336,0.001012,0.001341,100161.107502,52722.299557,1.000025
"theta[grok-4.6_medium, axis1]",1.417355,0.216932,1.003865,1.818986,0.000677,0.000962,108438.691049,54859.817796,1.000094
"theta[grok-4.6_xhigh, axis1]",1.261709,0.078196,1.118196,1.412138,0.000292,0.000275,71766.989936,61884.185725,1.00002
"theta[grok-build-0.1, axis1]",0.763336,0.385454,0.021139,1.410195,0.001448,0.00202,91168.530954,49348.250566,1.00002
"theta[grok-code-fast-1, axis1]",0.002631,0.160977,-0.306677,0.29647,0.0005,0.000661,109667.196599,56614.879721,1.00005
"theta[inkling-small, axis1]",0.796842,0.170867,0.47618,1.12072,0.000583,0.000644,87643.804396,60192.011508,1.00004
"theta[inkling-small_xhigh, axis1]",0.75488,0.101169,0.56182,0.942112,0.000301,0.000384,113432.076441,61105.857165,1.000215
"theta[internlm-20b, axis1]",-1.045376,0.335161,-1.630437,-0.391826,0.001216,0.001589,87565.68433,52406.902019,1.000062
"theta[internlm-7b, axis1]",-1.849139,0.186327,-2.20225,-1.498879,0.000551,0.000758,114252.346139,58586.900115,1.000104
"theta[internlm-chat-20b, axis1]",-1.935431,0.199291,-2.307198,-1.55535,0.000622,0.00078,102366.478358,60327.151006,1.000015
"theta[kimi-k2-thinking, axis1]",0.33365,0.084569,0.175971,0.493405,0.000242,0.000315,122081.577112,62284.786839,1.000066
"theta[kimi-k2.5, axis1]",0.558127,0.071575,0.425525,0.693979,0.000218,0.000263,107943.599278,61779.160353,0.999971
"theta[kimi-k2.5_high, axis1]",0.549547,0.505144,-0.458515,1.436202,0.001961,0.00255,75541.139792,47271.17832,1.000185
"theta[kimi-k2.6, axis1]",0.841048,0.073742,0.701761,0.979074,0.000233,0.000265,99695.861866,63580.371519,1.000094
"theta[kimi-k2.6_none, axis1]",0.068225,0.55501,-1.021134,1.034816,0.001793,0.002379,109943.419672,55208.01097,1.000141
"theta[kimi-k2.7-code, axis1]",0.809669,0.080905,0.65468,0.958312,0.000252,0.000292,103200.085945,61963.013833,1.000102
"theta[kimi-k2.7-code_xhigh, axis1]",0.338732,0.695575,-1.050149,1.572401,0.002376,0.002725,88228.151967,59191.059615,1.000067
"theta[kimi-k3, axis1]",1.6805,0.140977,1.419197,1.95042,0.000467,0.00053,92021.198799,60488.893224,1.000144
"theta[kimi-k3_high, axis1]",1.033451,0.194403,0.668308,1.396085,0.000549,0.000771,130154.401565,54779.587952,1.00003
"theta[kimi-k3_low, axis1]",0.505465,0.149282,0.224743,0.787978,0.00041,0.000572,132959.395838,60529.265708,1.000232
"theta[kimi-k3_max, axis1]",1.359081,0.076319,1.215997,1.502319,0.000299,0.000254,64893.702388,61572.466553,1.000059
"theta[laguna-m.1, axis1]",-0.421734,0.293717,-0.978082,0.108282,0.001062,0.001214,84540.800854,53096.91749,1.000063
"theta[magistral-small-2506, axis1]",-0.44838,0.154296,-0.736646,-0.156238,0.000431,0.000626,128612.410075,57415.97247,1.000075
"theta[magistral-small-2509, axis1]",-0.651577,0.1299,-0.900132,-0.410943,0.000365,0.000524,126618.235299,58753.141171,1.000135
"theta[mercury-2, axis1]",0.101591,0.225955,-0.335305,0.509148,0.00064,0.000903,129467.755609,55296.858989,1.000078
"theta[mimo-v2-pro, axis1]",0.194709,0.410005,-0.590413,0.952533,0.001512,0.001994,81500.716806,51145.526296,1.000084
"theta[mimo-v2-pro_high, axis1]",-0.404608,0.561108,-1.49273,0.600495,0.002049,0.002338,80679.954123,55841.809731,0.999996
"theta[mimo-v2.5, axis1]",0.483485,0.294713,-0.082361,0.993631,0.001038,0.001411,97629.112986,51880.604422,1.00002
"theta[mimo-v2.5-pro, axis1]",0.472747,0.163554,0.16521,0.777755,0.00046,0.000621,127326.613217,60256.791315,1.000203
"theta[ministral-3b-2410, axis1]",-1.476073,0.111961,-1.691894,-1.269793,0.000365,0.00042,94699.230978,59907.653595,0.999992
"theta[ministral-8b-2410, axis1]",-1.463441,0.114926,-1.681598,-1.249414,0.000376,0.00043,94391.91199,58532.761298,1.000084
"theta[mistral-large-2402, axis1]",-1.132891,0.067543,-1.258496,-1.005397,0.000247,0.000229,74714.486871,59986.623871,1.00002
"theta[mistral-large-2407, axis1]",-0.723296,0.063362,-0.843656,-0.605358,0.000216,0.000216,85985.715794,63395.584564,1.000043
"theta[mistral-large-2411, axis1]",-0.673833,0.088675,-0.842788,-0.509035,0.000265,0.00034,111718.791242,59431.501167,1.000144
"theta[mistral-large-2512, axis1]",-0.504186,0.182707,-0.847937,-0.161205,0.000504,0.000712,131920.839763,59439.153998,1.0001
"theta[mistral-medium-2505, axis1]",-0.365592,0.0952,-0.541702,-0.183037,0.000272,0.000373,122505.603329,58814.215309,1.000168
"theta[mistral-medium-2508, axis1]",-0.312772,0.150661,-0.594797,-0.026431,0.000416,0.000571,131306.057911,61710.299785,1.000033
"theta[mistral-medium-2604, axis1]",-0.007235,0.137648,-0.26724,0.248262,0.000389,0.000526,125771.886973,61441.094593,1.000121
"theta[mistral-medium-2604_high, axis1]",-0.120063,0.342605,-0.788858,0.48306,0.001322,0.00168,76360.414153,49220.753179,1.000186
"theta[mistral-small-2402, axis1]",-1.109961,0.18082,-1.457504,-0.777785,0.000506,0.000718,128130.836997,59486.590523,1.000198
"theta[mistral-small-2603, axis1]",-0.232826,0.192166,-0.587045,0.137777,0.000532,0.000761,130320.594596,57697.871152,1.000008
"theta[mistral-small-3-2501, axis1]",-0.82588,0.106916,-1.030101,-0.628764,0.000317,0.000429,114348.154764,57562.243445,1.000162
"theta[mistral-small-3.1-2503, axis1]",-0.795903,0.095765,-0.979758,-0.619313,0.000288,0.000376,110883.994771,60562.229539,1.000085
"theta[mistral-small-3.2-2506, axis1]",-0.661885,0.129943,-0.898797,-0.410371,0.000371,0.000518,122722.432773,55429.67339,1.000031
"theta[mpt-30b, axis1]",-2.126627,0.184328,-2.473139,-1.779377,0.000566,0.000707,106082.392697,58673.139742,1.000133
"theta[mpt-7b, axis1]",-2.622994,0.20648,-3.016875,-2.243389,0.000659,0.00078,99840.757298,59254.687345,1.000209
"theta[muse-spark, axis1]",1.034301,0.093993,0.85887,1.212278,0.000321,0.000307,85769.458773,64294.043477,1.000053
"theta[muse-spark-1.1, axis1]",1.361038,0.109551,1.152625,1.565724,0.000352,0.000384,96618.793691,63368.43061,1.000171
"theta[muse-spark-1.1_high, axis1]",1.050075,0.181055,0.718811,1.397667,0.000614,0.000628,88243.111947,59835.139274,1.000033
"theta[muse-spark-1.1_medium, axis1]",0.660531,0.473741,-0.245585,1.512739,0.001613,0.002133,96957.777253,53815.497217,1.000096
"theta[muse-spark-1.1_xhigh, axis1]",1.254215,0.237238,0.797315,1.696593,0.000785,0.00108,94915.128109,54069.007086,1.000148
"theta[muse-spark-1.2, axis1]",0.82683,0.288529,0.269347,1.341804,0.001009,0.001359,91747.964597,52587.217798,1.000068
"theta[muse-spark-1.2_xhigh, axis1]",1.120809,0.122441,0.895356,1.356583,0.000386,0.000461,100694.429123,61044.945833,1.000031
"theta[nemotron-3-super, axis1]",0.078355,0.24359,-0.379018,0.529779,0.000685,0.000983,129608.566466,58897.751259,1.000089
"theta[nemotron-3-ultra, axis1]",0.52215,0.092749,0.344272,0.692422,0.000263,0.000349,124763.979682,61839.158689,1.000148
"theta[nova-2.0-pro-preview, axis1]",-1.198321,0.579985,-2.293158,-0.143556,0.001852,0.002103,103321.914026,60494.080732,1.000067
"theta[nova-2.0-pro-preview_low, axis1]",-0.549113,0.482966,-1.459985,0.305981,0.001584,0.001968,108597.480422,54623.081601,1.000088
"theta[nova-2.0-pro-preview_medium, axis1]",-0.55114,0.48349,-1.465453,0.309326,0.001604,0.001947,104701.127415,55789.915947,1.000088
"theta[nova-2.0-pro-preview_none, axis1]",-0.980128,0.450463,-1.822797,-0.149927,0.001444,0.001696,105943.057269,54725.563623,0.999994
"theta[o1-2024-12-17, axis1]",-0.028665,0.121793,-0.260851,0.197046,0.00036,0.000445,114448.849862,63672.947352,1.000083
"theta[o1-2024-12-17_high, axis1]",0.094508,0.078332,-0.052569,0.241656,0.000221,0.000298,125673.908197,60826.66428,1.000014
"theta[o1-2024-12-17_low, axis1]",-0.01506,0.118753,-0.235485,0.212216,0.000332,0.000461,128468.101626,60326.495421,1.00012
"theta[o1-2024-12-17_medium, axis1]",0.091569,0.062094,-0.025799,0.207231,0.000193,0.000227,103439.80552,63843.842605,0.99999
"theta[o1-mini-2024-09-12, axis1]",-0.451433,0.138129,-0.713909,-0.194946,0.000399,0.000532,121024.39659,59697.738775,1.000196
"theta[o1-mini-2024-09-12_high, axis1]",-0.128568,0.117932,-0.349182,0.09374,0.00034,0.000457,122315.85764,59531.480601,1.000151
"theta[o1-mini-2024-09-12_medium, axis1]",-0.293221,0.091318,-0.467077,-0.123342,0.000267,0.000345,117392.927848,60766.288132,1.000101
"theta[o1-preview-2024-09-12, axis1]",-0.183377,0.062396,-0.301993,-0.068031,0.000193,0.000219,104776.05786,65371.400667,0.999972
"theta[o1-pro-2025-03-19, axis1]",-0.12484,0.222132,-0.542563,0.288337,0.00065,0.000897,119004.552996,56207.93919,1.000122
"theta[o3-2025-04-16, axis1]",0.349797,0.09226,0.173951,0.521069,0.000277,0.000338,111982.338785,62315.432684,1.000082
"theta[o3-2025-04-16_high, axis1]",0.601,0.066873,0.47714,0.727663,0.0002,0.000253,111866.172235,61933.140997,1.000054
"theta[o3-2025-04-16_low, axis1]",0.279382,0.123108,0.048606,0.510756,0.000344,0.000479,127836.203777,60517.353245,1.000156
"theta[o3-2025-04-16_medium, axis1]",0.535262,0.063553,0.415801,0.654937,0.00021,0.000208,91952.312615,64913.383511,1.000227
"theta[o3-mini-2025-01-31, axis1]",-0.172659,0.16118,-0.481804,0.123595,0.000468,0.000621,119951.873435,59262.799215,1.000054
"theta[o3-mini-2025-01-31_high, axis1]",0.050782,0.071546,-0.080731,0.188131,0.000206,0.000271,120624.453485,59513.665278,1.000056
"theta[o3-mini-2025-01-31_low, axis1]",-0.234139,0.115855,-0.453596,-0.01852,0.000328,0.000436,125608.590298,61193.947903,1.000087
"theta[o3-mini-2025-01-31_medium, axis1]",-0.008939,0.057525,-0.116093,0.100364,0.000175,0.000204,107579.542414,63885.115804,1.000039
"theta[o3-pro-2025-06-10, axis1]",0.322537,0.301436,-0.252769,0.887545,0.000994,0.001078,92437.501143,65316.990241,0.999992
"theta[o3-pro-2025-06-10_high, axis1]",0.762687,0.107401,0.558167,0.962793,0.000315,0.000413,116483.742618,58724.314565,1.000123
"theta[o3-pro-2025-06-10_medium, axis1]",0.685919,0.361912,0.036973,1.385281,0.001193,0.001494,100902.298702,55117.625839,1.000063
"theta[o4-mini-2025-04-16, axis1]",-0.207114,0.18121,-0.55645,0.129494,0.000564,0.000641,104465.911247,62029.57315,1.000085
"theta[o4-mini-2025-04-16_high, axis1]",0.299229,0.069039,0.172427,0.43248,0.000208,0.000257,110374.526653,62356.010592,1.000082
"theta[o4-mini-2025-04-16_low, axis1]",0.126496,0.12123,-0.102407,0.351456,0.000328,0.000482,136502.720718,57734.921751,1.000207
"theta[o4-mini-2025-04-16_medium, axis1]",0.227926,0.067691,0.102298,0.356823,0.000213,0.000232,101293.252739,65742.791179,1.000113
"theta[open-mistral-7b, axis1]",-1.781401,0.142551,-2.053042,-1.519647,0.000465,0.000531,95869.32433,59211.760858,1.000217
"theta[open_llama_7b, axis1]",-2.628413,0.235213,-3.085725,-2.197369,0.000712,0.000921,109888.322851,58923.612408,1.000074
"theta[opt-13b, axis1]",-2.812579,0.243712,-3.272668,-2.35584,0.000742,0.000931,109094.363196,61169.334018,1.000115
"theta[phi-1_5, axis1]",-2.348412,0.22702,-2.771445,-1.915164,0.000665,0.000891,116690.868007,60159.671235,1.000113
"theta[phi-2, axis1]",-1.578898,0.231412,-2.016115,-1.144315,0.000666,0.000921,121756.775674,59701.148311,1.000062
"theta[phi-4, axis1]",-0.608039,0.094554,-0.782873,-0.427931,0.000283,0.000358,111430.164663,60573.554707,1.000341
"theta[qwen-max-2025-01-25, axis1]",-0.524389,0.096214,-0.70694,-0.345956,0.000277,0.000379,120539.02334,60457.558097,1.000046
"theta[qwen-plus-2025-01-25, axis1]",-0.59998,0.106639,-0.802963,-0.401687,0.000312,0.00042,117186.294127,58528.801498,1.000049
"theta[qwen-plus-2025-04-28, axis1]",0.132758,0.185033,-0.206967,0.4903,0.000511,0.000733,131070.50443,59310.556112,1.000151
"theta[qwen-turbo-2024-11-01, axis1]",-0.784092,0.107941,-0.98577,-0.579349,0.000327,0.00043,109955.68976,59038.72967,0.999989
"theta[qwen2-72b-instruct, axis1]",-0.958849,0.091836,-1.130915,-0.786251,0.000298,0.000337,95469.01022,60674.540896,1.000077
"theta[qwen2.5-32b-instruct, axis1]",-0.753442,0.104961,-0.953171,-0.557693,0.000311,0.000409,114110.255556,60572.521273,1.000293
"theta[qwen2.5-72b-instruct, axis1]",-0.692811,0.075489,-0.836495,-0.551986,0.000242,0.00028,97751.653816,59047.028853,1.00008
"theta[qwen2.5-7b-instruct, axis1]",-1.247328,0.114313,-1.465123,-1.036152,0.000372,0.000432,94473.1721,59887.255522,1.000045
"theta[qwen3-1.7b, axis1]",-1.01148,0.182833,-1.357047,-0.671956,0.000518,0.000729,125614.139025,59044.512658,1.000132
"theta[qwen3-1.7b_none, axis1]",-1.228954,0.172093,-1.55913,-0.913106,0.000514,0.0007,114201.158159,57236.059495,1.000108
"theta[qwen3-14b, axis1]",-0.260404,0.117946,-0.483433,-0.041318,0.000329,0.000451,128304.814485,59601.872751,1.000111
"theta[qwen3-14b_none, axis1]",-0.597076,0.147455,-0.876274,-0.320911,0.000413,0.000583,128377.317415,57042.774068,1.000238
"theta[qwen3-235b-a22b, axis1]",-0.096227,0.09011,-0.262479,0.077101,0.000262,0.000331,117915.103613,60873.914648,1.000001
"theta[qwen3-30b-a3b-instruct-2507, axis1]",-0.307293,0.122671,-0.538166,-0.07948,0.00034,0.000467,130394.509104,61345.465202,1.000195
"theta[qwen3-30b-a3b-thinking-2507, axis1]",-0.074973,0.114324,-0.291983,0.13776,0.000315,0.000433,132011.770565,62019.052289,1.000133
"theta[qwen3-4b, axis1]",-0.57121,0.177697,-0.906243,-0.237405,0.000494,0.000718,129192.077387,57906.810156,1.000025
"theta[qwen3-4b-instruct-2507, axis1]",-0.576333,0.165605,-0.893142,-0.270307,0.000466,0.000649,126702.837005,58650.60777,1.000134
"theta[qwen3-4b_none, axis1]",-0.841356,0.173976,-1.16636,-0.510938,0.000488,0.000685,127603.548218,59790.55683,1.000152
"theta[qwen3-8b, axis1]",-0.550153,0.121814,-0.780987,-0.322444,0.00035,0.000472,121590.212697,60525.065748,1.000084
"theta[qwen3-8b_none, axis1]",-0.740603,0.152702,-1.029523,-0.454709,0.000434,0.000606,125034.021964,60956.821421,1.000092
"theta[qwen3-coder-next, axis1]",-0.235762,0.23668,-0.689008,0.197476,0.000698,0.000965,121050.737346,57577.069314,1.000153
"theta[qwen3-max-2025-09-23, axis1]",0.204905,0.087117,0.043283,0.371505,0.000244,0.000332,126974.65937,61158.077154,1.000174
"theta[qwen3.5-122b-a10b_none, axis1]",0.378342,0.156011,0.076446,0.664659,0.000429,0.000608,133233.790512,57935.016827,1.000113
"theta[qwen3.5-27B, axis1]",0.307467,0.156092,0.009069,0.598299,0.00043,0.00061,131720.287834,60056.526687,1.00004
"theta[qwen3.5-35b-a3b, axis1]",0.239385,0.115689,0.024371,0.459363,0.000318,0.000454,132879.923989,60562.416525,1.000089
"theta[qwen3.5-35b-a3b_none, axis1]",0.304304,0.139947,0.038016,0.564834,0.000376,0.00056,138494.432179,58875.563546,1.000277
"theta[qwen3.5-397b-a17b, axis1]",0.596142,0.100939,0.40599,0.786089,0.000289,0.000386,122004.673385,60716.296632,1.000028
"theta[qwen3.5-397b-a17b_none, axis1]",0.557302,0.116532,0.337896,0.776341,0.000321,0.000458,131731.812959,60901.087044,1.000199
"theta[qwen3.5-9B, axis1]",-0.125878,0.096255,-0.308473,0.053521,0.000294,0.000342,106907.933755,61803.55769,1.000121
"theta[qwen3.5-9B_none, axis1]",0.286538,0.161501,-0.016325,0.590654,0.000447,0.000653,133106.223604,58667.826716,1.000112
"theta[qwen3.5-flash, axis1]",0.284591,0.097175,0.104332,0.469955,0.000286,0.000363,115276.907166,62487.197701,1.000155
"theta[qwen3.5-flash_none, axis1]",0.147061,0.208407,-0.249178,0.525758,0.000654,0.000939,114248.336461,54903.289468,1.000005
"theta[qwen3.5-plus, axis1]",0.588632,0.11045,0.380153,0.794313,0.000308,0.000426,128899.819175,60212.112492,1.000053
"theta[qwen3.5-plus_high, axis1]",0.446493,0.513549,-0.558425,1.36217,0.002041,0.002455,71696.664345,47272.227129,1.000045
"theta[qwen3.5-plus_none, axis1]",0.347121,0.535557,-0.706039,1.282395,0.001742,0.002295,107879.01371,55208.674958,1.000165
"theta[qwen3.6-27b, axis1]",0.579433,0.103119,0.384266,0.771175,0.000284,0.00039,131986.558911,62104.961496,1.000137
"theta[qwen3.6-27b_none, axis1]",0.410407,0.111974,0.195468,0.617585,0.00031,0.000434,130958.792088,61838.842942,1.00004
"theta[qwen3.6-35b-a3b, axis1]",0.212634,0.078025,0.066559,0.359969,0.000236,0.000285,109464.296365,60991.931147,1.000092
"theta[qwen3.6-35b-a3b_none, axis1]",0.27279,0.105578,0.071689,0.469626,0.000297,0.000417,126556.635562,60512.455374,1.000071
"theta[qwen3.6-flash, axis1]",0.328218,0.098491,0.143738,0.514882,0.000279,0.00038,125082.011136,60732.156693,1.000059
"theta[qwen3.6-flash_none, axis1]",0.271413,0.195271,-0.097081,0.631977,0.0006,0.000912,115552.77219,54664.518934,1.000039
"theta[qwen3.6-max-preview, axis1]",0.833508,0.135368,0.579843,1.087796,0.000381,0.000522,127567.617607,59433.550394,1.000065
"theta[qwen3.6-max-preview_none, axis1]",0.447983,0.528261,-0.583806,1.374654,0.001696,0.00232,111263.071156,55449.638578,1.000178
"theta[qwen3.6-plus, axis1]",0.650846,0.09328,0.477255,0.827848,0.000271,0.000356,118229.661982,60593.470313,1.000146
"theta[qwen3.6-plus_none, axis1]",0.441882,0.182011,0.092763,0.773138,0.000556,0.000785,114048.94722,57617.532274,1.000224
"theta[qwen3.7-flash, axis1]",0.411692,0.114609,0.197254,0.628985,0.000322,0.000445,126605.672793,59928.479145,1.000134
"theta[qwen3.7-flash_none, axis1]",0.31401,0.114336,0.094312,0.524675,0.000318,0.000443,129508.567761,58948.004588,1.000108
"theta[qwen3.7-max, axis1]",1.086183,0.07884,0.938047,1.234209,0.000253,0.000293,97595.466369,61489.471495,1.000001
"theta[qwen3.7-max_none, axis1]",0.771002,0.501248,-0.189137,1.676671,0.001599,0.002236,110613.576309,54461.395768,1.000146
"theta[qwen3.7-max_xhigh, axis1]",-0.043686,0.703041,-1.391983,1.249866,0.002356,0.002688,90860.01625,60249.862922,1.000077
"theta[qwen3.7-plus, axis1]",0.622749,0.109832,0.414727,0.826091,0.000317,0.00039,119817.907055,65123.597157,1.000014
"theta[qwen3.7-plus_none, axis1]",0.492102,0.119897,0.267304,0.72053,0.000325,0.000478,135808.100728,58258.059575,1.000054
"theta[qwen3.8-27b, axis1]",0.433653,0.423954,-0.384345,1.158239,0.001564,0.002092,90153.427228,49495.631031,1.000009
"theta[qwen3.8-27b_low, axis1]",-0.550182,0.484157,-1.471486,0.305604,0.001596,0.001959,106732.852158,54562.735008,1.000026
"theta[qwen3.8-27b_medium, axis1]",-0.54599,0.48072,-1.457366,0.299535,0.001586,0.00196,107929.565448,54914.084904,1.000125
"theta[qwen3.8-27b_none, axis1]",-0.395722,0.487652,-1.333894,0.440033,0.001644,0.001984,103113.807872,57047.766233,1.00006
"theta[qwen3.8-27b_xhigh, axis1]",0.448089,0.247206,-0.022596,0.9084,0.000807,0.001132,100221.009138,54024.401653,1.000069
"theta[qwen3.8-max, axis1]",1.383828,0.199899,1.001191,1.752822,0.000592,0.000833,116825.952704,57893.761823,1.000033
"theta[qwen3.8-max_xhigh, axis1]",1.278829,0.078315,1.129438,1.424023,0.000262,0.000278,89561.712726,61369.66008,0.999989
"theta[seed-oss-36b-instruct, axis1]",0.144667,0.158869,-0.147117,0.450842,0.00044,0.000633,132174.11589,58755.659517,1.000012
"theta[starcoder2-15b, axis1]",-1.515021,0.190321,-1.870032,-1.154511,0.000564,0.000751,113999.229963,59949.265724,1.000242
"theta[starcoder2-3b, axis1]",-2.412576,0.203238,-2.797184,-2.034524,0.000647,0.000766,99807.559361,60109.172182,1.000033
"theta[starcoder2-7b, axis1]",-2.258755,0.201879,-2.639928,-1.88084,0.000634,0.000774,102905.840244,59434.357662,1.000177
"theta[text-davinci-001, axis1]",-2.097376,0.221148,-2.520266,-1.687132,0.000648,0.00084,116577.093874,60600.861395,1.000183
"theta[text-davinci-002, axis1]",-1.303253,0.128541,-1.548439,-1.063343,0.000458,0.000453,79038.723563,61879.034016,1.000088
"theta[trinity-large-thinking, axis1]",-0.392143,0.317403,-0.994878,0.18148,0.001135,0.0014,87369.147015,53084.823566,1.000056
"theta[vicuna-13b-v1.1, axis1]",-2.060814,0.277223,-2.592987,-1.543974,0.000819,0.001229,116523.495652,57376.089497,1.000116
"theta[xgen-7b-8k-base, axis1]",-2.411939,0.228504,-2.847926,-1.988,0.000681,0.000907,113211.960106,58343.250727,0.999977
phi_b[AISI CTF Suites - Apprentice],47.482661,17.932579,17.148864,80.524116,0.063704,0.071567,77862.068307,63053.535681,0.999978
phi_b[AISI CTF Suites - Expert],73.363636,45.515436,13.143961,151.717932,0.188719,0.415338,56089.409583,57577.611835,1.000036
phi_b[AISI CTF Suites - Practitioner],56.587704,46.523418,4.916876,134.023283,0.257473,0.446978,17054.631608,10934.743558,1.000218
phi_b[AISI CTF Suites - Technical Non-Expert],19.896614,7.261213,7.526142,33.520306,0.02465,0.025764,81235.179085,59801.729659,1.000019
phi_b[AISI Cyber Ranges - Cooling Tower],12.59426,6.741212,2.505605,24.537676,0.024212,0.047698,83826.462009,62938.862845,1.000038
phi_b[AISI Cyber Ranges - The Last Ones],56.507098,27.199699,15.173966,106.302972,0.11053,0.135225,57225.303061,57846.647224,1.00015
phi_b[APEX-Agents],44.005239,9.569076,26.854559,61.855285,0.035503,0.032177,72044.319748,64800.924877,1.000002
phi_b[ARC AI2],16.08072,3.242721,10.399052,22.311472,0.012125,0.011472,72581.692532,65491.544385,1.000067
phi_b[Aider Polyglot],17.458373,4.216792,10.111782,25.417147,0.017373,0.014854,58631.732085,64870.618153,1.000023
phi_b[AudioMultiChallenge],291.936709,312.382826,11.690166,769.472698,1.342521,3.979474,43793.563863,50467.950721,1.000071
phi_b[Balrog],54.779577,15.279563,27.793725,83.510042,0.051952,0.05502,85673.510651,64986.483283,1.000094
phi_b[BioLP-bench],40.304681,10.396968,22.160882,60.166131,0.033313,0.036768,95843.875269,63334.781664,1.000165
phi_b[CL-bench],216.648985,80.71945,84.718118,366.857233,0.3122,0.335855,67265.497511,60670.5095,1.000101
phi_b[CL-bench Life],144.1986,67.221352,41.156232,265.885505,0.313968,0.345869,43579.959653,57297.711906,0.999987
phi_b[CTI-REALM],148.095319,77.138075,33.811263,287.893668,0.286877,0.385503,69795.847002,60084.231881,0.999991
phi_b[CadEval],26.411894,10.143476,9.483402,45.022154,0.034896,0.041159,81681.554252,61632.770613,1.000032
phi_b[Chess Puzzles],15.891267,1.702317,12.746116,19.112903,0.005447,0.00547,97672.361334,70751.133442,0.999988
phi_b[CritPt],39.997518,6.360648,28.290529,51.907579,0.027653,0.020093,52733.657344,62548.092109,1.000136
phi_b[CyScenarioBench],10.103396,5.296761,2.201871,19.757839,0.024056,0.024787,45038.678849,58634.739778,1.000096
phi_b[Cybench],28.343344,9.02815,12.601083,44.927559,0.033901,0.033803,69711.479619,63607.433477,1.000136
phi_b[CyberGym],29.300841,9.733797,12.675803,47.714672,0.030277,0.037203,101597.702437,62851.6589,1.000003
phi_b[DTBench],76.764732,10.260416,58.076311,96.283154,0.033698,0.033902,92630.635413,68129.834185,1.000085
phi_b[DeepResearch Bench],104.221911,26.4407,57.713467,153.738527,0.096483,0.095496,75743.613649,65493.017383,0.999985
phi_b[DeepSWE],14.66345,2.910262,9.479165,20.209312,0.011217,0.010042,67517.219683,65369.073036,0.999967
phi_b[DrugDiscoveryBench],45.053344,17.639927,16.169795,78.51565,0.059915,0.068779,84429.228502,60816.932044,1.000062
phi_b[EBR-bench],8.739978,2.839281,3.740567,14.039665,0.010166,0.009739,73333.322612,55598.954684,1.000002
phi_b[ExploitBench],28.595224,12.588778,8.844629,51.249319,0.048026,0.070426,69154.909498,59641.945633,1.000126
phi_b[Fiction.LiveBench],7.665583,1.91968,4.258056,11.248121,0.007336,0.006554,66691.909351,60566.014456,1.000053
phi_b[FrontierCode],35.775116,11.798523,15.891371,57.514709,0.044991,0.047736,67299.933594,64050.479965,1.000037
phi_b[FrontierMath Erdos],62.455236,43.768714,3.974717,141.853007,0.142878,0.211967,85765.419909,56910.456203,0.999999
phi_b[FrontierMath Tier 4 v2],30.946892,8.630184,16.259465,47.335559,0.038191,0.032445,51091.1442,61725.188036,1.00013
phi_b[FrontierMath Tiers 1-3 v2],34.526343,7.620157,21.115256,48.650477,0.034755,0.028752,48522.702895,59612.395613,1.000044
phi_b[FrontierSWE v2],40.296064,23.625495,7.613919,82.330884,0.121427,0.14931,29599.261199,35439.477243,1.000291
phi_b[GBAEval],2.128459,0.58698,1.088681,3.21702,0.001979,0.002274,92713.419594,64358.268134,1.000005
phi_b[GDP.pdf],75.618567,21.909096,37.420532,116.538649,0.081802,0.080736,71605.88377,66242.581948,1.000093
phi_b[GDPval],13.742263,5.193519,5.027525,23.334081,0.01658,0.021801,100209.562452,63851.509066,1.000039
phi_b[GPQA Diamond],76.888578,8.489179,61.424098,93.200991,0.033025,0.025578,66141.221897,65038.712118,1.0
phi_b[GPQA Diamond Biology],22.640824,4.934644,13.693942,31.91051,0.014357,0.018577,118696.749236,63329.154205,1.000115
phi_b[GPQA Diamond Chemistry],44.54265,10.081284,26.657894,63.7123,0.030017,0.037226,111940.307087,63316.331652,1.000074
phi_b[GPQA Main Biology],31.136557,6.958801,18.529807,44.19974,0.020458,0.026319,113972.35811,62070.212728,1.000048
phi_b[GPQA Main Chemistry],84.372625,19.881936,48.094229,120.966492,0.061776,0.071158,104000.568559,65287.378536,1.000054
phi_b[GSM8K],12.590658,3.232342,7.016792,18.541739,0.016549,0.014501,38359.4424,53507.221894,1.000138
phi_b[GSO-Bench],40.108547,12.262779,19.253389,63.423319,0.046376,0.044846,67617.260621,60668.540391,0.999994
phi_b[HLE],74.403233,18.453572,42.135572,109.238226,0.063461,0.066917,85155.113446,67632.860187,1.000014
phi_b[InterCode-CTF],64.972315,30.52515,15.623939,121.050292,0.115782,0.123901,63647.519822,52795.945943,0.999999
phi_b[LAB-Bench Cloning],39.078235,9.192569,22.712924,56.591912,0.027097,0.034852,114689.67895,61473.89507,1.000114
phi_b[LAB-Bench LitQA2],104.397457,24.828284,59.83287,151.313627,0.074027,0.092618,111645.713571,64651.311336,1.000131
phi_b[LAB-Bench Protocol],83.221915,19.841846,48.393926,121.165092,0.059111,0.071147,110640.182729,61790.532879,1.000028
phi_b[LAB-Bench SeqQA],92.808635,22.579737,53.133894,135.984433,0.069091,0.082315,106255.59557,62927.204874,1.000108
phi_b[LMCA],84.490799,12.54806,61.719922,108.489171,0.040699,0.042345,95229.00922,67640.114951,1.000107
phi_b[Lech Mazur Writing],52.791067,10.676087,33.130781,72.697253,0.032182,0.039875,109191.476538,62042.13499,1.00008
phi_b[MATH Level 5],26.205109,5.022103,17.283778,35.669774,0.019864,0.017342,64394.984936,65707.863263,1.000018
phi_b[MCP Atlas],35.196661,9.72075,17.641628,52.918076,0.032185,0.035129,90874.800908,63781.465887,1.000068
phi_b[METR Time Horizons],117.873725,30.118907,65.598263,174.50615,0.108081,0.110626,78092.858503,66183.888916,1.000104
phi_b[MMLU],59.817308,9.818804,41.82169,78.305595,0.050001,0.030545,37729.070471,50154.734098,1.000204
phi_b[MMLU Biology],148.0409,35.418722,84.138684,214.357844,0.104301,0.132428,113729.077628,59665.034726,1.000135
phi_b[MMLU Chemistry],146.205328,35.14453,83.225497,212.584825,0.107594,0.126777,106287.704492,63781.281779,1.000003
phi_b[MMLU Pro Biology],108.929993,28.139493,58.257511,161.071015,0.089006,0.102328,99821.157599,65344.768649,1.00013
phi_b[MMLU Pro Chemistry],64.252515,16.282071,35.818467,95.20281,0.052639,0.059407,95586.32383,66441.896683,1.000071
phi_b[MMLU-Pro],53.671637,10.932296,34.028317,74.389675,0.034157,0.037327,101681.550531,63620.308058,1.000199
phi_b[MirrorCode],9.88241,4.276182,2.917912,17.625539,0.013889,0.0227,102413.007059,62687.050046,1.000006
phi_b[MultiChallenge],45.048243,12.230011,23.936178,68.485873,0.043382,0.043212,77401.630853,61690.828712,1.000033
phi_b[MultiNRC],77.100439,21.571769,39.628048,117.268102,0.089916,0.081859,57929.260238,62567.926515,1.000088
phi_b[Mystery Game Puzzles],20.956763,3.080466,15.329495,26.836298,0.011462,0.009976,71981.216875,65091.505483,0.999997
phi_b[NL2Bash],27.057572,10.354769,9.892952,46.367523,0.035347,0.041534,83875.128959,64175.134698,1.000088
phi_b[OEIS Open Lite],218.721914,232.565102,12.902438,558.376597,1.155633,3.772725,40198.59801,50875.615887,1.000048
phi_b[OSWorld],9.808342,3.84345,3.312439,16.990673,0.011527,0.015461,110899.447522,62265.526486,1.0001
phi_b[OSWorld 2.0],59.276604,27.411206,16.990145,109.539458,0.113085,0.133155,55076.715983,54725.019041,1.000158
phi_b[OTIS Mock AIME 2024-2025],10.771145,1.118539,8.693031,12.881178,0.003996,0.003548,78442.221056,66090.389988,1.000002
phi_b[PRBench],41.691002,10.37096,23.419084,61.434978,0.031605,0.038047,107871.005501,65780.55481,1.000009
phi_b[PostTrainBench v1.1],105.740072,49.704684,28.98953,195.674112,0.188416,0.253781,68581.596926,59943.664122,1.00005
phi_b[ProofBench],8.184081,2.049145,4.621048,12.081201,0.009131,0.007011,49384.782676,59687.32,1.000062
phi_b[Remote Labor Index],134.856211,74.169673,29.592149,272.969005,0.359496,0.357899,35490.636563,44904.35778,1.000078
phi_b[SEAL Tool Use (Enterprise)],43.994633,11.155425,24.673336,65.525166,0.035477,0.040219,98016.460407,64048.399453,1.000115
phi_b[SWE Atlas],57.61379,23.727519,20.209191,101.708515,0.110378,0.112324,43250.82908,52866.054945,1.000115
phi_b[SimpleQA Verified],10.200456,1.278566,7.818014,12.590192,0.003695,0.004636,119701.423913,64663.794283,0.999996
phi_b[Surface Evolver Bench],23.496874,9.037017,9.127148,40.267017,0.042356,0.041297,44115.667959,51921.569234,1.000179
phi_b[Terminal Bench 2.0],42.599329,14.332917,19.924936,69.559878,0.073169,0.070939,38103.339034,55149.578393,1.00012
phi_b[The Agent Company],32.287941,15.640725,8.687537,60.795217,0.065527,0.078386,52389.366599,52768.472496,1.000062
phi_b[TriviaQA],22.998532,5.0209,14.038939,32.585608,0.014169,0.018894,125352.822409,61900.369859,1.000021
phi_b[TutorBench],150.344925,44.38579,72.267918,233.046711,0.141771,0.164058,96532.844104,62636.952322,1.00003
phi_b[WMDP Biology],58.586508,13.267837,34.619003,83.492973,0.038182,0.05024,119301.360057,60972.428066,1.000069
phi_b[WMDP Chemistry],47.412085,10.460886,28.267719,66.96545,0.03081,0.039115,113992.758384,60377.97303,1.000076
phi_b[WeirdML v2],39.380206,5.512563,29.178834,49.748656,0.021155,0.017375,68003.77197,65238.101234,1.00008
sigma_b_log__[0],-2.60053,0.183946,-2.951269,-2.262144,0.000662,0.000587,77862.068307,63053.535681,1.000004
sigma_b_log__[1],-2.770408,0.27722,-3.290889,-2.241174,0.001172,0.000877,56089.409583,57577.611835,1.000052
sigma_b_log__[2],-2.597028,0.349201,-3.253248,-1.927329,0.002672,0.001939,17054.631608,10934.743558,1.000218
sigma_b_log__[3],-2.183009,0.175145,-2.507088,-1.851758,0.000622,0.000563,81235.179085,59801.729659,1.000019
sigma_b_log__[4],-1.942217,0.238177,-2.385537,-1.491769,0.000827,0.00083,83826.462009,62938.862845,1.000038
sigma_b_log__[5],-2.6675,0.228662,-3.096821,-2.23834,0.000959,0.000714,57225.303061,57846.647224,1.000184
sigma_b_log__[6],-2.585382,0.105855,-2.783824,-2.38658,0.000395,0.000323,72044.319748,64800.924877,1.000014
sigma_b_log__[7],-2.103301,0.093852,-2.278705,-1.925653,0.000348,0.00029,72581.692532,65491.544385,1.000082
sigma_b_log__[8],-2.138244,0.112419,-2.347691,-1.924924,0.000464,0.000334,58631.732085,64870.618153,1.000025
sigma_b_log__[9],-3.346038,0.431101,-4.163933,-2.544699,0.002058,0.001327,43793.563863,50467.950721,1.000071
sigma_b_log__[10],-2.685266,0.137314,-2.942193,-2.425661,0.000471,0.000447,85673.510651,64986.483283,1.000079
sigma_b_log__[11],-2.537893,0.126245,-2.774979,-2.301708,0.00041,0.000418,95843.875269,63334.781664,1.000186
sigma_b_log__[12],-3.351641,0.182612,-3.688913,-3.004687,0.000705,0.000576,67265.497511,60670.5095,1.000101
sigma_b_log__[13],-3.133346,0.221638,-3.547545,-2.714039,0.001062,0.000671,43579.959653,57297.711906,0.999987
sigma_b_log__[14],-3.133613,0.251625,-3.587467,-2.642044,0.000957,0.000785,69795.847002,60084.231881,0.999973
sigma_b_log__[15],-2.315321,0.184376,-2.654994,-1.961167,0.00065,0.000601,81681.554252,61632.770613,1.000045
sigma_b_log__[16],-2.10401,0.050405,-2.198932,-2.009324,0.000161,0.00016,97672.361334,70751.133442,0.999988
sigma_b_log__[17],-2.543944,0.077234,-2.690575,-2.400527,0.000336,0.000227,52733.657344,62548.092109,1.000136
sigma_b_log__[18],-1.844615,0.22889,-2.281864,-1.422879,0.00108,0.000658,45038.678849,58634.739778,1.000096
sigma_b_log__[19],-2.359651,0.152509,-2.640283,-2.06709,0.000579,0.000472,69711.479619,63607.433477,1.00015
sigma_b_log__[20],-2.373138,0.161683,-2.667827,-2.062385,0.000512,0.000564,101597.702437,62851.6589,1.000003
sigma_b_log__[21],-2.865653,0.065956,-2.987981,-2.740613,0.000217,0.00021,92630.635413,68129.834185,1.000075
sigma_b_log__[22],-3.005662,0.125029,-3.241592,-2.772242,0.000455,0.000397,75743.613649,65493.017383,0.999985
sigma_b_log__[23],-2.060312,0.092243,-2.236847,-1.889352,0.000355,0.000287,67517.219683,65369.073036,0.999967
sigma_b_log__[24],-2.571942,0.192628,-2.930691,-2.209531,0.000668,0.000635,84429.228502,60816.932044,1.000066
sigma_b_log__[25],-1.810044,0.147134,-2.077008,-1.528301,0.00055,0.000488,73333.322612,55598.954684,1.000034
sigma_b_log__[26],-2.345387,0.204394,-2.72539,-1.955733,0.000778,0.000663,69154.909498,59641.945633,1.000126
sigma_b_log__[27],-1.76079,0.109838,-1.970805,-1.557492,0.000426,0.000333,66691.909351,60566.014456,1.00007
sigma_b_log__[28],-2.470944,0.157141,-2.759798,-2.168372,0.000606,0.00049,67299.933594,64050.479965,1.000036
sigma_b_log__[29],-2.652756,0.354935,-3.293923,-1.977705,0.001247,0.001214,85765.419909,56910.456203,1.000012
sigma_b_log__[30],-2.407518,0.133049,-2.657642,-2.158834,0.000589,0.000398,51091.1442,61725.188036,1.000138
sigma_b_log__[31],-2.467206,0.104896,-2.664607,-2.269797,0.000477,0.000315,48522.702895,59612.395613,1.000044
sigma_b_log__[32],-2.481325,0.270383,-2.967153,-1.951813,0.00158,0.000955,29599.261199,35439.477243,1.000291
sigma_b_log__[33],-1.254913,0.091821,-1.429803,-1.085323,0.000303,0.000309,92713.419594,64358.268134,1.000008
sigma_b_log__[34],-2.842731,0.141199,-3.114243,-2.583175,0.000528,0.000429,71605.88377,66242.581948,1.000093
sigma_b_log__[35],-2.008567,0.174125,-2.33064,-1.67649,0.000552,0.000594,100209.562452,63851.509066,1.000036
sigma_b_log__[36],-2.86783,0.054402,-2.967662,-2.762606,0.000212,0.000159,66141.221897,65038.712118,1.000007
sigma_b_log__[37],-2.263772,0.104706,-2.458819,-2.066276,0.000305,0.000378,118696.749236,63329.154205,1.00013
sigma_b_log__[38],-2.590264,0.111078,-2.792316,-2.375323,0.000334,0.000393,111940.307087,63316.331652,1.000076
sigma_b_log__[39],-2.416428,0.108867,-2.62138,-2.214048,0.000325,0.000402,113972.35811,62070.212728,1.000043
sigma_b_log__[40],-2.903193,0.116625,-3.120106,-2.682415,0.000363,0.000387,104000.568559,65287.378536,1.000049
sigma_b_log__[41],-1.984411,0.115225,-2.198283,-1.764158,0.000589,0.000365,38359.4424,53507.221894,1.000138
sigma_b_log__[42],-2.529528,0.148174,-2.805728,-2.248896,0.000572,0.000454,67617.260621,60668.540391,0.999994
sigma_b_log__[43],-2.839871,0.121599,-3.068057,-2.611742,0.000417,0.000384,85155.113446,67632.860187,1.000014
sigma_b_log__[44],-2.734913,0.235388,-3.167045,-2.290626,0.000951,0.00083,63647.519822,52795.945943,1.000003
sigma_b_log__[45],-2.525423,0.115374,-2.73504,-2.302224,0.000343,0.000417,114689.67895,61473.89507,1.000118
sigma_b_log__[46],-3.008114,0.1188,-3.226547,-2.781737,0.000359,0.000431,111645.713571,64651.311336,1.000139
sigma_b_log__[47],-2.896021,0.11847,-3.11438,-2.671011,0.000359,0.000409,110640.182729,61790.532879,1.000038
sigma_b_log__[48],-2.949346,0.120877,-3.175743,-2.722781,0.000373,0.000414,106255.59557,62927.204874,1.000124
sigma_b_log__[49],-2.911994,0.073293,-3.052686,-2.777135,0.000238,0.000238,95229.00922,67640.114951,1.00012
sigma_b_log__[50],-2.675833,0.099883,-2.864802,-2.489574,0.000304,0.000362,109191.476538,62042.13499,1.000089
sigma_b_log__[51],-2.336492,0.091372,-2.510449,-2.167789,0.00036,0.000276,64394.984936,65707.863263,1.000016
sigma_b_log__[52],-2.469803,0.134312,-2.717816,-2.214663,0.000447,0.000439,90874.800908,63781.465887,1.000077
sigma_b_log__[53],-3.066519,0.125376,-3.304196,-2.832378,0.000449,0.000392,78092.858503,66183.888916,1.000125
sigma_b_log__[54],-2.740582,0.080856,-2.892583,-2.589238,0.000417,0.000247,37729.070471,50154.734098,1.000204
sigma_b_log__[55],-3.181132,0.119705,-3.404452,-2.954851,0.000358,0.000432,113729.077628,59665.034726,1.000165
sigma_b_log__[56],-3.174871,0.119847,-3.400017,-2.950012,0.000369,0.000412,106287.704492,63781.281779,1.000019
sigma_b_log__[57],-3.026808,0.128324,-3.267788,-2.784736,0.000408,0.000428,99821.157599,65344.768649,1.000124
sigma_b_log__[58],-2.766903,0.124592,-2.998419,-2.529162,0.000404,0.000416,95586.32383,66441.896683,1.000067
sigma_b_log__[59],-2.683852,0.100257,-2.873526,-2.497254,0.000315,0.000328,101681.550531,63620.308058,1.000215
sigma_b_log__[60],-1.850321,0.191803,-2.199589,-1.481558,0.000601,0.000659,102413.007059,62687.050046,1.000011
sigma_b_log__[61],-2.590442,0.133496,-2.834913,-2.334298,0.000483,0.000438,77401.630853,61690.828712,1.000049
sigma_b_log__[62],-2.853637,0.136338,-3.111134,-2.597245,0.000568,0.000412,57929.260238,62567.926515,1.000088
sigma_b_log__[63],-2.232773,0.070221,-2.364818,-2.101016,0.000262,0.000219,71981.216875,65091.505483,0.999997
sigma_b_log__[64],-2.327263,0.183338,-2.664564,-1.97857,0.000637,0.000596,83875.128959,64175.134698,1.000098
sigma_b_log__[65],-3.223287,0.396666,-3.971336,-2.469748,0.001987,0.001308,40198.59801,50875.615887,1.000048
sigma_b_log__[66],-1.852134,0.178525,-2.182358,-1.513983,0.000541,0.000623,110899.447522,62265.526486,1.000082
sigma_b_log__[67],-2.694312,0.221649,-3.112779,-2.279396,0.000949,0.000713,55076.715983,54725.019041,1.000158
sigma_b_log__[68],-1.923723,0.047445,-2.013904,-1.835241,0.000169,0.000148,78442.221056,66090.389988,1.000004
sigma_b_log__[69],-2.555467,0.121866,-2.782032,-2.326356,0.000373,0.000419,107871.005501,65780.55481,1.000009
sigma_b_log__[70],-2.978123,0.225869,-3.392079,-2.539759,0.000865,0.000739,68581.596926,59943.664122,1.000012
sigma_b_log__[71],-1.789786,0.109865,-1.996689,-1.582597,0.000494,0.000318,49384.782676,59687.32,1.000066
sigma_b_log__[72],-3.079664,0.266881,-3.56671,-2.573699,0.001428,0.000866,35490.636563,44904.35778,1.000078
sigma_b_log__[73],-2.581142,0.124354,-2.809623,-2.343836,0.000399,0.000421,98016.460407,64048.399453,1.000118
sigma_b_log__[74],-2.690404,0.196032,-3.049288,-2.310995,0.000944,0.000593,43250.82908,52866.054945,1.000115
sigma_b_log__[75],-1.897871,0.057108,-2.004004,-1.789551,0.000165,0.000204,119701.423913,64663.794283,0.999993
sigma_b_log__[76],-2.261009,0.176643,-2.601876,-1.933184,0.000841,0.000539,44115.667959,51921.569234,1.000179
sigma_b_log__[77],-2.555738,0.156873,-2.847381,-2.259351,0.000804,0.000477,38103.339034,55149.578393,1.00012
sigma_b_log__[78],-2.395263,0.225469,-2.812484,-1.964306,0.000987,0.000706,52389.366599,52768.472496,1.000062
sigma_b_log__[79],-2.271199,0.105187,-2.462022,-2.067376,0.000299,0.000386,125352.822409,61900.369859,1.000041
sigma_b_log__[80],-3.18157,0.147471,-3.456162,-2.903792,0.000478,0.000503,96532.844104,62636.952322,1.000039
sigma_b_log__[81],-2.724423,0.112329,-2.931464,-2.511041,0.000328,0.000419,119301.360057,60972.428066,1.000079
sigma_b_log__[82],-2.62133,0.108817,-2.822767,-2.414254,0.000325,0.000397,113992.758384,60377.97303,1.000085
sigma_b_log__[83],-2.537683,0.068134,-2.667618,-2.411014,0.000261,0.000204,68003.77197,65238.101234,1.00008
"theta_zsn_t[0, 0]",-1.944545,0.198467,-2.31921,-1.568886,0.000582,0.000797,116214.692278,59433.205851,1.000153
"theta_zsn_t[0, 1]",-1.698339,0.192015,-2.056231,-1.332663,0.000569,0.000774,114125.692625,59414.541657,1.000122
"theta_zsn_t[0, 2]",-2.035039,0.189863,-2.400097,-1.68568,0.00056,0.000746,115404.559213,58647.691306,1.00022
"theta_zsn_t[0, 3]",-2.353138,0.207162,-2.752861,-1.973557,0.000629,0.000835,109538.171245,57961.616098,1.000061
"theta_zsn_t[0, 4]",-1.706848,0.199059,-2.083915,-1.331892,0.000578,0.000816,118558.559349,59763.899214,1.000161
"theta_zsn_t[0, 5]",-2.802246,0.241505,-3.255727,-2.349721,0.000752,0.000947,104565.948725,58053.359268,1.000101
"theta_zsn_t[0, 6]",-1.27301,0.26556,-1.765838,-0.768229,0.000764,0.001137,125018.66001,54056.862486,1.000186
"theta_zsn_t[0, 7]",-2.205784,0.203769,-2.597307,-1.829026,0.000644,0.000786,100750.426053,58778.908971,1.000017
"theta_zsn_t[0, 8]",-0.838107,0.337078,-1.425151,-0.173044,0.001148,0.001518,96547.512132,53279.919966,1.000125
"theta_zsn_t[0, 9]",-1.466669,0.191905,-1.823242,-1.099922,0.000572,0.000791,113303.964345,58404.757662,1.00018
"theta_zsn_t[0, 10]",0.001725,0.057158,-0.105769,0.109457,0.000178,0.000199,103107.845834,64398.698486,1.000131
"theta_zsn_t[0, 11]",0.189272,0.078724,0.04117,0.337591,0.000227,0.000302,120110.723236,60787.262094,1.000045
"theta_zsn_t[0, 12]",-0.183882,0.115275,-0.395186,0.037696,0.000334,0.000454,120985.845406,59804.948602,1.000057
"theta_zsn_t[0, 13]",-1.088626,0.170239,-1.415821,-0.776914,0.000492,0.000684,122130.531256,57847.474569,1.000156
"theta_zsn_t[0, 14]",-0.361903,0.108103,-0.566129,-0.159678,0.00032,0.000412,114483.716976,62943.559837,1.000089
"theta_zsn_t[0, 15]",-0.273753,0.137281,-0.531333,-0.01437,0.000389,0.000536,124845.735973,58938.704567,1.000154
"theta_zsn_t[0, 16]",-0.562854,0.285468,-1.091734,-0.023045,0.000906,0.001172,107283.303525,54217.626583,1.000106
"theta_zsn_t[0, 17]",-0.421863,0.059069,-0.529958,-0.308715,0.000197,0.000212,90343.057793,62488.220374,1.000133
"theta_zsn_t[0, 18]",-0.238848,0.078669,-0.388191,-0.093272,0.000234,0.000292,112805.56638,62247.463516,1.000021
"theta_zsn_t[0, 19]",-0.014326,0.099012,-0.197037,0.174762,0.000294,0.000361,113626.158001,63399.908553,1.00007
"theta_zsn_t[0, 20]",0.255009,0.173197,-0.071513,0.578996,0.000468,0.000674,136838.269096,60915.779104,1.000022
"theta_zsn_t[0, 21]",0.130772,0.148283,-0.153998,0.403422,0.000404,0.00057,134883.721912,60475.306664,1.000101
"theta_zsn_t[0, 22]",0.301389,0.187028,-0.0338,0.660021,0.00068,0.000846,82269.020893,54372.184215,1.000057
"theta_zsn_t[0, 23]",0.306593,0.111973,0.09188,0.513534,0.000319,0.000415,123147.311825,61314.645277,1.00015
"theta_zsn_t[0, 24]",-0.424597,0.192418,-0.788452,-0.06995,0.000607,0.00078,106529.213596,57745.340364,1.00003
"theta_zsn_t[0, 25]",-1.589769,0.2546,-2.062543,-1.100557,0.000722,0.001032,125224.87217,57858.139234,1.000087
"theta_zsn_t[0, 26]",-1.131842,0.119374,-1.352675,-0.905574,0.000374,0.000466,103977.904795,56875.686767,1.000009
"theta_zsn_t[0, 27]",-1.898192,0.186446,-2.253703,-1.547926,0.000558,0.000733,111494.849289,60610.405512,1.000165
"theta_zsn_t[0, 28]",-0.290055,0.343874,-0.955545,0.309557,0.001193,0.001424,93572.11669,56025.366181,1.000043
"theta_zsn_t[0, 29]",-0.205728,0.27692,-0.73546,0.302164,0.000783,0.001216,129682.255293,57299.664573,1.000145
"theta_zsn_t[0, 30]",0.960308,0.398416,0.189703,1.720792,0.002077,0.003013,45126.418359,32387.156044,1.000193
"theta_zsn_t[0, 31]",0.640913,0.081342,0.490487,0.795987,0.000242,0.000292,112677.199638,64123.433009,1.000081
"theta_zsn_t[0, 32]",0.05462,0.100943,-0.136973,0.243883,0.000302,0.000391,112620.528057,57287.7908,1.000011
"theta_zsn_t[0, 33]",-0.033206,0.159193,-0.333296,0.26799,0.000455,0.000634,122256.580071,60743.135697,1.000011
"theta_zsn_t[0, 34]",-2.070426,0.184228,-2.42221,-1.72985,0.000556,0.000709,109962.578889,61583.258389,1.000021
"theta_zsn_t[0, 35]",-1.592991,0.18707,-1.940407,-1.235664,0.000551,0.000747,115958.866472,59368.699052,1.000088
"theta_zsn_t[0, 36]",-1.407514,0.190586,-1.754383,-1.035907,0.000578,0.000764,110980.255603,55937.396086,1.000069
"theta_zsn_t[0, 37]",-2.443642,0.195972,-2.804983,-2.067344,0.0006,0.000762,107638.367672,59793.208597,1.000249
"theta_zsn_t[0, 38]",-1.77236,0.182744,-2.116341,-1.428629,0.000529,0.000714,119321.803454,60439.95694,1.000001
"theta_zsn_t[0, 39]",-1.715701,0.157957,-2.005216,-1.409732,0.000478,0.000591,109164.265705,60243.213616,1.000107
"theta_zsn_t[0, 40]",-1.593475,0.186772,-1.941069,-1.236372,0.00056,0.000758,112462.806,57859.571787,1.000145
"theta_zsn_t[0, 41]",-1.583645,0.104672,-1.783879,-1.391061,0.000349,0.000381,90436.699447,57972.084537,1.000016
"theta_zsn_t[0, 42]",-1.091175,0.207513,-1.481305,-0.703796,0.000648,0.000867,107271.505036,52990.102374,1.000052
"theta_zsn_t[0, 43]",-2.18588,0.186811,-2.54571,-1.840376,0.00056,0.000738,112094.100784,59797.082866,1.000089
"theta_zsn_t[0, 44]",-0.189174,0.321279,-0.775061,0.415937,0.00102,0.001357,110022.654487,53515.983867,1.000067
"theta_zsn_t[0, 45]",-0.710601,0.043393,-0.791922,-0.628306,0.000174,0.000141,61976.860988,62109.671564,1.000089
"theta_zsn_t[0, 46]",-0.840377,0.059477,-0.953854,-0.730204,0.000217,0.000208,75585.252685,59884.250317,1.000038
"theta_zsn_t[0, 47]",-1.396332,0.06997,-1.524487,-1.261477,0.000285,0.00023,60543.493496,60595.152365,1.000034
"theta_zsn_t[0, 48]",-0.848962,0.108075,-1.053831,-0.646969,0.000316,0.000419,117556.149828,58492.929824,1.000088
"theta_zsn_t[0, 49]",-1.523498,0.244666,-1.979697,-1.060078,0.000721,0.000954,115802.963926,60237.269489,1.000076
"theta_zsn_t[0, 50]",-1.598476,0.177771,-1.935809,-1.268142,0.000553,0.000684,106773.189722,60167.863977,1.000245
"theta_zsn_t[0, 51]",-0.883491,0.098214,-1.067303,-0.697083,0.000301,0.000374,107169.326987,61874.235705,1.000131
"theta_zsn_t[0, 52]",-0.761563,0.084424,-0.920118,-0.601957,0.000259,0.000318,106640.781267,60782.996859,1.000084
"theta_zsn_t[0, 53]",-0.33452,0.055203,-0.440252,-0.232093,0.000176,0.000191,98288.910753,65606.849307,1.000048
"theta_zsn_t[0, 54]",-0.712217,0.063808,-0.832928,-0.592716,0.000224,0.000216,81459.662473,62996.529036,1.00002
"theta_zsn_t[0, 55]",-1.099974,0.067742,-1.227607,-0.973621,0.000255,0.000226,70698.819747,62328.031395,1.000098
"theta_zsn_t[0, 56]",-1.481939,0.084637,-1.64286,-1.325547,0.000315,0.000295,72482.137224,57553.605213,1.000072
"theta_zsn_t[0, 57]",0.166346,0.149324,-0.123554,0.432527,0.000608,0.000537,62888.435512,55279.342222,0.999986
"theta_zsn_t[0, 58]",0.255427,0.133093,0.0017,0.496765,0.000458,0.000496,87408.150535,60614.434015,1.000139
"theta_zsn_t[0, 59]",0.523434,0.096678,0.339925,0.7032,0.000279,0.000352,120145.358211,63394.804839,0.99999
"theta_zsn_t[0, 60]",0.089874,0.143148,-0.179485,0.358757,0.000398,0.000574,130083.897199,59557.152488,1.000109
"theta_zsn_t[0, 61]",-0.493771,0.717799,-1.867508,0.834045,0.002378,0.002671,92184.244982,60166.700786,1.000056
"theta_zsn_t[0, 62]",-2.828862,0.20735,-3.22382,-2.449838,0.000768,0.000699,74119.90193,61530.341083,1.000008
"theta_zsn_t[0, 63]",-1.622302,0.202072,-1.999955,-1.235282,0.00061,0.00082,111620.625879,57434.706732,1.000071
"theta_zsn_t[0, 64]",-1.773859,0.135046,-2.028172,-1.525153,0.000442,0.000518,95118.896253,58326.835292,1.000185
"theta_zsn_t[0, 65]",-1.403532,0.18995,-1.760441,-1.045729,0.00057,0.000766,113346.773471,59187.669229,1.000113
"theta_zsn_t[0, 66]",-1.318746,0.114043,-1.534479,-1.106574,0.000378,0.00043,92633.811739,57495.352822,1.00008
"theta_zsn_t[0, 67]",-1.123216,0.09349,-1.302694,-0.952323,0.000308,0.000352,92759.129656,58245.941115,1.000013
"theta_zsn_t[0, 68]",-1.615406,0.084467,-1.772745,-1.455097,0.000342,0.000272,61163.586592,58188.03841,1.000086
"theta_zsn_t[0, 69]",-0.981664,0.214273,-1.377947,-0.574532,0.00069,0.000923,102380.63808,53027.857127,1.000157
"theta_zsn_t[0, 70]",-1.667533,0.185899,-2.02275,-1.322724,0.000544,0.000761,117258.979098,58837.460478,1.000118
"theta_zsn_t[0, 71]",-0.803152,0.577675,-1.850384,0.286934,0.001965,0.002423,97369.260199,55007.964419,1.000041
"theta_zsn_t[0, 72]",-1.06506,0.543896,-2.044796,-0.027034,0.001839,0.002417,98432.755961,53412.258141,1.000103
"theta_zsn_t[0, 73]",-1.36517,0.506471,-2.286872,-0.40516,0.001639,0.00233,104814.131369,55599.70427,1.000036
"theta_zsn_t[0, 74]",-1.172393,0.20694,-1.562396,-0.785339,0.000671,0.000837,100068.43683,56114.087724,1.000358
"theta_zsn_t[0, 75]",-1.873471,0.183532,-2.221127,-1.529823,0.00054,0.000736,115617.533645,59711.315787,1.000101
"theta_zsn_t[0, 76]",-1.183281,0.107858,-1.387274,-0.982469,0.000345,0.000416,98802.247206,56159.434031,1.000203
"theta_zsn_t[0, 77]",-1.146167,0.221683,-1.567437,-0.73476,0.000634,0.000851,123341.517582,60155.331365,1.000047
"theta_zsn_t[0, 78]",-0.790748,0.265569,-1.275988,-0.280544,0.000809,0.001078,114088.671664,56911.924718,1.000194
"theta_zsn_t[0, 79]",-0.257632,0.129538,-0.498502,-0.012305,0.000383,0.000497,114304.310168,59448.180303,1.000041
"theta_zsn_t[0, 80]",0.241738,0.573289,-0.827498,1.334976,0.001735,0.00231,112168.431941,58553.297876,1.0
"theta_zsn_t[0, 81]",-1.222957,0.202302,-1.606599,-0.847099,0.000621,0.00081,110556.06546,58594.551208,1.000139
"theta_zsn_t[0, 82]",-1.344807,0.209116,-1.730816,-0.944305,0.000606,0.000887,121848.195471,56548.664882,1.000199
"theta_zsn_t[0, 83]",-2.509649,0.21313,-2.913448,-2.113749,0.000703,0.000786,93070.572408,58928.098404,1.000135
"theta_zsn_t[0, 84]",-1.785012,0.19406,-2.153366,-1.42094,0.000584,0.000766,110534.423218,59290.229883,1.000126
"theta_zsn_t[0, 85]",-0.247601,0.308876,-0.818196,0.332124,0.000972,0.001283,110595.359934,55016.81861,1.000022
"theta_zsn_t[0, 86]",-2.202218,0.199905,-2.584222,-1.832667,0.000621,0.000767,104987.995305,58906.228381,1.000045
"theta_zsn_t[0, 87]",-1.677101,0.193214,-2.041425,-1.315085,0.000594,0.000716,105960.868285,61819.243168,1.000018
"theta_zsn_t[0, 88]",-0.868956,0.215357,-1.26903,-0.462283,0.000657,0.000865,112944.386996,57033.287828,1.000182
"theta_zsn_t[0, 89]",-0.701129,0.229674,-1.128429,-0.268024,0.000717,0.000967,109687.37155,55329.695771,1.000013
"theta_zsn_t[0, 90]",-0.641776,0.206141,-1.033516,-0.257963,0.000595,0.000841,120352.556987,60120.38512,1.000014
"theta_zsn_t[0, 91]",-1.19134,0.309231,-1.765664,-0.606145,0.001,0.001389,100994.57593,56477.76846,1.000098
"theta_zsn_t[0, 92]",-1.128709,0.204808,-1.499847,-0.727051,0.000614,0.000825,114011.571449,56356.016316,1.000093
"theta_zsn_t[0, 93]",-0.047799,0.111473,-0.254426,0.16574,0.000312,0.000417,127480.706622,63271.313216,1.000166
"theta_zsn_t[0, 94]",0.14442,0.085397,-0.019715,0.302409,0.000242,0.000321,124203.846908,61688.413481,1.000131
"theta_zsn_t[0, 95]",-0.338855,0.111151,-0.552745,-0.135662,0.000315,0.000421,124221.092104,60953.426489,0.99998
"theta_zsn_t[0, 96]",-0.617233,0.151267,-0.907429,-0.337524,0.000424,0.000602,127684.323463,59992.722021,1.000158
"theta_zsn_t[0, 97]",-0.205417,0.104488,-0.404886,-0.010675,0.000294,0.000411,126805.412006,59398.949907,1.000102
"theta_zsn_t[0, 98]",-0.550836,0.147451,-0.828382,-0.273591,0.00041,0.000586,130080.209011,60328.633988,1.000101
"theta_zsn_t[0, 99]",0.102699,0.139607,-0.1606,0.363931,0.000418,0.000587,115781.847594,57205.368692,1.000066
"theta_zsn_t[0, 100]",-2.744743,0.238736,-3.188173,-2.292249,0.000748,0.000894,102815.973138,61158.670053,1.000141
"theta_zsn_t[0, 101]",-1.090493,0.208797,-1.479538,-0.699803,0.00065,0.000898,108262.80113,54689.467813,1.000091
"theta_zsn_t[0, 102]",-1.001135,0.119109,-1.226726,-0.77752,0.000359,0.000479,111508.166695,57986.286596,1.000038
"theta_zsn_t[0, 103]",-1.162347,0.131129,-1.410642,-0.920309,0.000419,0.000549,103284.835845,55034.635058,1.000102
"theta_zsn_t[0, 104]",-0.975225,0.239707,-1.414174,-0.524305,0.000781,0.001048,102063.199651,55508.317172,1.000026
"theta_zsn_t[0, 105]",-1.542825,0.117563,-1.764711,-1.322913,0.000437,0.000441,73104.966285,56139.175758,1.000117
"theta_zsn_t[0, 106]",-1.685669,0.187801,-2.033813,-1.329175,0.000569,0.000739,109370.079909,60515.585677,1.000177
"theta_zsn_t[0, 107]",-1.577614,0.202167,-1.951056,-1.186218,0.000593,0.00083,117419.093092,58772.63275,1.000072
"theta_zsn_t[0, 108]",-1.335936,0.24245,-1.783128,-0.870383,0.000718,0.001015,116925.994626,55522.406613,1.000084
"theta_zsn_t[0, 109]",-0.955512,0.076011,-1.100956,-0.81543,0.000257,0.000272,87480.304854,60118.058841,1.000029
"theta_zsn_t[0, 110]",-1.364179,0.088018,-1.528613,-1.19863,0.000324,0.000286,73855.341279,62336.15381,1.000074
"theta_zsn_t[0, 111]",-0.771829,0.072058,-0.905942,-0.635361,0.000239,0.000255,91163.777088,63519.174416,0.999989
"theta_zsn_t[0, 112]",-0.838074,0.158163,-1.139804,-0.54445,0.000461,0.000617,119177.016627,60311.292906,1.000117
"theta_zsn_t[0, 113]",-1.300038,0.165355,-1.610853,-0.991645,0.000477,0.000632,120209.636516,60271.647554,1.000275
"theta_zsn_t[0, 114]",-1.262882,0.144453,-1.539924,-0.99518,0.00043,0.000547,112777.425934,61087.432115,1.000098
"theta_zsn_t[0, 115]",-1.946573,0.186771,-2.299046,-1.595791,0.000546,0.00074,117144.713553,61442.921152,1.000147
"theta_zsn_t[0, 116]",-0.717095,0.31256,-1.291918,-0.122767,0.000941,0.001361,120465.280013,54878.239179,1.000088
"theta_zsn_t[0, 117]",-1.187298,0.097383,-1.37247,-1.006162,0.000324,0.000371,90780.520871,58099.723937,1.000169
"theta_zsn_t[0, 118]",-1.201297,0.115015,-1.419045,-0.987552,0.000355,0.000434,105595.516706,60396.422434,1.000186
"theta_zsn_t[0, 119]",-0.79144,0.081995,-0.946824,-0.637395,0.000266,0.000308,95434.731482,59330.762398,1.000194
"theta_zsn_t[0, 120]",-0.482823,0.057627,-0.590543,-0.374361,0.000196,0.000194,86494.887802,64450.712467,1.000209
"theta_zsn_t[0, 121]",-0.362028,0.05987,-0.474183,-0.24905,0.000207,0.000206,84029.719043,62209.320155,1.000008
"theta_zsn_t[0, 122]",-0.20771,0.057129,-0.315149,-0.10083,0.000194,0.000189,86446.169181,65252.405843,1.00003
"theta_zsn_t[0, 123]",0.122746,0.072559,-0.013269,0.260145,0.000226,0.000259,103291.049324,63424.783781,1.00007
"theta_zsn_t[0, 124]",0.027405,0.710544,-1.3412,1.355528,0.002145,0.002835,110604.453906,59560.335971,1.000028
"theta_zsn_t[0, 125]",0.146695,0.120633,-0.081611,0.371318,0.000338,0.000482,130454.301708,54843.121491,1.000152
"theta_zsn_t[0, 126]",0.192681,0.142581,-0.070328,0.462485,0.000414,0.00058,125246.048092,57629.147998,1.000022
"theta_zsn_t[0, 127]",-0.084649,0.397498,-0.83311,0.693534,0.001326,0.002033,93484.126474,54575.1157,1.000021
"theta_zsn_t[0, 128]",0.127826,0.157653,-0.169717,0.421583,0.000476,0.000628,111425.221356,61362.415083,1.000135
"theta_zsn_t[0, 129]",-1.221401,0.067235,-1.348804,-1.096599,0.000258,0.000224,67857.20068,62775.589478,1.00015
"theta_zsn_t[0, 130]",-0.72691,0.05335,-0.827769,-0.626148,0.000193,0.000179,76688.711231,63449.992551,1.000141
"theta_zsn_t[0, 131]",-1.099893,0.064807,-1.219732,-0.975616,0.00024,0.000223,72871.041814,60594.714249,1.000137
"theta_zsn_t[0, 132]",1.943589,0.169005,1.630077,2.267952,0.000683,0.000585,61381.737835,56196.582818,1.000018
"theta_zsn_t[0, 133]",1.760586,0.224767,1.339064,2.189847,0.000688,0.000906,107219.080859,60741.850023,1.000134
"theta_zsn_t[0, 134]",1.830295,0.147006,1.55875,2.111663,0.000477,0.000544,95250.591536,58553.163175,1.000087
"theta_zsn_t[0, 135]",1.652331,0.241449,1.200839,2.101957,0.000788,0.001146,103925.203951,52061.723341,1.000025
"theta_zsn_t[0, 136]",2.03717,0.104275,1.845093,2.236346,0.00043,0.000348,58968.8103,58746.033586,1.000056
"theta_zsn_t[0, 137]",1.759454,0.197814,1.395386,2.139411,0.000616,0.000835,105372.543851,56057.320401,1.000089
"theta_zsn_t[0, 138]",1.713414,0.142969,1.443858,1.982345,0.000493,0.000477,84270.234661,63797.552977,1.00003
"theta_zsn_t[0, 139]",1.681782,0.15207,1.398901,1.971884,0.000561,0.000544,73881.460727,61499.890228,1.00006
"theta_zsn_t[0, 140]",0.859604,0.186256,0.519709,1.218528,0.000562,0.000687,112105.082762,61394.043694,1.00013
"theta_zsn_t[0, 141]",1.855872,0.087062,1.689742,2.016646,0.000345,0.0003,63760.91926,58862.672808,1.00021
"theta_zsn_t[0, 142]",1.385028,0.442497,0.539077,2.22153,0.001399,0.002102,102474.20561,55708.822199,1.000082
"theta_zsn_t[0, 143]",1.653831,0.223781,1.23187,2.083098,0.000733,0.000954,95686.429595,56298.008068,1.000175
"theta_zsn_t[0, 144]",-0.034217,0.088519,-0.200568,0.132503,0.000294,0.000305,90863.036453,62383.700437,1.00009
"theta_zsn_t[0, 145]",0.186778,0.262263,-0.304119,0.683011,0.000721,0.00109,133334.379608,57363.96308,0.99998
"theta_zsn_t[0, 146]",-0.083782,0.361968,-0.770881,0.606251,0.001129,0.001478,105386.910566,56182.328801,1.00012
"theta_zsn_t[0, 147]",0.149827,0.122822,-0.073246,0.386155,0.000343,0.000481,131087.853723,60643.832338,1.000135
"theta_zsn_t[0, 148]",0.210642,0.711556,-1.166307,1.528753,0.002202,0.002898,105700.375253,60688.321141,1.000007
"theta_zsn_t[0, 149]",0.087975,0.5008,-0.865019,1.035691,0.001601,0.00221,100227.944422,55356.445887,1.000084
"theta_zsn_t[0, 150]",-0.880883,0.216915,-1.276777,-0.465228,0.000671,0.000893,110120.015428,56977.906545,1.000087
"theta_zsn_t[0, 151]",-1.041796,0.148489,-1.319301,-0.761395,0.000422,0.000583,124351.088485,60514.223633,1.000175
"theta_zsn_t[0, 152]",2.3153,0.215546,1.920644,2.728772,0.000774,0.000791,78965.97092,58227.779557,1.000072
"theta_zsn_t[0, 153]",2.146048,0.186363,1.802189,2.498327,0.000686,0.000667,75996.821218,58967.660629,1.000065
"theta_zsn_t[0, 154]",1.644073,0.131679,1.404851,1.894526,0.000547,0.000472,59804.93878,57760.772602,1.000059
"theta_zsn_t[0, 155]",0.276745,0.067297,0.147497,0.400829,0.000199,0.00025,114116.156615,62009.198141,1.00006
"theta_zsn_t[0, 156]",0.365775,0.121561,0.138685,0.595326,0.000344,0.000475,125438.596477,60483.664843,1.000158
"theta_zsn_t[0, 157]",0.5432,0.521277,-0.450212,1.487706,0.001671,0.002405,111733.501573,50986.64215,1.000141
"theta_zsn_t[0, 158]",0.268309,0.171175,-0.06032,0.582306,0.000483,0.000714,130957.382557,54997.94221,1.000081
"theta_zsn_t[0, 159]",0.031372,0.202625,-0.362477,0.388403,0.000654,0.000906,109239.252404,55641.812605,1.000037
"theta_zsn_t[0, 160]",0.526929,0.154589,0.226264,0.809754,0.00045,0.000609,119141.655704,59780.397948,1.000009
"theta_zsn_t[0, 161]",0.206048,0.061175,0.091018,0.320793,0.000188,0.000219,106282.984645,63268.769793,1.000129
"theta_zsn_t[0, 162]",0.279465,0.117943,0.05658,0.500558,0.000334,0.00046,124931.003386,59686.996751,1.000023
"theta_zsn_t[0, 163]",0.223424,0.306496,-0.332938,0.820936,0.000931,0.001559,118328.635426,51815.491976,1.000162
"theta_zsn_t[0, 164]",0.336841,0.712129,-1.04129,1.650601,0.002216,0.002831,104656.563463,57705.573089,1.000027
"theta_zsn_t[0, 165]",0.394823,0.277842,-0.107626,0.929423,0.000922,0.00138,102048.132424,51778.894394,1.000079
"theta_zsn_t[0, 166]",0.417447,0.157195,0.124573,0.717712,0.000463,0.00063,116320.475084,59230.752116,1.000085
"theta_zsn_t[0, 167]",0.808968,0.063849,0.689182,0.929278,0.00022,0.000216,84148.884122,65131.835174,1.000001
"theta_zsn_t[0, 168]",0.770453,0.167093,0.452137,1.087344,0.000518,0.00071,105583.567133,58385.553396,1.000151
"theta_zsn_t[0, 169]",0.816192,0.139866,0.552271,1.076832,0.000408,0.000524,119444.941505,60175.890418,1.000145
"theta_zsn_t[0, 170]",0.573964,0.100109,0.383426,0.759214,0.000283,0.000388,125357.556089,60853.840989,1.000112
"theta_zsn_t[0, 171]",0.591442,0.516417,-0.377893,1.537005,0.001685,0.002353,108618.440978,51861.115579,1.000192
"theta_zsn_t[0, 172]",0.477091,0.351747,-0.172219,1.158915,0.001083,0.001432,106685.872672,61548.597584,1.000033
"theta_zsn_t[0, 173]",0.986398,0.176808,0.656142,1.322626,0.000512,0.000687,119784.579636,57996.985925,1.00007
"theta_zsn_t[0, 174]",0.995678,0.72539,-0.359976,2.386069,0.002354,0.002803,97020.114935,57780.359846,1.000088
"theta_zsn_t[0, 175]",0.802066,0.14611,0.531617,1.082014,0.000461,0.000574,101067.363534,60228.314581,1.000097
"theta_zsn_t[0, 176]",1.148639,0.063961,1.02734,1.268441,0.000252,0.000199,64186.200857,60662.840302,1.000096
"theta_zsn_t[0, 177]",0.181941,0.516001,-0.804841,1.096448,0.001699,0.002205,108099.205473,53419.701939,1.000167
"theta_zsn_t[0, 178]",0.904331,0.18146,0.569739,1.25058,0.000512,0.000744,130234.456308,55112.741289,1.000276
"theta_zsn_t[0, 179]",0.79138,0.167465,0.479568,1.106654,0.000486,0.000666,122003.373384,58125.480011,1.000017
"theta_zsn_t[0, 180]",1.3836,0.13197,1.135332,1.63304,0.000414,0.000497,101587.082005,61755.118293,1.000219
"theta_zsn_t[0, 181]",0.144533,0.449043,-0.714052,0.953273,0.001566,0.001827,89244.248351,54577.028469,1.000046
"theta_zsn_t[0, 182]",1.062975,0.067157,0.938159,1.190155,0.000226,0.000241,87955.994127,61597.930504,1.000135
"theta_zsn_t[0, 183]",0.943898,0.725323,-0.443176,2.297668,0.00236,0.002842,96695.104574,58318.711416,1.000124
"theta_zsn_t[0, 184]",0.79814,0.150455,0.511487,1.080781,0.00045,0.000579,112089.559275,62056.354577,1.000184
"theta_zsn_t[0, 185]",1.142135,0.085977,0.979665,1.302997,0.000383,0.00025,50406.787607,61511.32173,1.000062
"theta_zsn_t[0, 186]",1.461035,0.17108,1.137059,1.786037,0.000545,0.000664,98956.624805,60894.133652,1.000017
"theta_zsn_t[0, 187]",0.482735,0.496983,-0.480984,1.350874,0.001627,0.002334,110929.149505,53078.866748,1.000117
"theta_zsn_t[0, 188]",1.175422,0.071099,1.043563,1.310851,0.000249,0.000254,81289.506552,60721.276062,1.000053
"theta_zsn_t[0, 189]",1.144751,0.176883,0.814836,1.479514,0.000549,0.000664,104168.784122,60012.382514,1.000074
"theta_zsn_t[0, 190]",1.510175,0.123132,1.282306,1.74801,0.000439,0.000431,78584.457044,61525.941571,1.00011
"theta_zsn_t[0, 191]",1.479018,0.165274,1.169246,1.799161,0.000596,0.000665,77301.810699,58719.870788,1.000046
"theta_zsn_t[0, 192]",0.986632,0.169368,0.664021,1.29752,0.000483,0.000658,124783.839686,61873.936322,1.000159
"theta_zsn_t[0, 193]",1.482332,0.07301,1.343424,1.61863,0.000277,0.000259,69555.599525,59126.290147,1.000036
"theta_zsn_t[0, 194]",1.16703,0.22732,0.725888,1.586762,0.000641,0.000921,127717.427395,58981.897761,1.000127
"theta_zsn_t[0, 195]",0.80543,0.134916,0.55016,1.059491,0.000396,0.000522,116756.434221,61109.192696,1.000212
"theta_zsn_t[0, 196]",1.546387,0.17335,1.217379,1.87223,0.000546,0.000646,101029.486444,63103.726314,1.000124
"theta_zsn_t[0, 197]",1.470981,0.148618,1.195257,1.752886,0.000492,0.000536,91234.712344,60500.340367,1.00008
"theta_zsn_t[0, 198]",1.854909,0.14232,1.588021,2.124372,0.000477,0.000532,89467.025406,61208.039168,1.000048
"theta_zsn_t[0, 199]",1.263006,0.173213,0.935855,1.58243,0.000606,0.000582,82435.062618,60409.696358,1.000062
"theta_zsn_t[0, 200]",1.817995,0.084127,1.660283,1.976384,0.000347,0.000283,58683.624919,60327.881546,1.000043
"theta_zsn_t[0, 201]",1.696719,0.162167,1.385538,1.997826,0.000509,0.000638,102142.423771,61399.423571,1.000047
"theta_zsn_t[0, 202]",1.874063,0.133806,1.623155,2.128125,0.00046,0.000489,84927.681261,61399.465977,1.000078
"theta_zsn_t[0, 203]",-0.012687,0.065694,-0.137229,0.110585,0.000198,0.000237,109613.48265,63879.370038,1.000114
"theta_zsn_t[0, 204]",0.233505,0.117536,0.012323,0.454771,0.000325,0.00046,131525.844629,57295.697203,1.000062
"theta_zsn_t[0, 205]",0.315067,0.715527,-1.064712,1.639272,0.002215,0.002898,105568.256193,60945.475595,1.000095
"theta_zsn_t[0, 206]",0.26614,0.140068,0.0094,0.53487,0.000406,0.00057,122681.027644,57992.985653,1.000099
"theta_zsn_t[0, 207]",0.297303,0.170461,-0.022004,0.617416,0.000478,0.000686,132500.035227,59438.510362,1.00019
"theta_zsn_t[0, 208]",0.441392,0.498149,-0.492702,1.403652,0.001599,0.002148,99387.629558,55864.959225,1.000174
"theta_zsn_t[0, 209]",0.455209,0.059978,0.341306,0.566545,0.000246,0.000189,59570.0757,61768.55292,1.000107
"theta_zsn_t[0, 210]",0.415806,0.123318,0.184573,0.647145,0.000343,0.000479,129500.806467,59986.927801,1.000054
"theta_zsn_t[0, 211]",0.88894,0.71998,-0.488187,2.240096,0.002291,0.002856,100769.313164,57325.233959,1.000104
"theta_zsn_t[0, 212]",0.384497,0.098225,0.200923,0.570973,0.000275,0.00038,127240.334835,61979.966032,1.000082
"theta_zsn_t[0, 213]",0.348289,0.536105,-0.672949,1.315668,0.001753,0.002338,106224.453186,52711.856828,1.000156
"theta_zsn_t[0, 214]",0.488725,0.178155,0.158263,0.825713,0.000505,0.000738,130458.761936,57490.587504,1.00016
"theta_zsn_t[0, 215]",0.403144,0.716841,-0.948144,1.767998,0.002237,0.002808,104143.709415,60789.817786,1.000051
"theta_zsn_t[0, 216]",0.422819,0.143586,0.154138,0.695857,0.000428,0.000557,114042.320547,61216.726812,1.000066
"theta_zsn_t[0, 217]",0.705406,0.111793,0.488818,0.910291,0.000368,0.000402,92565.815914,62096.674556,1.000101
"theta_zsn_t[0, 218]",0.691655,0.172443,0.36801,1.013178,0.00049,0.000666,127906.61035,58831.538215,1.000163
"theta_zsn_t[0, 219]",0.563744,0.145737,0.291738,0.839541,0.000424,0.000542,118826.014087,60640.317781,1.000014
"theta_zsn_t[0, 220]",0.538727,0.43114,-0.272615,1.33056,0.001407,0.001858,102137.583348,54482.060014,1.000127
"theta_zsn_t[0, 221]",0.660563,0.116507,0.437816,0.874754,0.000361,0.00041,104119.897025,62701.068838,1.000186
"theta_zsn_t[0, 222]",0.648809,0.140592,0.389877,0.91953,0.000417,0.000537,114049.293452,61634.317503,0.999977
"theta_zsn_t[0, 223]",1.262914,0.144438,0.993335,1.538698,0.000468,0.000551,96400.743876,61178.890784,1.00001
"theta_zsn_t[0, 224]",0.69726,0.169747,0.376385,1.016728,0.000497,0.000649,118580.776227,61096.869713,1.000179
"theta_zsn_t[0, 225]",0.338175,0.499811,-0.629172,1.238925,0.001708,0.002253,95561.904007,53712.943126,1.000171
"theta_zsn_t[0, 226]",1.121786,0.082042,0.9704,1.278337,0.000276,0.000301,88281.132327,59365.614135,1.000065
"theta_zsn_t[0, 227]",0.733422,0.238558,0.288325,1.189743,0.000752,0.00102,102513.444576,58890.823195,0.999994
"theta_zsn_t[0, 228]",1.046951,0.179338,0.713346,1.389024,0.000514,0.000697,124949.68266,55684.107173,1.000197
"theta_zsn_t[0, 229]",-1.232247,0.18546,-1.578264,-0.880885,0.000535,0.000701,120349.385896,59655.94569,1.000149
"theta_zsn_t[0, 230]",-2.509921,0.210992,-2.90792,-2.117835,0.000764,0.000706,76801.937413,62708.58195,1.000012
"theta_zsn_t[0, 231]",-1.31675,0.134338,-1.563067,-1.060001,0.000427,0.000541,101673.953857,59053.395256,1.000258
"theta_zsn_t[0, 232]",-0.23645,0.173344,-0.570324,0.080079,0.000561,0.000612,96832.484665,61601.163689,1.000133
"theta_zsn_t[0, 233]",-2.910029,0.220414,-3.328773,-2.500009,0.00072,0.000842,95533.800518,57665.114569,1.000172
"theta_zsn_t[0, 234]",-2.206093,0.200267,-2.57319,-1.821613,0.000623,0.000755,104295.156069,59272.428134,1.000029
"theta_zsn_t[0, 235]",-2.404506,0.202199,-2.78491,-2.026032,0.000638,0.000794,101625.445438,57756.565974,1.000028
"theta_zsn_t[0, 236]",-1.549951,0.142687,-1.814316,-1.280134,0.000459,0.000547,100136.348828,57925.021606,1.000098
"theta_zsn_t[0, 237]",-2.044815,0.229985,-2.474086,-1.616187,0.000706,0.000903,110842.123837,56073.334991,1.00003
"theta_zsn_t[0, 238]",0.267646,0.109893,0.059122,0.472446,0.000352,0.000405,98529.111143,61432.105397,1.000233
"theta_zsn_t[0, 239]",0.599017,0.171413,0.279623,0.924468,0.000484,0.000683,130275.073667,56671.108834,1.000036
"theta_zsn_t[0, 240]",0.845479,0.324423,0.208619,1.408793,0.001236,0.001405,75507.500482,54282.739475,1.000094
"theta_zsn_t[0, 241]",0.589344,0.261444,0.103467,1.087784,0.000728,0.001084,129780.128766,58841.251666,1.000133
"theta_zsn_t[0, 242]",1.021867,0.080686,0.871288,1.175449,0.000256,0.000308,99309.156731,59440.647764,1.000067
"theta_zsn_t[0, 243]",0.240532,0.235322,-0.211017,0.672847,0.000658,0.000954,130853.533427,57398.202445,1.000092
"theta_zsn_t[0, 244]",0.536534,0.149754,0.256717,0.817939,0.000421,0.000568,126276.408288,61362.38608,1.000166
"theta_zsn_t[0, 245]",-0.073788,0.144041,-0.340628,0.199843,0.000393,0.000591,134230.340872,59004.225616,1.000118
"theta_zsn_t[0, 246]",0.649366,0.343771,-0.020688,1.245488,0.001477,0.001977,66347.682876,40639.493348,1.00006
"theta_zsn_t[0, 247]",1.089015,0.346067,0.421257,1.716869,0.001213,0.001984,93975.615956,48679.526469,1.00003
"theta_zsn_t[0, 248]",1.154467,0.085796,0.994201,1.317264,0.000279,0.000318,94453.921215,60376.634925,1.000204
"theta_zsn_t[0, 249]",0.684944,0.11934,0.459065,0.907178,0.000371,0.000422,103877.072976,61152.367534,1.000028
"theta_zsn_t[0, 250]",0.713859,0.075649,0.567116,0.852048,0.000239,0.000271,100577.918247,63921.559157,1.00013
"theta_zsn_t[0, 251]",0.074709,0.144926,-0.195769,0.349427,0.000403,0.000577,130192.997291,58094.805429,1.000196
"theta_zsn_t[0, 252]",0.111534,0.7032,-1.244039,1.405631,0.002384,0.002701,88940.999275,58865.903328,0.999965
"theta_zsn_t[0, 253]",-2.744449,0.240504,-3.197951,-2.293186,0.000745,0.000906,105121.793079,61734.24007,1.000021
"theta_zsn_t[0, 254]",-1.564715,0.203893,-1.94697,-1.175712,0.000582,0.000857,123215.398973,58092.849406,1.000132
"theta_zsn_t[0, 255]",-1.291342,0.199498,-1.656502,-0.906581,0.000606,0.000813,111673.256076,57604.046518,1.000023
"theta_zsn_t[0, 256]",-1.811106,0.183941,-2.158522,-1.466692,0.000557,0.000721,109384.249985,60982.344743,1.00019
"theta_zsn_t[0, 257]",-2.525159,0.198574,-2.907624,-2.163417,0.000633,0.000757,99896.258347,58306.336528,1.000125
"theta_zsn_t[0, 258]",-1.372631,0.072114,-1.506407,-1.235559,0.000286,0.000235,63597.200025,61219.073773,1.000065
"theta_zsn_t[0, 259]",-0.871088,0.063278,-0.988764,-0.749218,0.000217,0.000224,85056.261739,60471.641272,1.000024
"theta_zsn_t[0, 260]",-0.707837,0.086781,-0.869489,-0.544451,0.00027,0.000324,103202.132582,60056.26059,1.00007
"theta_zsn_t[0, 261]",-1.182527,0.115149,-1.395797,-0.962461,0.00035,0.000427,108362.515303,60201.372861,1.000002
"theta_zsn_t[0, 262]",-0.647962,0.060989,-0.762216,-0.532362,0.000208,0.000206,85808.856998,64939.236704,1.000016
"theta_zsn_t[0, 263]",-0.607914,0.19529,-0.977969,-0.245665,0.000565,0.000758,121132.602456,61001.21892,1.000086
"theta_zsn_t[0, 264]",-0.540428,0.076041,-0.685299,-0.400292,0.000244,0.000272,96859.474697,62750.460626,1.000097
"theta_zsn_t[0, 265]",-0.344567,0.076019,-0.485557,-0.199314,0.000235,0.000279,105009.309388,60653.0835,1.000022
"theta_zsn_t[0, 266]",-0.570923,0.166464,-0.88629,-0.257799,0.000472,0.000657,125137.525747,57377.889811,1.00002
"theta_zsn_t[0, 267]",-0.87891,0.197747,-1.250488,-0.505218,0.000577,0.00078,117505.036239,59475.969094,1.000054
"theta_zsn_t[0, 268]",-0.384355,0.108806,-0.587665,-0.178127,0.000319,0.000407,116641.305914,61420.417555,1.000046
"theta_zsn_t[0, 269]",-0.224957,0.10017,-0.41109,-0.034961,0.000289,0.000393,121423.896557,57767.709241,1.000039
"theta_zsn_t[0, 270]",-0.107677,0.11161,-0.316752,0.101312,0.000333,0.0004,112923.060238,64025.973727,1.000069
"theta_zsn_t[0, 271]",-0.105781,0.273045,-0.624944,0.399352,0.000771,0.00116,128960.536786,56639.174055,1.000237
"theta_zsn_t[0, 272]",-0.445488,0.152355,-0.733688,-0.161621,0.000431,0.000589,125521.528964,61129.926206,1.000215
"theta_zsn_t[0, 273]",0.067006,0.140793,-0.191591,0.33869,0.000407,0.00055,119567.083365,61026.18114,1.00009
"theta_zsn_t[0, 274]",0.084382,0.265223,-0.41643,0.583037,0.000737,0.001133,130856.887957,56646.194475,1.000182
"theta_zsn_t[0, 275]",-0.048809,0.567892,-1.115246,1.03075,0.001768,0.00238,106273.361936,55397.097766,1.000073
"theta_zsn_t[0, 276]",0.087839,0.129567,-0.15464,0.332636,0.000372,0.000488,121720.023871,62057.961146,1.00012
"theta_zsn_t[0, 277]",0.084319,0.265615,-0.423356,0.572427,0.000741,0.00114,130234.989812,56083.89279,1.000205
"theta_zsn_t[0, 278]",0.044071,0.253458,-0.433403,0.528728,0.000782,0.001194,107797.874453,54243.957309,1.000122
"theta_zsn_t[0, 279]",0.01006,0.150142,-0.277331,0.288046,0.000538,0.000649,81926.787875,56168.721678,1.000144
"theta_zsn_t[0, 280]",0.115478,0.266465,-0.387284,0.613658,0.000747,0.001122,129099.336236,58298.780038,1.000191
"theta_zsn_t[0, 281]",0.289554,0.065955,0.165096,0.413501,0.000196,0.000245,113597.60979,61053.364934,1.000096
"theta_zsn_t[0, 282]",0.444371,0.1055,0.247705,0.644507,0.000308,0.000386,118308.254547,63450.724,1.00002
"theta_zsn_t[0, 283]",0.177412,0.109694,-0.021897,0.388804,0.000374,0.000364,86706.272881,62934.000626,1.000005
"theta_zsn_t[0, 284]",0.490545,0.0872,0.326045,0.652382,0.000272,0.000301,102723.267558,64727.037829,1.000064
"theta_zsn_t[0, 285]",0.683325,0.314293,0.136334,1.291471,0.001108,0.001582,96252.636226,50448.762751,1.000108
"theta_zsn_t[0, 286]",0.495174,0.263292,0.001181,0.998174,0.000721,0.001104,133756.277728,58078.647759,1.000015
"theta_zsn_t[0, 287]",0.758589,0.070465,0.624661,0.890041,0.000225,0.000248,98263.558503,62194.147097,1.000028
"theta_zsn_t[0, 288]",0.941386,0.123983,0.703883,1.172321,0.000357,0.00047,121166.141615,62216.38393,1.000152
"theta_zsn_t[0, 289]",0.874335,0.416465,0.085826,1.64239,0.001257,0.001783,118143.354163,54708.180144,1.000162
"theta_zsn_t[0, 290]",0.811393,0.425516,2.1e-05,1.595079,0.00131,0.001857,113868.206047,54073.302377,1.000138
"theta_zsn_t[0, 291]",0.985272,0.066163,0.860673,1.108992,0.00022,0.00022,90601.220948,65585.991885,1.000078
"theta_zsn_t[0, 292]",0.206785,0.407431,-0.599254,0.933892,0.001505,0.001974,81579.097645,49366.233683,1.000078
"theta_zsn_t[0, 293]",0.288875,0.712094,-1.057732,1.642082,0.002264,0.002746,100268.264338,60676.106673,1.000139
"theta_zsn_t[0, 294]",0.213019,0.106389,0.014209,0.414106,0.000304,0.0004,123181.600083,64417.096986,0.999968
"theta_zsn_t[0, 295]",0.418465,0.102007,0.226649,0.608845,0.000283,0.000397,129680.658004,60724.678382,1.000071
"theta_zsn_t[0, 296]",0.143072,0.131761,-0.103262,0.391691,0.000376,0.000513,123056.869151,58918.914037,1.000156
"theta_zsn_t[0, 297]",0.120014,0.133487,-0.133374,0.366319,0.000367,0.000505,132170.345768,60622.500261,1.000141
"theta_zsn_t[0, 298]",1.146914,0.058098,1.038405,1.257021,0.000216,0.000195,72171.155824,61159.971634,1.000033
"theta_zsn_t[0, 299]",1.211102,0.110635,1.000212,1.415809,0.000371,0.00039,89089.933347,61683.025932,1.00013
"theta_zsn_t[0, 300]",0.767411,0.448789,-0.093851,1.59032,0.001377,0.001903,113547.84408,54938.59555,1.000024
"theta_zsn_t[0, 301]",1.01951,0.479388,0.091638,1.890855,0.001512,0.002327,112511.937938,50632.80294,1.000094
"theta_zsn_t[0, 302]",0.858263,0.254618,0.383493,1.34079,0.000727,0.000956,123069.89692,61775.21715,1.000134
"theta_zsn_t[0, 303]",0.117556,0.18708,-0.229506,0.472089,0.00052,0.000702,130147.750808,58456.551493,1.000268
"theta_zsn_t[0, 304]",0.327734,0.083543,0.16791,0.481555,0.000242,0.000316,119282.656942,60610.021627,0.999982
"theta_zsn_t[0, 305]",0.259969,0.162893,-0.041398,0.570953,0.000449,0.000659,134164.204442,57239.261216,1.000165
"theta_zsn_t[0, 306]",0.153398,0.156709,-0.141418,0.449553,0.000432,0.000642,132911.27032,58300.62379,1.00013
"theta_zsn_t[0, 307]",1.10076,0.072356,0.966489,1.239162,0.000247,0.000258,85834.260502,60723.088124,1.000111
"theta_zsn_t[0, 308]",1.039759,0.202839,0.653884,1.416409,0.000579,0.000804,125256.506443,57649.35099,1.000246
"theta_zsn_t[0, 309]",0.70113,0.208871,0.302256,1.091586,0.000645,0.000857,106277.48828,58855.577555,1.00013
"theta_zsn_t[0, 310]",0.827565,0.215855,0.427481,1.234755,0.000642,0.00085,119575.252142,57162.253425,0.999981
"theta_zsn_t[0, 311]",0.892865,0.193368,0.522895,1.24914,0.000573,0.000741,115271.88978,60531.702047,1.000092
"theta_zsn_t[0, 312]",1.051526,0.0754,0.908973,1.192323,0.000248,0.000279,92606.737009,63330.110218,1.000098
"theta_zsn_t[0, 313]",0.849748,0.196549,0.485261,1.223308,0.000572,0.00074,121451.830651,57985.776851,1.00003
"theta_zsn_t[0, 314]",0.785773,0.190974,0.424361,1.138602,0.000539,0.000753,129532.803239,58477.117405,1.000149
"theta_zsn_t[0, 315]",1.297214,0.179745,0.965711,1.645138,0.000565,0.000728,101367.021611,58768.235577,1.000056
"theta_zsn_t[0, 316]",1.316339,0.077676,1.168537,1.459498,0.000279,0.000271,77685.013052,60007.818786,1.000085
"theta_zsn_t[0, 317]",0.835501,0.270477,0.328399,1.329125,0.00092,0.001272,98996.516505,53491.42121,1.000082
"theta_zsn_t[0, 318]",1.211992,0.195712,0.844064,1.57569,0.00061,0.000819,108095.767829,54686.032742,1.000053
"theta_zsn_t[0, 319]",1.055256,0.355228,0.367156,1.697909,0.001269,0.002205,93289.130758,47220.501473,1.000012
"theta_zsn_t[0, 320]",1.485771,0.209088,1.09825,1.88757,0.000643,0.000863,109326.656151,55951.568609,1.00005
"theta_zsn_t[0, 321]",0.317897,0.476383,-0.582178,1.127895,0.001798,0.002336,89634.17527,48654.305501,1.000102
"theta_zsn_t[0, 322]",1.27935,0.221653,0.865025,1.694467,0.000715,0.000958,102374.649701,53786.753089,1.000201
"theta_zsn_t[0, 323]",-1.258085,0.200779,-1.637821,-0.881002,0.000578,0.000783,121441.19877,59693.738039,1.000004
"theta_zsn_t[0, 324]",-1.0863,0.106429,-1.289102,-0.889161,0.000348,0.00041,94543.530292,56104.646511,1.000044
"theta_zsn_t[0, 325]",-1.28404,0.116417,-1.503694,-1.067616,0.000377,0.000441,97258.021591,56674.333251,1.00012
"theta_zsn_t[0, 326]",-2.312197,0.194167,-2.686819,-1.956898,0.000615,0.000771,99904.228842,58518.360711,1.000079
"theta_zsn_t[0, 327]",-1.083044,0.109297,-1.291071,-0.879964,0.000334,0.000428,107261.821492,59369.689252,1.000044
"theta_zsn_t[0, 328]",-1.631985,0.189562,-1.990328,-1.280619,0.00059,0.000762,107318.951131,55550.308455,1.000077
"theta_zsn_t[0, 329]",-0.688073,0.081897,-0.843581,-0.536732,0.00026,0.000289,99498.387702,62283.884645,1.00003
"theta_zsn_t[0, 330]",-1.509653,0.118318,-1.732491,-1.286313,0.000386,0.000437,94107.077551,59179.568983,1.000115
"theta_zsn_t[0, 331]",-0.059573,0.143543,-0.330646,0.21029,0.000393,0.000556,134305.302215,59953.80776,1.000155
"theta_zsn_t[0, 332]",0.238403,0.155019,-0.045183,0.538931,0.000431,0.000639,130240.047993,57545.971892,1.000107
"theta_zsn_t[0, 333]",0.442132,0.12906,0.196829,0.682583,0.000362,0.000498,126783.279011,60847.395257,1.000144
"theta_zsn_t[0, 334]",0.220091,0.153628,-0.064694,0.513492,0.000428,0.000627,130405.384008,57501.980153,1.000022
"theta_zsn_t[0, 335]",-0.01533,0.331781,-0.65134,0.580696,0.00128,0.001727,78068.117131,49303.744361,1.000119
"theta_zsn_t[0, 336]",-1.396057,0.194169,-1.756004,-1.026871,0.000602,0.000767,105851.289839,59054.043282,1.000019
"theta_zsn_t[0, 337]",-0.218026,0.178755,-0.56725,0.102212,0.000569,0.000725,105030.045297,54969.322135,1.000054
"theta_zsn_t[0, 338]",0.071786,0.264365,-0.441241,0.559782,0.000754,0.00111,124883.931494,56878.549331,1.000076
"theta_zsn_t[0, 339]",-0.057669,0.178737,-0.393073,0.269454,0.00062,0.000802,92798.025598,56177.196538,1.000187
"theta_zsn_t[0, 340]",0.337157,0.090682,0.167508,0.509149,0.000259,0.000349,123025.198964,60619.814747,1.000025
"theta_zsn_t[0, 341]",-0.313411,0.144864,-0.595526,-0.046985,0.000398,0.00056,132593.759306,60877.289532,1.000285
"theta_zsn_t[0, 342]",-0.780568,0.155854,-1.077834,-0.494743,0.000443,0.00061,124679.411912,60371.448742,1.000209
"theta_zsn_t[0, 343]",0.242131,0.519791,-0.790439,1.156352,0.001989,0.002357,76478.064295,50497.026781,1.000028
"theta_zsn_t[0, 344]",0.582159,0.089267,0.416277,0.752182,0.000271,0.000326,108935.10231,62599.580868,1.000098
"theta_zsn_t[0, 345]",0.718805,0.092508,0.547269,0.896118,0.000269,0.000355,118501.547504,60477.958745,1.000128
"theta_zsn_t[0, 346]",0.281594,0.212838,-0.127428,0.658005,0.000718,0.001192,103913.843045,52068.267528,0.999988
"theta_zsn_t[0, 347]",1.305717,0.173503,0.978973,1.63394,0.000552,0.000673,100380.425133,57628.269593,1.000075
"theta_zsn_t[0, 348]",0.771718,0.174665,0.448638,1.106839,0.000516,0.000678,115428.488558,61589.857802,1.000055
"theta_zsn_t[0, 349]",0.796347,0.125454,0.553977,1.027361,0.00036,0.000506,121699.215178,59890.142863,1.000108
"theta_zsn_t[0, 350]",1.094583,0.078139,0.94769,1.241739,0.000274,0.000282,81252.531037,60540.079071,1.000042
"theta_zsn_t[0, 351]",0.240031,0.545424,-0.790522,1.227839,0.00176,0.002431,111882.626306,52349.857344,1.000236
"theta_zsn_t[0, 352]",0.398874,0.537365,-0.636483,1.36217,0.001732,0.002405,109665.464108,53895.744432,1.000006
"theta_zsn_t[0, 353]",0.254325,0.147127,-0.020175,0.531567,0.000467,0.00051,99527.106774,63539.300814,1.000161
"theta_zsn_t[0, 354]",0.395471,0.695102,-0.972293,1.660367,0.002353,0.002674,89593.11791,60968.520351,1.000163
"theta_zsn_t[0, 355]",1.168768,0.329445,0.543861,1.729047,0.001287,0.002106,86536.362148,46880.123083,1.000033
"theta_zsn_t[0, 356]",0.847716,0.084674,0.686222,1.00419,0.000264,0.000306,102818.173171,61303.639739,1.00017
"theta_zsn_t[0, 357]",1.200835,0.083654,1.043115,1.359159,0.000325,0.000283,66486.069729,61084.544905,1.000109
"theta_zsn_t[0, 358]",-1.393248,0.081108,-1.547312,-1.242222,0.000302,0.000278,72319.59094,60219.051134,1.000166
"theta_zsn_t[0, 359]",-1.511086,0.156373,-1.802764,-1.217617,0.000494,0.000548,100949.165714,63701.619712,1.000081
"theta_zsn_t[0, 360]",-1.280559,0.108113,-1.485794,-1.078192,0.000346,0.000415,98817.586755,58396.748948,0.999994
"theta_zsn_t[0, 361]",-0.856765,0.100182,-1.04542,-0.668074,0.000309,0.000383,105547.68837,59286.08784,1.000117
"theta_zsn_t[0, 362]",-0.913763,0.103706,-1.109561,-0.720894,0.000331,0.000384,98572.123606,61001.569813,1.00001
"theta_zsn_t[0, 363]",-1.033088,0.061985,-1.146694,-0.913248,0.000242,0.000214,65530.772578,59926.150765,1.000072
"theta_zsn_t[0, 364]",-0.945162,0.107205,-1.152375,-0.748305,0.000336,0.0004,102643.75403,60560.467294,1.000074
"theta_zsn_t[0, 365]",-0.786686,0.056853,-0.892287,-0.678646,0.000203,0.000199,78225.080852,61939.687894,1.000058
"theta_zsn_t[0, 366]",-0.139635,0.066272,-0.263332,-0.014954,0.000193,0.00024,117397.244291,63520.747168,1.000131
"theta_zsn_t[0, 367]",-0.270665,0.077967,-0.416948,-0.123868,0.000242,0.000277,103794.036081,62988.410626,1.000091
"theta_zsn_t[0, 368]",-0.741625,0.087104,-0.905409,-0.57793,0.000281,0.000313,96283.546952,61914.467463,1.000053
"theta_zsn_t[0, 369]",-0.215625,0.060639,-0.328806,-0.100346,0.000195,0.000222,96767.282489,60963.738974,1.000145
"theta_zsn_t[0, 370]",-0.572906,0.054391,-0.674903,-0.470654,0.000188,0.000182,83558.665397,63870.966175,1.00005
"theta_zsn_t[0, 371]",-0.676281,0.072979,-0.81207,-0.536396,0.000242,0.000273,90977.638323,61197.593975,1.000058
"theta_zsn_t[0, 372]",-0.662343,0.074139,-0.802694,-0.524802,0.000238,0.000268,97274.695896,61010.240568,1.000005
"theta_zsn_t[0, 373]",-0.303081,0.214655,-0.704288,0.107036,0.000709,0.000896,93574.125645,55991.601184,0.999993
"theta_zsn_t[0, 374]",-0.899718,0.074974,-1.044286,-0.762228,0.000254,0.00027,87610.188561,61730.381434,1.000122
"theta_zsn_t[0, 375]",0.622323,0.071107,0.489071,0.756044,0.000299,0.000232,57238.919135,56147.003733,1.000057
"theta_zsn_t[0, 376]",0.823264,0.067531,0.696938,0.951237,0.000216,0.000248,97462.888525,62794.416819,1.000048
"theta_zsn_t[0, 377]",0.62081,0.135414,0.365407,0.874897,0.000385,0.000537,123788.251134,58130.277413,1.000116
"theta_zsn_t[0, 378]",0.675234,0.091665,0.508498,0.852353,0.000277,0.000352,110581.827218,59606.734904,1.000203
"theta_zsn_t[0, 379]",0.047773,0.112018,-0.166818,0.253529,0.000312,0.00044,129221.458977,57861.865357,1.000111
"theta_zsn_t[0, 380]",0.778577,0.502207,-0.177915,1.729499,0.00161,0.00219,99765.940191,56951.775241,1.000131
"theta_zsn_t[0, 381]",0.482324,0.139069,0.222433,0.749753,0.000405,0.000558,118512.771759,61217.073158,1.000106
"theta_zsn_t[0, 382]",0.627,0.20825,0.226239,1.00786,0.000591,0.000841,125544.063259,58610.486566,1.000099
"theta_zsn_t[0, 383]",0.219924,0.108855,0.012052,0.421477,0.000333,0.000408,108014.050499,61752.451435,0.999996
"theta_zsn_t[0, 384]",0.465123,0.087492,0.3046,0.633616,0.000268,0.000316,106610.383449,63271.172041,1.000334
"theta_zsn_t[0, 385]",0.127269,0.211175,-0.278755,0.504457,0.000682,0.001021,110750.85284,51119.926266,1.00003
"theta_zsn_t[0, 386]",0.201184,0.095914,0.018752,0.379604,0.000272,0.000369,124235.572786,62571.366826,1.000112
"theta_zsn_t[0, 387]",-0.080362,0.118037,-0.302511,0.141453,0.000331,0.000458,127542.238032,60702.965806,1.000069
"theta_zsn_t[0, 388]",0.545809,0.496857,-0.381569,1.501766,0.001582,0.002109,100882.63374,58083.211397,1.000137
"theta_zsn_t[0, 389]",-0.071637,0.213578,-0.485401,0.302563,0.000754,0.001066,92403.706209,51620.094783,1.000084
"theta_zsn_t[0, 390]",-0.031621,0.088185,-0.193468,0.137187,0.000262,0.000313,113205.457404,64482.060596,1.000296
"theta_zsn_t[0, 391]",-0.328015,0.119637,-0.560451,-0.111942,0.000331,0.000469,131725.964952,59912.544201,1.000077
"theta_zsn_t[0, 392]",-0.074224,0.093011,-0.247721,0.100963,0.000289,0.000344,103862.37233,62064.860246,1.000086
"theta_zsn_t[0, 393]",-0.652781,0.138246,-0.909578,-0.390246,0.000396,0.000537,123392.924436,59137.298655,1.000245
"theta_zsn_t[0, 394]",1.175555,0.131219,0.934906,1.429819,0.000408,0.000488,103470.865974,63685.650966,1.000068
"theta_zsn_t[0, 395]",0.902622,0.106788,0.701039,1.103246,0.000317,0.000419,114030.391728,59685.56741,1.000147
"theta_zsn_t[0, 396]",0.623518,0.101323,0.4304,0.811787,0.000313,0.00038,104827.689641,62198.96442,1.000081
"theta_zsn_t[0, 397]",0.825507,0.091819,0.651061,0.996774,0.000294,0.000334,97770.547826,61068.174486,1.000128
"theta_zsn_t[0, 398]",0.300321,0.234638,-0.143015,0.739869,0.00064,0.000964,134591.120812,59500.417439,0.99998
"theta_zsn_t[0, 399]",0.581286,0.118236,0.358479,0.803291,0.000339,0.000481,123305.131101,58017.778751,1.000158
"theta_zsn_t[0, 400]",-0.101579,0.105891,-0.300244,0.097221,0.000304,0.000398,121209.862971,61761.269302,1.000135
"theta_zsn_t[0, 401]",0.843958,0.149154,0.560118,1.124424,0.000447,0.000585,111980.048586,61712.407025,1.000103
"theta_zsn_t[0, 402]",0.75449,0.147582,0.482073,1.040279,0.000441,0.0006,112830.11519,59151.830944,1.000402
"theta_zsn_t[0, 403]",0.693609,0.099333,0.508915,0.883954,0.000316,0.000356,99038.429898,62457.551667,1.000083
"theta_zsn_t[0, 404]",0.772405,0.090419,0.600227,0.939961,0.000274,0.000332,108862.312256,63862.596787,0.999994
"theta_zsn_t[0, 405]",0.988397,0.109303,0.785003,1.196839,0.000336,0.000398,106220.221589,62361.81504,1.000067
"theta_zsn_t[0, 406]",0.453722,0.131287,0.212697,0.70555,0.000361,0.000525,133332.261568,57955.677188,1.000096
"theta_zsn_t[0, 407]",0.887055,0.106743,0.68563,1.087347,0.000316,0.000407,114984.882065,60205.528811,1.000083
"theta_zsn_t[0, 408]",0.234806,0.137522,-0.020358,0.496984,0.000412,0.000508,111911.900345,64043.181315,1.000041
"theta_zsn_t[0, 409]",1.096561,0.076414,0.94936,1.236892,0.000251,0.000281,92906.071211,59755.476336,1.000119
"theta_zsn_t[0, 410]",0.856007,0.082228,0.699947,1.009678,0.00032,0.000294,66524.811946,57271.581839,1.000069
"theta_zsn_t[0, 411]",0.429186,0.648755,-0.794003,1.660681,0.001981,0.0027,108812.717415,55909.986582,1.00019
"theta_zsn_t[0, 412]",1.309877,0.104711,1.113353,1.510246,0.000343,0.000412,93421.027604,58240.959267,1.000083
"theta_zsn_t[0, 413]",1.100786,0.076909,0.957007,1.245407,0.000277,0.000253,77707.008976,62812.606824,1.000105
"theta_zsn_t[0, 414]",1.246077,0.192993,0.889551,1.622446,0.000581,0.000795,112048.039111,57878.151233,1.000167
"theta_zsn_t[0, 415]",1.154336,0.078655,1.008868,1.303914,0.000352,0.000253,49959.278158,58246.676058,1.000062
"theta_zsn_t[0, 416]",1.054371,0.129906,0.812019,1.301709,0.000419,0.000463,95939.273251,62445.280195,1.000003
"theta_zsn_t[0, 417]",0.574891,0.161206,0.274094,0.881488,0.000469,0.000633,120228.393401,59127.034314,1.000076
"theta_zsn_t[0, 418]",1.059801,0.191452,0.703213,1.420425,0.000546,0.000733,125943.173602,56817.901708,1.000157
"theta_zsn_t[0, 419]",0.260267,0.135161,0.007039,0.514529,0.000378,0.000525,128636.36542,60148.277047,1.000179
"theta_zsn_t[0, 420]",1.321994,0.061229,1.205756,1.435655,0.000236,0.000204,67173.290744,62047.801633,1.000062
"theta_zsn_t[0, 421]",0.867098,0.253539,0.379062,1.328996,0.000817,0.001133,104488.878756,54245.506667,1.000093
"theta_zsn_t[0, 422]",0.639543,0.144607,0.368004,0.909684,0.000408,0.000566,127868.514996,59106.606833,1.000081
"theta_zsn_t[0, 423]",0.15749,0.221457,-0.273426,0.542471,0.000767,0.001097,98009.458922,51841.272403,1.000086
"theta_zsn_t[0, 424]",-0.267771,0.56071,-1.346488,0.731105,0.001787,0.002323,111735.159074,53975.834684,1.000213
"theta_zsn_t[0, 425]",-0.155115,0.120639,-0.381038,0.070742,0.000346,0.000466,122005.780163,59106.459724,1.000172
"theta_zsn_t[0, 426]",0.746671,0.085582,0.584956,0.906697,0.000248,0.000316,119146.315516,62494.522611,1.000054
"theta_zsn_t[0, 427]",0.534408,0.352121,-0.135817,1.16066,0.001203,0.001757,100986.643238,53079.741498,1.000005
"theta_zsn_t[0, 428]",0.545579,0.100801,0.353749,0.731137,0.000305,0.000373,110127.956672,62447.934903,1.000141
"theta_zsn_t[0, 429]",0.13658,0.1233,-0.093764,0.368308,0.000339,0.000499,132882.572059,58407.045097,1.000157
"theta_zsn_t[0, 430]",-0.345843,0.56352,-1.413663,0.682346,0.001752,0.0022,114660.673278,57397.725083,1.000075
"theta_zsn_t[0, 431]",-0.327984,0.119964,-0.55565,-0.106765,0.000337,0.000462,127578.497827,60428.427982,1.000035
"theta_zsn_t[0, 432]",0.585347,0.192152,0.216294,0.938792,0.000529,0.000728,131622.508047,61541.340575,1.000004
"theta_zsn_t[0, 433]",1.296476,0.131991,1.044888,1.542979,0.00043,0.000482,95037.187662,59539.598133,0.999971
"theta_zsn_t[0, 434]",0.600705,0.260919,0.114595,1.097775,0.000729,0.001099,128861.888907,58516.910933,1.000081
"theta_zsn_t[0, 435]",1.554386,0.102318,1.367772,1.751911,0.000371,0.000386,76975.771547,58300.7621,1.000022
"theta_zsn_t[0, 436]",1.658746,0.099288,1.471998,1.844487,0.000425,0.000314,54745.457742,62803.099636,1.00004
"theta_zsn_t[0, 437]",0.30457,0.102491,0.111168,0.493651,0.000294,0.000385,122895.566848,61171.574541,1.000015
"theta_zsn_t[0, 438]",1.586468,0.22773,1.157793,2.007875,0.000682,0.000904,116668.987276,56998.821605,1.000132
"theta_zsn_t[0, 439]",1.698057,0.245068,1.246208,2.163226,0.000717,0.000951,122033.99736,57299.157551,1.000127
"theta_zsn_t[0, 440]",1.710548,0.100016,1.526073,1.901615,0.000354,0.000366,80395.091652,59136.407418,1.00002
"theta_zsn_t[0, 441]",1.670771,0.138455,1.408768,1.930946,0.000439,0.000505,99744.986212,60877.169142,1.000059
"theta_zsn_t[0, 442]",0.874844,0.145957,0.60087,1.150713,0.000408,0.000563,128301.100236,61048.349638,1.000235
"theta_zsn_t[0, 443]",1.334999,0.151804,1.043517,1.621156,0.000506,0.000589,90615.152934,60177.445408,1.000208
"theta_zsn_t[0, 444]",0.407036,0.132856,0.156938,0.655766,0.000374,0.00049,126284.325841,64324.805404,1.000141
"theta_zsn_t[0, 445]",1.547472,0.070826,1.414411,1.679847,0.000284,0.000233,62239.398216,61838.050867,1.000051
"theta_zsn_t[0, 446]",0.956794,0.28437,0.429238,1.489946,0.000974,0.000933,86253.548085,65745.792786,1.000105
"theta_zsn_t[0, 447]",0.983352,0.210558,0.573009,1.363885,0.000599,0.000777,124129.191471,62765.514952,1.000092
"theta_zsn_t[0, 448]",0.392897,0.121667,0.164696,0.621146,0.000376,0.000432,104840.657264,64877.682668,1.000231
"theta_zsn_t[0, 449]",1.403358,0.080231,1.251657,1.553612,0.000283,0.000289,80604.919948,58236.352877,1.000051
"theta_zsn_t[0, 450]",0.618027,0.185292,0.259791,0.955927,0.000633,0.000697,88446.802593,59400.228196,1.000165
"theta_zsn_t[0, 451]",0.019855,0.147877,-0.253172,0.30241,0.000465,0.000521,101030.782851,61930.74614,0.999978
"theta_zsn_t[0, 452]",1.408191,0.229531,0.967101,1.828628,0.00071,0.000997,111563.121529,56106.618591,1.000163
"theta_zsn_t[0, 453]",2.312952,0.167907,2.005029,2.635464,0.000692,0.000512,59017.771294,65713.982245,1.000039
"theta_zsn_t[0, 454]",1.720065,0.1645,1.410225,2.030358,0.000495,0.000628,110589.795065,61460.892329,1.000056
"theta_zsn_t[0, 455]",1.074917,0.153723,0.777372,1.354623,0.000443,0.000591,120694.245842,59623.572217,1.000094
"theta_zsn_t[0, 456]",1.770878,0.076384,1.626646,1.913887,0.0003,0.000256,64567.519832,61343.715477,0.999997
"theta_zsn_t[0, 457]",1.597925,0.17186,1.26685,1.918291,0.000646,0.000687,72350.745097,53655.935134,1.000017
"theta_zsn_t[0, 458]",0.501325,0.156683,0.214687,0.801581,0.000438,0.000596,128425.113075,62175.71391,1.000056
"theta_zsn_t[0, 459]",1.759282,0.104453,1.567761,1.958902,0.000379,0.000382,76895.480235,55803.504727,1.000116
"theta_zsn_t[0, 460]",1.638967,0.129957,1.393457,1.881845,0.000447,0.000479,84823.906578,60092.248582,1.000095
"theta_zsn_t[0, 461]",1.118833,0.2767,0.588383,1.625078,0.000928,0.000933,90148.295795,63400.049754,1.000105
"theta_zsn_t[0, 462]",1.447288,0.184441,1.095471,1.790827,0.000533,0.000709,119939.147906,61781.951018,1.000187
"theta_zsn_t[0, 463]",0.759452,0.147577,0.490827,1.045373,0.000413,0.00057,128234.609757,58789.56886,1.000127
"theta_zsn_t[0, 464]",1.596958,0.087506,1.431842,1.758887,0.000307,0.000325,81484.391722,56944.65649,1.000075
"theta_zsn_t[0, 465]",1.033802,0.228306,0.614955,1.462767,0.00076,0.00088,94374.566338,58966.848019,1.000008
"theta_zsn_t[0, 466]",0.17177,0.143618,-0.094144,0.445487,0.000397,0.000582,131355.399742,57295.586967,1.000118
"theta_zsn_t[0, 467]",1.584345,0.161965,1.282677,1.892602,0.00049,0.000614,109772.392087,60715.002471,1.000039
"theta_zsn_t[0, 468]",1.985479,0.193446,1.624633,2.352499,0.000643,0.000732,92221.200131,57107.601021,1.000073
"theta_zsn_t[0, 469]",2.039963,0.123738,1.810319,2.27549,0.000478,0.000436,68082.076727,55592.792084,1.000015
"theta_zsn_t[0, 470]",1.84241,0.119487,1.615325,2.066465,0.000428,0.000437,78642.914185,58615.090084,1.000036
"theta_zsn_t[0, 471]",2.147523,0.117348,1.930469,2.369879,0.000467,0.00041,63445.197262,57653.018802,1.000072
"theta_zsn_t[0, 472]",2.077094,0.128234,1.844547,2.325713,0.000478,0.000441,73126.919063,59686.046453,1.000076
"theta_zsn_t[0, 473]",1.725827,0.116975,1.510103,1.950128,0.00041,0.000445,81917.737785,59548.208881,1.000084
"theta_zsn_t[0, 474]",2.030363,0.12875,1.793744,2.27783,0.000475,0.000466,74767.862666,57640.633648,1.000098
"theta_zsn_t[0, 475]",-2.787197,0.241139,-3.254299,-2.347631,0.000747,0.000922,105307.335215,60538.201874,1.000113
"theta_zsn_t[0, 476]",-0.125343,0.095326,-0.302055,0.056539,0.000285,0.000355,112337.899129,60119.269808,1.000205
"theta_zsn_t[0, 477]",0.073553,0.095277,-0.106971,0.252563,0.000278,0.000366,117300.903226,61173.731393,1.000204
"theta_zsn_t[0, 478]",-0.546329,0.481599,-1.457979,0.30632,0.001552,0.001911,111837.725326,55670.757599,1.000071
"theta_zsn_t[0, 479]",-0.094404,0.24212,-0.557274,0.351048,0.000705,0.000997,122097.054787,57876.978835,1.00012
"theta_zsn_t[0, 480]",-0.716415,0.142959,-0.984364,-0.447786,0.000431,0.000516,111304.538123,61937.32043,1.000148
"theta_zsn_t[0, 481]",-0.483471,0.114472,-0.697532,-0.268663,0.000328,0.000428,122224.619021,62815.650992,1.000197
"theta_zsn_t[0, 482]",-0.472997,0.153667,-0.771138,-0.193975,0.000427,0.000617,129803.379602,60414.514179,1.000082
"theta_zsn_t[0, 483]",-0.131869,0.134291,-0.387718,0.11474,0.000378,0.000517,126355.303183,61796.38301,1.000157
"theta_zsn_t[0, 484]",-3.078085,0.268266,-3.579115,-2.578393,0.000949,0.000921,81996.935032,61251.103196,1.000102
"theta_zsn_t[0, 485]",-1.506038,0.179172,-1.842045,-1.169334,0.000542,0.000723,112780.777617,56462.969802,1.000189
"theta_zsn_t[0, 486]",-2.030217,0.215375,-2.440028,-1.634982,0.000667,0.000877,109111.378689,54841.023521,1.000113
"theta_zsn_t[0, 487]",-0.922369,0.205822,-1.30329,-0.527396,0.000581,0.000815,126647.916319,59252.504447,1.000033
"theta_zsn_t[0, 488]",-1.339132,0.172259,-1.66693,-1.020466,0.000523,0.000681,110875.898586,59101.880228,1.000225
"theta_zsn_t[0, 489]",-0.816258,0.082713,-0.968633,-0.657436,0.000271,0.000299,93300.731676,62695.62946,1.000169
"theta_zsn_t[0, 490]",-0.540918,0.084688,-0.701251,-0.382166,0.000252,0.00032,112748.646295,60507.648682,1.000137
"theta_zsn_t[0, 491]",-0.068835,0.082666,-0.224204,0.085088,0.000238,0.000314,120780.979602,61302.078859,1.000083
"theta_zsn_t[0, 492]",0.051203,0.254131,-0.421258,0.529939,0.000734,0.00102,124329.173471,56627.935206,1.000064
"theta_zsn_t[0, 493]",0.116143,0.109961,-0.086689,0.326513,0.000309,0.000426,128574.615887,59576.185078,1.00009
"theta_zsn_t[0, 494]",0.020528,0.111968,-0.186505,0.233895,0.000335,0.000427,113790.163142,61454.936107,1.000089
"theta_zsn_t[0, 495]",0.145792,0.407382,-0.609995,0.945162,0.001367,0.002172,94725.858867,53436.179006,1.000146
"theta_zsn_t[0, 496]",0.135674,0.264117,-0.363097,0.631496,0.000728,0.001083,132577.756406,59611.751584,1.000011
"theta_zsn_t[0, 497]",0.440273,0.075123,0.29925,0.58092,0.000249,0.000267,91829.35815,62441.28232,1.000043
"theta_zsn_t[0, 498]",0.445945,0.253832,-0.020762,0.931183,0.000833,0.001148,99785.459029,54496.964718,1.000044
"theta_zsn_t[0, 499]",0.215518,0.168099,-0.099476,0.536564,0.000518,0.000684,107003.523837,58641.479294,0.999991
"theta_zsn_t[0, 500]",0.48697,0.198712,0.112767,0.860066,0.000561,0.000764,125485.059226,61540.247598,1.00016
"theta_zsn_t[0, 501]",0.746902,0.109961,0.538871,0.951464,0.000334,0.000421,108449.149862,60421.823534,1.00006
"theta_zsn_t[0, 502]",0.377395,0.515151,-0.632697,1.297444,0.002094,0.002417,68168.036302,47193.035609,1.000005
"theta_zsn_t[0, 503]",0.143851,0.121067,-0.082494,0.373835,0.000352,0.000467,118763.982178,59780.521003,1.000056
"theta_zsn_t[0, 504]",-0.247309,0.669125,-1.499067,1.019346,0.001871,0.002813,131663.250768,56385.847435,1.000082
"theta_zsn_t[0, 505]",0.81015,0.094367,0.629416,0.985522,0.000278,0.000353,115600.50451,59778.111312,1.000201
"theta_zsn_t[0, 506]",0.09135,0.209312,-0.303451,0.478897,0.000619,0.000855,120153.923824,57413.31863,1.000017
"theta_zsn_t[0, 507]",0.769759,0.081761,0.617643,0.924763,0.000244,0.000309,112555.004269,62797.484919,1.000055
"theta_zsn_t[0, 508]",-0.546931,0.480768,-1.459987,0.297799,0.001594,0.00197,106211.73554,55493.061709,1.000011
"theta_zsn_t[0, 509]",0.933635,0.194249,0.572852,1.301157,0.000648,0.000635,89790.958253,66584.437556,1.000048
"theta_zsn_t[0, 510]",1.093513,0.072288,0.958166,1.230265,0.000242,0.000263,89381.305775,59573.531515,1.000121
"theta_zsn_t[0, 511]",1.473949,0.186492,1.120142,1.823025,0.000578,0.00074,104096.775683,60825.794649,1.00007
"theta_zsn_t[0, 512]",1.263184,0.131432,1.017214,1.512635,0.000385,0.000488,116838.373055,61545.123469,1.000091
"theta_zsn_t[0, 513]",0.697379,0.293392,0.142884,1.225336,0.001012,0.001341,100161.107502,52722.299557,1.000025
"theta_zsn_t[0, 514]",1.417355,0.216932,1.003865,1.818986,0.000677,0.000962,108438.691049,54859.817796,1.000094
"theta_zsn_t[0, 515]",1.261709,0.078196,1.118196,1.412138,0.000292,0.000275,71766.989936,61884.185725,1.00002
"theta_zsn_t[0, 516]",0.763336,0.385454,0.021139,1.410195,0.001448,0.00202,91168.530954,49348.250566,1.00002
"theta_zsn_t[0, 517]",0.002631,0.160977,-0.306677,0.29647,0.0005,0.000661,109667.196599,56614.879721,1.00005
"theta_zsn_t[0, 518]",0.796842,0.170867,0.47618,1.12072,0.000583,0.000644,87643.804396,60192.011508,1.00004
"theta_zsn_t[0, 519]",0.75488,0.101169,0.56182,0.942112,0.000301,0.000384,113432.076441,61105.857165,1.000215
"theta_zsn_t[0, 520]",-1.045376,0.335161,-1.630437,-0.391826,0.001216,0.001589,87565.68433,52406.902019,1.000062
"theta_zsn_t[0, 521]",-1.849139,0.186327,-2.20225,-1.498879,0.000551,0.000758,114252.346139,58586.900115,1.000104
"theta_zsn_t[0, 522]",-1.935431,0.199291,-2.307198,-1.55535,0.000622,0.00078,102366.478358,60327.151006,1.000015
"theta_zsn_t[0, 523]",0.33365,0.084569,0.175971,0.493405,0.000242,0.000315,122081.577112,62284.786839,1.000066
"theta_zsn_t[0, 524]",0.558127,0.071575,0.425525,0.693979,0.000218,0.000263,107943.599278,61779.160353,0.999971
"theta_zsn_t[0, 525]",0.549547,0.505144,-0.458515,1.436202,0.001961,0.00255,75541.139792,47271.17832,1.000185
"theta_zsn_t[0, 526]",0.841048,0.073742,0.701761,0.979074,0.000233,0.000265,99695.861866,63580.371519,1.000094
"theta_zsn_t[0, 527]",0.068225,0.55501,-1.021134,1.034816,0.001793,0.002379,109943.419672,55208.01097,1.000141
"theta_zsn_t[0, 528]",0.809669,0.080905,0.65468,0.958312,0.000252,0.000292,103200.085945,61963.013833,1.000102
"theta_zsn_t[0, 529]",0.338732,0.695575,-1.050149,1.572401,0.002376,0.002725,88228.151967,59191.059615,1.000067
"theta_zsn_t[0, 530]",1.6805,0.140977,1.419197,1.95042,0.000467,0.00053,92021.198799,60488.893224,1.000144
"theta_zsn_t[0, 531]",1.033451,0.194403,0.668308,1.396085,0.000549,0.000771,130154.401565,54779.587952,1.00003
"theta_zsn_t[0, 532]",0.505465,0.149282,0.224743,0.787978,0.00041,0.000572,132959.395838,60529.265708,1.000232
"theta_zsn_t[0, 533]",1.359081,0.076319,1.215997,1.502319,0.000299,0.000254,64893.702388,61572.466553,1.000059
"theta_zsn_t[0, 534]",-0.421734,0.293717,-0.978082,0.108282,0.001062,0.001214,84540.800854,53096.91749,1.000063
"theta_zsn_t[0, 535]",-0.44838,0.154296,-0.736646,-0.156238,0.000431,0.000626,128612.410075,57415.97247,1.000075
"theta_zsn_t[0, 536]",-0.651577,0.1299,-0.900132,-0.410943,0.000365,0.000524,126618.235299,58753.141171,1.000135
"theta_zsn_t[0, 537]",0.101591,0.225955,-0.335305,0.509148,0.00064,0.000903,129467.755609,55296.858989,1.000078
"theta_zsn_t[0, 538]",0.194709,0.410005,-0.590413,0.952533,0.001512,0.001994,81500.716806,51145.526296,1.000084
"theta_zsn_t[0, 539]",-0.404608,0.561108,-1.49273,0.600495,0.002049,0.002338,80679.954123,55841.809731,0.999996
"theta_zsn_t[0, 540]",0.483485,0.294713,-0.082361,0.993631,0.001038,0.001411,97629.112986,51880.604422,1.00002
"theta_zsn_t[0, 541]",0.472747,0.163554,0.16521,0.777755,0.00046,0.000621,127326.613217,60256.791315,1.000203
"theta_zsn_t[0, 542]",-1.476073,0.111961,-1.691894,-1.269793,0.000365,0.00042,94699.230978,59907.653595,0.999992
"theta_zsn_t[0, 543]",-1.463441,0.114926,-1.681598,-1.249414,0.000376,0.00043,94391.91199,58532.761298,1.000084
"theta_zsn_t[0, 544]",-1.132891,0.067543,-1.258496,-1.005397,0.000247,0.000229,74714.486871,59986.623871,1.00002
"theta_zsn_t[0, 545]",-0.723296,0.063362,-0.843656,-0.605358,0.000216,0.000216,85985.715794,63395.584564,1.000043
"theta_zsn_t[0, 546]",-0.673833,0.088675,-0.842788,-0.509035,0.000265,0.00034,111718.791242,59431.501167,1.000144
"theta_zsn_t[0, 547]",-0.504186,0.182707,-0.847937,-0.161205,0.000504,0.000712,131920.839763,59439.153998,1.0001
"theta_zsn_t[0, 548]",-0.365592,0.0952,-0.541702,-0.183037,0.000272,0.000373,122505.603329,58814.215309,1.000168
"theta_zsn_t[0, 549]",-0.312772,0.150661,-0.594797,-0.026431,0.000416,0.000571,131306.057911,61710.299785,1.000033
"theta_zsn_t[0, 550]",-0.007235,0.137648,-0.26724,0.248262,0.000389,0.000526,125771.886973,61441.094593,1.000121
"theta_zsn_t[0, 551]",-0.120063,0.342605,-0.788858,0.48306,0.001322,0.00168,76360.414153,49220.753179,1.000186
"theta_zsn_t[0, 552]",-1.109961,0.18082,-1.457504,-0.777785,0.000506,0.000718,128130.836997,59486.590523,1.000198
"theta_zsn_t[0, 553]",-0.232826,0.192166,-0.587045,0.137777,0.000532,0.000761,130320.594596,57697.871152,1.000008
"theta_zsn_t[0, 554]",-0.82588,0.106916,-1.030101,-0.628764,0.000317,0.000429,114348.154764,57562.243445,1.000162
"theta_zsn_t[0, 555]",-0.795903,0.095765,-0.979758,-0.619313,0.000288,0.000376,110883.994771,60562.229539,1.000085
"theta_zsn_t[0, 556]",-0.661885,0.129943,-0.898797,-0.410371,0.000371,0.000518,122722.432773,55429.67339,1.000031
"theta_zsn_t[0, 557]",-2.126627,0.184328,-2.473139,-1.779377,0.000566,0.000707,106082.392697,58673.139742,1.000133
"theta_zsn_t[0, 558]",-2.622994,0.20648,-3.016875,-2.243389,0.000659,0.00078,99840.757298,59254.687345,1.000209
"theta_zsn_t[0, 559]",1.034301,0.093993,0.85887,1.212278,0.000321,0.000307,85769.458773,64294.043477,1.000053
"theta_zsn_t[0, 560]",1.361038,0.109551,1.152625,1.565724,0.000352,0.000384,96618.793691,63368.43061,1.000171
"theta_zsn_t[0, 561]",1.050075,0.181055,0.718811,1.397667,0.000614,0.000628,88243.111947,59835.139274,1.000033
"theta_zsn_t[0, 562]",0.660531,0.473741,-0.245585,1.512739,0.001613,0.002133,96957.777253,53815.497217,1.000096
"theta_zsn_t[0, 563]",1.254215,0.237238,0.797315,1.696593,0.000785,0.00108,94915.128109,54069.007086,1.000148
"theta_zsn_t[0, 564]",0.82683,0.288529,0.269347,1.341804,0.001009,0.001359,91747.964597,52587.217798,1.000068
"theta_zsn_t[0, 565]",1.120809,0.122441,0.895356,1.356583,0.000386,0.000461,100694.429123,61044.945833,1.000031
"theta_zsn_t[0, 566]",0.078355,0.24359,-0.379018,0.529779,0.000685,0.000983,129608.566466,58897.751259,1.000089
"theta_zsn_t[0, 567]",0.52215,0.092749,0.344272,0.692422,0.000263,0.000349,124763.979682,61839.158689,1.000148
"theta_zsn_t[0, 568]",-1.198321,0.579985,-2.293158,-0.143556,0.001852,0.002103,103321.914026,60494.080732,1.000067
"theta_zsn_t[0, 569]",-0.549113,0.482966,-1.459985,0.305981,0.001584,0.001968,108597.480422,54623.081601,1.000088
"theta_zsn_t[0, 570]",-0.55114,0.48349,-1.465453,0.309326,0.001604,0.001947,104701.127415,55789.915947,1.000088
"theta_zsn_t[0, 571]",-0.980128,0.450463,-1.822797,-0.149927,0.001444,0.001696,105943.057269,54725.563623,0.999994
"theta_zsn_t[0, 572]",-0.028665,0.121793,-0.260851,0.197046,0.00036,0.000445,114448.849862,63672.947352,1.000083
"theta_zsn_t[0, 573]",0.094508,0.078332,-0.052569,0.241656,0.000221,0.000298,125673.908197,60826.66428,1.000014
"theta_zsn_t[0, 574]",-0.01506,0.118753,-0.235485,0.212216,0.000332,0.000461,128468.101626,60326.495421,1.00012
"theta_zsn_t[0, 575]",0.091569,0.062094,-0.025799,0.207231,0.000193,0.000227,103439.80552,63843.842605,0.99999
"theta_zsn_t[0, 576]",-0.451433,0.138129,-0.713909,-0.194946,0.000399,0.000532,121024.39659,59697.738775,1.000196
"theta_zsn_t[0, 577]",-0.128568,0.117932,-0.349182,0.09374,0.00034,0.000457,122315.85764,59531.480601,1.000151
"theta_zsn_t[0, 578]",-0.293221,0.091318,-0.467077,-0.123342,0.000267,0.000345,117392.927848,60766.288132,1.000101
"theta_zsn_t[0, 579]",-0.183377,0.062396,-0.301993,-0.068031,0.000193,0.000219,104776.05786,65371.400667,0.999972
"theta_zsn_t[0, 580]",-0.12484,0.222132,-0.542563,0.288337,0.00065,0.000897,119004.552996,56207.93919,1.000122
"theta_zsn_t[0, 581]",0.349797,0.09226,0.173951,0.521069,0.000277,0.000338,111982.338785,62315.432684,1.000082
"theta_zsn_t[0, 582]",0.601,0.066873,0.47714,0.727663,0.0002,0.000253,111866.172235,61933.140997,1.000054
"theta_zsn_t[0, 583]",0.279382,0.123108,0.048606,0.510756,0.000344,0.000479,127836.203777,60517.353245,1.000156
"theta_zsn_t[0, 584]",0.535262,0.063553,0.415801,0.654937,0.00021,0.000208,91952.312615,64913.383511,1.000227
"theta_zsn_t[0, 585]",-0.172659,0.16118,-0.481804,0.123595,0.000468,0.000621,119951.873435,59262.799215,1.000054
"theta_zsn_t[0, 586]",0.050782,0.071546,-0.080731,0.188131,0.000206,0.000271,120624.453485,59513.665278,1.000056
"theta_zsn_t[0, 587]",-0.234139,0.115855,-0.453596,-0.01852,0.000328,0.000436,125608.590298,61193.947903,1.000087
"theta_zsn_t[0, 588]",-0.008939,0.057525,-0.116093,0.100364,0.000175,0.000204,107579.542414,63885.115804,1.000039
"theta_zsn_t[0, 589]",0.322537,0.301436,-0.252769,0.887545,0.000994,0.001078,92437.501143,65316.990241,0.999992
"theta_zsn_t[0, 590]",0.762687,0.107401,0.558167,0.962793,0.000315,0.000413,116483.742618,58724.314565,1.000123
"theta_zsn_t[0, 591]",0.685919,0.361912,0.036973,1.385281,0.001193,0.001494,100902.298702,55117.625839,1.000063
"theta_zsn_t[0, 592]",-0.207114,0.18121,-0.55645,0.129494,0.000564,0.000641,104465.911247,62029.57315,1.000085
"theta_zsn_t[0, 593]",0.299229,0.069039,0.172427,0.43248,0.000208,0.000257,110374.526653,62356.010592,1.000082
"theta_zsn_t[0, 594]",0.126496,0.12123,-0.102407,0.351456,0.000328,0.000482,136502.720718,57734.921751,1.000207
"theta_zsn_t[0, 595]",0.227926,0.067691,0.102298,0.356823,0.000213,0.000232,101293.252739,65742.791179,1.000113
"theta_zsn_t[0, 596]",-1.781401,0.142551,-2.053042,-1.519647,0.000465,0.000531,95869.32433,59211.760858,1.000217
"theta_zsn_t[0, 597]",-2.628413,0.235213,-3.085725,-2.197369,0.000712,0.000921,109888.322851,58923.612408,1.000074
"theta_zsn_t[0, 598]",-2.812579,0.243712,-3.272668,-2.35584,0.000742,0.000931,109094.363196,61169.334018,1.000115
"theta_zsn_t[0, 599]",-2.348412,0.22702,-2.771445,-1.915164,0.000665,0.000891,116690.868007,60159.671235,1.000113
"theta_zsn_t[0, 600]",-1.578898,0.231412,-2.016115,-1.144315,0.000666,0.000921,121756.775674,59701.148311,1.000062
"theta_zsn_t[0, 601]",-0.608039,0.094554,-0.782873,-0.427931,0.000283,0.000358,111430.164663,60573.554707,1.000341
"theta_zsn_t[0, 602]",-0.524389,0.096214,-0.70694,-0.345956,0.000277,0.000379,120539.02334,60457.558097,1.000046
"theta_zsn_t[0, 603]",-0.59998,0.106639,-0.802963,-0.401687,0.000312,0.00042,117186.294127,58528.801498,1.000049
"theta_zsn_t[0, 604]",0.132758,0.185033,-0.206967,0.4903,0.000511,0.000733,131070.50443,59310.556112,1.000151
"theta_zsn_t[0, 605]",-0.784092,0.107941,-0.98577,-0.579349,0.000327,0.00043,109955.68976,59038.72967,0.999989
"theta_zsn_t[0, 606]",-0.958849,0.091836,-1.130915,-0.786251,0.000298,0.000337,95469.01022,60674.540896,1.000077
"theta_zsn_t[0, 607]",-0.753442,0.104961,-0.953171,-0.557693,0.000311,0.000409,114110.255556,60572.521273,1.000293
"theta_zsn_t[0, 608]",-0.692811,0.075489,-0.836495,-0.551986,0.000242,0.00028,97751.653816,59047.028853,1.00008
"theta_zsn_t[0, 609]",-1.247328,0.114313,-1.465123,-1.036152,0.000372,0.000432,94473.1721,59887.255522,1.000045
"theta_zsn_t[0, 610]",-1.01148,0.182833,-1.357047,-0.671956,0.000518,0.000729,125614.139025,59044.512658,1.000132
"theta_zsn_t[0, 611]",-1.228954,0.172093,-1.55913,-0.913106,0.000514,0.0007,114201.158159,57236.059495,1.000108
"theta_zsn_t[0, 612]",-0.260404,0.117946,-0.483433,-0.041318,0.000329,0.000451,128304.814485,59601.872751,1.000111
"theta_zsn_t[0, 613]",-0.597076,0.147455,-0.876274,-0.320911,0.000413,0.000583,128377.317415,57042.774068,1.000238
"theta_zsn_t[0, 614]",-0.096227,0.09011,-0.262479,0.077101,0.000262,0.000331,117915.103613,60873.914648,1.000001
"theta_zsn_t[0, 615]",-0.307293,0.122671,-0.538166,-0.07948,0.00034,0.000467,130394.509104,61345.465202,1.000195
"theta_zsn_t[0, 616]",-0.074973,0.114324,-0.291983,0.13776,0.000315,0.000433,132011.770565,62019.052289,1.000133
"theta_zsn_t[0, 617]",-0.57121,0.177697,-0.906243,-0.237405,0.000494,0.000718,129192.077387,57906.810156,1.000025
"theta_zsn_t[0, 618]",-0.576333,0.165605,-0.893142,-0.270307,0.000466,0.000649,126702.837005,58650.60777,1.000134
"theta_zsn_t[0, 619]",-0.841356,0.173976,-1.16636,-0.510938,0.000488,0.000685,127603.548218,59790.55683,1.000152
"theta_zsn_t[0, 620]",-0.550153,0.121814,-0.780987,-0.322444,0.00035,0.000472,121590.212697,60525.065748,1.000084
"theta_zsn_t[0, 621]",-0.740603,0.152702,-1.029523,-0.454709,0.000434,0.000606,125034.021964,60956.821421,1.000092
"theta_zsn_t[0, 622]",-0.235762,0.23668,-0.689008,0.197476,0.000698,0.000965,121050.737346,57577.069314,1.000153
"theta_zsn_t[0, 623]",0.204905,0.087117,0.043283,0.371505,0.000244,0.000332,126974.65937,61158.077154,1.000174
"theta_zsn_t[0, 624]",0.378342,0.156011,0.076446,0.664659,0.000429,0.000608,133233.790512,57935.016827,1.000113
"theta_zsn_t[0, 625]",0.307467,0.156092,0.009069,0.598299,0.00043,0.00061,131720.287834,60056.526687,1.00004
"theta_zsn_t[0, 626]",0.239385,0.115689,0.024371,0.459363,0.000318,0.000454,132879.923989,60562.416525,1.000089
"theta_zsn_t[0, 627]",0.304304,0.139947,0.038016,0.564834,0.000376,0.00056,138494.432179,58875.563546,1.000277
"theta_zsn_t[0, 628]",0.596142,0.100939,0.40599,0.786089,0.000289,0.000386,122004.673385,60716.296632,1.000028
"theta_zsn_t[0, 629]",0.557302,0.116532,0.337896,0.776341,0.000321,0.000458,131731.812959,60901.087044,1.000199
"theta_zsn_t[0, 630]",-0.125878,0.096255,-0.308473,0.053521,0.000294,0.000342,106907.933755,61803.55769,1.000121
"theta_zsn_t[0, 631]",0.286538,0.161501,-0.016325,0.590654,0.000447,0.000653,133106.223604,58667.826716,1.000112
"theta_zsn_t[0, 632]",0.284591,0.097175,0.104332,0.469955,0.000286,0.000363,115276.907166,62487.197701,1.000155
"theta_zsn_t[0, 633]",0.147061,0.208407,-0.249178,0.525758,0.000654,0.000939,114248.336461,54903.289468,1.000005
"theta_zsn_t[0, 634]",0.588632,0.11045,0.380153,0.794313,0.000308,0.000426,128899.819175,60212.112492,1.000053
"theta_zsn_t[0, 635]",0.446493,0.513549,-0.558425,1.36217,0.002041,0.002455,71696.664345,47272.227129,1.000045
"theta_zsn_t[0, 636]",0.347121,0.535557,-0.706039,1.282395,0.001742,0.002295,107879.01371,55208.674958,1.000165
"theta_zsn_t[0, 637]",0.579433,0.103119,0.384266,0.771175,0.000284,0.00039,131986.558911,62104.961496,1.000137
"theta_zsn_t[0, 638]",0.410407,0.111974,0.195468,0.617585,0.00031,0.000434,130958.792088,61838.842942,1.00004
"theta_zsn_t[0, 639]",0.212634,0.078025,0.066559,0.359969,0.000236,0.000285,109464.296365,60991.931147,1.000092
"theta_zsn_t[0, 640]",0.27279,0.105578,0.071689,0.469626,0.000297,0.000417,126556.635562,60512.455374,1.000071
"theta_zsn_t[0, 641]",0.328218,0.098491,0.143738,0.514882,0.000279,0.00038,125082.011136,60732.156693,1.000059
"theta_zsn_t[0, 642]",0.271413,0.195271,-0.097081,0.631977,0.0006,0.000912,115552.77219,54664.518934,1.000039
"theta_zsn_t[0, 643]",0.833508,0.135368,0.579843,1.087796,0.000381,0.000522,127567.617607,59433.550394,1.000065
"theta_zsn_t[0, 644]",0.447983,0.528261,-0.583806,1.374654,0.001696,0.00232,111263.071156,55449.638578,1.000178
"theta_zsn_t[0, 645]",0.650846,0.09328,0.477255,0.827848,0.000271,0.000356,118229.661982,60593.470313,1.000146
"theta_zsn_t[0, 646]",0.441882,0.182011,0.092763,0.773138,0.000556,0.000785,114048.94722,57617.532274,1.000224
"theta_zsn_t[0, 647]",0.411692,0.114609,0.197254,0.628985,0.000322,0.000445,126605.672793,59928.479145,1.000134
"theta_zsn_t[0, 648]",0.31401,0.114336,0.094312,0.524675,0.000318,0.000443,129508.567761,58948.004588,1.000108
"theta_zsn_t[0, 649]",1.086183,0.07884,0.938047,1.234209,0.000253,0.000293,97595.466369,61489.471495,1.000001
"theta_zsn_t[0, 650]",0.771002,0.501248,-0.189137,1.676671,0.001599,0.002236,110613.576309,54461.395768,1.000146
"theta_zsn_t[0, 651]",-0.043686,0.703041,-1.391983,1.249866,0.002356,0.002688,90860.01625,60249.862922,1.000077
"theta_zsn_t[0, 652]",0.622749,0.109832,0.414727,0.826091,0.000317,0.00039,119817.907055,65123.597157,1.000014
"theta_zsn_t[0, 653]",0.492102,0.119897,0.267304,0.72053,0.000325,0.000478,135808.100728,58258.059575,1.000054
"theta_zsn_t[0, 654]",0.433653,0.423954,-0.384345,1.158239,0.001564,0.002092,90153.427228,49495.631031,1.000009
"theta_zsn_t[0, 655]",-0.550182,0.484157,-1.471486,0.305604,0.001596,0.001959,106732.852158,54562.735008,1.000026
"theta_zsn_t[0, 656]",-0.54599,0.48072,-1.457366,0.299535,0.001586,0.00196,107929.565448,54914.084904,1.000125
"theta_zsn_t[0, 657]",-0.395722,0.487652,-1.333894,0.440033,0.001644,0.001984,103113.807872,57047.766233,1.00006
"theta_zsn_t[0, 658]",0.448089,0.247206,-0.022596,0.9084,0.000807,0.001132,100221.009138,54024.401653,1.000069
"theta_zsn_t[0, 659]",1.383828,0.199899,1.001191,1.752822,0.000592,0.000833,116825.952704,57893.761823,1.000033
"theta_zsn_t[0, 660]",1.278829,0.078315,1.129438,1.424023,0.000262,0.000278,89561.712726,61369.66008,0.999989
"theta_zsn_t[0, 661]",0.144667,0.158869,-0.147117,0.450842,0.00044,0.000633,132174.11589,58755.659517,1.000012
"theta_zsn_t[0, 662]",-1.515021,0.190321,-1.870032,-1.154511,0.000564,0.000751,113999.229963,59949.265724,1.000242
"theta_zsn_t[0, 663]",-2.412576,0.203238,-2.797184,-2.034524,0.000647,0.000766,99807.559361,60109.172182,1.000033
"theta_zsn_t[0, 664]",-2.258755,0.201879,-2.639928,-1.88084,0.000634,0.000774,102905.840244,59434.357662,1.000177
"theta_zsn_t[0, 665]",-2.097376,0.221148,-2.520266,-1.687132,0.000648,0.00084,116577.093874,60600.861395,1.000183
"theta_zsn_t[0, 666]",-1.303253,0.128541,-1.548439,-1.063343,0.000458,0.000453,79038.723563,61879.034016,1.000088
"theta_zsn_t[0, 667]",-0.392143,0.317403,-0.994878,0.18148,0.001135,0.0014,87369.147015,53084.823566,1.000056
"theta_zsn_t[0, 668]",-2.060814,0.277223,-2.592987,-1.543974,0.000819,0.001229,116523.495652,57376.089497,1.000116
"theta_zsn_t[0, 669]",-2.411939,0.228504,-2.847926,-1.988,0.000681,0.000907,113211.960106,58343.250727,0.999977
"theta_zsn_t[0, 670]",-2.252428,0.243251,-2.716919,-1.80161,0.001078,0.000942,51712.401971,42146.716319,1.000073
"theta_zsn_t[0, 671]",0.066484,0.217131,-0.346075,0.452442,0.001358,0.000805,24407.916465,34914.508963,1.000047
"theta_zsn_t_zerosum__[0, 0]",-1.947014,0.198638,-2.327337,-1.576465,0.000585,0.000798,115494.627704,59276.396544,1.000159
"theta_zsn_t_zerosum__[0, 1]",-1.700808,0.192205,-2.068793,-1.345522,0.000571,0.000773,113479.06704,59778.086475,1.000114
"theta_zsn_t_zerosum__[0, 2]",-2.037508,0.190067,-2.400772,-1.685271,0.000563,0.000746,114372.449024,58937.059454,1.000222
"theta_zsn_t_zerosum__[0, 3]",-2.355607,0.207393,-2.754111,-1.974,0.000632,0.000836,108857.829384,58400.479627,1.000065
"theta_zsn_t_zerosum__[0, 4]",-1.709318,0.199276,-2.078143,-1.325191,0.000581,0.000816,117659.591321,60031.941181,1.000167
"theta_zsn_t_zerosum__[0, 5]",-2.804715,0.241722,-3.259752,-2.352551,0.000755,0.000947,104107.060352,58273.222058,1.000083
"theta_zsn_t_zerosum__[0, 6]",-1.27548,0.265738,-1.769067,-0.77115,0.000767,0.001136,124208.121964,53923.282006,1.000195
"theta_zsn_t_zerosum__[0, 7]",-2.208254,0.203981,-2.597909,-1.829573,0.000647,0.000786,100172.98119,58619.323856,1.000019
"theta_zsn_t_zerosum__[0, 8]",-0.840577,0.337252,-1.426281,-0.17427,0.001149,0.001518,96435.322089,53048.055305,1.000124
"theta_zsn_t_zerosum__[0, 9]",-1.469138,0.192147,-1.82526,-1.10088,0.000573,0.000792,112968.382824,58169.101358,1.000187
"theta_zsn_t_zerosum__[0, 10]",-0.000745,0.057493,-0.110517,0.105866,0.000186,0.000199,95056.147742,63594.728666,1.000161
"theta_zsn_t_zerosum__[0, 11]",0.186802,0.07907,0.03951,0.337408,0.000233,0.000302,115188.953654,61425.450025,1.000037
"theta_zsn_t_zerosum__[0, 12]",-0.186351,0.115553,-0.404621,0.029346,0.000337,0.000454,119067.825575,60471.552042,1.000022
"theta_zsn_t_zerosum__[0, 13]",-1.091095,0.170444,-1.410832,-0.771953,0.000494,0.000683,121000.261449,58180.850657,1.00017
"theta_zsn_t_zerosum__[0, 14]",-0.364372,0.108327,-0.568015,-0.160782,0.000323,0.000412,112729.142491,62536.704856,1.000114
"theta_zsn_t_zerosum__[0, 15]",-0.276222,0.13755,-0.532916,-0.015593,0.000393,0.000535,122466.454728,60425.361171,1.000141
"theta_zsn_t_zerosum__[0, 16]",-0.565323,0.285623,-1.081416,-0.01247,0.000906,0.001173,107427.459578,54192.277903,1.000102
"theta_zsn_t_zerosum__[0, 17]",-0.424332,0.059396,-0.537988,-0.31539,0.000205,0.000212,83940.79684,61761.34544,1.000127
"theta_zsn_t_zerosum__[0, 18]",-0.241317,0.07903,-0.387957,-0.091695,0.000239,0.000291,109129.319219,61531.302188,1.000034
"theta_zsn_t_zerosum__[0, 19]",-0.016796,0.099265,-0.201205,0.171795,0.000298,0.000361,111195.696098,62725.663324,1.000061
"theta_zsn_t_zerosum__[0, 20]",0.252539,0.173397,-0.073701,0.577709,0.000471,0.000673,135770.650462,60909.995846,1.000037
"theta_zsn_t_zerosum__[0, 21]",0.128303,0.148531,-0.152869,0.405976,0.000409,0.00057,132114.19292,59922.410262,1.000117
"theta_zsn_t_zerosum__[0, 22]",0.298919,0.187292,-0.037193,0.658121,0.000683,0.000845,81796.219371,54564.723708,1.000087
"theta_zsn_t_zerosum__[0, 23]",0.304124,0.112287,0.097996,0.520515,0.000323,0.000416,120855.095946,61409.839171,1.000104
"theta_zsn_t_zerosum__[0, 24]",-0.427066,0.192583,-0.785883,-0.066161,0.000609,0.000781,105668.833565,57201.788048,1.000029
"theta_zsn_t_zerosum__[0, 25]",-1.592239,0.254795,-2.062782,-1.10046,0.000724,0.001033,124780.684019,57686.770689,1.000091
"theta_zsn_t_zerosum__[0, 26]",-1.134311,0.119608,-1.353892,-0.90563,0.000377,0.000466,102557.364772,56497.789993,1.000009
"theta_zsn_t_zerosum__[0, 27]",-1.900662,0.186699,-2.256646,-1.550062,0.000562,0.000734,110279.315495,60801.264291,1.000156
"theta_zsn_t_zerosum__[0, 28]",-0.292524,0.343973,-0.955518,0.309853,0.001195,0.001425,93062.677288,56011.996678,1.000047
"theta_zsn_t_zerosum__[0, 29]",-0.208198,0.277041,-0.732856,0.306065,0.000784,0.001215,129453.369182,55655.895232,1.000141
"theta_zsn_t_zerosum__[0, 30]",0.957838,0.398553,0.188178,1.719389,0.002077,0.003014,45119.653408,32498.138055,1.000187
"theta_zsn_t_zerosum__[0, 31]",0.638444,0.081705,0.48305,0.790019,0.000248,0.000292,108437.213051,64023.792731,1.000063
"theta_zsn_t_zerosum__[0, 32]",0.05215,0.101191,-0.139317,0.24205,0.000306,0.000391,109769.523001,56968.9359,0.99999
"theta_zsn_t_zerosum__[0, 33]",-0.035676,0.159437,-0.331473,0.269449,0.000458,0.000635,121085.649411,60229.639816,1.000012
"theta_zsn_t_zerosum__[0, 34]",-2.072895,0.184433,-2.423722,-1.73087,0.000559,0.000708,109031.90598,61782.666788,1.000025
"theta_zsn_t_zerosum__[0, 35]",-1.595461,0.187277,-1.949545,-1.243663,0.000554,0.000749,114899.936978,59548.552602,1.000095
"theta_zsn_t_zerosum__[0, 36]",-1.409984,0.190782,-1.75945,-1.04058,0.000579,0.000763,110562.293787,56841.296567,1.000062
"theta_zsn_t_zerosum__[0, 37]",-2.446111,0.196223,-2.818652,-2.081088,0.000603,0.000761,106775.760204,59191.573725,1.000261
"theta_zsn_t_zerosum__[0, 38]",-1.77483,0.183036,-2.125817,-1.435705,0.000533,0.000714,118288.831905,60591.862282,1.00001
"theta_zsn_t_zerosum__[0, 39]",-1.718171,0.158234,-2.011801,-1.415389,0.000482,0.00059,107922.454698,60811.559477,1.000107
"theta_zsn_t_zerosum__[0, 40]",-1.595944,0.187016,-1.955557,-1.249192,0.000563,0.000759,111514.462067,57924.503007,1.000131
"theta_zsn_t_zerosum__[0, 41]",-1.586114,0.104954,-1.786793,-1.392746,0.000354,0.000381,88410.27245,57213.63632,1.000019
"theta_zsn_t_zerosum__[0, 42]",-1.093644,0.207728,-1.486501,-0.708994,0.000651,0.000869,106295.097785,53173.60101,1.000037
"theta_zsn_t_zerosum__[0, 43]",-2.188349,0.187063,-2.550636,-1.843823,0.000563,0.000739,110920.885298,59730.278779,1.000083
"theta_zsn_t_zerosum__[0, 44]",-0.191643,0.321406,-0.766861,0.424818,0.001021,0.001357,109825.358408,53697.042256,1.000063
"theta_zsn_t_zerosum__[0, 45]",-0.71307,0.04397,-0.796466,-0.630969,0.000184,0.00014,57197.568326,60485.570799,1.000068
"theta_zsn_t_zerosum__[0, 46]",-0.842846,0.060001,-0.952435,-0.726603,0.000224,0.000207,71985.341616,61158.268022,1.000056
"theta_zsn_t_zerosum__[0, 47]",-1.398802,0.070463,-1.530219,-1.265799,0.000291,0.000231,58783.311864,60426.028744,1.000012
"theta_zsn_t_zerosum__[0, 48]",-0.851432,0.108369,-1.056878,-0.649171,0.00032,0.000419,115380.318777,57569.779188,1.000102
"theta_zsn_t_zerosum__[0, 49]",-1.525967,0.244855,-1.985464,-1.066579,0.000723,0.000954,115356.952172,59983.683827,1.000072
"theta_zsn_t_zerosum__[0, 50]",-1.600945,0.177991,-1.931478,-1.262086,0.000556,0.000684,105610.50884,59507.42748,1.000221
"theta_zsn_t_zerosum__[0, 51]",-0.88596,0.098454,-1.068628,-0.6975,0.000305,0.000374,104710.995947,63140.918702,1.000134
"theta_zsn_t_zerosum__[0, 52]",-0.764032,0.084785,-0.928917,-0.609601,0.000264,0.000318,103211.852229,59781.432563,1.000092
"theta_zsn_t_zerosum__[0, 53]",-0.336989,0.055643,-0.442989,-0.233359,0.000186,0.00019,89941.359169,64415.284601,1.000034
"theta_zsn_t_zerosum__[0, 54]",-0.714686,0.064319,-0.833677,-0.591913,0.000229,0.000217,78869.032673,63037.944156,1.000031
"theta_zsn_t_zerosum__[0, 55]",-1.102444,0.068202,-1.229737,-0.974069,0.000261,0.000226,68400.559792,62181.637319,1.000105
"theta_zsn_t_zerosum__[0, 56]",-1.484409,0.085012,-1.641573,-1.322727,0.00032,0.000296,70760.036946,56996.619947,1.000123
"theta_zsn_t_zerosum__[0, 57]",0.163877,0.149548,-0.121689,0.435509,0.00061,0.000537,62519.615935,55559.599785,0.999984
"theta_zsn_t_zerosum__[0, 58]",0.252958,0.133299,-0.00035,0.495024,0.000461,0.000495,86590.435102,60657.164344,1.000134
"theta_zsn_t_zerosum__[0, 59]",0.520965,0.096999,0.33761,0.702085,0.000283,0.000352,117539.806841,63369.911977,1.000005
"theta_zsn_t_zerosum__[0, 60]",0.087405,0.143366,-0.181697,0.356958,0.0004,0.000575,129635.293493,59198.617016,1.000096
"theta_zsn_t_zerosum__[0, 61]",-0.49624,0.7179,-1.866493,0.834768,0.002378,0.002671,92218.180171,60484.064764,1.000055
"theta_zsn_t_zerosum__[0, 62]",-2.831331,0.207698,-3.227247,-2.451111,0.00077,0.000698,73899.971472,61249.346443,1.000009
"theta_zsn_t_zerosum__[0, 63]",-1.624771,0.202312,-2.002695,-1.237888,0.000612,0.00082,110879.327728,57178.962069,1.00007
"theta_zsn_t_zerosum__[0, 64]",-1.776328,0.135281,-2.031645,-1.526644,0.000447,0.000519,93236.283401,59313.021529,1.000186
"theta_zsn_t_zerosum__[0, 65]",-1.406002,0.190132,-1.765754,-1.051079,0.000571,0.000763,112896.353985,59375.197195,1.000107
"theta_zsn_t_zerosum__[0, 66]",-1.321215,0.114334,-1.537479,-1.108808,0.000383,0.000431,90663.295686,57521.185677,1.000069
"theta_zsn_t_zerosum__[0, 67]",-1.125686,0.093866,-1.303467,-0.951705,0.000314,0.000353,89896.721036,59467.067216,0.999998
"theta_zsn_t_zerosum__[0, 68]",-1.617875,0.084941,-1.777158,-1.458195,0.000347,0.000273,59987.585919,58952.414551,1.000087
"theta_zsn_t_zerosum__[0, 69]",-0.984134,0.214503,-1.377842,-0.573807,0.000693,0.000923,101394.533682,52757.464667,1.000154
"theta_zsn_t_zerosum__[0, 70]",-1.670003,0.186104,-2.020143,-1.318141,0.000546,0.000761,116622.063143,58432.128555,1.000126
"theta_zsn_t_zerosum__[0, 71]",-0.805621,0.577777,-1.851818,0.285627,0.001965,0.002422,97376.241854,55044.480884,1.000045
"theta_zsn_t_zerosum__[0, 72]",-1.06753,0.544004,-2.03635,-0.015943,0.001839,0.002416,98452.092659,53450.268219,1.000108
"theta_zsn_t_zerosum__[0, 73]",-1.36764,0.506553,-2.294031,-0.41094,0.001641,0.00233,105058.545499,55721.81807,1.000042
"theta_zsn_t_zerosum__[0, 74]",-1.174862,0.207191,-1.563208,-0.785577,0.000672,0.000838,99933.718079,56250.00857,1.000385
"theta_zsn_t_zerosum__[0, 75]",-1.875941,0.183751,-2.221883,-1.530653,0.000543,0.000735,114819.015457,59897.882024,1.000101
"theta_zsn_t_zerosum__[0, 76]",-1.18575,0.108209,-1.390243,-0.983368,0.000349,0.000416,96988.583974,56274.172561,1.00022
"theta_zsn_t_zerosum__[0, 77]",-1.148636,0.221881,-1.571897,-0.738951,0.000636,0.000852,122737.722488,60190.797752,1.000047
"theta_zsn_t_zerosum__[0, 78]",-0.793218,0.265694,-1.282869,-0.28763,0.00081,0.001079,113880.417844,56741.857946,1.000195
"theta_zsn_t_zerosum__[0, 79]",-0.260102,0.129809,-0.508307,-0.02141,0.000387,0.000497,112522.388991,59704.815507,1.000036
"theta_zsn_t_zerosum__[0, 80]",0.239268,0.573433,-0.839778,1.322596,0.001736,0.00231,111987.226832,58052.413334,1.000002
"theta_zsn_t_zerosum__[0, 81]",-1.225426,0.202492,-1.602342,-0.842294,0.000623,0.000809,109856.716168,58617.704589,1.000151
"theta_zsn_t_zerosum__[0, 82]",-1.347276,0.209321,-1.737017,-0.949796,0.000608,0.000886,121262.270235,57237.046813,1.000211
"theta_zsn_t_zerosum__[0, 83]",-2.512119,0.213401,-2.905942,-2.105078,0.000707,0.000786,92238.805946,59135.512172,1.0001
"theta_zsn_t_zerosum__[0, 84]",-1.787482,0.19425,-2.156943,-1.424726,0.000586,0.000766,109684.641024,59164.890599,1.000126
"theta_zsn_t_zerosum__[0, 85]",-0.25007,0.308972,-0.816138,0.332818,0.000973,0.001283,110558.132237,54937.399191,1.000018
"theta_zsn_t_zerosum__[0, 86]",-2.204687,0.200138,-2.576462,-1.823405,0.000624,0.000767,104507.976559,58213.01517,1.000061
"theta_zsn_t_zerosum__[0, 87]",-1.67957,0.193443,-2.048006,-1.321288,0.000596,0.000715,105461.821964,61960.559644,1.000016
"theta_zsn_t_zerosum__[0, 88]",-0.871425,0.215525,-1.27368,-0.465516,0.000657,0.000866,112797.918198,57454.849887,1.000202
"theta_zsn_t_zerosum__[0, 89]",-0.703598,0.229866,-1.138902,-0.277387,0.000718,0.000966,109323.442027,55091.070348,1.000012
"theta_zsn_t_zerosum__[0, 90]",-0.644245,0.206308,-1.032016,-0.255786,0.000596,0.00084,120018.188172,60050.370814,1.000003
"theta_zsn_t_zerosum__[0, 91]",-1.193809,0.309421,-1.75653,-0.597318,0.001,0.001388,101021.142851,56291.115867,1.000113
"theta_zsn_t_zerosum__[0, 92]",-1.131178,0.205007,-1.501175,-0.72847,0.000616,0.000824,113350.927361,56460.554819,1.000099
"theta_zsn_t_zerosum__[0, 93]",-0.050268,0.11174,-0.263154,0.157569,0.000316,0.000418,125251.069893,63202.872938,1.000117
"theta_zsn_t_zerosum__[0, 94]",0.14195,0.085736,-0.018916,0.304149,0.000247,0.00032,120270.776879,62503.847133,1.000128
"theta_zsn_t_zerosum__[0, 95]",-0.341325,0.111423,-0.553883,-0.134957,0.000318,0.00042,121846.303472,60585.636963,0.999982
"theta_zsn_t_zerosum__[0, 96]",-0.619702,0.151498,-0.90731,-0.336813,0.000427,0.000602,126496.255591,59923.659221,1.00017
"theta_zsn_t_zerosum__[0, 97]",-0.207887,0.104831,-0.404689,-0.009043,0.000299,0.000413,123392.067902,59400.918322,1.000072
"theta_zsn_t_zerosum__[0, 98]",-0.553306,0.147731,-0.831912,-0.275867,0.000413,0.000587,128810.288772,59863.434462,1.000091
"theta_zsn_t_zerosum__[0, 99]",0.10023,0.139823,-0.165164,0.360624,0.000421,0.000587,114477.084167,56610.74155,1.000082
"theta_zsn_t_zerosum__[0, 100]",-2.747213,0.238945,-3.194746,-2.298122,0.000751,0.000895,102122.826063,60914.86504,1.000172
"theta_zsn_t_zerosum__[0, 101]",-1.092962,0.209065,-1.475889,-0.695235,0.000653,0.0009,107785.246602,54386.233894,1.0001
"theta_zsn_t_zerosum__[0, 102]",-1.003604,0.119339,-1.228932,-0.779091,0.000364,0.000479,108907.84113,58084.123978,1.000026
"theta_zsn_t_zerosum__[0, 103]",-1.164816,0.131455,-1.413427,-0.921815,0.000423,0.000549,101687.673707,54751.718404,1.000144
"theta_zsn_t_zerosum__[0, 104]",-0.977694,0.239912,-1.415365,-0.524219,0.000782,0.001048,101990.559152,55137.510913,1.000028
"theta_zsn_t_zerosum__[0, 105]",-1.545295,0.117836,-1.763929,-1.320854,0.000442,0.000442,71986.421177,56986.774787,1.000116
"theta_zsn_t_zerosum__[0, 106]",-1.688138,0.188032,-2.047063,-1.340916,0.000572,0.000738,108497.015075,60854.568508,1.000174
"theta_zsn_t_zerosum__[0, 107]",-1.580083,0.202411,-1.956777,-1.191355,0.000596,0.00083,116611.428689,58816.451757,1.000075
"theta_zsn_t_zerosum__[0, 108]",-1.338406,0.242691,-1.783067,-0.869739,0.000721,0.001015,116288.693239,55779.145402,1.000088
"theta_zsn_t_zerosum__[0, 109]",-0.957982,0.076404,-1.103364,-0.816329,0.000263,0.000273,84359.324252,60376.574421,1.000046
"theta_zsn_t_zerosum__[0, 110]",-1.366648,0.088394,-1.537225,-1.20492,0.00033,0.000286,72123.911612,61858.945396,1.000093
"theta_zsn_t_zerosum__[0, 111]",-0.774299,0.072463,-0.914565,-0.642598,0.000245,0.000255,87368.503855,62718.585324,1.0
"theta_zsn_t_zerosum__[0, 112]",-0.840544,0.158336,-1.145743,-0.550583,0.000464,0.000616,118177.858413,59740.669719,1.000119
"theta_zsn_t_zerosum__[0, 113]",-1.302508,0.165574,-1.617267,-0.996996,0.00048,0.000632,119014.144091,60450.348855,1.000279
"theta_zsn_t_zerosum__[0, 114]",-1.265351,0.144743,-1.537062,-0.992427,0.000434,0.000548,111390.703845,60580.921272,1.000096
"theta_zsn_t_zerosum__[0, 115]",-1.949043,0.187039,-2.301885,-1.597625,0.00055,0.000743,115581.054866,61493.089414,1.000132
"theta_zsn_t_zerosum__[0, 116]",-0.719564,0.312683,-1.302022,-0.131506,0.000942,0.001361,120487.040597,55157.92708,1.000086
"theta_zsn_t_zerosum__[0, 117]",-1.189767,0.097652,-1.374546,-1.007477,0.000329,0.000372,88495.645278,57974.525561,1.000167
"theta_zsn_t_zerosum__[0, 118]",-1.203766,0.115282,-1.415571,-0.983914,0.00036,0.000433,103024.784129,59461.811913,1.000174
"theta_zsn_t_zerosum__[0, 119]",-0.79391,0.082391,-0.95091,-0.640471,0.000271,0.000308,93026.719222,59380.133269,1.000183
"theta_zsn_t_zerosum__[0, 120]",-0.485292,0.058062,-0.592261,-0.374152,0.000205,0.000194,80225.834517,62930.67763,1.00017
"theta_zsn_t_zerosum__[0, 121]",-0.364497,0.060304,-0.475077,-0.248789,0.000213,0.000205,79957.096022,61311.894153,1.000018
"theta_zsn_t_zerosum__[0, 122]",-0.21018,0.057543,-0.317795,-0.101751,0.0002,0.00019,82633.335654,65408.299656,1.000033
"theta_zsn_t_zerosum__[0, 123]",0.120276,0.072809,-0.016667,0.257457,0.000232,0.000259,98519.476169,63058.378637,1.000089
"theta_zsn_t_zerosum__[0, 124]",0.024935,0.710633,-1.322594,1.373828,0.002145,0.002835,110655.610174,59700.432201,1.000023
"theta_zsn_t_zerosum__[0, 125]",0.144225,0.120839,-0.078117,0.375029,0.000342,0.00048,127498.268111,54945.61462,1.000163
"theta_zsn_t_zerosum__[0, 126]",0.190211,0.142766,-0.073022,0.461289,0.000417,0.00058,123851.574414,58005.989398,1.000023
"theta_zsn_t_zerosum__[0, 127]",-0.087118,0.397611,-0.835541,0.692455,0.001326,0.002033,93421.938371,54447.132593,1.000018
"theta_zsn_t_zerosum__[0, 128]",0.125356,0.157849,-0.172003,0.420416,0.000477,0.000628,110925.72655,60987.78977,1.000164
"theta_zsn_t_zerosum__[0, 129]",-1.22387,0.067647,-1.351854,-1.097768,0.000264,0.000225,65705.017049,62730.846109,1.000095
"theta_zsn_t_zerosum__[0, 130]",-0.72938,0.053868,-0.832878,-0.629932,0.000201,0.000179,71659.065704,63341.640438,1.000155
"theta_zsn_t_zerosum__[0, 131]",-1.102362,0.065292,-1.224678,-0.979082,0.000247,0.000225,69937.090244,62357.164267,1.000124
"theta_zsn_t_zerosum__[0, 132]",1.94112,0.169204,1.629636,2.26806,0.000684,0.000584,61198.494965,57235.421615,1.000022
"theta_zsn_t_zerosum__[0, 133]",1.758117,0.224958,1.337737,2.188843,0.00069,0.000905,106800.973759,60859.502685,1.000142
"theta_zsn_t_zerosum__[0, 134]",1.827825,0.147199,1.550381,2.104322,0.00048,0.000544,94257.001885,59955.460228,1.000089
"theta_zsn_t_zerosum__[0, 135]",1.649862,0.241609,1.194392,2.096428,0.00079,0.001146,103481.169315,51620.260444,1.000017
"theta_zsn_t_zerosum__[0, 136]",2.034701,0.104537,1.840521,2.232693,0.000433,0.000348,58423.86891,58966.234166,1.000051
"theta_zsn_t_zerosum__[0, 137]",1.756984,0.19798,1.387388,2.13197,0.000618,0.000835,104726.811399,55925.356421,1.000088
"theta_zsn_t_zerosum__[0, 138]",1.710944,0.143207,1.439811,1.979204,0.000496,0.000476,83330.517885,62617.58537,1.000033
"theta_zsn_t_zerosum__[0, 139]",1.679313,0.152257,1.395146,1.968753,0.000563,0.000545,73482.993117,61029.58079,1.000059
"theta_zsn_t_zerosum__[0, 140]",0.857134,0.186405,0.518897,1.218218,0.000565,0.000687,110926.154378,61414.994012,1.000118
"theta_zsn_t_zerosum__[0, 141]",1.853402,0.087404,1.692249,2.02107,0.00035,0.0003,62511.527109,59540.705036,1.000123
"theta_zsn_t_zerosum__[0, 142]",1.382559,0.442599,0.540622,2.222318,0.001399,0.002103,102509.131302,55526.019082,1.00008
"theta_zsn_t_zerosum__[0, 143]",1.651362,0.223956,1.226062,2.07859,0.000734,0.000954,95467.11229,56380.316408,1.000151
"theta_zsn_t_zerosum__[0, 144]",-0.036686,0.088843,-0.203708,0.130393,0.000298,0.000306,88617.678073,62121.787153,1.000065
"theta_zsn_t_zerosum__[0, 145]",0.184309,0.262411,-0.301633,0.68684,0.000722,0.00109,133052.047658,57736.645352,0.999981
"theta_zsn_t_zerosum__[0, 146]",-0.086251,0.362103,-0.780543,0.597647,0.001128,0.001477,105305.779066,56129.58351,1.000116
"theta_zsn_t_zerosum__[0, 147]",0.147357,0.123067,-0.083757,0.376769,0.000346,0.000483,129379.324396,60849.544777,1.000126
"theta_zsn_t_zerosum__[0, 148]",0.208172,0.71161,-1.157751,1.53786,0.002203,0.002897,105573.644401,61128.550955,1.000007
"theta_zsn_t_zerosum__[0, 149]",0.085506,0.500908,-0.860349,1.040934,0.001601,0.002209,100253.776635,54839.720326,1.000091
"theta_zsn_t_zerosum__[0, 150]",-0.883352,0.217134,-1.274323,-0.462169,0.000673,0.000893,109654.818199,57034.374277,1.000091
"theta_zsn_t_zerosum__[0, 151]",-1.044265,0.148764,-1.323559,-0.764591,0.000425,0.000582,123118.758553,60917.342306,1.000177
"theta_zsn_t_zerosum__[0, 152]",2.31283,0.215729,1.917807,2.727094,0.000775,0.000791,78830.909759,58305.294797,1.000061
"theta_zsn_t_zerosum__[0, 153]",2.143578,0.186593,1.800543,2.49717,0.000688,0.000669,75882.154693,58748.507178,1.000054
"theta_zsn_t_zerosum__[0, 154]",1.641603,0.131928,1.400841,1.891347,0.00055,0.000473,59411.56086,57456.313735,1.000053
"theta_zsn_t_zerosum__[0, 155]",0.274275,0.067719,0.147179,0.402139,0.000206,0.00025,107972.852925,62600.955319,1.000116
"theta_zsn_t_zerosum__[0, 156]",0.363306,0.121777,0.128963,0.586725,0.000347,0.000474,123609.039227,59971.033996,1.000136
"theta_zsn_t_zerosum__[0, 157]",0.54073,0.521334,-0.458759,1.478895,0.001672,0.002405,111612.209057,51109.581058,1.000149
"theta_zsn_t_zerosum__[0, 158]",0.265839,0.171317,-0.052372,0.590582,0.000484,0.000713,130139.393852,54936.586765,1.000053
"theta_zsn_t_zerosum__[0, 159]",0.028903,0.202735,-0.357438,0.39435,0.000657,0.000906,108794.659772,55866.669444,1.000037
"theta_zsn_t_zerosum__[0, 160]",0.52446,0.154759,0.228267,0.812312,0.000452,0.000608,117982.124774,59663.341178,1.000008
"theta_zsn_t_zerosum__[0, 161]",0.203579,0.061624,0.087697,0.318997,0.000195,0.000218,99732.11207,63232.435931,1.000144
"theta_zsn_t_zerosum__[0, 162]",0.276995,0.118172,0.056269,0.501033,0.000338,0.000459,122494.105307,60388.151131,1.000038
"theta_zsn_t_zerosum__[0, 163]",0.220954,0.30659,-0.336656,0.81751,0.000931,0.001558,118262.908675,52029.001493,1.000165
"theta_zsn_t_zerosum__[0, 164]",0.334372,0.712197,-1.048675,1.643425,0.002216,0.002831,104720.42619,57574.36096,1.000022
"theta_zsn_t_zerosum__[0, 165]",0.392353,0.277955,-0.104876,0.932722,0.000923,0.00138,101820.459955,51903.101129,1.000069
"theta_zsn_t_zerosum__[0, 166]",0.414977,0.157361,0.113081,0.706583,0.000467,0.000631,114810.967949,58722.516787,1.000079
"theta_zsn_t_zerosum__[0, 167]",0.806499,0.06427,0.683238,0.924838,0.000226,0.000218,80858.099288,64148.725622,1.000014
"theta_zsn_t_zerosum__[0, 168]",0.767983,0.167283,0.448804,1.084366,0.000521,0.000709,104578.742969,58181.100951,1.00017
"theta_zsn_t_zerosum__[0, 169]",0.813722,0.140046,0.551145,1.076432,0.000411,0.000524,117405.020198,59853.379888,1.00014
"theta_zsn_t_zerosum__[0, 170]",0.571495,0.100324,0.381041,0.758052,0.000286,0.000389,123599.363125,60339.420036,1.00011
"theta_zsn_t_zerosum__[0, 171]",0.588972,0.516549,-0.371221,1.544304,0.001687,0.002354,108414.756913,51881.358987,1.000201
"theta_zsn_t_zerosum__[0, 172]",0.474622,0.351902,-0.182301,1.148599,0.001084,0.001431,106521.471631,61351.145047,1.000027
"theta_zsn_t_zerosum__[0, 173]",0.983929,0.177035,0.652109,1.319939,0.000514,0.000687,119165.044294,58149.779363,1.000063
"theta_zsn_t_zerosum__[0, 174]",0.993209,0.725511,-0.366117,2.380845,0.002354,0.002804,97034.292007,57693.828623,1.000084
"theta_zsn_t_zerosum__[0, 175]",0.799596,0.146325,0.522058,1.073184,0.000464,0.000574,99942.969354,59964.591464,1.000099
"theta_zsn_t_zerosum__[0, 176]",1.146169,0.064415,1.022191,1.26435,0.000258,0.0002,62208.201817,61539.794247,1.000085
"theta_zsn_t_zerosum__[0, 177]",0.179471,0.516151,-0.81811,1.085112,0.0017,0.002206,108024.907252,53627.147557,1.000157
"theta_zsn_t_zerosum__[0, 178]",0.901862,0.181632,0.565969,1.248698,0.000514,0.000744,129541.885004,54926.357507,1.00029
"theta_zsn_t_zerosum__[0, 179]",0.78891,0.167634,0.47496,1.102486,0.000489,0.000667,120743.893424,57218.312564,1.000019
"theta_zsn_t_zerosum__[0, 180]",1.38113,0.132209,1.13678,1.635968,0.000416,0.000497,100792.301896,61451.579314,1.000211
"theta_zsn_t_zerosum__[0, 181]",0.142064,0.4492,-0.709487,0.957039,0.001566,0.001827,89222.40355,54368.880761,1.000049
"theta_zsn_t_zerosum__[0, 182]",1.060506,0.067602,0.933718,1.187627,0.000233,0.000242,84247.865197,61992.11577,1.000113
"theta_zsn_t_zerosum__[0, 183]",0.941429,0.725433,-0.432693,2.308322,0.002361,0.002842,96687.846686,58284.871,1.000123
"theta_zsn_t_zerosum__[0, 184]",0.79567,0.150662,0.515789,1.085211,0.000453,0.00058,110924.345295,62333.70627,1.000191
"theta_zsn_t_zerosum__[0, 185]",1.139666,0.086296,0.97815,1.302506,0.000386,0.000251,50057.371,61120.939969,1.000092
"theta_zsn_t_zerosum__[0, 186]",1.458565,0.171266,1.130774,1.780026,0.000549,0.000665,97668.737785,60631.601094,1.000006
"theta_zsn_t_zerosum__[0, 187]",0.480266,0.497134,-0.489064,1.343178,0.001627,0.002334,110843.14548,52783.471845,1.000119
"theta_zsn_t_zerosum__[0, 188]",1.172953,0.07156,1.03981,1.308973,0.000254,0.000255,79115.122267,60804.744147,1.000098
"theta_zsn_t_zerosum__[0, 189]",1.142281,0.177072,0.809543,1.474952,0.000551,0.000663,103454.575499,60028.227758,1.000073
"theta_zsn_t_zerosum__[0, 190]",1.507705,0.123352,1.279211,1.744781,0.000442,0.000432,77744.107452,61945.94147,1.000111
"theta_zsn_t_zerosum__[0, 191]",1.476549,0.165434,1.153128,1.78457,0.000596,0.000664,77337.407237,58932.276895,1.000055
"theta_zsn_t_zerosum__[0, 192]",0.984163,0.169465,0.670696,1.30482,0.000485,0.000658,123781.292907,61696.509725,1.000146
"theta_zsn_t_zerosum__[0, 193]",1.479862,0.073437,1.339531,1.615949,0.000281,0.000259,68206.501537,59355.230551,1.000033
"theta_zsn_t_zerosum__[0, 194]",1.164561,0.227492,0.742235,1.602922,0.000644,0.000922,126929.887,59222.612214,1.000127
"theta_zsn_t_zerosum__[0, 195]",0.80296,0.135129,0.545806,1.056384,0.000399,0.000523,115115.14126,59992.163313,1.000192
"theta_zsn_t_zerosum__[0, 196]",1.543918,0.173492,1.211176,1.866413,0.000548,0.000645,100226.795609,62921.961898,1.000121
"theta_zsn_t_zerosum__[0, 197]",1.468512,0.148819,1.192223,1.750957,0.000496,0.000536,90197.808874,59444.239934,1.000073
"theta_zsn_t_zerosum__[0, 198]",1.852439,0.142547,1.581079,2.118344,0.000479,0.000532,88862.475004,61371.383505,1.000052
"theta_zsn_t_zerosum__[0, 199]",1.260537,0.17337,0.938528,1.586162,0.000608,0.000583,81906.178034,58931.840932,1.000061
"theta_zsn_t_zerosum__[0, 200]",1.815525,0.084475,1.659883,1.977445,0.000351,0.000283,57863.580141,59631.677916,1.000045
"theta_zsn_t_zerosum__[0, 201]",1.694249,0.162346,1.382463,1.995658,0.000511,0.000637,101370.015994,60995.699988,1.000041
"theta_zsn_t_zerosum__[0, 202]",1.871594,0.13406,1.618875,2.124517,0.000462,0.000489,84329.808033,61173.930771,1.000094
"theta_zsn_t_zerosum__[0, 203]",-0.015156,0.06608,-0.135353,0.114269,0.000205,0.000236,103634.683278,63948.572792,1.000117
"theta_zsn_t_zerosum__[0, 204]",0.231036,0.117812,0.003265,0.447443,0.000329,0.00046,128970.191657,58355.092517,1.000076
"theta_zsn_t_zerosum__[0, 205]",0.312598,0.715631,-1.06077,1.643073,0.002215,0.002898,105577.476515,60748.746608,1.000094
"theta_zsn_t_zerosum__[0, 206]",0.263671,0.140272,0.00492,0.530899,0.000409,0.000569,121408.061206,57928.270021,1.000074
"theta_zsn_t_zerosum__[0, 207]",0.294834,0.170594,-0.021353,0.619558,0.00048,0.000685,131104.460265,59650.102554,1.000184
"theta_zsn_t_zerosum__[0, 208]",0.438923,0.498248,-0.511777,1.384073,0.0016,0.002149,99386.230073,56091.52876,1.000169
"theta_zsn_t_zerosum__[0, 209]",0.452739,0.060451,0.339472,0.566215,0.000254,0.00019,56696.720604,62284.615157,1.000111
"theta_zsn_t_zerosum__[0, 210]",0.413336,0.123561,0.185364,0.649529,0.000347,0.000478,127134.06294,60440.592657,1.000079
"theta_zsn_t_zerosum__[0, 211]",0.88647,0.720054,-0.536145,2.195051,0.002291,0.002856,100779.756985,57401.184182,1.0001
"theta_zsn_t_zerosum__[0, 212]",0.382028,0.09855,0.198904,0.570487,0.00028,0.00038,123855.884973,62288.924988,1.000054
"theta_zsn_t_zerosum__[0, 213]",0.34582,0.536165,-0.678288,1.310825,0.001753,0.002339,106194.850202,53006.169965,1.000149
"theta_zsn_t_zerosum__[0, 214]",0.486256,0.178301,0.158119,0.826179,0.000506,0.000737,129854.861436,57597.64545,1.000163
"theta_zsn_t_zerosum__[0, 215]",0.400675,0.716936,-0.958216,1.757638,0.002236,0.002809,104188.515793,60789.317243,1.000055
"theta_zsn_t_zerosum__[0, 216]",0.42035,0.143821,0.148688,0.691116,0.000431,0.000557,112632.70959,61283.750804,1.00007
"theta_zsn_t_zerosum__[0, 217]",0.702936,0.112038,0.490016,0.912462,0.000371,0.000402,91032.168683,62139.238844,1.000118
"theta_zsn_t_zerosum__[0, 218]",0.689186,0.172577,0.372021,1.017366,0.000492,0.000666,127205.506416,58274.809676,1.000153
"theta_zsn_t_zerosum__[0, 219]",0.561275,0.145884,0.287396,0.835426,0.000427,0.00054,117369.183969,59467.947394,1.000018
"theta_zsn_t_zerosum__[0, 220]",0.536257,0.431305,-0.297012,1.306813,0.001407,0.001858,102161.025144,54433.790604,1.000114
"theta_zsn_t_zerosum__[0, 221]",0.658093,0.116763,0.435637,0.873244,0.000364,0.00041,102978.852831,62967.433383,1.000186
"theta_zsn_t_zerosum__[0, 222]",0.64634,0.140782,0.385816,0.91622,0.00042,0.000536,112557.947068,61522.859357,0.999977
"theta_zsn_t_zerosum__[0, 223]",1.260445,0.144641,0.992075,1.538317,0.00047,0.000551,95978.764475,60765.240532,1.000008
"theta_zsn_t_zerosum__[0, 224]",0.694791,0.169903,0.37011,1.011592,0.0005,0.000648,117535.338449,61007.310168,1.000185
"theta_zsn_t_zerosum__[0, 225]",0.335705,0.499927,-0.640338,1.227886,0.001709,0.002255,95514.427963,53553.039528,1.000185
"theta_zsn_t_zerosum__[0, 226]",1.119317,0.082413,0.96577,1.275016,0.000281,0.000301,85849.476814,57896.586725,1.000053
"theta_zsn_t_zerosum__[0, 227]",0.730953,0.238703,0.286696,1.189561,0.000754,0.001021,102145.780945,59235.457059,0.999996
"theta_zsn_t_zerosum__[0, 228]",1.044482,0.179458,0.71013,1.3867,0.000516,0.000696,124149.875007,55854.412794,1.000213
"theta_zsn_t_zerosum__[0, 229]",-1.234716,0.185636,-1.58058,-0.882585,0.000537,0.0007,119544.807175,60046.835418,1.000165
"theta_zsn_t_zerosum__[0, 230]",-2.51239,0.211178,-2.901938,-2.111421,0.000765,0.000707,76803.947652,63021.41807,1.000025
"theta_zsn_t_zerosum__[0, 231]",-1.319219,0.134626,-1.572474,-1.06857,0.000431,0.000542,100224.54025,58871.937487,1.000256
"theta_zsn_t_zerosum__[0, 232]",-0.23892,0.173512,-0.571724,0.07911,0.000564,0.000613,96253.486268,62193.122695,1.00013
"theta_zsn_t_zerosum__[0, 233]",-2.912498,0.220633,-3.328646,-2.498496,0.000723,0.000841,94950.483379,57427.819846,1.000173
"theta_zsn_t_zerosum__[0, 234]",-2.208563,0.200489,-2.585798,-1.833156,0.000627,0.000756,103034.406168,59064.749783,1.000026
"theta_zsn_t_zerosum__[0, 235]",-2.406975,0.202406,-2.792406,-2.033426,0.000641,0.000795,100814.280018,56662.916201,1.000021
"theta_zsn_t_zerosum__[0, 236]",-1.55242,0.142917,-1.820599,-1.285403,0.000462,0.000547,98983.176369,56903.653785,1.000104
"theta_zsn_t_zerosum__[0, 237]",-2.047285,0.23016,-2.481305,-1.622164,0.000708,0.000903,110370.754239,56323.35919,1.000029
"theta_zsn_t_zerosum__[0, 238]",0.265177,0.110147,0.053795,0.468155,0.000356,0.000405,96740.030358,61825.429113,1.000253
"theta_zsn_t_zerosum__[0, 239]",0.596548,0.171529,0.27333,0.918376,0.000486,0.000682,129168.706856,56700.850233,1.000052
"theta_zsn_t_zerosum__[0, 240]",0.84301,0.324461,0.205667,1.406155,0.001237,0.001404,75346.343436,54398.815936,1.000099
"theta_zsn_t_zerosum__[0, 241]",0.586875,0.261564,0.108108,1.092684,0.000729,0.001083,129537.889895,58882.688437,1.000131
"theta_zsn_t_zerosum__[0, 242]",1.019397,0.081041,0.866699,1.172583,0.00026,0.000308,96924.845463,58963.781671,1.000073
"theta_zsn_t_zerosum__[0, 243]",0.238063,0.235508,-0.209016,0.675406,0.000661,0.000954,129482.340785,57607.454246,1.000096
"theta_zsn_t_zerosum__[0, 244]",0.534065,0.149964,0.251914,0.814568,0.000424,0.000568,125103.570973,61453.980329,1.000145
"theta_zsn_t_zerosum__[0, 245]",-0.076257,0.144257,-0.343604,0.197076,0.000397,0.00059,132376.466032,58843.915579,1.00013
"theta_zsn_t_zerosum__[0, 246]",0.646896,0.343869,-0.017107,1.248891,0.001478,0.001976,66155.799175,40568.173263,1.000061
"theta_zsn_t_zerosum__[0, 247]",1.086545,0.346185,0.418392,1.714768,0.001213,0.001984,93961.33755,48633.210671,1.000034
"theta_zsn_t_zerosum__[0, 248]",1.151997,0.08612,0.988903,1.313565,0.000284,0.000319,91980.675075,60985.776606,1.000201
"theta_zsn_t_zerosum__[0, 249]",0.682475,0.119626,0.458884,0.908441,0.000375,0.000422,102568.68553,60398.623871,1.000004
"theta_zsn_t_zerosum__[0, 250]",0.711389,0.07609,0.565329,0.852045,0.000247,0.00027,94893.9555,63645.866313,1.000093
"theta_zsn_t_zerosum__[0, 251]",0.07224,0.145095,-0.199246,0.346248,0.000405,0.000577,128825.817163,58434.243899,1.000202
"theta_zsn_t_zerosum__[0, 252]",0.109065,0.703276,-1.245135,1.406037,0.002384,0.002701,89019.316487,59051.144545,0.999963
"theta_zsn_t_zerosum__[0, 253]",-2.746919,0.2407,-3.203001,-2.297768,0.000747,0.000906,104519.485858,61385.012557,1.000018
"theta_zsn_t_zerosum__[0, 254]",-1.567184,0.204087,-1.957997,-1.185984,0.000585,0.000857,122251.740676,58035.528033,1.000139
"theta_zsn_t_zerosum__[0, 255]",-1.293811,0.199744,-1.661984,-0.911505,0.000608,0.000813,110849.085472,57255.533519,1.000025
"theta_zsn_t_zerosum__[0, 256]",-1.813575,0.184138,-2.157209,-1.464781,0.00056,0.000723,108473.371213,61010.726641,1.000182
"theta_zsn_t_zerosum__[0, 257]",-2.527628,0.198848,-2.908801,-2.163193,0.000637,0.000757,98841.384333,58738.758552,1.000116
"theta_zsn_t_zerosum__[0, 258]",-1.3751,0.072596,-1.512085,-1.239462,0.000292,0.000236,62086.274413,61090.519653,1.00009
"theta_zsn_t_zerosum__[0, 259]",-0.873558,0.063745,-0.995226,-0.754141,0.000224,0.000224,80756.289184,59760.507573,1.000027
"theta_zsn_t_zerosum__[0, 260]",-0.710306,0.087132,-0.86995,-0.543495,0.000277,0.000324,99352.230902,60018.897533,1.000043
"theta_zsn_t_zerosum__[0, 261]",-1.184996,0.115419,-1.401431,-0.967309,0.000354,0.000427,106618.503753,59686.283662,1.000007
"theta_zsn_t_zerosum__[0, 262]",-0.650432,0.061448,-0.767129,-0.536149,0.000215,0.000205,81414.755043,63456.095915,1.000028
"theta_zsn_t_zerosum__[0, 263]",-0.610383,0.19547,-0.979668,-0.245748,0.000568,0.000758,120236.331716,61166.218559,1.00009
"theta_zsn_t_zerosum__[0, 264]",-0.542898,0.076461,-0.684946,-0.398531,0.000251,0.000272,92943.060925,62127.096517,1.000089
"theta_zsn_t_zerosum__[0, 265]",-0.347037,0.076406,-0.489518,-0.202425,0.00024,0.000278,101811.677094,59559.237439,1.000013
"theta_zsn_t_zerosum__[0, 266]",-0.573393,0.166642,-0.887614,-0.258898,0.000474,0.000657,124170.831532,57576.90738,1.000013
"theta_zsn_t_zerosum__[0, 267]",-0.881379,0.197957,-1.253644,-0.507453,0.00058,0.000781,116787.848009,59359.521744,1.000063
"theta_zsn_t_zerosum__[0, 268]",-0.386824,0.109098,-0.591532,-0.180513,0.000324,0.000407,113445.6479,61759.534915,1.000056
"theta_zsn_t_zerosum__[0, 269]",-0.227427,0.100485,-0.414356,-0.036969,0.000294,0.000393,117822.495116,59038.163807,1.000069
"theta_zsn_t_zerosum__[0, 270]",-0.110147,0.111884,-0.320785,0.098903,0.000336,0.0004,111281.774681,64593.207487,1.000062
"theta_zsn_t_zerosum__[0, 271]",-0.108251,0.273242,-0.635775,0.390264,0.000772,0.00116,128950.761521,56428.961673,1.000235
"theta_zsn_t_zerosum__[0, 272]",-0.447957,0.152612,-0.745761,-0.172864,0.000433,0.000589,124455.870046,60495.192242,1.000196
"theta_zsn_t_zerosum__[0, 273]",0.064536,0.141018,-0.199946,0.331242,0.00041,0.00055,118535.562541,60491.212449,1.000087
"theta_zsn_t_zerosum__[0, 274]",0.081912,0.265326,-0.407447,0.591679,0.000737,0.001133,130838.663997,56605.971366,1.000175
"theta_zsn_t_zerosum__[0, 275]",-0.051278,0.567965,-1.102362,1.044403,0.001768,0.002379,106341.431467,55578.686453,1.000082
"theta_zsn_t_zerosum__[0, 276]",0.085369,0.129764,-0.155588,0.331958,0.000373,0.000487,120986.690823,61659.083687,1.000125
"theta_zsn_t_zerosum__[0, 277]",0.081849,0.265811,-0.420986,0.575345,0.000743,0.00114,129779.476715,56375.775041,1.000189
"theta_zsn_t_zerosum__[0, 278]",0.041601,0.253562,-0.437946,0.525052,0.000784,0.001194,107389.951479,54301.197132,1.000105
"theta_zsn_t_zerosum__[0, 279]",0.007591,0.150304,-0.280187,0.286408,0.000539,0.000649,81554.396254,55879.015488,1.00014
"theta_zsn_t_zerosum__[0, 280]",0.113009,0.26657,-0.385915,0.616387,0.000749,0.001122,128574.481319,58343.604683,1.000172
"theta_zsn_t_zerosum__[0, 281]",0.287085,0.066371,0.159316,0.409506,0.000202,0.000246,107809.076343,61120.594372,1.000051
"theta_zsn_t_zerosum__[0, 282]",0.441902,0.105785,0.245321,0.642933,0.000313,0.000386,114859.743745,63527.592602,1.000022
"theta_zsn_t_zerosum__[0, 283]",0.174943,0.109988,-0.028187,0.383353,0.000379,0.000365,85109.779996,62921.88916,1.000016
"theta_zsn_t_zerosum__[0, 284]",0.488076,0.087541,0.322112,0.650339,0.000277,0.000302,99673.643844,63609.650868,1.000064
"theta_zsn_t_zerosum__[0, 285]",0.680856,0.31442,0.128162,1.283258,0.00111,0.001581,95902.548055,50248.654333,1.000107
"theta_zsn_t_zerosum__[0, 286]",0.492704,0.263388,-0.010099,0.988296,0.000723,0.001103,133191.341237,57453.352393,1.000018
"theta_zsn_t_zerosum__[0, 287]",0.75612,0.070891,0.624958,0.891483,0.000231,0.000248,94140.479959,62730.639686,1.00006
"theta_zsn_t_zerosum__[0, 288]",0.938916,0.124247,0.703765,1.173412,0.00036,0.00047,119629.713615,61809.375523,1.000171
"theta_zsn_t_zerosum__[0, 289]",0.871866,0.416583,0.073271,1.631682,0.001259,0.001784,117790.136531,54658.331155,1.000173
"theta_zsn_t_zerosum__[0, 290]",0.808923,0.42566,0.007731,1.603466,0.001311,0.001857,113694.008984,54034.323932,1.000146
"theta_zsn_t_zerosum__[0, 291]",0.982803,0.066626,0.858412,1.108638,0.000226,0.00022,87128.798928,65214.105024,1.000069
"theta_zsn_t_zerosum__[0, 292]",0.204315,0.407495,-0.578151,0.956638,0.001505,0.001974,81556.587103,49804.718231,1.000069
"theta_zsn_t_zerosum__[0, 293]",0.286406,0.712198,-1.04828,1.651114,0.002263,0.002746,100404.21621,60724.580234,1.000144
"theta_zsn_t_zerosum__[0, 294]",0.21055,0.106651,0.010175,0.411277,0.000307,0.0004,121104.871862,64326.439079,0.999969
"theta_zsn_t_zerosum__[0, 295]",0.415996,0.102271,0.229954,0.613617,0.000288,0.000398,126453.296051,61044.734531,1.000071
"theta_zsn_t_zerosum__[0, 296]",0.140603,0.131941,-0.106703,0.38875,0.000379,0.000513,121006.496697,58852.759905,1.000172
"theta_zsn_t_zerosum__[0, 297]",0.117545,0.13368,-0.134051,0.366883,0.000373,0.000505,128768.430682,59380.30907,1.000149
"theta_zsn_t_zerosum__[0, 298]",1.144445,0.05864,1.032893,1.253804,0.000223,0.000196,69338.000444,59833.537117,1.00003
"theta_zsn_t_zerosum__[0, 299]",1.208633,0.11094,0.997511,1.414266,0.000375,0.000391,87892.148048,62592.433604,1.000152
"theta_zsn_t_zerosum__[0, 300]",0.764941,0.448905,-0.113459,1.571907,0.001377,0.001903,113580.304833,55443.121817,1.000028
"theta_zsn_t_zerosum__[0, 301]",1.017041,0.479515,0.09121,1.891218,0.001513,0.002328,112431.779392,50682.611674,1.00008
"theta_zsn_t_zerosum__[0, 302]",0.855793,0.254717,0.378172,1.336343,0.000728,0.000956,122837.333028,61854.30728,1.000139
"theta_zsn_t_zerosum__[0, 303]",0.115086,0.187235,-0.240646,0.461671,0.000522,0.000702,129226.499558,58473.875252,1.000246
"theta_zsn_t_zerosum__[0, 304]",0.325264,0.083878,0.167868,0.483301,0.000246,0.000315,115909.993697,60630.349248,0.999993
"theta_zsn_t_zerosum__[0, 305]",0.257499,0.163045,-0.045769,0.568035,0.000451,0.000658,133009.073983,56873.952407,1.00016
"theta_zsn_t_zerosum__[0, 306]",0.150928,0.156901,-0.142711,0.448246,0.000434,0.00064,131990.558763,58692.708047,1.000119
"theta_zsn_t_zerosum__[0, 307]",1.098291,0.072764,0.961071,1.234724,0.000251,0.000258,83900.384611,61572.742429,1.000155
"theta_zsn_t_zerosum__[0, 308]",1.037289,0.202955,0.663251,1.425613,0.000581,0.000804,124863.850837,58015.494148,1.000236
"theta_zsn_t_zerosum__[0, 309]",0.698661,0.209018,0.300519,1.089895,0.000647,0.000858,105695.516119,59092.786716,1.000142
"theta_zsn_t_zerosum__[0, 310]",0.825096,0.215947,0.419287,1.226583,0.000644,0.00085,118847.486979,56756.667221,0.999984
"theta_zsn_t_zerosum__[0, 311]",0.890395,0.193589,0.519896,1.246533,0.000575,0.000742,114957.91378,60656.572544,1.000099
"theta_zsn_t_zerosum__[0, 312]",1.049057,0.075734,0.908035,1.192411,0.000254,0.000279,89227.778231,62140.000258,1.000098
"theta_zsn_t_zerosum__[0, 313]",0.847278,0.196692,0.479383,1.217912,0.000575,0.00074,120432.016403,57836.057755,1.000039
"theta_zsn_t_zerosum__[0, 314]",0.783303,0.191111,0.427448,1.141174,0.000541,0.000751,128896.909475,58094.841646,1.000157
"theta_zsn_t_zerosum__[0, 315]",1.294744,0.179915,0.964804,1.645491,0.000565,0.000728,101432.483416,58523.822605,1.000064
"theta_zsn_t_zerosum__[0, 316]",1.313869,0.078068,1.167296,1.460174,0.000284,0.000271,75620.857157,59254.258283,1.000081
"theta_zsn_t_zerosum__[0, 317]",0.833031,0.270587,0.322235,1.323496,0.000922,0.001271,98714.088353,53168.574954,1.000083
"theta_zsn_t_zerosum__[0, 318]",1.209523,0.195857,0.839812,1.572695,0.000611,0.000819,107619.347814,54479.351491,1.00006
"theta_zsn_t_zerosum__[0, 319]",1.052787,0.355316,0.364736,1.696842,0.001269,0.002203,93179.141246,47237.878015,1.00001
"theta_zsn_t_zerosum__[0, 320]",1.483302,0.209252,1.093431,1.883211,0.000644,0.000863,108970.932408,55868.756908,1.000051
"theta_zsn_t_zerosum__[0, 321]",0.315428,0.476481,-0.594899,1.115865,0.001798,0.002335,89668.499488,49253.741039,1.000098
"theta_zsn_t_zerosum__[0, 322]",1.276881,0.221812,0.857634,1.688008,0.000717,0.000958,101900.334185,54186.94393,1.000197
"theta_zsn_t_zerosum__[0, 323]",-1.260555,0.200962,-1.638536,-0.881402,0.00058,0.000783,120778.502064,60429.400271,1.00001
"theta_zsn_t_zerosum__[0, 324]",-1.088769,0.106689,-1.291931,-0.891176,0.000352,0.000409,92755.894243,57250.396492,1.000042
"theta_zsn_t_zerosum__[0, 325]",-1.28651,0.116721,-1.508533,-1.071011,0.000381,0.000441,95520.352098,56656.325837,1.000119
"theta_zsn_t_zerosum__[0, 326]",-2.314667,0.194415,-2.682079,-1.952534,0.000619,0.000772,98998.041258,58790.90693,1.000095
"theta_zsn_t_zerosum__[0, 327]",-1.085513,0.109619,-1.294149,-0.881251,0.000339,0.000427,105078.47075,59390.980814,1.000073
"theta_zsn_t_zerosum__[0, 328]",-1.634454,0.189724,-1.994673,-1.284191,0.000592,0.000762,106779.695521,56147.422981,1.00008
"theta_zsn_t_zerosum__[0, 329]",-0.690543,0.082281,-0.84644,-0.538246,0.000265,0.00029,96599.562022,61579.959916,1.000036
"theta_zsn_t_zerosum__[0, 330]",-1.512123,0.118608,-1.737183,-1.289801,0.000392,0.000437,91830.45853,58984.821816,1.000095
"theta_zsn_t_zerosum__[0, 331]",-0.062042,0.143796,-0.334426,0.207214,0.000395,0.000556,133431.271726,60793.473062,1.000128
"theta_zsn_t_zerosum__[0, 332]",0.235934,0.155215,-0.057707,0.527191,0.000434,0.00064,129005.188278,56905.574793,1.000106
"theta_zsn_t_zerosum__[0, 333]",0.439663,0.12932,0.198169,0.685782,0.000368,0.000497,123475.29303,60281.52561,1.000162
"theta_zsn_t_zerosum__[0, 334]",0.217622,0.15379,-0.063102,0.515294,0.00043,0.000627,129391.580516,57290.049932,1.000023
"theta_zsn_t_zerosum__[0, 335]",-0.0178,0.331917,-0.662244,0.569835,0.001281,0.001728,77927.630392,49055.504254,1.00012
"theta_zsn_t_zerosum__[0, 336]",-1.398526,0.194417,-1.764885,-1.034198,0.000606,0.000767,104933.495287,59076.872279,1.000019
"theta_zsn_t_zerosum__[0, 337]",-0.220496,0.178891,-0.564689,0.104699,0.000571,0.000724,104221.514031,55704.515428,1.00005
"theta_zsn_t_zerosum__[0, 338]",0.069317,0.26446,-0.43432,0.566816,0.000757,0.00111,124107.743705,56491.299459,1.000072
"theta_zsn_t_zerosum__[0, 339]",-0.060138,0.178864,-0.399939,0.261744,0.000622,0.000801,92167.965251,56067.408215,1.000181
"theta_zsn_t_zerosum__[0, 340]",0.334687,0.091025,0.161034,0.503319,0.000263,0.000349,119989.935864,61820.47364,1.000058
"theta_zsn_t_zerosum__[0, 341]",-0.315881,0.145032,-0.591044,-0.042894,0.000401,0.000561,130886.062859,60845.368474,1.000291
"theta_zsn_t_zerosum__[0, 342]",-0.783038,0.156007,-1.074912,-0.491157,0.000446,0.000609,123067.132434,60133.49662,1.000208
"theta_zsn_t_zerosum__[0, 343]",0.239661,0.519894,-0.781944,1.16475,0.001988,0.002355,76547.943159,50438.934697,1.000032
"theta_zsn_t_zerosum__[0, 344]",0.57969,0.089593,0.412338,0.749065,0.000276,0.000327,105737.969511,61681.890265,1.00011
"theta_zsn_t_zerosum__[0, 345]",0.716336,0.092824,0.540315,0.890261,0.000274,0.000356,114981.156109,60843.768308,1.000102
"theta_zsn_t_zerosum__[0, 346]",0.279124,0.212974,-0.114546,0.671099,0.000719,0.001189,103624.948825,51794.059198,0.99999
"theta_zsn_t_zerosum__[0, 347]",1.303248,0.173686,0.982631,1.638895,0.000555,0.000673,99386.040616,58000.900306,1.00009
"theta_zsn_t_zerosum__[0, 348]",0.769249,0.174905,0.445056,1.104264,0.000518,0.000679,114935.005753,61785.213466,1.000065
"theta_zsn_t_zerosum__[0, 349]",0.793878,0.125669,0.553929,1.02837,0.000363,0.000506,119719.627733,59153.72566,1.000133
"theta_zsn_t_zerosum__[0, 350]",1.092114,0.078502,0.944033,1.239861,0.000278,0.000282,79954.634469,60760.963846,1.000058
"theta_zsn_t_zerosum__[0, 351]",0.237562,0.545537,-0.819381,1.199848,0.001761,0.002431,111785.369318,51978.814947,1.000242
"theta_zsn_t_zerosum__[0, 352]",0.396404,0.53747,-0.64875,1.350893,0.001734,0.002406,109543.353473,54020.259916,1.000001
"theta_zsn_t_zerosum__[0, 353]",0.251855,0.147327,-0.026443,0.52713,0.00047,0.000511,98344.283647,63084.625597,1.000148
"theta_zsn_t_zerosum__[0, 354]",0.393002,0.69523,-0.978127,1.656129,0.002353,0.002674,89653.460807,60964.241576,1.000151
"theta_zsn_t_zerosum__[0, 355]",1.166298,0.329572,0.537162,1.722837,0.001288,0.002104,86385.605167,46521.097632,1.000037
"theta_zsn_t_zerosum__[0, 356]",0.845246,0.085026,0.683346,1.003139,0.000269,0.000307,99996.127304,61007.089604,1.000196
"theta_zsn_t_zerosum__[0, 357]",1.198365,0.084023,1.035573,1.352639,0.00033,0.000284,64950.041244,60746.354649,1.000084
"theta_zsn_t_zerosum__[0, 358]",-1.395718,0.081507,-1.549951,-1.243336,0.000308,0.000278,70244.238961,59657.125973,1.000168
"theta_zsn_t_zerosum__[0, 359]",-1.513556,0.156605,-1.811703,-1.224505,0.000498,0.000549,99808.604286,63836.170087,1.00008
"theta_zsn_t_zerosum__[0, 360]",-1.283028,0.108437,-1.486748,-1.078699,0.00035,0.000415,96805.240651,57999.237137,0.999999
"theta_zsn_t_zerosum__[0, 361]",-0.859234,0.100482,-1.049378,-0.671388,0.000313,0.000383,103095.282927,60158.785706,1.00011
"theta_zsn_t_zerosum__[0, 362]",-0.916232,0.103959,-1.114143,-0.72465,0.000335,0.000385,96349.53118,62074.491037,1.000015
"theta_zsn_t_zerosum__[0, 363]",-1.035558,0.062495,-1.154483,-0.918858,0.000249,0.000214,63232.042179,60189.14425,1.000089
"theta_zsn_t_zerosum__[0, 364]",-0.947632,0.107572,-1.150779,-0.74552,0.00034,0.0004,101195.762491,60564.699523,1.000048
"theta_zsn_t_zerosum__[0, 365]",-0.789155,0.057416,-0.897228,-0.680985,0.00021,0.000198,74684.009168,62068.988652,1.000008
"theta_zsn_t_zerosum__[0, 366]",-0.142104,0.066692,-0.267061,-0.017169,0.0002,0.00024,110750.872365,62911.206138,1.000126
"theta_zsn_t_zerosum__[0, 367]",-0.273135,0.078328,-0.422091,-0.127098,0.000248,0.000277,99959.341304,63325.115627,1.000102
"theta_zsn_t_zerosum__[0, 368]",-0.744095,0.087486,-0.916115,-0.58632,0.000286,0.000312,94033.161026,61011.603146,1.000055
"theta_zsn_t_zerosum__[0, 369]",-0.218094,0.061065,-0.332879,-0.103012,0.000202,0.000222,91036.460587,59532.283037,1.000134
"theta_zsn_t_zerosum__[0, 370]",-0.575375,0.054913,-0.678478,-0.472388,0.000197,0.000182,77603.706523,63645.864516,1.000088
"theta_zsn_t_zerosum__[0, 371]",-0.678751,0.073322,-0.817113,-0.540631,0.000249,0.000272,86718.154119,60292.105451,1.000065
"theta_zsn_t_zerosum__[0, 372]",-0.664812,0.074534,-0.809156,-0.529736,0.000245,0.000269,92674.372864,60072.613846,1.000016
"theta_zsn_t_zerosum__[0, 373]",-0.30555,0.214767,-0.711911,0.100211,0.00071,0.000896,93375.202055,56257.168707,0.999983
"theta_zsn_t_zerosum__[0, 374]",-0.902187,0.075432,-1.042395,-0.758227,0.00026,0.00027,84458.04394,61330.140355,1.000085
"theta_zsn_t_zerosum__[0, 375]",0.619854,0.071443,0.486206,0.754324,0.000305,0.000232,55579.430682,56485.487407,1.00003
"theta_zsn_t_zerosum__[0, 376]",0.820794,0.067992,0.690493,0.946753,0.000221,0.000249,94628.619578,62266.993817,1.000023
"theta_zsn_t_zerosum__[0, 377]",0.61834,0.135679,0.361265,0.872073,0.000388,0.000538,122410.390677,57861.920112,1.000117
"theta_zsn_t_zerosum__[0, 378]",0.672765,0.091977,0.501677,0.846855,0.000283,0.000351,107030.827679,60487.3981,1.00019
"theta_zsn_t_zerosum__[0, 379]",0.045303,0.112249,-0.173707,0.247582,0.000315,0.00044,126893.570339,58098.623943,1.000116
"theta_zsn_t_zerosum__[0, 380]",0.776108,0.502281,-0.180867,1.725347,0.00161,0.00219,99741.396772,56698.077461,1.00014
"theta_zsn_t_zerosum__[0, 381]",0.479855,0.139338,0.210536,0.739009,0.000408,0.000558,117061.962342,60732.046365,1.000104
"theta_zsn_t_zerosum__[0, 382]",0.62453,0.2084,0.222841,1.006142,0.000593,0.00084,124690.230419,58594.2425,1.000088
"theta_zsn_t_zerosum__[0, 383]",0.217454,0.109101,0.01131,0.421231,0.000338,0.000407,105574.970966,61779.389138,0.999986
"theta_zsn_t_zerosum__[0, 384]",0.462654,0.087833,0.296933,0.626892,0.000273,0.000317,103486.178325,63552.642636,1.000322
"theta_zsn_t_zerosum__[0, 385]",0.1248,0.211316,-0.280564,0.503085,0.000684,0.00102,109926.561419,50869.746535,1.000025
"theta_zsn_t_zerosum__[0, 386]",0.198715,0.096201,0.016551,0.378499,0.000277,0.000368,120433.597579,62013.671282,1.000128
"theta_zsn_t_zerosum__[0, 387]",-0.082831,0.118282,-0.306579,0.138371,0.000336,0.000457,124689.516072,60539.128261,1.000062
"theta_zsn_t_zerosum__[0, 388]",0.54334,0.496948,-0.386865,1.495877,0.001583,0.00211,100803.064418,58039.114117,1.000152
"theta_zsn_t_zerosum__[0, 389]",-0.074106,0.213672,-0.477317,0.310991,0.000755,0.001065,92046.4445,51582.840951,1.000066
"theta_zsn_t_zerosum__[0, 390]",-0.034091,0.088567,-0.19718,0.134867,0.000266,0.000314,110549.983452,64740.966934,1.000275
"theta_zsn_t_zerosum__[0, 391]",-0.330485,0.119873,-0.55742,-0.107581,0.000334,0.000468,129065.401627,59537.14908,1.000083
"theta_zsn_t_zerosum__[0, 392]",-0.076694,0.093369,-0.250283,0.099234,0.000294,0.000345,101268.730225,61869.514113,1.000096
"theta_zsn_t_zerosum__[0, 393]",-0.65525,0.138455,-0.916251,-0.396801,0.0004,0.000535,121715.689254,58070.518433,1.000267
"theta_zsn_t_zerosum__[0, 394]",1.173086,0.131487,0.931216,1.426742,0.000412,0.000488,102023.307935,63215.85328,1.000062
"theta_zsn_t_zerosum__[0, 395]",0.900152,0.1071,0.699862,1.103391,0.000322,0.000418,111008.88551,59805.286942,1.000152
"theta_zsn_t_zerosum__[0, 396]",0.621049,0.101629,0.427605,0.810047,0.000317,0.000379,102585.840453,61693.353757,1.000088
"theta_zsn_t_zerosum__[0, 397]",0.823037,0.092135,0.652447,0.999164,0.000297,0.000334,95958.569366,60508.000917,1.000139
"theta_zsn_t_zerosum__[0, 398]",0.297851,0.234788,-0.139368,0.743215,0.000643,0.000963,133641.972981,58367.538411,0.999977
"theta_zsn_t_zerosum__[0, 399]",0.578817,0.118435,0.357212,0.802281,0.000342,0.00048,121761.244605,57902.911988,1.000194
"theta_zsn_t_zerosum__[0, 400]",-0.104048,0.106134,-0.303172,0.095505,0.000309,0.000398,118282.464939,61742.272165,1.00014
"theta_zsn_t_zerosum__[0, 401]",0.841488,0.149313,0.557058,1.12126,0.00045,0.000585,110742.906702,61584.012784,1.000108
"theta_zsn_t_zerosum__[0, 402]",0.752021,0.147814,0.477404,1.035847,0.000443,0.000599,111831.372523,58679.86935,1.000388
"theta_zsn_t_zerosum__[0, 403]",0.69114,0.099659,0.503987,0.880187,0.000319,0.000355,97635.278424,63446.645319,1.000084
"theta_zsn_t_zerosum__[0, 404]",0.769936,0.090751,0.60079,0.942531,0.00028,0.000332,105136.200597,63253.442076,1.000012
"theta_zsn_t_zerosum__[0, 405]",0.985927,0.10955,0.777894,1.190815,0.000339,0.000398,104703.746413,62331.277554,1.000042
"theta_zsn_t_zerosum__[0, 406]",0.451252,0.131511,0.205087,0.699615,0.000364,0.000526,131459.831681,57714.654108,1.000103
"theta_zsn_t_zerosum__[0, 407]",0.884586,0.107021,0.683394,1.086347,0.000318,0.000408,113682.373826,60073.859171,1.00008
"theta_zsn_t_zerosum__[0, 408]",0.232336,0.137692,-0.022117,0.496217,0.000415,0.000509,110829.612094,63783.773669,1.000037
"theta_zsn_t_zerosum__[0, 409]",1.094091,0.076801,0.948581,1.237418,0.000257,0.000281,89283.124673,60054.226157,1.000108
"theta_zsn_t_zerosum__[0, 410]",0.853538,0.082607,0.698923,1.0102,0.000326,0.000295,64921.434061,57644.181074,1.000074
"theta_zsn_t_zerosum__[0, 411]",0.426717,0.648837,-0.797866,1.655774,0.001981,0.002701,108836.034857,56075.316562,1.000194
"theta_zsn_t_zerosum__[0, 412]",1.307408,0.105004,1.111506,1.509134,0.000348,0.000412,91624.159709,58606.091002,1.000077
"theta_zsn_t_zerosum__[0, 413]",1.098317,0.077254,0.953394,1.243458,0.000281,0.000253,75859.169242,63027.144768,1.000121
"theta_zsn_t_zerosum__[0, 414]",1.243608,0.193195,0.884757,1.61769,0.000584,0.000795,110691.172869,58066.55631,1.000173
"theta_zsn_t_zerosum__[0, 415]",1.151867,0.079044,1.006144,1.30213,0.00036,0.000253,48228.708321,58059.001056,1.000119
"theta_zsn_t_zerosum__[0, 416]",1.051902,0.130133,0.811818,1.302526,0.000422,0.000463,95264.845652,62077.349568,0.999999
"theta_zsn_t_zerosum__[0, 417]",0.572422,0.161399,0.27033,0.878258,0.000473,0.000633,118475.170388,59143.820825,1.000079
"theta_zsn_t_zerosum__[0, 418]",1.057332,0.191543,0.697127,1.414773,0.000548,0.000733,125152.227633,56779.481474,1.00016
"theta_zsn_t_zerosum__[0, 419]",0.257798,0.135379,0.007849,0.516442,0.00038,0.000525,127096.557343,60210.067421,1.000182
"theta_zsn_t_zerosum__[0, 420]",1.319525,0.061774,1.201141,1.433329,0.000242,0.000204,65140.895115,60230.404958,1.0001
"theta_zsn_t_zerosum__[0, 421]",0.864629,0.253622,0.386202,1.336547,0.000818,0.001133,104393.289676,54055.707574,1.000089
"theta_zsn_t_zerosum__[0, 422]",0.637074,0.14484,0.36873,0.911678,0.00041,0.000566,126531.797289,59457.82044,1.000075
"theta_zsn_t_zerosum__[0, 423]",0.155021,0.221617,-0.273209,0.542948,0.000769,0.001099,97424.570889,51968.72338,1.000086
"theta_zsn_t_zerosum__[0, 424]",-0.27024,0.560823,-1.35574,0.721372,0.001788,0.002323,111634.598919,54713.256855,1.000219
"theta_zsn_t_zerosum__[0, 425]",-0.157584,0.120912,-0.383595,0.068792,0.00035,0.000467,119807.314439,58901.58194,1.000171
"theta_zsn_t_zerosum__[0, 426]",0.744201,0.085958,0.58171,0.905239,0.000255,0.000315,113866.029967,62413.214749,1.00002
"theta_zsn_t_zerosum__[0, 427]",0.531939,0.352196,-0.137088,1.158945,0.001204,0.001756,100752.983063,52913.942598,0.999999
"theta_zsn_t_zerosum__[0, 428]",0.543109,0.101073,0.355129,0.733888,0.000309,0.000375,107734.507579,62474.685609,1.000158
"theta_zsn_t_zerosum__[0, 429]",0.134111,0.123571,-0.098152,0.365154,0.000343,0.0005,130504.580861,57887.336598,1.000154
"theta_zsn_t_zerosum__[0, 430]",-0.348313,0.56359,-1.415482,0.681643,0.001753,0.002201,114653.342353,57215.231129,1.000074
"theta_zsn_t_zerosum__[0, 431]",-0.330453,0.120164,-0.559333,-0.109351,0.00034,0.000462,125927.524566,60477.303162,1.00003
"theta_zsn_t_zerosum__[0, 432]",0.582878,0.192312,0.215282,0.938527,0.000531,0.000728,131537.51102,61787.964743,1.000004
"theta_zsn_t_zerosum__[0, 433]",1.294007,0.132224,1.04033,1.539382,0.000433,0.000483,93822.339537,59166.323164,0.999971
"theta_zsn_t_zerosum__[0, 434]",0.598235,0.261096,0.105048,1.087362,0.000731,0.001098,128400.867021,59281.314252,1.000086
"theta_zsn_t_zerosum__[0, 435]",1.551916,0.102606,1.363478,1.749023,0.000376,0.000385,75396.05263,58381.865568,1.000016
"theta_zsn_t_zerosum__[0, 436]",1.656276,0.099593,1.467006,1.841088,0.000425,0.000316,54896.303435,62541.767192,1.000027
"theta_zsn_t_zerosum__[0, 437]",0.302101,0.10275,0.104661,0.488703,0.000298,0.000385,120171.118698,60570.231529,1.00001
"theta_zsn_t_zerosum__[0, 438]",1.583999,0.227876,1.163563,2.014321,0.000684,0.000904,116204.862494,56976.844309,1.000152
"theta_zsn_t_zerosum__[0, 439]",1.695587,0.245171,1.243828,2.160417,0.000719,0.000952,122096.00266,56956.390675,1.000135
"theta_zsn_t_zerosum__[0, 440]",1.708079,0.100406,1.520817,1.897067,0.000359,0.000367,78924.940839,60002.585612,1.000006
"theta_zsn_t_zerosum__[0, 441]",1.668302,0.138704,1.408898,1.931403,0.000441,0.000506,98899.019522,59441.575085,1.000075
"theta_zsn_t_zerosum__[0, 442]",0.872375,0.146163,0.599032,1.150329,0.00041,0.000564,127224.514699,61294.051703,1.000237
"theta_zsn_t_zerosum__[0, 443]",1.33253,0.151999,1.041928,1.620197,0.000507,0.000588,90329.989539,60383.975331,1.000213
"theta_zsn_t_zerosum__[0, 444]",0.404567,0.132994,0.159482,0.659001,0.000376,0.00049,124923.0824,63993.797061,1.000151
"theta_zsn_t_zerosum__[0, 445]",1.545003,0.071315,1.411054,1.678663,0.000288,0.000234,61229.036412,59528.561289,1.000043
"theta_zsn_t_zerosum__[0, 446]",0.954324,0.284481,0.415936,1.47762,0.000975,0.000932,86184.905656,65266.422464,1.000117
"theta_zsn_t_zerosum__[0, 447]",0.980882,0.210708,0.573876,1.365409,0.000601,0.000777,123617.961277,62928.319551,1.000098
"theta_zsn_t_zerosum__[0, 448]",0.390428,0.121954,0.159906,0.617332,0.000379,0.000432,103826.604875,64635.351938,1.000204
"theta_zsn_t_zerosum__[0, 449]",1.400888,0.080581,1.247185,1.550512,0.000288,0.000287,78559.963131,57982.942125,1.000042
"theta_zsn_t_zerosum__[0, 450]",0.615557,0.185427,0.261782,0.958574,0.000635,0.000697,87952.413769,59056.281245,1.000167
"theta_zsn_t_zerosum__[0, 451]",0.017386,0.148084,-0.256392,0.300557,0.000468,0.000521,100104.487575,61600.010855,0.999989
"theta_zsn_t_zerosum__[0, 452]",1.405722,0.229702,0.96905,1.830555,0.000712,0.000997,111042.865884,56027.565244,1.000169
"theta_zsn_t_zerosum__[0, 453]",2.310483,0.168159,1.991919,2.62389,0.000693,0.000513,58929.793612,65515.778035,1.000039
"theta_zsn_t_zerosum__[0, 454]",1.717596,0.164645,1.410633,2.030229,0.000496,0.000627,110018.194266,61532.798856,1.000057
"theta_zsn_t_zerosum__[0, 455]",1.072447,0.153913,0.785344,1.362728,0.000446,0.000592,119296.423451,59457.000963,1.000086
"theta_zsn_t_zerosum__[0, 456]",1.768409,0.076809,1.623221,1.912078,0.000305,0.000257,63089.089945,60750.968126,1.000004
"theta_zsn_t_zerosum__[0, 457]",1.595455,0.172022,1.267798,1.918723,0.000648,0.000686,72103.644662,53765.128405,1.000028
"theta_zsn_t_zerosum__[0, 458]",0.498856,0.156888,0.20811,0.796529,0.000442,0.000597,126507.137825,61931.672992,1.000052
"theta_zsn_t_zerosum__[0, 459]",1.756812,0.104736,1.560905,1.952969,0.000384,0.000383,75510.100421,55912.661548,1.000112
"theta_zsn_t_zerosum__[0, 460]",1.636497,0.130169,1.398771,1.887512,0.000449,0.000479,84190.501889,61473.54724,1.00008
"theta_zsn_t_zerosum__[0, 461]",1.116364,0.276841,0.582361,1.620277,0.000928,0.000933,90105.229004,63163.738453,1.000107
"theta_zsn_t_zerosum__[0, 462]",1.444818,0.184588,1.091245,1.786563,0.000536,0.000708,118939.786226,62321.880619,1.000189
"theta_zsn_t_zerosum__[0, 463]",0.756982,0.147738,0.485919,1.040347,0.000416,0.000572,126418.522522,58268.427093,1.000148
"theta_zsn_t_zerosum__[0, 464]",1.594488,0.087844,1.427593,1.756889,0.000312,0.000324,79443.189812,57490.085729,1.000073
"theta_zsn_t_zerosum__[0, 465]",1.031333,0.228466,0.599924,1.448395,0.000761,0.000881,94301.423526,59191.06868,1.000012
"theta_zsn_t_zerosum__[0, 466]",0.169301,0.143877,-0.102274,0.438635,0.0004,0.000582,129544.753091,57299.618462,1.000125
"theta_zsn_t_zerosum__[0, 467]",1.581875,0.162186,1.276685,1.88777,0.000491,0.000614,109185.963696,60468.685568,1.000027
"theta_zsn_t_zerosum__[0, 468]",1.98301,0.193596,1.622929,2.351228,0.000644,0.000731,91920.243888,58098.153468,1.000071
"theta_zsn_t_zerosum__[0, 469]",2.037494,0.123982,1.810738,2.276585,0.000481,0.000436,67529.767326,56313.182564,1.000015
"theta_zsn_t_zerosum__[0, 470]",1.839941,0.119772,1.618264,2.069901,0.00043,0.000437,77916.698233,58604.064804,1.000031
"theta_zsn_t_zerosum__[0, 471]",2.145054,0.117597,1.921938,2.362607,0.000469,0.00041,63139.197799,58181.717672,1.000068
"theta_zsn_t_zerosum__[0, 472]",2.074625,0.128503,1.839707,2.321714,0.000481,0.000441,72663.325422,60173.405688,1.000101
"theta_zsn_t_zerosum__[0, 473]",1.723358,0.117265,1.505411,1.946301,0.000413,0.000444,81073.059692,59654.225502,1.000088
"theta_zsn_t_zerosum__[0, 474]",2.027894,0.128961,1.787066,2.271689,0.000477,0.000467,74396.500022,56691.711206,1.000099
"theta_zsn_t_zerosum__[0, 475]",-2.789667,0.241372,-3.249061,-2.342542,0.00075,0.000922,104594.027754,60539.183905,1.000099
"theta_zsn_t_zerosum__[0, 476]",-0.127813,0.095676,-0.309146,0.050549,0.00029,0.000356,109623.475416,59970.157187,1.000223
"theta_zsn_t_zerosum__[0, 477]",0.071083,0.095587,-0.11087,0.249446,0.000283,0.000366,114212.245548,60855.864117,1.000195
"theta_zsn_t_zerosum__[0, 478]",-0.548799,0.481702,-1.463159,0.302348,0.001552,0.001911,111790.954131,56177.769705,1.00007
"theta_zsn_t_zerosum__[0, 479]",-0.096873,0.242259,-0.568493,0.340724,0.000707,0.000998,121482.468185,57878.127404,1.000103
"theta_zsn_t_zerosum__[0, 480]",-0.718884,0.143132,-0.993038,-0.45624,0.000434,0.000517,109858.099773,61342.864319,1.000164
"theta_zsn_t_zerosum__[0, 481]",-0.485941,0.114722,-0.699558,-0.269847,0.000331,0.000428,120345.225333,62554.740945,1.000185
"theta_zsn_t_zerosum__[0, 482]",-0.475466,0.153836,-0.76166,-0.183048,0.000429,0.000617,128786.912133,60397.486196,1.000083
"theta_zsn_t_zerosum__[0, 483]",-0.134338,0.134539,-0.390179,0.113523,0.000381,0.000517,124489.635225,61461.301572,1.000145
"theta_zsn_t_zerosum__[0, 484]",-3.080555,0.268401,-3.579571,-2.578987,0.00095,0.00092,81995.31259,61093.850575,1.000116
"theta_zsn_t_zerosum__[0, 485]",-1.508507,0.179376,-1.851701,-1.178577,0.000547,0.000724,111161.135574,56758.552272,1.000183
"theta_zsn_t_zerosum__[0, 486]",-2.032687,0.215554,-2.443175,-1.637723,0.00067,0.000877,108273.00358,54497.745532,1.000115
"theta_zsn_t_zerosum__[0, 487]",-0.924838,0.205998,-1.30467,-0.52767,0.000583,0.000813,125966.681658,58487.907292,1.000061
"theta_zsn_t_zerosum__[0, 488]",-1.341601,0.172484,-1.663732,-1.016814,0.000526,0.000682,109556.329493,59051.34591,1.000215
"theta_zsn_t_zerosum__[0, 489]",-0.818727,0.083136,-0.974213,-0.660713,0.000276,0.000299,90481.45593,63506.325068,1.000167
"theta_zsn_t_zerosum__[0, 490]",-0.543388,0.085019,-0.702428,-0.382231,0.000258,0.000318,108901.513562,60659.162299,1.000147
"theta_zsn_t_zerosum__[0, 491]",-0.071305,0.083019,-0.225699,0.084313,0.000244,0.000314,116135.157361,60719.178204,1.000111
"theta_zsn_t_zerosum__[0, 492]",0.048734,0.254228,-0.429154,0.523128,0.000734,0.001021,124336.472417,56607.809807,1.000091
"theta_zsn_t_zerosum__[0, 493]",0.113674,0.110212,-0.093862,0.320586,0.000313,0.000426,125903.497034,58222.281613,1.000079
"theta_zsn_t_zerosum__[0, 494]",0.018059,0.11224,-0.187601,0.233948,0.00034,0.000426,111037.326933,61813.875418,1.000092
"theta_zsn_t_zerosum__[0, 495]",0.143323,0.407517,-0.620503,0.934487,0.001368,0.002171,94603.593711,53286.697684,1.000145
"theta_zsn_t_zerosum__[0, 496]",0.133204,0.264257,-0.360465,0.634661,0.00073,0.001083,132077.371084,59101.638751,1.00001
"theta_zsn_t_zerosum__[0, 497]",0.437803,0.075486,0.295629,0.579153,0.000253,0.000267,89091.916251,61872.490412,1.000053
"theta_zsn_t_zerosum__[0, 498]",0.443476,0.253964,-0.010474,0.94249,0.000834,0.001148,99633.992832,54339.731084,1.000052
"theta_zsn_t_zerosum__[0, 499]",0.213049,0.168302,-0.105111,0.532317,0.000522,0.000684,105709.41078,58577.330229,1.000001
"theta_zsn_t_zerosum__[0, 500]",0.4845,0.198919,0.11485,0.862783,0.000565,0.000764,124243.471338,61738.418887,1.000174
"theta_zsn_t_zerosum__[0, 501]",0.744432,0.11028,0.543941,0.957311,0.000338,0.000421,106786.207597,60800.018985,1.00009
"theta_zsn_t_zerosum__[0, 502]",0.374926,0.515264,-0.669976,1.260851,0.002097,0.002417,67994.47588,47193.384559,1.0
"theta_zsn_t_zerosum__[0, 503]",0.141382,0.121263,-0.084894,0.372285,0.000356,0.000467,116645.759673,59508.43508,1.000042
"theta_zsn_t_zerosum__[0, 504]",-0.249778,0.6693,-1.500278,1.018928,0.001872,0.002813,131590.927425,56179.225955,1.000076
"theta_zsn_t_zerosum__[0, 505]",0.807681,0.094703,0.624542,0.981844,0.000283,0.000353,112864.975107,60061.785324,1.000224
"theta_zsn_t_zerosum__[0, 506]",0.088881,0.209464,-0.312524,0.470642,0.000621,0.000854,119513.31921,57493.745037,1.000015
"theta_zsn_t_zerosum__[0, 507]",0.767289,0.082153,0.614204,0.922701,0.000249,0.000309,109267.213066,61785.99882,1.000043
"theta_zsn_t_zerosum__[0, 508]",-0.549401,0.480853,-1.445764,0.312696,0.001595,0.001971,106101.053785,55574.781775,1.000012
"theta_zsn_t_zerosum__[0, 509]",0.931166,0.194417,0.5692,1.298168,0.000651,0.000635,89291.694717,66476.738534,1.000052
"theta_zsn_t_zerosum__[0, 510]",1.091044,0.072655,0.955047,1.228474,0.000248,0.000263,86084.91663,59137.933321,1.000134
"theta_zsn_t_zerosum__[0, 511]",1.47148,0.186676,1.117667,1.821019,0.000579,0.000739,103817.171651,60901.006215,1.000065
"theta_zsn_t_zerosum__[0, 512]",1.260715,0.131744,1.008302,1.505366,0.000388,0.000488,115418.604057,61486.545324,1.000072
"theta_zsn_t_zerosum__[0, 513]",0.694909,0.293515,0.139494,1.222809,0.001013,0.001339,99687.696572,53018.16819,1.000029
"theta_zsn_t_zerosum__[0, 514]",1.414886,0.217099,1.000766,1.81638,0.000678,0.000962,108269.084517,54789.422413,1.000073
"theta_zsn_t_zerosum__[0, 515]",1.25924,0.078592,1.115174,1.410056,0.000297,0.000277,70133.461533,61238.652341,1.000018
"theta_zsn_t_zerosum__[0, 516]",0.760866,0.385516,0.023078,1.413037,0.001449,0.002018,90971.420172,49211.14759,1.000021
"theta_zsn_t_zerosum__[0, 517]",0.000162,0.161189,-0.304369,0.300327,0.000502,0.00066,108958.995004,56752.138534,1.000055
"theta_zsn_t_zerosum__[0, 518]",0.794373,0.171043,0.470801,1.114772,0.000587,0.000644,86707.754469,60169.492185,1.000029
"theta_zsn_t_zerosum__[0, 519]",0.75241,0.101507,0.555282,0.936427,0.000306,0.000384,110554.855967,60482.498039,1.000233
"theta_zsn_t_zerosum__[0, 520]",-1.047845,0.335317,-1.635066,-0.395899,0.001216,0.001589,87537.671212,52477.069033,1.000065
"theta_zsn_t_zerosum__[0, 521]",-1.851608,0.186559,-2.20165,-1.49709,0.000555,0.000758,113041.127234,58665.453841,1.000112
"theta_zsn_t_zerosum__[0, 522]",-1.9379,0.199485,-2.309786,-1.556643,0.000626,0.00078,101287.589369,61136.795591,1.000013
"theta_zsn_t_zerosum__[0, 523]",0.33118,0.084909,0.172008,0.490936,0.000248,0.000315,117304.141549,62242.992806,1.000039
"theta_zsn_t_zerosum__[0, 524]",0.555658,0.071986,0.419673,0.689983,0.000224,0.000262,103243.553115,60651.529922,0.999982
"theta_zsn_t_zerosum__[0, 525]",0.547078,0.505258,-0.466093,1.426568,0.001961,0.002549,75545.731299,47610.671065,1.00018
"theta_zsn_t_zerosum__[0, 526]",0.838579,0.074182,0.696742,0.975745,0.000238,0.000267,96948.886282,63933.039833,1.000101
"theta_zsn_t_zerosum__[0, 527]",0.065756,0.555061,-1.00999,1.044989,0.001792,0.00238,110124.225181,55288.535969,1.000148
"theta_zsn_t_zerosum__[0, 528]",0.807199,0.081283,0.654765,0.959938,0.000257,0.000292,99898.178157,62023.957562,1.000076
"theta_zsn_t_zerosum__[0, 529]",0.336263,0.695684,-1.026721,1.596337,0.002375,0.002725,88320.868653,59202.73423,1.000066
"theta_zsn_t_zerosum__[0, 530]",1.678031,0.141134,1.41001,1.942057,0.00047,0.00053,90791.38426,60750.190562,1.000112
"theta_zsn_t_zerosum__[0, 531]",1.030981,0.194555,0.672579,1.401713,0.000553,0.000771,128822.441428,54821.252508,1.000023
"theta_zsn_t_zerosum__[0, 532]",0.502995,0.149515,0.226242,0.790265,0.000412,0.000572,131688.761921,60701.835597,1.00023
"theta_zsn_t_zerosum__[0, 533]",1.356612,0.076738,1.213907,1.502093,0.000305,0.000255,63172.405492,61228.873575,1.000059
"theta_zsn_t_zerosum__[0, 534]",-0.424203,0.293901,-0.980096,0.107712,0.001063,0.001214,84531.789657,53221.659985,1.000063
"theta_zsn_t_zerosum__[0, 535]",-0.45085,0.154476,-0.745577,-0.163861,0.000433,0.000627,127645.230158,57410.674834,1.000063
"theta_zsn_t_zerosum__[0, 536]",-0.654047,0.130134,-0.900088,-0.409567,0.00037,0.000524,123380.922759,58312.1354,1.000139
"theta_zsn_t_zerosum__[0, 537]",0.099122,0.226142,-0.332426,0.512654,0.000642,0.000904,129136.906045,55277.948534,1.000086
"theta_zsn_t_zerosum__[0, 538]",0.19224,0.410074,-0.597437,0.944968,0.001511,0.001995,81533.600854,51511.316392,1.000088
"theta_zsn_t_zerosum__[0, 539]",-0.407077,0.561254,-1.508528,0.583043,0.00205,0.002338,80560.408764,55801.839424,0.999991
"theta_zsn_t_zerosum__[0, 540]",0.481016,0.294833,-0.083077,0.992879,0.001039,0.001411,97275.423834,51599.059587,1.000013
"theta_zsn_t_zerosum__[0, 541]",0.470277,0.163752,0.162346,0.775364,0.000461,0.000621,126763.84101,60836.271114,1.00019
"theta_zsn_t_zerosum__[0, 542]",-1.478542,0.112244,-1.691251,-1.269814,0.000368,0.00042,93643.966782,59843.773596,0.999996
"theta_zsn_t_zerosum__[0, 543]",-1.465911,0.115214,-1.685197,-1.251887,0.000379,0.000429,93369.066524,58455.638331,1.000083
"theta_zsn_t_zerosum__[0, 544]",-1.135361,0.068013,-1.266104,-1.010938,0.000253,0.000229,72234.197043,59122.423261,1.00003
"theta_zsn_t_zerosum__[0, 545]",-0.725766,0.063886,-0.844644,-0.603969,0.000222,0.000217,82577.515522,63641.739327,1.000085
"theta_zsn_t_zerosum__[0, 546]",-0.676302,0.088997,-0.845392,-0.510201,0.000271,0.000339,107792.767507,59836.246004,1.000166
"theta_zsn_t_zerosum__[0, 547]",-0.506655,0.182871,-0.854324,-0.166435,0.000506,0.000712,131125.961601,59116.409601,1.000108
"theta_zsn_t_zerosum__[0, 548]",-0.368061,0.09554,-0.550716,-0.19113,0.000276,0.000373,119498.785743,59002.620694,1.000162
"theta_zsn_t_zerosum__[0, 549]",-0.315242,0.150917,-0.598034,-0.029766,0.00042,0.000571,129202.934258,61652.96788,1.000037
"theta_zsn_t_zerosum__[0, 550]",-0.009704,0.137886,-0.266438,0.25053,0.000392,0.000525,123984.15138,61682.127841,1.000103
"theta_zsn_t_zerosum__[0, 551]",-0.122533,0.342731,-0.78494,0.487789,0.001322,0.00168,76367.359081,49079.232575,1.0002
"theta_zsn_t_zerosum__[0, 552]",-1.112431,0.180996,-1.456381,-0.775344,0.000508,0.000717,127002.022465,59346.685536,1.000184
"theta_zsn_t_zerosum__[0, 553]",-0.235296,0.192328,-0.58623,0.138817,0.000534,0.000762,129503.158766,58232.492688,0.999998
"theta_zsn_t_zerosum__[0, 554]",-0.828349,0.107162,-1.028789,-0.626653,0.000321,0.000429,111876.171928,57874.231309,1.00015
"theta_zsn_t_zerosum__[0, 555]",-0.798372,0.096092,-0.979786,-0.618382,0.000294,0.000376,107012.467352,60653.243842,1.000081
"theta_zsn_t_zerosum__[0, 556]",-0.664355,0.130188,-0.903441,-0.415391,0.000375,0.000516,120523.36933,56000.634453,1.000034
"theta_zsn_t_zerosum__[0, 557]",-2.129096,0.184572,-2.477563,-1.782852,0.00057,0.000706,104966.325833,59186.953833,1.000139
"theta_zsn_t_zerosum__[0, 558]",-2.625463,0.206677,-3.011833,-2.23662,0.000662,0.00078,99020.328686,59748.816815,1.00021
"theta_zsn_t_zerosum__[0, 559]",1.031832,0.094324,0.855919,1.21097,0.000326,0.000308,83958.974402,62739.372524,1.000047
"theta_zsn_t_zerosum__[0, 560]",1.358568,0.109868,1.150261,1.564247,0.000356,0.000384,95060.175469,63258.848752,1.000142
"theta_zsn_t_zerosum__[0, 561]",1.047606,0.181246,0.717363,1.395945,0.000615,0.00063,87972.247866,59828.724702,1.000033
"theta_zsn_t_zerosum__[0, 562]",0.658062,0.473854,-0.252197,1.505775,0.001613,0.002134,96927.817568,53971.662901,1.000108
"theta_zsn_t_zerosum__[0, 563]",1.251746,0.237407,0.793815,1.694341,0.000788,0.001081,94451.413256,54160.862657,1.000145
"theta_zsn_t_zerosum__[0, 564]",0.82436,0.288621,0.27689,1.35051,0.001009,0.00136,91752.817249,52714.849256,1.00006
"theta_zsn_t_zerosum__[0, 565]",1.118339,0.12273,0.889955,1.352364,0.000391,0.000462,98740.075612,61405.18858,1.000031
"theta_zsn_t_zerosum__[0, 566]",0.075886,0.243724,-0.388495,0.520869,0.000686,0.000982,129196.065513,58490.044,1.000083
"theta_zsn_t_zerosum__[0, 567]",0.519681,0.093104,0.346312,0.695534,0.000268,0.000348,120780.999827,62088.055197,1.000153
"theta_zsn_t_zerosum__[0, 568]",-1.20079,0.580056,-2.321228,-0.170477,0.001852,0.002103,103396.194118,60566.418125,1.000069
"theta_zsn_t_zerosum__[0, 569]",-0.551582,0.483071,-1.469029,0.296156,0.001584,0.001968,108618.187078,54614.518637,1.000088
"theta_zsn_t_zerosum__[0, 570]",-0.55361,0.483553,-1.477536,0.298009,0.001604,0.001947,104739.468539,55424.00005,1.000096
"theta_zsn_t_zerosum__[0, 571]",-0.982598,0.45052,-1.837565,-0.166093,0.001444,0.001696,105950.254458,54596.435075,0.999991
"theta_zsn_t_zerosum__[0, 572]",-0.031134,0.122011,-0.259213,0.198708,0.000363,0.000444,113192.931582,63101.215077,1.000077
"theta_zsn_t_zerosum__[0, 573]",0.092039,0.078719,-0.05549,0.240397,0.000227,0.000299,120744.903174,60459.637285,1.000012
"theta_zsn_t_zerosum__[0, 574]",-0.01753,0.119043,-0.245844,0.203247,0.000336,0.000461,126057.023962,59828.58263,1.000132
"theta_zsn_t_zerosum__[0, 575]",0.0891,0.062424,-0.028411,0.20565,0.000203,0.000226,94547.740922,62772.22913,1.000013
"theta_zsn_t_zerosum__[0, 576]",-0.453902,0.138349,-0.716572,-0.197527,0.000403,0.000532,119270.414646,59309.668723,1.000168
"theta_zsn_t_zerosum__[0, 577]",-0.131037,0.118142,-0.349338,0.094548,0.000343,0.000457,120388.840786,59747.388016,1.000163
"theta_zsn_t_zerosum__[0, 578]",-0.29569,0.091608,-0.47101,-0.12526,0.000273,0.000345,112864.140979,61090.687699,1.000091
"theta_zsn_t_zerosum__[0, 579]",-0.185847,0.062769,-0.30314,-0.067439,0.000201,0.000219,97924.150795,65382.89508,0.999993
"theta_zsn_t_zerosum__[0, 580]",-0.12731,0.22226,-0.54881,0.282706,0.000651,0.000898,118923.198184,56291.36664,1.000134
"theta_zsn_t_zerosum__[0, 581]",0.347328,0.092524,0.172599,0.520355,0.000282,0.000339,108634.223636,62648.833437,1.000072
"theta_zsn_t_zerosum__[0, 582]",0.59853,0.067322,0.47283,0.725318,0.000207,0.000253,106108.635871,61653.070727,1.000078
"theta_zsn_t_zerosum__[0, 583]",0.276912,0.12334,0.042576,0.506186,0.000348,0.000479,125416.750184,60327.108532,1.000162
"theta_zsn_t_zerosum__[0, 584]",0.532793,0.063727,0.411089,0.651787,0.000217,0.000208,86439.051904,64630.284748,1.00017
"theta_zsn_t_zerosum__[0, 585]",-0.175128,0.161323,-0.484764,0.121617,0.000471,0.000621,118906.261525,60733.640912,1.000072
"theta_zsn_t_zerosum__[0, 586]",0.048312,0.07196,-0.089912,0.180476,0.000212,0.00027,115482.135198,60502.851744,1.000048
"theta_zsn_t_zerosum__[0, 587]",-0.236608,0.116137,-0.458719,-0.022287,0.000332,0.000436,122730.312907,61145.335148,1.00007
"theta_zsn_t_zerosum__[0, 588]",-0.011409,0.057863,-0.119674,0.098451,0.000186,0.000204,97249.810056,63790.299926,1.000022
"theta_zsn_t_zerosum__[0, 589]",0.320067,0.301534,-0.234913,0.90449,0.000994,0.001078,92475.057214,65037.923627,0.999989
"theta_zsn_t_zerosum__[0, 590]",0.760218,0.107668,0.556047,0.961697,0.000319,0.000412,114318.072513,58634.060366,1.000115
"theta_zsn_t_zerosum__[0, 591]",0.68345,0.361978,0.038546,1.387576,0.001193,0.001495,100853.569517,54973.822223,1.000054
"theta_zsn_t_zerosum__[0, 592]",-0.209584,0.181375,-0.552139,0.134684,0.000566,0.000642,103690.899789,62135.584425,1.000087
"theta_zsn_t_zerosum__[0, 593]",0.29676,0.069481,0.169314,0.430709,0.000214,0.000257,105803.050248,61670.514526,1.00008
"theta_zsn_t_zerosum__[0, 594]",0.124026,0.121487,-0.107814,0.346861,0.000331,0.000483,134728.409541,57406.78932,1.000203
"theta_zsn_t_zerosum__[0, 595]",0.225457,0.067967,0.095147,0.351202,0.00022,0.000232,95448.564512,65891.111167,1.000097
"theta_zsn_t_zerosum__[0, 596]",-1.783871,0.142753,-2.048466,-1.51424,0.000468,0.000531,95066.524552,58861.954276,1.000234
"theta_zsn_t_zerosum__[0, 597]",-2.630883,0.235354,-3.082217,-2.193748,0.000714,0.000919,109408.016638,59594.069635,1.000073
"theta_zsn_t_zerosum__[0, 598]",-2.815048,0.243867,-3.269829,-2.353062,0.000744,0.000932,108595.366,60931.889225,1.000128
"theta_zsn_t_zerosum__[0, 599]",-2.350882,0.227199,-2.78352,-1.927473,0.000667,0.000892,116405.34011,59883.607083,1.000118
"theta_zsn_t_zerosum__[0, 600]",-1.581368,0.231666,-2.023624,-1.151047,0.000671,0.000922,120160.626279,59655.102155,1.000052
"theta_zsn_t_zerosum__[0, 601]",-0.610508,0.094893,-0.787852,-0.431374,0.000287,0.000358,109403.609791,59783.106552,1.000335
"theta_zsn_t_zerosum__[0, 602]",-0.526858,0.096551,-0.709823,-0.347429,0.000282,0.000379,117214.904993,60360.423139,1.000048
"theta_zsn_t_zerosum__[0, 603]",-0.60245,0.106957,-0.80524,-0.403113,0.000317,0.00042,114140.723101,57782.472704,1.000061
"theta_zsn_t_zerosum__[0, 604]",0.130288,0.185282,-0.214663,0.483461,0.000514,0.000733,130031.553892,59042.048797,1.000155
"theta_zsn_t_zerosum__[0, 605]",-0.786561,0.108199,-0.989814,-0.582445,0.000331,0.00043,108223.530421,58240.21537,1.000003
"theta_zsn_t_zerosum__[0, 606]",-0.961319,0.092198,-1.136248,-0.789894,0.000305,0.000338,92032.629611,61650.347578,1.00006
"theta_zsn_t_zerosum__[0, 607]",-0.755912,0.105251,-0.955499,-0.559484,0.000316,0.000408,111315.608014,60642.044754,1.000276
"theta_zsn_t_zerosum__[0, 608]",-0.69528,0.075893,-0.838108,-0.552252,0.000248,0.000279,93955.505594,58040.804262,1.00005
"theta_zsn_t_zerosum__[0, 609]",-1.249797,0.114669,-1.465251,-1.034951,0.000377,0.000433,92858.02164,59988.658634,1.000038
"theta_zsn_t_zerosum__[0, 610]",-1.01395,0.183012,-1.349675,-0.663345,0.00052,0.000729,124858.883818,58723.700034,1.000116
"theta_zsn_t_zerosum__[0, 611]",-1.231423,0.172309,-1.560064,-0.91283,0.000518,0.000699,112819.603268,57451.005717,1.000123
"theta_zsn_t_zerosum__[0, 612]",-0.262873,0.118189,-0.486125,-0.042414,0.000333,0.000451,125884.895162,59495.052436,1.000095
"theta_zsn_t_zerosum__[0, 613]",-0.599546,0.14765,-0.880902,-0.324955,0.000416,0.000582,127122.758541,57508.531043,1.000221
"theta_zsn_t_zerosum__[0, 614]",-0.098697,0.090402,-0.269688,0.070591,0.000268,0.000332,114112.865457,60996.381698,0.999991
"theta_zsn_t_zerosum__[0, 615]",-0.309763,0.122929,-0.538904,-0.079994,0.000345,0.000467,127312.963177,61133.071075,1.000186
"theta_zsn_t_zerosum__[0, 616]",-0.077442,0.11462,-0.293395,0.137834,0.000318,0.000433,129567.903177,62563.421019,1.000109
"theta_zsn_t_zerosum__[0, 617]",-0.573679,0.177854,-0.902096,-0.233122,0.000497,0.000716,127996.446884,58264.40602,1.00003
"theta_zsn_t_zerosum__[0, 618]",-0.578803,0.165765,-0.887639,-0.263608,0.000467,0.00065,126069.97218,57880.637285,1.000109
"theta_zsn_t_zerosum__[0, 619]",-0.843825,0.174158,-1.169303,-0.511768,0.00049,0.000685,126829.04443,59954.905558,1.000156
"theta_zsn_t_zerosum__[0, 620]",-0.552622,0.122112,-0.780311,-0.320494,0.000353,0.000471,120070.882078,59973.307156,1.000084
"theta_zsn_t_zerosum__[0, 621]",-0.743072,0.152889,-1.033078,-0.45784,0.000437,0.000606,123604.135017,60886.90617,1.000089
"theta_zsn_t_zerosum__[0, 622]",-0.238231,0.236863,-0.693463,0.194282,0.000701,0.000966,120381.964407,57821.231015,1.000164
"theta_zsn_t_zerosum__[0, 623]",0.202436,0.087468,0.03921,0.369032,0.00025,0.000331,122344.730399,61244.96324,1.000136
"theta_zsn_t_zerosum__[0, 624]",0.375872,0.156203,0.085511,0.675344,0.000433,0.000608,130822.069698,58087.576034,1.000119
"theta_zsn_t_zerosum__[0, 625]",0.304997,0.15626,0.006657,0.595561,0.000433,0.000609,130269.112066,58961.434088,1.000047
"theta_zsn_t_zerosum__[0, 626]",0.236915,0.115936,0.022161,0.457677,0.000321,0.000454,130894.857602,59897.838447,1.000111
"theta_zsn_t_zerosum__[0, 627]",0.301834,0.140202,0.041861,0.569181,0.00038,0.00056,136658.251219,59132.193253,1.000281
"theta_zsn_t_zerosum__[0, 628]",0.593672,0.101222,0.403904,0.785036,0.000293,0.000386,119685.008508,62340.171225,1.000035
"theta_zsn_t_zerosum__[0, 629]",0.554833,0.116749,0.333355,0.772373,0.000325,0.000457,129135.08943,59617.565005,1.000184
"theta_zsn_t_zerosum__[0, 630]",-0.128348,0.096602,-0.310825,0.052598,0.000298,0.000342,104860.369299,62303.801113,1.000066
"theta_zsn_t_zerosum__[0, 631]",0.284068,0.161729,-0.023344,0.584451,0.000451,0.000653,131075.714948,58351.769053,1.000104
"theta_zsn_t_zerosum__[0, 632]",0.282122,0.0975,0.099191,0.465868,0.000291,0.000363,112345.317628,62418.470664,1.00016
"theta_zsn_t_zerosum__[0, 633]",0.144591,0.208572,-0.261612,0.514375,0.000656,0.00094,113694.346115,54883.20611,1.000011
"theta_zsn_t_zerosum__[0, 634]",0.586163,0.110673,0.381654,0.796314,0.000312,0.000425,126192.111925,60109.229995,1.000049
"theta_zsn_t_zerosum__[0, 635]",0.444024,0.513677,-0.557583,1.362289,0.002041,0.002455,71743.906592,47434.952224,1.000042
"theta_zsn_t_zerosum__[0, 636]",0.344652,0.535653,-0.704453,1.285296,0.001742,0.002295,107871.324496,55328.976502,1.000168
"theta_zsn_t_zerosum__[0, 637]",0.576964,0.103381,0.388097,0.776292,0.000286,0.00039,130411.226105,62181.499509,1.000143
"theta_zsn_t_zerosum__[0, 638]",0.407938,0.112255,0.192928,0.615942,0.000313,0.000435,128504.222957,61289.956677,1.000035
"theta_zsn_t_zerosum__[0, 639]",0.210164,0.078425,0.061047,0.355823,0.00024,0.000285,106615.995382,60818.625939,1.000113
"theta_zsn_t_zerosum__[0, 640]",0.270321,0.105795,0.06872,0.467908,0.000302,0.000414,123036.568148,61218.759604,1.000063
"theta_zsn_t_zerosum__[0, 641]",0.325748,0.098778,0.138622,0.511211,0.000285,0.000379,120402.878972,60245.144133,1.000092
"theta_zsn_t_zerosum__[0, 642]",0.268943,0.195413,-0.102946,0.626165,0.000602,0.000914,114785.344314,54437.183545,1.000042
"theta_zsn_t_zerosum__[0, 643]",0.831039,0.135579,0.577308,1.086695,0.000384,0.000522,125723.665479,60274.852139,1.000098
"theta_zsn_t_zerosum__[0, 644]",0.445513,0.528337,-0.574262,1.38425,0.001696,0.002318,111259.47679,55428.95522,1.000176
"theta_zsn_t_zerosum__[0, 645]",0.648377,0.093584,0.47227,0.824108,0.000276,0.000356,114649.540058,61523.77202,1.000134
"theta_zsn_t_zerosum__[0, 646]",0.439412,0.182145,0.097103,0.777925,0.000559,0.000785,112668.586785,57616.065182,1.000235
"theta_zsn_t_zerosum__[0, 647]",0.409222,0.114843,0.189209,0.622519,0.000326,0.000445,124390.321314,60918.39354,1.000119
"theta_zsn_t_zerosum__[0, 648]",0.31154,0.114643,0.101147,0.532918,0.000322,0.000443,126533.30474,60507.057156,1.000103
"theta_zsn_t_zerosum__[0, 649]",1.083714,0.079193,0.934844,1.232498,0.000258,0.000294,94341.911434,61050.574221,1.00001
"theta_zsn_t_zerosum__[0, 650]",0.768532,0.501324,-0.183812,1.679883,0.001599,0.002236,110545.698226,54442.687705,1.000144
"theta_zsn_t_zerosum__[0, 651]",-0.046155,0.703095,-1.393081,1.249727,0.002355,0.002688,90937.741751,60154.951353,1.00008
"theta_zsn_t_zerosum__[0, 652]",0.62028,0.110145,0.416895,0.829991,0.000322,0.00039,117288.704224,64737.768351,1.000015
"theta_zsn_t_zerosum__[0, 653]",0.489632,0.120138,0.260954,0.715154,0.000328,0.000478,134110.81664,58335.590878,1.000054
"theta_zsn_t_zerosum__[0, 654]",0.431183,0.42407,-0.375731,1.167669,0.001565,0.002091,89998.490808,49384.878241,1.000011
"theta_zsn_t_zerosum__[0, 655]",-0.552651,0.484315,-1.478977,0.298916,0.001596,0.00196,106777.663937,54582.975331,1.000028
"theta_zsn_t_zerosum__[0, 656]",-0.548459,0.48082,-1.466606,0.290888,0.001587,0.001959,107801.468081,55043.913933,1.000117
"theta_zsn_t_zerosum__[0, 657]",-0.398191,0.487698,-1.325982,0.447382,0.001644,0.001986,103122.30101,56940.461575,1.000055
"theta_zsn_t_zerosum__[0, 658]",0.445619,0.247359,-0.019239,0.91245,0.000808,0.001133,99947.535081,53997.990956,1.000068
"theta_zsn_t_zerosum__[0, 659]",1.381358,0.200046,1.000471,1.753582,0.000593,0.000833,116508.245385,57904.184131,1.000036
"theta_zsn_t_zerosum__[0, 660]",1.27636,0.078707,1.126341,1.422406,0.000265,0.000278,88167.528125,58996.57083,0.999969
"theta_zsn_t_zerosum__[0, 661]",0.142198,0.159078,-0.154572,0.443916,0.000443,0.000633,130840.737346,58326.934143,1.000019
"theta_zsn_t_zerosum__[0, 662]",-1.51749,0.190567,-1.879815,-1.163618,0.000566,0.000751,113464.441534,60067.998777,1.000257
"theta_zsn_t_zerosum__[0, 663]",-2.415046,0.203476,-2.809172,-2.045526,0.000649,0.000766,99297.241835,59820.847062,1.000035
"theta_zsn_t_zerosum__[0, 664]",-2.261224,0.202113,-2.649173,-1.88927,0.000637,0.000774,102372.998049,59403.428502,1.000153
"theta_zsn_t_zerosum__[0, 665]",-2.099845,0.221355,-2.517351,-1.683333,0.00065,0.00084,115946.368282,60579.361668,1.000212
"theta_zsn_t_zerosum__[0, 666]",-1.305722,0.128834,-1.549724,-1.062853,0.000461,0.000454,78282.634595,61594.216337,1.000088
"theta_zsn_t_zerosum__[0, 667]",-0.394612,0.317507,-1.011247,0.164414,0.001137,0.001403,87216.574006,53132.135871,1.000042
"theta_zsn_t_zerosum__[0, 668]",-2.063284,0.277413,-2.590541,-1.540878,0.000822,0.001227,115420.001332,56850.977125,1.000113
"theta_zsn_t_zerosum__[0, 669]",-2.414409,0.228689,-2.854789,-1.993288,0.000682,0.000907,112945.679609,58658.6758,0.999989
"theta_zsn_t_zerosum__[0, 670]",-2.254898,0.243532,-2.721747,-1.804724,0.001082,0.000944,51525.186646,42431.370474,1.000071
